base,dataset,trait,regime,method,cond_err_maxkin,worst_maxkin,cov_low_kin,cov_high_kin
GBLUP,barley,BaMMV,R1,CV+,0.024088152939272356,0.8789144050104384,0.8789144050104384,0.9764052741151977
GBLUP,barley,BaMMV,R1,CalPred-style,0.017688376303520027,0.8741307371349096,0.9164926931106472,0.9181124219292158
GBLUP,barley,BaMMV,R1,CalPred-style(rand),0.01810330686188546,0.8692628650904033,0.9081419624217119,0.9236641221374046
GBLUP,barley,BaMMV,R1,Gauss-PEV,0.021711628226366585,0.8671766342141863,0.9004871259568545,0.9458709229701596
GBLUP,barley,BaMMV,R1,Gauss-homosc,0.027489011330707823,0.860125260960334,0.860125260960334,0.9722414989590562
GBLUP,barley,BaMMV,R1,KinCP,0.013512917127025782,0.885952712100139,0.906054279749478,0.9208882720333103
GBLUP,barley,BaMMV,R1,KinCP-ABC,0.026514275886586725,0.8622129436325678,0.8622129436325678,0.9729354614850798
GBLUP,barley,BaMMV,R1,NormCP,0.02226563438397191,0.8762169680111266,0.9171885873347251,0.9486467730742539
GBLUP,barley,BaMMV,R1,SCP,0.024648061870984582,0.8698677800974252,0.8698677800974252,0.9750173490631506
GBLUP,barley,BaMMV,R2,CV+,0.05349738675958193,0.7895833333333333,0.8668989547038327,0.7951388888888888
GBLUP,barley,BaMMV,R2,CalPred-style,0.05970383275261324,0.8847222222222222,0.9965156794425087,0.8847222222222222
GBLUP,barley,BaMMV,R2,CalPred-style(rand),0.06026035617499033,0.8833333333333333,0.9965156794425087,0.8833333333333333
GBLUP,barley,BaMMV,R2,Gauss-PEV,0.0641521486643438,0.8854166666666666,0.9965156794425087,0.8854166666666666
GBLUP,barley,BaMMV,R2,Gauss-homosc,0.10121467286101435,0.75625,0.7679442508710801,0.75625
GBLUP,barley,BaMMV,R2,KinCP,0.060400212930700706,0.90625,0.9965156794425087,0.90625
GBLUP,barley,BaMMV,R2,KinCP-ABC,0.0742228029423152,0.7597222222222222,0.8292682926829268,0.7597222222222222
GBLUP,barley,BaMMV,R2,NormCP,0.059425571041424693,0.90625,0.9923344947735192,0.90625
GBLUP,barley,BaMMV,R2,SCP,0.13082123499806428,0.7319444444444444,0.7435540069686412,0.7493055555555556
GBLUP,barley,BaMMV,R3,CV+,0.02096628801290612,0.8892757660167131,0.8892757660167131,0.9673384294649062
GBLUP,barley,BaMMV,R3,CalPred-style,0.019884783884933643,0.8708333333333333,0.9303621169916435,0.9228630993745657
GBLUP,barley,BaMMV,R3,CalPred-style(rand),0.020858652552972944,0.8631944444444445,0.9352367688022284,0.9152189020152884
GBLUP,barley,BaMMV,R3,Gauss-PEV,0.02225005279004464,0.8631944444444445,0.9275766016713092,0.9360667129951356
GBLUP,barley,BaMMV,R3,Gauss-homosc,0.02180271447099802,0.8725626740947076,0.8725626740947076,0.9610840861709521
GBLUP,barley,BaMMV,R3,KinCP,0.017383622988445868,0.8833333333333333,0.9233983286908078,0.9284225156358582
GBLUP,barley,BaMMV,R3,KinCP-ABC,0.021109045128813154,0.8746518105849582,0.8746518105849582,0.9610840861709521
GBLUP,barley,BaMMV,R3,NormCP,0.023359032165493065,0.8659722222222223,0.9366295264623955,0.9332870048644892
GBLUP,barley,BaMMV,R3,SCP,0.01721899721883875,0.871866295264624,0.871866295264624,0.9520500347463516
GBLUP,barley,BaYMV,R1,CV+,0.024697165576404823,0.8615170494084899,0.8615170494084899,0.9347675225537821
GBLUP,barley,BaYMV,R1,CalPred-style,0.015081906305540339,0.8872651356993737,0.8872651356993737,0.8945176960444136
GBLUP,barley,BaYMV,R1,CalPred-style(rand),0.015083552078759443,0.8796102992345164,0.8796102992345164,0.8945176960444136
GBLUP,barley,BaYMV,R1,Gauss-PEV,0.014689619616041516,0.883785664578984,0.883785664578984,0.9125607217210271
GBLUP,barley,BaYMV,R1,Gauss-homosc,0.026923545986635867,0.8622129436325678,0.8622129436325678,0.9361554476058292
GBLUP,barley,BaYMV,R1,KinCP,0.00932384404897777,0.8761308281141267,0.8761308281141267,0.9014573213046495
GBLUP,barley,BaYMV,R1,KinCP-ABC,0.026702266732425595,0.8517745302713987,0.8517745302713987,0.9319916724496877
GBLUP,barley,BaYMV,R1,NormCP,0.00982463718646458,0.8747390396659708,0.8747390396659708,0.9021512838306731
GBLUP,barley,BaYMV,R1,SCP,0.02308525850485852,0.8517745302713987,0.8517745302713987,0.9299097848716169
GBLUP,barley,BaYMV,R2,CV+,0.08056571815718161,0.7541666666666667,0.7777003484320557,0.8756944444444444
GBLUP,barley,BaYMV,R2,CalPred-style,0.024881920247773893,0.8402777777777778,0.8780487804878049,0.9145833333333333
GBLUP,barley,BaYMV,R2,CalPred-style(rand),0.034767228029423156,0.8041666666666667,0.848780487804878,0.9
GBLUP,barley,BaYMV,R2,Gauss-PEV,0.01961575687185444,0.8819444444444444,0.9128919860627178,0.90625
GBLUP,barley,BaYMV,R2,Gauss-homosc,0.08237659698025554,0.7541666666666667,0.7679442508710801,0.875
GBLUP,barley,BaYMV,R2,KinCP,0.020153406891211745,0.8423611111111111,0.8982578397212544,0.9020833333333333
GBLUP,barley,BaYMV,R2,KinCP-ABC,0.0916947348044909,0.7458333333333333,0.759581881533101,0.8736111111111111
GBLUP,barley,BaYMV,R2,NormCP,0.018638211382113835,0.8861111111111111,0.9121951219512195,0.9131944444444444
GBLUP,barley,BaYMV,R2,SCP,0.08709881920247775,0.7458333333333333,0.7609756097560976,0.8729166666666667
GBLUP,barley,BaYMV,R3,CV+,0.023055433637546207,0.8628133704735376,0.8628133704735376,0.9277275886031967
GBLUP,barley,BaYMV,R3,CalPred-style,0.016681000085190866,0.8853370396108409,0.887883008356546,0.8853370396108409
GBLUP,barley,BaYMV,R3,CalPred-style(rand),0.013480365871805521,0.8908964558721334,0.8941504178272981,0.8908964558721334
GBLUP,barley,BaYMV,R3,Gauss-PEV,0.013871361800812654,0.8892757660167131,0.8892757660167131,0.9117442668519805
GBLUP,barley,BaYMV,R3,Gauss-homosc,0.025419447810482377,0.862116991643454,0.862116991643454,0.9284225156358582
GBLUP,barley,BaYMV,R3,KinCP,0.010404076499189641,0.8802228412256268,0.8802228412256268,0.9006254343293955
GBLUP,barley,BaYMV,R3,KinCP-ABC,0.02222393763075876,0.8551532033426184,0.8551532033426184,0.9242529534398888
GBLUP,barley,BaYMV,R3,NormCP,0.015265379038099946,0.8885793871866295,0.8885793871866295,0.9145239749826268
GBLUP,barley,BaYMV,R3,SCP,0.02167273639862106,0.8537604456824512,0.8537604456824512,0.925642807505212
GBLUP,bean,DF,R1,CV+,0.028346674752300238,0.8931818181818182,0.9617117117117117,0.9258426966292135
GBLUP,bean,DF,R1,CalPred-style,0.0373557893710974,0.9113636363636364,0.9752252252252253,0.9370786516853933
GBLUP,bean,DF,R1,CalPred-style(rand),0.028790946103742998,0.9022727272727272,0.963963963963964,0.9280898876404494
GBLUP,bean,DF,R1,Gauss-PEV,0.02249266459733239,0.9,0.9617117117117117,0.9146067415730337
GBLUP,bean,DF,R1,Gauss-homosc,0.030595876672718524,0.9068181818181819,0.9617117117117117,0.9393258426966292
GBLUP,bean,DF,R1,KinCP,0.02026788633002341,0.8909090909090909,0.9617117117117117,0.9101123595505618
GBLUP,bean,DF,R1,KinCP-ABC,0.023446727365738006,0.8727272727272727,0.9504504504504504,0.9191011235955057
GBLUP,bean,DF,R1,NormCP,0.02127542254568875,0.875,0.9369369369369369,0.8764044943820225
GBLUP,bean,DF,R1,SCP,0.019029230195431856,0.875,0.9324324324324325,0.8831460674157303
GBLUP,bean,DF,R2,CV+,0.026189989785495426,0.8629213483146068,0.9545454545454546,0.8629213483146068
GBLUP,bean,DF,R2,CalPred-style,0.024841675178753842,0.8764044943820225,0.9545454545454546,0.8764044943820225
GBLUP,bean,DF,R2,CalPred-style(rand),0.024376915219611873,0.8539325842696629,0.9477272727272728,0.8539325842696629
GBLUP,bean,DF,R2,Gauss-PEV,0.02529111338100105,0.8539325842696629,0.9545454545454546,0.8539325842696629
GBLUP,bean,DF,R2,Gauss-homosc,0.027977528089887647,0.849438202247191,0.95,0.849438202247191
GBLUP,bean,DF,R2,KinCP,0.02031154239019408,0.8696629213483146,0.9386363636363636,0.8696629213483146
GBLUP,bean,DF,R2,KinCP-ABC,0.02886108273748724,0.8449438202247191,0.9431818181818182,0.8449438202247191
GBLUP,bean,DF,R2,NormCP,0.022563840653728295,0.8696629213483146,0.9409090909090909,0.8696629213483146
GBLUP,bean,DF,R2,SCP,0.031098059244126675,0.851685393258427,0.9386363636363636,0.851685393258427
GBLUP,bean,DF,R3,CV+,0.03053420829469362,0.8766816143497758,0.9594594594594594,0.9166666666666666
GBLUP,bean,DF,R3,CalPred-style,0.03100698795502279,0.8878923766816144,0.9527027027027027,0.918918918918919
GBLUP,bean,DF,R3,CalPred-style(rand),0.025587406289068127,0.8766816143497758,0.9436936936936937,0.9076576576576577
GBLUP,bean,DF,R3,Gauss-PEV,0.02829009071161539,0.8789237668161435,0.9527027027027027,0.9076576576576577
GBLUP,bean,DF,R3,Gauss-homosc,0.030548402835398326,0.8856502242152466,0.9504504504504504,0.9256756756756757
GBLUP,bean,DF,R3,KinCP,0.018373992969086594,0.8878923766816144,0.9436936936936937,0.9144144144144144
GBLUP,bean,DF,R3,KinCP-ABC,0.0269326063681115,0.8811659192825112,0.9481981981981982,0.9211711711711712
GBLUP,bean,DF,R3,NormCP,0.032339995170382926,0.8878923766816144,0.9662162162162162,0.9324324324324325
GBLUP,bean,DF,R3,SCP,0.03144517242116818,0.8923766816143498,0.963963963963964,0.9369369369369369
GBLUP,bean,DPM,R1,CV+,0.022365797288125953,0.8876404494382022,0.9301801801801802,0.8876404494382022
GBLUP,bean,DPM,R1,CalPred-style,0.02593905537047079,0.8629213483146068,0.9211711711711712,0.8629213483146068
GBLUP,bean,DPM,R1,CalPred-style(rand),0.028577846240918414,0.8426966292134831,0.918918918918919,0.8426966292134831
GBLUP,bean,DPM,R1,Gauss-PEV,0.02593804312226753,0.8606741573033708,0.918918918918919,0.8606741573033708
GBLUP,bean,DPM,R1,Gauss-homosc,0.02550279523169956,0.8719101123595505,0.9211711711711712,0.8719101123595505
GBLUP,bean,DPM,R1,KinCP,0.026836933113986116,0.8629213483146068,0.9234234234234234,0.8629213483146068
GBLUP,bean,DPM,R1,KinCP-ABC,0.024601894330798645,0.8719101123595505,0.9234234234234234,0.8719101123595505
GBLUP,bean,DPM,R1,NormCP,0.022281502457959724,0.849438202247191,0.9054054054054054,0.849438202247191
GBLUP,bean,DPM,R1,SCP,0.02049281912112768,0.8584269662921349,0.9054054054054054,0.8584269662921349
GBLUP,bean,DPM,R2,CV+,0.02441266598569969,0.8786516853932584,0.9636363636363636,0.8786516853932584
GBLUP,bean,DPM,R2,CalPred-style,0.025286006128702753,0.8584269662921349,0.9522727272727273,0.8584269662921349
GBLUP,bean,DPM,R2,CalPred-style(rand),0.02034729315628192,0.8741573033707866,0.9545454545454546,0.8741573033707866
GBLUP,bean,DPM,R2,Gauss-PEV,0.027088866189989826,0.8539325842696629,0.9545454545454546,0.8539325842696629
GBLUP,bean,DPM,R2,Gauss-homosc,0.023059244126659828,0.8674157303370786,0.9613636363636363,0.8674157303370786
GBLUP,bean,DPM,R2,KinCP,0.022599591419816135,0.8764044943820225,0.9568181818181818,0.8764044943820225
GBLUP,bean,DPM,R2,KinCP-ABC,0.023963227783452456,0.8741573033707866,0.9636363636363636,0.8741573033707866
GBLUP,bean,DPM,R2,NormCP,0.024846782431052074,0.8831460674157303,0.9568181818181818,0.8831460674157303
GBLUP,bean,DPM,R2,SCP,0.022124616956077613,0.8764044943820225,0.9454545454545454,0.8764044943820225
GBLUP,bean,DPM,R3,CV+,0.024342028654874847,0.9054054054054054,0.9211711711711712,0.9324324324324325
GBLUP,bean,DPM,R3,CalPred-style,0.017751551848096313,0.8738738738738738,0.8896396396396397,0.8851351351351351
GBLUP,bean,DPM,R3,CalPred-style(rand),0.023591174925915115,0.8626126126126126,0.8896396396396397,0.8671171171171171
GBLUP,bean,DPM,R3,Gauss-PEV,0.0114411325068144,0.8761261261261262,0.8963963963963963,0.8941441441441441
GBLUP,bean,DPM,R3,Gauss-homosc,0.012710528437249624,0.8896396396396397,0.8963963963963963,0.9211711711711712
GBLUP,bean,DPM,R3,KinCP,0.011905832338435896,0.8828828828828829,0.8941441441441441,0.8986486486486487
GBLUP,bean,DPM,R3,KinCP-ABC,0.013985616808091073,0.9054054054054054,0.9076576576576577,0.9211711711711712
GBLUP,bean,DPM,R3,NormCP,0.008936862719505778,0.899103139013453,0.9054054054054054,0.9009009009009009
GBLUP,bean,DPM,R3,SCP,0.008211679812840456,0.8941441441441441,0.8941441441441441,0.9009009009009009
GBLUP,bean,PHI,R1,CV+,0.02663722068141041,0.8536036036036037,0.9324324324324325,0.898876404494382
GBLUP,bean,PHI,R1,CalPred-style,0.028861784641137644,0.8423423423423423,0.9121621621621622,0.851685393258427
GBLUP,bean,PHI,R1,CalPred-style(rand),0.032921124743008456,0.8468468468468469,0.9166666666666666,0.8471910112359551
GBLUP,bean,PHI,R1,Gauss-PEV,0.03159343986581749,0.8558558558558559,0.9391891891891891,0.9011235955056179
GBLUP,bean,PHI,R1,Gauss-homosc,0.03204798532036297,0.8603603603603603,0.9436936936936937,0.9011235955056179
GBLUP,bean,PHI,R1,KinCP,0.023910965451950306,0.8468468468468469,0.9031531531531531,0.8719101123595505
GBLUP,bean,PHI,R1,KinCP-ABC,0.025277725333151,0.8536036036036037,0.918918918918919,0.8898876404494382
GBLUP,bean,PHI,R1,NormCP,0.026207951169492528,0.8445945945945946,0.9166666666666666,0.8764044943820225
GBLUP,bean,PHI,R1,SCP,0.023512307029764257,0.8490990990990991,0.9144144144144144,0.8786516853932584
GBLUP,bean,PHI,R2,CV+,0.013978549540347296,0.8719101123595505,0.9204545454545454,0.8966292134831461
GBLUP,bean,PHI,R2,CalPred-style,0.019872318692543422,0.8764044943820225,0.9431818181818182,0.9101123595505618
GBLUP,bean,PHI,R2,CalPred-style(rand),0.01807456588355467,0.898876404494382,0.9431818181818182,0.9191011235955057
GBLUP,bean,PHI,R2,Gauss-PEV,0.01939734422880488,0.8764044943820225,0.9318181818181818,0.9101123595505618
GBLUP,bean,PHI,R2,Gauss-homosc,0.01939734422880488,0.8898876404494382,0.9318181818181818,0.9213483146067416
GBLUP,bean,PHI,R2,KinCP,0.01400919305413686,0.8764044943820225,0.9340909090909091,0.903370786516854
GBLUP,bean,PHI,R2,KinCP-ABC,0.019387129724208398,0.8561797752808988,0.9272727272727272,0.8853932584269663
GBLUP,bean,PHI,R2,NormCP,0.022073544433094994,0.8539325842696629,0.9227272727272727,0.8921348314606742
GBLUP,bean,PHI,R2,SCP,0.022967313585291093,0.851685393258427,0.9204545454545454,0.8898876404494382
GBLUP,bean,PHI,R3,CV+,0.010906247846369177,0.8941441441441441,0.9009009009009009,0.9301801801801802
GBLUP,bean,PHI,R3,CalPred-style,0.022943551062780832,0.8587443946188341,0.8806306306306306,0.8693693693693694
GBLUP,bean,PHI,R3,CalPred-style(rand),0.019524964568488734,0.8654708520179372,0.8806306306306306,0.8783783783783784
GBLUP,bean,PHI,R3,Gauss-PEV,0.007757556879160665,0.8968609865470852,0.8986486486486487,0.918918918918919
GBLUP,bean,PHI,R3,Gauss-homosc,0.012710087885503341,0.8941441441441441,0.9076576576576577,0.9301801801801802
GBLUP,bean,PHI,R3,KinCP,0.01844712638698398,0.8677130044843049,0.8716216216216216,0.8918918918918919
GBLUP,bean,PHI,R3,KinCP-ABC,0.010450123235667963,0.8896396396396397,0.8963963963963963,0.918918918918919
GBLUP,bean,PHI,R3,NormCP,0.010267071243067027,0.8896396396396397,0.8896396396396397,0.918918918918919
GBLUP,bean,PHI,R3,SCP,0.01432114357727654,0.8806306306306306,0.8851351351351351,0.9211711711711712
GBLUP,lentil,DTF,R1,CV+,0.0581139363376638,0.8068535825545171,0.8703703703703703,0.9598765432098766
GBLUP,lentil,DTF,R1,CalPred-style,0.03952587215241195,0.8535825545171339,0.9351851851851852,0.8765432098765432
GBLUP,lentil,DTF,R1,CalPred-style(rand),0.03046485509202366,0.8193146417445483,0.8950617283950617,0.8888888888888888
GBLUP,lentil,DTF,R1,Gauss-PEV,0.027214489633249815,0.8442367601246106,0.904320987654321,0.8796296296296297
GBLUP,lentil,DTF,R1,Gauss-homosc,0.06372697027531402,0.7819314641744548,0.8333333333333334,0.9444444444444444
GBLUP,lentil,DTF,R1,KinCP,0.032729873833363524,0.8598130841121495,0.9290123456790124,0.8888888888888888
GBLUP,lentil,DTF,R1,KinCP-ABC,0.058131137510942586,0.8006230529595015,0.8580246913580247,0.9506172839506173
GBLUP,lentil,DTF,R1,NormCP,0.02842021249006301,0.8598130841121495,0.9351851851851852,0.8981481481481481
GBLUP,lentil,DTF,R1,SCP,0.04391063646458197,0.8099688473520249,0.8919753086419753,0.9382716049382716
GBLUP,lentil,DTF,R2,CV+,0.17529458041958043,0.6363636363636364,0.7125,0.6363636363636364
GBLUP,lentil,DTF,R2,CalPred-style,0.058204254079254114,0.7757575757575758,0.871875,0.7757575757575758
GBLUP,lentil,DTF,R2,CalPred-style(rand),0.09294842657342658,0.7363636363636363,0.815625,0.7363636363636363
GBLUP,lentil,DTF,R2,Gauss-PEV,0.0755521561771562,0.7575757575757576,0.84375,0.7575757575757576
GBLUP,lentil,DTF,R2,Gauss-homosc,0.2110865384615385,0.584375,0.7125,0.6
GBLUP,lentil,DTF,R2,KinCP,0.060164627039627064,0.7878787878787878,0.84375,0.7878787878787878
GBLUP,lentil,DTF,R2,KinCP-ABC,0.1814117132867133,0.6181818181818182,0.7125,0.6181818181818182
GBLUP,lentil,DTF,R2,NormCP,0.04473076923076924,0.8,0.909375,0.8
GBLUP,lentil,DTF,R2,SCP,0.16854924242424246,0.6375,0.771875,0.6878787878787879
GBLUP,lentil,DTF,R3,CV+,0.04234567901234569,0.8179012345679012,0.8919753086419753,0.9845679012345679
GBLUP,lentil,DTF,R3,CalPred-style,0.02456790123456789,0.8611111111111112,0.9259259259259259,0.8796296296296297
GBLUP,lentil,DTF,R3,CalPred-style(rand),0.031358024691358025,0.8364197530864198,0.9166666666666666,0.8734567901234568
GBLUP,lentil,DTF,R3,Gauss-PEV,0.02641975308641977,0.8425925925925926,0.9197530864197531,0.8888888888888888
GBLUP,lentil,DTF,R3,Gauss-homosc,0.04913580246913583,0.8148148148148148,0.8641975308641975,0.9753086419753086
GBLUP,lentil,DTF,R3,KinCP,0.01888888888888889,0.8549382716049383,0.9259259259259259,0.904320987654321
GBLUP,lentil,DTF,R3,KinCP-ABC,0.049135802469135806,0.8117283950617284,0.8703703703703703,0.9783950617283951
GBLUP,lentil,DTF,R3,NormCP,0.030246913580246892,0.9012345679012346,0.9629629629629629,0.9537037037037037
GBLUP,lentil,DTF,R3,SCP,0.04086419753086419,0.8827160493827161,0.9290123456790124,0.9845679012345679
GBLUP,lentil,DTM,R1,CV+,0.04201797813704413,0.8442367601246106,0.8765432098765432,0.9320987654320988
GBLUP,lentil,DTM,R1,CalPred-style,0.030202942088677596,0.8888888888888888,0.9382716049382716,0.8888888888888888
GBLUP,lentil,DTM,R1,CalPred-style(rand),0.03151806440754394,0.8566978193146417,0.9197530864197531,0.8950617283950617
GBLUP,lentil,DTM,R1,Gauss-PEV,0.033364253103885556,0.8566978193146417,0.9320987654320988,0.8981481481481481
GBLUP,lentil,DTM,R1,Gauss-homosc,0.04016046312968202,0.8442367601246106,0.8734567901234568,0.9135802469135802
GBLUP,lentil,DTM,R1,KinCP,0.027202845762107252,0.8535825545171339,0.9074074074074074,0.8981481481481481
GBLUP,lentil,DTM,R1,KinCP-ABC,0.041395031030916594,0.8442367601246106,0.8672839506172839,0.9166666666666666
GBLUP,lentil,DTM,R1,NormCP,0.03668342325577456,0.8068535825545171,0.8858024691358025,0.8858024691358025
GBLUP,lentil,DTM,R1,SCP,0.05015196310374794,0.794392523364486,0.8611111111111112,0.9228395061728395
GBLUP,lentil,DTM,R2,CV+,0.12185402097902101,0.7181818181818181,0.884375,0.7181818181818181
GBLUP,lentil,DTM,R2,CalPred-style,0.02031963869463871,0.8584615384615385,0.890625,0.8757575757575757
GBLUP,lentil,DTM,R2,CalPred-style(rand),0.049891899766899804,0.81875,0.890625,0.8242424242424242
GBLUP,lentil,DTM,R2,Gauss-PEV,0.03275203962703965,0.84375,0.890625,0.8787878787878788
GBLUP,lentil,DTM,R2,Gauss-homosc,0.13040442890442894,0.693939393939394,0.871875,0.693939393939394
GBLUP,lentil,DTM,R2,KinCP,0.026615967365967365,0.8430769230769231,0.890625,0.906060606060606
GBLUP,lentil,DTM,R2,KinCP-ABC,0.12992191142191145,0.7121212121212122,0.871875,0.7121212121212122
GBLUP,lentil,DTM,R2,NormCP,0.04617832167832172,0.84,0.896875,0.8454545454545455
GBLUP,lentil,DTM,R2,SCP,0.12875699300699303,0.709375,0.871875,0.7272727272727273
GBLUP,lentil,DTM,R3,CV+,0.045432098765432104,0.8425925925925926,0.8425925925925926,0.9691358024691358
GBLUP,lentil,DTM,R3,CalPred-style,0.02246913580246914,0.8703703703703703,0.9320987654320988,0.9197530864197531
GBLUP,lentil,DTM,R3,CalPred-style(rand),0.021234567901234548,0.8703703703703703,0.9135802469135802,0.9197530864197531
GBLUP,lentil,DTM,R3,Gauss-PEV,0.027407407407407415,0.8703703703703703,0.9382716049382716,0.9351851851851852
GBLUP,lentil,DTM,R3,Gauss-homosc,0.036790123456790114,0.8580246913580247,0.8765432098765432,0.9660493827160493
GBLUP,lentil,DTM,R3,KinCP,0.02617283950617282,0.8611111111111112,0.904320987654321,0.9382716049382716
GBLUP,lentil,DTM,R3,KinCP-ABC,0.04481481481481479,0.8364197530864198,0.8611111111111112,0.9660493827160493
GBLUP,lentil,DTM,R3,NormCP,0.02777777777777777,0.904320987654321,0.9537037037037037,0.9444444444444444
GBLUP,lentil,DTM,R3,SCP,0.03160493827160493,0.8765432098765432,0.9074074074074074,0.9660493827160493
GBLUP,lentil,VEG,R1,CV+,0.04818568375457684,0.8286604361370716,0.8765432098765432,0.9444444444444444
GBLUP,lentil,VEG,R1,CalPred-style,0.03338679987255253,0.8598130841121495,0.9197530864197531,0.8703703703703703
GBLUP,lentil,VEG,R1,CalPred-style(rand),0.03172742121068739,0.8286604361370716,0.8919753086419753,0.8734567901234568
GBLUP,lentil,VEG,R1,Gauss-PEV,0.02539640500771141,0.8504672897196262,0.9012345679012346,0.8734567901234568
GBLUP,lentil,VEG,R1,Gauss-homosc,0.053181433741609795,0.8037383177570093,0.8487654320987654,0.9259259259259259
GBLUP,lentil,VEG,R1,KinCP,0.030277515790677077,0.8660436137071651,0.9382716049382716,0.8919753086419753
GBLUP,lentil,VEG,R1,KinCP-ABC,0.05377585336343804,0.8099688473520249,0.8580246913580247,0.9320987654320988
GBLUP,lentil,VEG,R1,NormCP,0.0259619795851183,0.8722741433021807,0.9320987654320988,0.8888888888888888
GBLUP,lentil,VEG,R1,SCP,0.04327593963393785,0.822429906542056,0.8827160493827161,0.9197530864197531
GBLUP,lentil,VEG,R2,CV+,0.1926500582750583,0.546875,0.68125,0.7393939393939394
GBLUP,lentil,VEG,R2,CalPred-style,0.048781759906759925,0.8153846153846154,0.871875,0.8696969696969697
GBLUP,lentil,VEG,R2,CalPred-style(rand),0.1125696386946387,0.690625,0.8,0.7757575757575758
GBLUP,lentil,VEG,R2,Gauss-PEV,0.08819347319347322,0.78125,0.84375,0.7878787878787878
GBLUP,lentil,VEG,R2,Gauss-homosc,0.21979836829836832,0.53125,0.63125,0.696969696969697
GBLUP,lentil,VEG,R2,KinCP,0.05722902097902098,0.8181818181818182,0.859375,0.8181818181818182
GBLUP,lentil,VEG,R2,KinCP-ABC,0.18526515151515155,0.56875,0.6625,0.7424242424242424
GBLUP,lentil,VEG,R2,NormCP,0.04380390442890443,0.821875,0.91875,0.8393939393939394
GBLUP,lentil,VEG,R2,SCP,0.1826488927738928,0.5375,0.753125,0.7515151515151515
GBLUP,lentil,VEG,R3,CV+,0.047283950617283944,0.808641975308642,0.8858024691358025,0.9814814814814815
GBLUP,lentil,VEG,R3,CalPred-style,0.018395061728395067,0.8549382716049383,0.9166666666666666,0.8950617283950617
GBLUP,lentil,VEG,R3,CalPred-style(rand),0.024444444444444446,0.8302469135802469,0.9074074074074074,0.9012345679012346
GBLUP,lentil,VEG,R3,Gauss-PEV,0.022716049382716052,0.8487654320987654,0.9135802469135802,0.8950617283950617
GBLUP,lentil,VEG,R3,Gauss-homosc,0.05345679012345679,0.7870370370370371,0.8672839506172839,0.9660493827160493
GBLUP,lentil,VEG,R3,KinCP,0.015679012345679012,0.8641975308641975,0.9166666666666666,0.9135802469135802
GBLUP,lentil,VEG,R3,KinCP-ABC,0.04481481481481482,0.8024691358024691,0.8827160493827161,0.9722222222222222
GBLUP,lentil,VEG,R3,NormCP,0.029629629629629606,0.9166666666666666,0.9598765432098766,0.9259259259259259
GBLUP,lentil,VEG,R3,SCP,0.0402469135802469,0.8827160493827161,0.9135802469135802,0.9845679012345679
GBLUP,maize,Grain_Moisture,R1,CV+,0.010645491255519657,0.8962946226841392,0.9079185520361991,0.9129156299479756
GBLUP,maize,Grain_Moisture,R1,CalPred-style,0.019613542342564516,0.9075915047446904,0.9214932126696832,0.9183442660031667
GBLUP,maize,Grain_Moisture,R1,CalPred-style(rand),0.013234379038539412,0.9003615002259376,0.9169683257918552,0.9108798914272789
GBLUP,maize,Grain_Moisture,R1,Gauss-PEV,0.013858693075930972,0.8985539990962494,0.9203619909502262,0.9092965392445148
GBLUP,maize,Grain_Moisture,R1,Gauss-homosc,0.017487295576270802,0.9071396294622684,0.9153846153846154,0.9187966523410993
GBLUP,maize,Grain_Moisture,R1,KinCP,0.011595400372403919,0.8956168097605061,0.9133484162895927,0.9099751187514137
GBLUP,maize,Grain_Moisture,R1,KinCP-ABC,0.006525347143083926,0.8892905558065973,0.9015837104072398,0.9074869938927844
GBLUP,maize,Grain_Moisture,R1,NormCP,0.00840530148619172,0.8804789877993674,0.9076923076923077,0.8979868807961999
GBLUP,maize,Grain_Moisture,R1,SCP,0.006705463625688646,0.8849977406235879,0.8970588235294118,0.905677448541054
GBLUP,maize,Grain_Moisture,R2,CV+,0.054259580233658025,0.7830316742081448,0.9106334841628959,0.8273446327683616
GBLUP,maize,Grain_Moisture,R2,CalPred-style,0.026669581000587937,0.8701357466063349,0.9176470588235294,0.8795480225988701
GBLUP,maize,Grain_Moisture,R2,CalPred-style(rand),0.033180202980801196,0.8542986425339366,0.9255656108597285,0.8564971751412429
GBLUP,maize,Grain_Moisture,R2,Gauss-PEV,0.04037349489991564,0.8280542986425339,0.9264705882352942,0.8508474576271187
GBLUP,maize,Grain_Moisture,R2,Gauss-homosc,0.045441265945752485,0.8018099547511313,0.9133484162895927,0.8503954802259887
GBLUP,maize,Grain_Moisture,R2,KinCP,0.030244497277398575,0.8531674208144796,0.9246606334841629,0.8806779661016949
GBLUP,maize,Grain_Moisture,R2,KinCP-ABC,0.05701638673722422,0.7742081447963801,0.902262443438914,0.8124293785310734
GBLUP,maize,Grain_Moisture,R2,NormCP,0.05710611754480148,0.7945701357466063,0.9190045248868778,0.8090395480225989
GBLUP,maize,Grain_Moisture,R2,SCP,0.07098974870261013,0.7493212669683258,0.898868778280543,0.7746892655367231
GBLUP,maize,Grain_Moisture,R3,CV+,0.014223367014723464,0.886173342385155,0.886173342385155,0.9141048824593129
GBLUP,maize,Grain_Moisture,R3,CalPred-style,0.013679077160519193,0.9021739130434783,0.9033718035754695,0.9159132007233273
GBLUP,maize,Grain_Moisture,R3,CalPred-style(rand),0.011518974812398141,0.8937952898550725,0.9013351436976692,0.9066455696202531
GBLUP,maize,Grain_Moisture,R3,Gauss-PEV,0.012151742173623869,0.8969655797101449,0.9056347589952478,0.908001808318264
GBLUP,maize,Grain_Moisture,R3,Gauss-homosc,0.0168093609856363,0.8947725729803123,0.8947725729803123,0.9208860759493671
GBLUP,maize,Grain_Moisture,R3,KinCP,0.01256799323569049,0.8947725729803123,0.8947725729803123,0.9089059674502713
GBLUP,maize,Grain_Moisture,R3,KinCP-ABC,0.015828410153428195,0.8773478162480199,0.8773478162480199,0.9093580470162749
GBLUP,maize,Grain_Moisture,R3,NormCP,0.012171432542021288,0.88808501017409,0.8943199818963566,0.8971518987341772
GBLUP,maize,Grain_Moisture,R3,SCP,0.014335124546145694,0.8753111563702195,0.8753111563702195,0.9082278481012658
GBLUP,maize,Plant_Height_cm,R1,CV+,0.01583563845105578,0.9009968282736747,0.9009968282736747,0.9344484629294756
GBLUP,maize,Plant_Height_cm,R1,CalPred-style,0.020452667338757703,0.9124632436100429,0.9141368373357499,0.9315099457504521
GBLUP,maize,Plant_Height_cm,R1,CalPred-style(rand),0.010579786599151219,0.8991178466410314,0.903715450838242,0.9242766726943942
GBLUP,maize,Plant_Height_cm,R1,Gauss-PEV,0.011981693494659917,0.8936892105858403,0.903715450838242,0.9217902350813744
GBLUP,maize,Plant_Height_cm,R1,Gauss-homosc,0.01687615874808468,0.9030357951971001,0.9030357951971001,0.9355786618444847
GBLUP,maize,Plant_Height_cm,R1,KinCP,0.018734100153747234,0.9081655733996833,0.9148164929768917,0.9301537070524413
GBLUP,maize,Plant_Height_cm,R1,KinCP-ABC,0.012451872372955353,0.897371998187585,0.897371998187585,0.9308318264014467
GBLUP,maize,Plant_Height_cm,R1,NormCP,0.011309431870193242,0.887909604519774,0.8980516538287268,0.9174954792043399
GBLUP,maize,Plant_Height_cm,R1,SCP,0.01475126935419906,0.8860444041685546,0.8860444041685546,0.9256329113924051
GBLUP,maize,Plant_Height_cm,R2,CV+,0.0937556561085973,0.7687782805429865,0.8447963800904977,0.8063348416289593
GBLUP,maize,Plant_Height_cm,R2,CalPred-style,0.045791855203619926,0.8192307692307692,0.8459276018099547,0.8613122171945702
GBLUP,maize,Plant_Height_cm,R2,CalPred-style(rand),0.07972850678733032,0.8018099547511313,0.8418552036199095,0.8018099547511313
GBLUP,maize,Plant_Height_cm,R2,Gauss-PEV,0.06923076923076925,0.7839366515837104,0.8619909502262444,0.7839366515837104
GBLUP,maize,Plant_Height_cm,R2,Gauss-homosc,0.12095022624434393,0.7371040723981901,0.7868778280542986,0.788235294117647
GBLUP,maize,Plant_Height_cm,R2,KinCP,0.02932126696832582,0.8538461538461538,0.8737556561085973,0.8538461538461538
GBLUP,maize,Plant_Height_cm,R2,KinCP-ABC,0.13361990950226246,0.7131221719457014,0.7737556561085973,0.7846153846153846
GBLUP,maize,Plant_Height_cm,R2,NormCP,0.06638009049773756,0.7880090497737556,0.8653846153846154,0.7880090497737556
GBLUP,maize,Plant_Height_cm,R2,SCP,0.13411764705882354,0.7429864253393665,0.7895927601809954,0.7708144796380091
GBLUP,maize,Plant_Height_cm,R3,CV+,0.022488687782805418,0.8821266968325792,0.8821266968325792,0.9461538461538461
GBLUP,maize,Plant_Height_cm,R3,CalPred-style,0.014479638009049767,0.9009049773755656,0.9009049773755656,0.9330316742081448
GBLUP,maize,Plant_Height_cm,R3,CalPred-style(rand),0.011176470588235277,0.8923076923076924,0.8923076923076924,0.92579185520362
GBLUP,maize,Plant_Height_cm,R3,Gauss-PEV,0.011447963800904981,0.8895927601809954,0.8923076923076924,0.9239819004524887
GBLUP,maize,Plant_Height_cm,R3,Gauss-homosc,0.023438914027149305,0.8778280542986425,0.8778280542986425,0.9468325791855203
GBLUP,maize,Plant_Height_cm,R3,KinCP,0.013755656108597258,0.903393665158371,0.9049773755656109,0.9341628959276018
GBLUP,maize,Plant_Height_cm,R3,KinCP-ABC,0.022579185520361977,0.8746606334841629,0.8746606334841629,0.9447963800904977
GBLUP,maize,Plant_Height_cm,R3,NormCP,0.012398190045248846,0.8907239819004525,0.8907239819004525,0.9282805429864254
GBLUP,maize,Plant_Height_cm,R3,SCP,0.02199095022624433,0.86289592760181,0.86289592760181,0.9377828054298643
GBLUP,maize,Yield_Mg_ha,R1,CV+,0.008879374604564005,0.8977606876272337,0.9090497737556561,0.8977606876272337
GBLUP,maize,Yield_Mg_ha,R1,CalPred-style,0.031780553602088535,0.9131418231169419,0.9436651583710407,0.9131418231169419
GBLUP,maize,Yield_Mg_ha,R1,CalPred-style(rand),0.011547871112606977,0.8941415969237729,0.9142533936651583,0.8941415969237729
GBLUP,maize,Yield_Mg_ha,R1,Gauss-PEV,0.010010125277870596,0.8968559149513685,0.9165158371040724,0.8968559149513685
GBLUP,maize,Yield_Mg_ha,R1,Gauss-homosc,0.013637632999583937,0.9054512553720878,0.9113122171945701,0.9054512553720878
GBLUP,maize,Yield_Mg_ha,R1,KinCP,0.01924791983741867,0.9027369373444922,0.9341628959276018,0.9027369373444922
GBLUP,maize,Yield_Mg_ha,R1,KinCP-ABC,0.005847054785198469,0.8970821081203347,0.9036199095022625,0.8970821081203347
GBLUP,maize,Yield_Mg_ha,R1,NormCP,0.007748866348586514,0.8878081881927166,0.9090497737556561,0.8878081881927166
GBLUP,maize,Yield_Mg_ha,R1,SCP,0.006029349758047098,0.8973083012893011,0.9027149321266968,0.8973083012893011
GBLUP,maize,Yield_Mg_ha,R2,CV+,0.12432308203594347,0.7080225988700565,0.851131221719457,0.7080225988700565
GBLUP,maize,Yield_Mg_ha,R2,CalPred-style,0.06682562568704145,0.7692655367231639,0.9296380090497738,0.7692655367231639
GBLUP,maize,Yield_Mg_ha,R2,CalPred-style(rand),0.1035134084924713,0.7292655367231639,0.8653846153846154,0.7292655367231639
GBLUP,maize,Yield_Mg_ha,R2,Gauss-PEV,0.10015901014904008,0.7028248587570621,0.8914027149321267,0.7028248587570621
GBLUP,maize,Yield_Mg_ha,R2,Gauss-homosc,0.12603911342894397,0.6928813559322033,0.8585972850678733,0.6928813559322033
GBLUP,maize,Yield_Mg_ha,R2,KinCP,0.06316041618733544,0.7690395480225989,0.9210407239819004,0.7690395480225989
GBLUP,maize,Yield_Mg_ha,R2,KinCP-ABC,0.14056159725950357,0.6822598870056498,0.8380090497737557,0.6822598870056498
GBLUP,maize,Yield_Mg_ha,R2,NormCP,0.09306337398062228,0.7401129943502824,0.8807692307692307,0.7401129943502824
GBLUP,maize,Yield_Mg_ha,R2,SCP,0.1369931743231843,0.7098305084745763,0.8316742081447964,0.7098305084745763
GBLUP,maize,Yield_Mg_ha,R3,CV+,0.013015875927378007,0.8895677755148224,0.8895677755148224,0.9107142857142857
GBLUP,maize,Yield_Mg_ha,R3,CalPred-style,0.02481537191359424,0.9125226039783002,0.9207965603077619,0.9125226039783002
GBLUP,maize,Yield_Mg_ha,R3,CalPred-style(rand),0.010066270770483587,0.9007685352622061,0.9011088481556914,0.9007685352622061
GBLUP,maize,Yield_Mg_ha,R3,Gauss-PEV,0.009477758756104192,0.9020140303236026,0.9020140303236026,0.9034810126582279
GBLUP,maize,Yield_Mg_ha,R3,Gauss-homosc,0.018398355511439847,0.8929622086444897,0.8929622086444897,0.9174954792043399
GBLUP,maize,Yield_Mg_ha,R3,KinCP,0.014589725935023834,0.906871609403255,0.9128762163385381,0.906871609403255
GBLUP,maize,Yield_Mg_ha,R3,KinCP-ABC,0.012473461530977082,0.8827789092554876,0.8827789092554876,0.908001808318264
GBLUP,maize,Yield_Mg_ha,R3,NormCP,0.006510325229117475,0.8911518443086671,0.8911518443086671,0.8966998191681737
GBLUP,maize,Yield_Mg_ha,R3,SCP,0.011207986040352535,0.8737270875763747,0.8737270875763747,0.9048372513562387
GBLUP,oyster,mm,R1,CV+,0.03539806377980448,0.8274932614555256,0.9166666666666666,0.9413333333333334
GBLUP,oyster,mm,R1,CalPred-style,0.03663392873788494,0.7897574123989218,0.8978494623655914,0.912
GBLUP,oyster,mm,R1,CalPred-style(rand),0.03417096296365925,0.816711590296496,0.9139784946236559,0.8906666666666667
GBLUP,oyster,mm,R1,Gauss-PEV,0.038448998167805226,0.8005390835579514,0.9139784946236559,0.92
GBLUP,oyster,mm,R1,Gauss-homosc,0.0373493335087979,0.8113207547169812,0.9112903225806451,0.9333333333333333
GBLUP,oyster,mm,R1,KinCP,0.035733469945034145,0.8140161725067385,0.9139784946236559,0.9306666666666666
GBLUP,oyster,mm,R1,KinCP-ABC,0.034106230010551374,0.8274932614555256,0.9166666666666666,0.9386666666666666
GBLUP,oyster,mm,R1,NormCP,0.032195211853884985,0.8247978436657682,0.9112903225806451,0.928
GBLUP,oyster,mm,R1,SCP,0.03143241817593612,0.8301886792452831,0.9086021505376344,0.9306666666666666
GBLUP,oyster,mm,R2,CV+,0.04132612612612614,0.824,0.8405405405405405,0.9333333333333333
GBLUP,oyster,mm,R2,CalPred-style,0.03705225225225224,0.856,0.9054054054054054,0.9466666666666667
GBLUP,oyster,mm,R2,CalPred-style(rand),0.09743423423423425,0.6027027027027027,0.8675675675675676,0.92
GBLUP,oyster,mm,R2,Gauss-PEV,0.040900900900900886,0.9054054054054054,0.972972972972973,0.9333333333333333
GBLUP,oyster,mm,R2,Gauss-homosc,0.056360360360360386,0.7866666666666666,0.8324324324324325,0.9333333333333333
GBLUP,oyster,mm,R2,KinCP,0.03441441441441442,0.88,0.9324324324324325,0.9466666666666667
GBLUP,oyster,mm,R2,KinCP-ABC,0.05046486486486488,0.8133333333333334,0.8297297297297297,0.9413333333333334
GBLUP,oyster,mm,R2,NormCP,0.04623423423423423,0.9216216216216216,0.9540540540540541,0.9493333333333334
GBLUP,oyster,mm,R2,SCP,0.04183783783783786,0.8213333333333334,0.8405405405405405,0.9413333333333334
GBLUP,oyster,mm,R3,CV+,0.04069592443211971,0.842391304347826,0.8679245283018868,0.9335106382978723
GBLUP,oyster,mm,R3,CalPred-style,0.04237932410354197,0.8315217391304348,0.862533692722372,0.9069148936170213
GBLUP,oyster,mm,R3,CalPred-style(rand),0.03807212522694159,0.8396739130434783,0.8733153638814016,0.901595744680851
GBLUP,oyster,mm,R3,Gauss-PEV,0.041289639621847486,0.8342391304347826,0.8679245283018868,0.9122340425531915
GBLUP,oyster,mm,R3,Gauss-homosc,0.04287237955633445,0.8369565217391305,0.8679245283018868,0.9228723404255319
GBLUP,oyster,mm,R3,KinCP,0.04503176813851582,0.8315217391304348,0.8679245283018868,0.925531914893617
GBLUP,oyster,mm,R3,KinCP-ABC,0.0423076194129036,0.8369565217391305,0.8733153638814016,0.9388297872340425
GBLUP,oyster,mm,R3,NormCP,0.025623658680355675,0.8695652173913043,0.8867924528301887,0.9122340425531915
GBLUP,oyster,mm,R3,SCP,0.028837925075429417,0.8659517426273459,0.8787061994609164,0.9148936170212766
GBLUP,pig,PFAI,R1,CV+,0.014936271166022363,0.8854289071680376,0.9473067915690867,0.9012850467289719
GBLUP,pig,PFAI,R1,CalPred-style,0.020059559653581683,0.900117508813161,0.961943793911007,0.9077102803738317
GBLUP,pig,PFAI,R1,CalPred-style(rand),0.027314074464474803,0.9054054054054054,0.9672131147540983,0.9129672897196262
GBLUP,pig,PFAI,R1,Gauss-PEV,0.03257670222872575,0.9065804935370153,0.9637002341920374,0.9228971962616822
GBLUP,pig,PFAI,R1,Gauss-homosc,0.03351333599537665,0.9071680376028202,0.9648711943793911,0.9240654205607477
GBLUP,pig,PFAI,R1,KinCP,0.015828366143638715,0.8836662749706228,0.9437939110070258,0.8966121495327103
GBLUP,pig,PFAI,R1,KinCP-ABC,0.016411730111476296,0.8836662749706228,0.9437939110070258,0.897196261682243
GBLUP,pig,PFAI,R1,NormCP,0.012433254252622006,0.8860164512338425,0.9449648711943794,0.8995327102803738
GBLUP,pig,PFAI,R1,SCP,0.012434079841473244,0.8848413631022327,0.9426229508196722,0.8995327102803738
GBLUP,pig,PFAI,R2,CV+,0.014105400353278074,0.8797653958944281,0.8797653958944281,0.9257309941520467
GBLUP,pig,PFAI,R2,CalPred-style,0.04124264718492219,0.9249266862170088,0.9249266862170088,0.956140350877193
GBLUP,pig,PFAI,R2,CalPred-style(rand),0.045808166555195394,0.9319648093841643,0.9319648093841643,0.956140350877193
GBLUP,pig,PFAI,R2,Gauss-PEV,0.03445147570784242,0.9120234604105572,0.9120234604105572,0.9532163742690059
GBLUP,pig,PFAI,R2,Gauss-homosc,0.03152475519198774,0.9073313782991203,0.9073313782991203,0.9532163742690059
GBLUP,pig,PFAI,R2,KinCP,0.01071564541853165,0.8762463343108504,0.8762463343108504,0.9175438596491228
GBLUP,pig,PFAI,R2,KinCP-ABC,0.011066179623055694,0.8768328445747801,0.8768328445747801,0.9198830409356725
GBLUP,pig,PFAI,R2,NormCP,0.014922055872819872,0.8832844574780059,0.8832844574780059,0.9269005847953217
GBLUP,pig,PFAI,R2,SCP,0.011883178131055905,0.8797653958944281,0.8797653958944281,0.9222222222222223
GBLUP,pig,PFAI,R3,CV+,0.013757727594765633,0.8828353837141183,0.9361826697892272,0.9059579439252337
GBLUP,pig,PFAI,R3,CalPred-style,0.02486969194344506,0.9045108377270065,0.961943793911007,0.9182242990654206
GBLUP,pig,PFAI,R3,CalPred-style(rand),0.030136483574378592,0.9121265377855887,0.9642857142857143,0.923481308411215
GBLUP,pig,PFAI,R3,Gauss-PEV,0.03563445880492042,0.9185705916813123,0.9637002341920374,0.9375
GBLUP,pig,PFAI,R3,Gauss-homosc,0.036102022354068564,0.9197422378441711,0.9631147540983607,0.9392523364485982
GBLUP,pig,PFAI,R3,KinCP,0.015046536051896186,0.8799062683069713,0.9309133489461359,0.9030373831775701
GBLUP,pig,PFAI,R3,KinCP-ABC,0.014813507527971326,0.8781487990626831,0.9326697892271663,0.9012850467289719
GBLUP,pig,PFAI,R3,NormCP,0.014224673046691439,0.8857644991212654,0.9391100702576113,0.9059579439252337
GBLUP,pig,PFAI,R3,SCP,0.014106825179007076,0.885178676039836,0.9373536299765808,0.9082943925233645
GBLUP,pine,c5c6,R1,CV+,0.010076777464004372,0.897914379802415,0.920704845814978,0.897914379802415
GBLUP,pine,c5c6,R1,CalPred-style,0.031086186220963687,0.8463227222832053,0.9063876651982379,0.8463227222832053
GBLUP,pine,c5c6,R1,CalPred-style(rand),0.013751573793898108,0.8726673984632273,0.9096916299559471,0.8726673984632273
GBLUP,pine,c5c6,R1,Gauss-PEV,0.014859160072839207,0.8737650933040615,0.920704845814978,0.8737650933040615
GBLUP,pine,c5c6,R1,Gauss-homosc,0.011774497761821,0.8748627881448957,0.9074889867841409,0.8748627881448957
GBLUP,pine,c5c6,R1,KinCP,0.017495586820037247,0.8704720087815587,0.9262114537444934,0.8704720087815587
GBLUP,pine,c5c6,R1,KinCP-ABC,0.010462067348928383,0.8792535675082327,0.9107929515418502,0.8792535675082327
GBLUP,pine,c5c6,R1,NormCP,0.007875833617202298,0.897914379802415,0.920704845814978,0.897914379802415
GBLUP,pine,c5c6,R1,SCP,0.007253636036511945,0.9001097694840834,0.9140969162995595,0.9001097694840834
GBLUP,pine,c5c6,R2,CV+,0.19661465606216988,0.6419889502762431,0.6762430939226519,0.7494505494505495
GBLUP,pine,c5c6,R2,CalPred-style,0.0571792848035942,0.8077348066298342,0.9104972375690608,0.8362637362637363
GBLUP,pine,c5c6,R2,CalPred-style(rand),0.17277275210976872,0.687292817679558,0.7138121546961326,0.756043956043956
GBLUP,pine,c5c6,R2,Gauss-PEV,0.12158338898670393,0.7362637362637363,0.8011049723756906,0.7967032967032966
GBLUP,pine,c5c6,R2,Gauss-homosc,0.2091955558253901,0.6397790055248619,0.6453038674033149,0.7395604395604396
GBLUP,pine,c5c6,R2,KinCP,0.05015481755813249,0.825414364640884,0.9513812154696133,0.8593406593406593
GBLUP,pine,c5c6,R2,KinCP-ABC,0.20146682047234538,0.6486187845303868,0.6552486187845303,0.743956043956044
GBLUP,pine,c5c6,R2,NormCP,0.11628923562625222,0.7395604395604396,0.8143646408839779,0.8021978021978022
GBLUP,pine,c5c6,R2,SCP,0.19968915062837717,0.6574585635359116,0.6707182320441989,0.7417582417582418
GBLUP,pine,c5c6,R3,CV+,0.018901300873021644,0.9098901098901099,0.9252747252747253,0.9176728869374314
GBLUP,pine,c5c6,R3,CalPred-style,0.028791514801231054,0.8549450549450549,0.9164835164835164,0.867178924259056
GBLUP,pine,c5c6,R3,CalPred-style(rand),0.010111392823459875,0.878021978021978,0.9054945054945055,0.8924259055982436
GBLUP,pine,c5c6,R3,Gauss-PEV,0.014066952683857204,0.878021978021978,0.9296703296703297,0.893523600439078
GBLUP,pine,c5c6,R3,Gauss-homosc,0.006594906122136579,0.8824175824175824,0.9065934065934066,0.8990120746432492
GBLUP,pine,c5c6,R3,KinCP,0.015385391689311878,0.8747252747252747,0.9373626373626374,0.8946212952799122
GBLUP,pine,c5c6,R3,KinCP-ABC,0.007516968196017437,0.8868131868131868,0.9087912087912088,0.9023051591657519
GBLUP,pine,c5c6,R3,NormCP,0.00905325634673213,0.8901098901098901,0.9230769230769231,0.9077936333699231
GBLUP,pine,c5c6,R3,SCP,0.004436907255700673,0.8978021978021978,0.9043956043956044,0.9132821075740944
GBLUP,pine,rootnum,R1,CV+,0.017643053980999857,0.9010752688172043,0.9340540540540541,0.9010752688172043
GBLUP,pine,rootnum,R1,CalPred-style,0.020212053170976074,0.8741935483870967,0.9145945945945946,0.8741935483870967
GBLUP,pine,rootnum,R1,CalPred-style(rand),0.011253305636270205,0.8849462365591397,0.9210810810810811,0.8849462365591397
GBLUP,pine,rootnum,R1,Gauss-PEV,0.00867381017765576,0.8975188781014024,0.9243243243243243,0.8978494623655914
GBLUP,pine,rootnum,R1,Gauss-homosc,0.010701902957888133,0.8903225806451613,0.9210810810810811,0.8903225806451613
GBLUP,pine,rootnum,R1,KinCP,0.011055044192444786,0.8923913043478261,0.9275675675675675,0.8956989247311828
GBLUP,pine,rootnum,R1,KinCP-ABC,0.01061327613860492,0.8881720430107527,0.9210810810810811,0.8881720430107527
GBLUP,pine,rootnum,R1,NormCP,0.008240009175327722,0.8945652173913043,0.92,0.8956989247311828
GBLUP,pine,rootnum,R1,SCP,0.003694306345284093,0.8946236559139785,0.907027027027027,0.8946236559139785
GBLUP,pine,rootnum,R2,CV+,0.13695652173913045,0.5543478260869565,0.5543478260869565,0.8151351351351351
GBLUP,pine,rootnum,R2,CalPred-style,0.038670975323149226,0.7847826086956522,0.7847826086956522,0.8864864864864865
GBLUP,pine,rootnum,R2,CalPred-style(rand),0.07185428907168041,0.6793478260869565,0.6793478260869565,0.8486486486486486
GBLUP,pine,rootnum,R2,Gauss-PEV,0.061662749706228,0.6902173913043478,0.6902173913043478,0.8594594594594595
GBLUP,pine,rootnum,R2,Gauss-homosc,0.15388249118683905,0.5380434782608695,0.5380434782608695,0.8054054054054054
GBLUP,pine,rootnum,R2,KinCP,0.038897767332549946,0.8152173913043478,0.8152173913043478,0.9037837837837838
GBLUP,pine,rootnum,R2,KinCP-ABC,0.15518096357226793,0.5445652173913044,0.5445652173913044,0.8054054054054054
GBLUP,pine,rootnum,R2,NormCP,0.08119153936545243,0.6521739130434783,0.6521739130434783,0.8508108108108108
GBLUP,pine,rootnum,R2,SCP,0.1838296122209166,0.4880434782608696,0.4880434782608696,0.787027027027027
GBLUP,pine,rootnum,R3,CV+,0.02368065742180834,0.9134199134199135,0.9134199134199135,0.9136069114470843
GBLUP,pine,rootnum,R3,CalPred-style,0.015329293382135156,0.8693304535637149,0.9090909090909091,0.8693304535637149
GBLUP,pine,rootnum,R3,CalPred-style(rand),0.010661419615707057,0.8920086393088553,0.9004329004329005,0.8920086393088553
GBLUP,pine,rootnum,R3,Gauss-PEV,0.013047048473380873,0.8974082073434125,0.9155844155844156,0.8974082073434125
GBLUP,pine,rootnum,R3,Gauss-homosc,0.014598157172364633,0.9015151515151515,0.9015151515151515,0.9017278617710583
GBLUP,pine,rootnum,R3,KinCP,0.009365980170672805,0.8930885529157667,0.9058441558441559,0.8930885529157667
GBLUP,pine,rootnum,R3,KinCP-ABC,0.011143454551466947,0.895021645021645,0.895021645021645,0.8995680345572354
GBLUP,pine,rootnum,R3,NormCP,0.012223970588680988,0.8994594594594595,0.9166666666666666,0.906047516198704
GBLUP,pine,rootnum,R3,SCP,0.007942226228721561,0.8982683982683982,0.8982683982683982,0.9049676025917927
GBLUP,pine,rootnumbin,R1,CV+,0.02169687712289612,0.8935483870967742,0.918918918918919,0.8935483870967742
GBLUP,pine,rootnumbin,R1,CalPred-style,0.027499091327996373,0.8333333333333334,0.9048648648648648,0.8333333333333334
GBLUP,pine,rootnumbin,R1,CalPred-style(rand),0.017465844733488334,0.8440860215053764,0.8994594594594595,0.8440860215053764
GBLUP,pine,rootnumbin,R1,Gauss-PEV,0.01858316485499436,0.8569892473118279,0.9037837837837838,0.8569892473118279
GBLUP,pine,rootnumbin,R1,Gauss-homosc,0.016661750591328062,0.8666666666666667,0.9016216216216216,0.8666666666666667
GBLUP,pine,rootnumbin,R1,KinCP,0.020749978849865312,0.8612903225806452,0.9167567567567567,0.8612903225806452
GBLUP,pine,rootnumbin,R1,KinCP-ABC,0.018840506927671717,0.8731182795698925,0.9091891891891892,0.8731182795698925
GBLUP,pine,rootnumbin,R1,NormCP,0.01797156400136548,0.8827956989247312,0.92,0.8827956989247312
GBLUP,pine,rootnumbin,R1,SCP,0.01928788050781296,0.883495145631068,0.9091891891891892,0.8838709677419355
GBLUP,pine,rootnumbin,R2,CV+,0.16062984723854293,0.4945652173913043,0.4945652173913043,0.8151351351351351
GBLUP,pine,rootnumbin,R2,CalPred-style,0.03603760282021151,0.7847826086956522,0.7847826086956522,0.8756756756756757
GBLUP,pine,rootnumbin,R2,CalPred-style(rand),0.11353113983548768,0.5956521739130435,0.5956521739130435,0.8486486486486486
GBLUP,pine,rootnumbin,R2,Gauss-PEV,0.1007226792009401,0.6195652173913043,0.6195652173913043,0.8594594594594595
GBLUP,pine,rootnumbin,R2,Gauss-homosc,0.18014571092831966,0.483695652173913,0.483695652173913,0.8043243243243243
GBLUP,pine,rootnumbin,R2,KinCP,0.026714453584018784,0.8271739130434783,0.8271739130434783,0.9167567567567567
GBLUP,pine,rootnumbin,R2,KinCP-ABC,0.1768895417156287,0.48695652173913045,0.48695652173913045,0.8032432432432433
GBLUP,pine,rootnumbin,R2,NormCP,0.07924441833137488,0.6565217391304348,0.6565217391304348,0.8681081081081081
GBLUP,pine,rootnumbin,R2,SCP,0.160828437132785,0.5141304347826087,0.5141304347826087,0.8043243243243243
GBLUP,pine,rootnumbin,R3,CV+,0.012863750452314115,0.9005405405405406,0.9047619047619048,0.9028077753779697
GBLUP,pine,rootnumbin,R3,CalPred-style,0.024703692266970067,0.8542116630669546,0.9123376623376623,0.8542116630669546
GBLUP,pine,rootnumbin,R3,CalPred-style(rand),0.01501769632008132,0.8617710583153347,0.8906926406926406,0.8617710583153347
GBLUP,pine,rootnumbin,R3,Gauss-PEV,0.013253182952420261,0.8768898488120951,0.9112554112554112,0.8768898488120951
GBLUP,pine,rootnumbin,R3,Gauss-homosc,0.014378972731575979,0.8822894168466523,0.8831168831168831,0.8822894168466523
GBLUP,pine,rootnumbin,R3,KinCP,0.013467432143005897,0.8725701943844493,0.9177489177489178,0.8725701943844493
GBLUP,pine,rootnumbin,R3,KinCP-ABC,0.01308237693286598,0.8855291576673866,0.8874458874458875,0.8855291576673866
GBLUP,pine,rootnumbin,R3,NormCP,0.012609454383363916,0.8833693304535637,0.9145021645021645,0.8833693304535637
GBLUP,pine,rootnumbin,R3,SCP,0.010013234922676029,0.8952483801295896,0.9015151515151515,0.8952483801295896
GBLUP,rice,Culm_habit,R1,CV+,0.004842083812350917,0.9002849002849003,0.905982905982906,0.9002849002849003
GBLUP,rice,Culm_habit,R1,CalPred-style,0.004610898251652484,0.8888888888888888,0.8974358974358975,0.8888888888888888
GBLUP,rice,Culm_habit,R1,CalPred-style(rand),0.007115445493490391,0.8917378917378918,0.9088319088319088,0.8917378917378918
GBLUP,rice,Culm_habit,R1,Gauss-PEV,0.012138759437638447,0.8717948717948718,0.9116809116809117,0.8717948717948718
GBLUP,rice,Culm_habit,R1,Gauss-homosc,0.0038105651877091027,0.8997134670487106,0.905982905982906,0.9002849002849003
GBLUP,rice,Culm_habit,R1,KinCP,0.013278397578177592,0.8746438746438746,0.9145299145299145,0.8746438746438746
GBLUP,rice,Culm_habit,R1,KinCP-ABC,0.004732005096786706,0.8939828080229226,0.8945868945868946,0.8974358974358975
GBLUP,rice,Culm_habit,R1,NormCP,0.024677785309781243,0.8888888888888888,0.9373219373219374,0.8888888888888888
GBLUP,rice,Culm_habit,R1,SCP,0.023655520619732397,0.9031339031339032,0.9287749287749287,0.9031339031339032
GBLUP,rice,Culm_habit,R2,CV+,0.03109054325955731,0.8457142857142858,0.9428571428571428,0.8816901408450705
GBLUP,rice,Culm_habit,R2,CalPred-style,0.02140040241448691,0.8514285714285714,0.9285714285714286,0.9098591549295775
GBLUP,rice,Culm_habit,R2,CalPred-style(rand),0.02938430583501004,0.8571428571428571,0.9428571428571428,0.9154929577464789
GBLUP,rice,Culm_habit,R2,Gauss-PEV,0.03738430583501005,0.8571428571428571,0.9714285714285714,0.9154929577464789
GBLUP,rice,Culm_habit,R2,Gauss-homosc,0.020820925553319915,0.8571428571428571,0.9285714285714286,0.9126760563380282
GBLUP,rice,Culm_habit,R2,KinCP,0.015130784708249512,0.86,0.9114285714285715,0.895774647887324
GBLUP,rice,Culm_habit,R2,KinCP-ABC,0.01913883299798791,0.8542857142857143,0.9314285714285714,0.8985915492957747
GBLUP,rice,Culm_habit,R2,NormCP,0.04646277665995977,0.8514285714285714,0.9742857142857143,0.8619718309859155
GBLUP,rice,Culm_habit,R2,SCP,0.02819315895372234,0.86,0.9428571428571428,0.8676056338028169
GBLUP,rice,Culm_habit,R3,CV+,0.013057923557923568,0.8888888888888888,0.8945868945868946,0.8974358974358975
GBLUP,rice,Culm_habit,R3,CalPred-style,0.013627696377696386,0.8717948717948718,0.8945868945868946,0.8717948717948718
GBLUP,rice,Culm_habit,R3,CalPred-style(rand),0.017163697413697408,0.8461538461538461,0.8945868945868946,0.8461538461538461
GBLUP,rice,Culm_habit,R3,Gauss-PEV,0.021840955340955315,0.8376068376068376,0.9088319088319088,0.8376068376068376
GBLUP,rice,Culm_habit,R3,Gauss-homosc,0.013059533059533047,0.8774928774928775,0.8974358974358975,0.8774928774928775
GBLUP,rice,Culm_habit,R3,KinCP,0.022288702038702014,0.8518518518518519,0.8974358974358975,0.8518518518518519
GBLUP,rice,Culm_habit,R3,KinCP-ABC,0.00963908313908315,0.886039886039886,0.8917378917378918,0.886039886039886
GBLUP,rice,Culm_habit,R3,NormCP,0.04006328856328856,0.8831908831908832,0.9544159544159544,0.8831908831908832
GBLUP,rice,Culm_habit,R3,SCP,0.03846299071299071,0.9230769230769231,0.9401709401709402,0.9230769230769231
GBLUP,rice,Flag_leaf_length,R1,CV+,0.011879028597206354,0.8735632183908046,0.9248554913294798,0.9048991354466859
GBLUP,rice,Flag_leaf_length,R1,CalPred-style,0.015028147200238817,0.8908045977011494,0.9508670520231214,0.8962536023054755
GBLUP,rice,Flag_leaf_length,R1,CalPred-style(rand),0.01245365407075807,0.8793103448275862,0.9248554913294798,0.8933717579250721
GBLUP,rice,Flag_leaf_length,R1,Gauss-PEV,0.028988138376270612,0.8760806916426513,0.9624277456647399,0.8760806916426513
GBLUP,rice,Flag_leaf_length,R1,Gauss-homosc,0.013379253481016406,0.8735632183908046,0.9277456647398844,0.899135446685879
GBLUP,rice,Flag_leaf_length,R1,KinCP,0.016286163219783534,0.8793103448275862,0.9508670520231214,0.8962536023054755
GBLUP,rice,Flag_leaf_length,R1,KinCP-ABC,0.013980775557418612,0.882183908045977,0.9335260115606936,0.8933717579250721
GBLUP,rice,Flag_leaf_length,R1,NormCP,0.02265466737460231,0.8731988472622478,0.9508670520231214,0.8731988472622478
GBLUP,rice,Flag_leaf_length,R1,SCP,0.01131750736341508,0.8876080691642652,0.9335260115606936,0.8904899135446686
GBLUP,rice,Flag_leaf_length,R2,CV+,0.02599585921325054,0.8685714285714285,0.881159420289855,0.8685714285714285
GBLUP,rice,Flag_leaf_length,R2,CalPred-style,0.029482401656314706,0.8608695652173913,0.8695652173913043,0.8714285714285714
GBLUP,rice,Flag_leaf_length,R2,CalPred-style(rand),0.02599585921325054,0.8685714285714285,0.8753623188405797,0.8685714285714285
GBLUP,rice,Flag_leaf_length,R2,Gauss-PEV,0.028861283643892354,0.8571428571428571,0.8985507246376812,0.8571428571428571
GBLUP,rice,Flag_leaf_length,R2,Gauss-homosc,0.02714699792960662,0.8657142857142858,0.8840579710144928,0.8657142857142858
GBLUP,rice,Flag_leaf_length,R2,KinCP,0.027701863354037282,0.855072463768116,0.855072463768116,0.8571428571428571
GBLUP,rice,Flag_leaf_length,R2,KinCP-ABC,0.026004140786749487,0.8695652173913043,0.8840579710144928,0.8714285714285714
GBLUP,rice,Flag_leaf_length,R2,NormCP,0.027113871635610742,0.8542857142857143,0.9101449275362319,0.8542857142857143
GBLUP,rice,Flag_leaf_length,R2,SCP,0.027701863354037258,0.855072463768116,0.8666666666666667,0.8571428571428571
GBLUP,rice,Flag_leaf_length,R3,CV+,0.012605703753830189,0.8731988472622478,0.927536231884058,0.9025787965616046
GBLUP,rice,Flag_leaf_length,R3,CalPred-style,0.03295091001995465,0.8443804034582133,0.8985507246376812,0.8710601719197708
GBLUP,rice,Flag_leaf_length,R3,CalPred-style(rand),0.0125890253782051,0.8760806916426513,0.9217391304347826,0.9083094555873925
GBLUP,rice,Flag_leaf_length,R3,Gauss-PEV,0.020816269967026367,0.8559077809798271,0.9333333333333333,0.8968481375358166
GBLUP,rice,Flag_leaf_length,R3,Gauss-homosc,0.017801477881328198,0.8674351585014409,0.9304347826086956,0.9083094555873925
GBLUP,rice,Flag_leaf_length,R3,KinCP,0.01491121688360848,0.8760806916426513,0.9391304347826087,0.9083094555873925
GBLUP,rice,Flag_leaf_length,R3,KinCP-ABC,0.014912883359498119,0.8703170028818443,0.9304347826086956,0.9054441260744985
GBLUP,rice,Flag_leaf_length,R3,NormCP,0.01875623248109559,0.8847262247838616,0.9507246376811594,0.9111747851002865
GBLUP,rice,Flag_leaf_length,R3,SCP,0.018754672574173226,0.8933717579250721,0.9478260869565217,0.9169054441260746
GBLUP,rice,Plant_height,R1,CV+,0.030767733302723643,0.8507042253521127,0.9022988505747126,0.9549295774647887
GBLUP,rice,Plant_height,R1,CalPred-style,0.027068480706622135,0.8753541076487252,0.8936781609195402,0.9577464788732394
GBLUP,rice,Plant_height,R1,CalPred-style(rand),0.03136664765939916,0.8591549295774648,0.9137931034482759,0.952112676056338
GBLUP,rice,Plant_height,R1,Gauss-PEV,0.026351341718957144,0.8725212464589235,0.9310344827586207,0.9492957746478873
GBLUP,rice,Plant_height,R1,Gauss-homosc,0.028739148783986736,0.8619718309859155,0.8994252873563219,0.952112676056338
GBLUP,rice,Plant_height,R1,KinCP,0.021810623409556595,0.8901408450704226,0.9281609195402298,0.9464788732394366
GBLUP,rice,Plant_height,R1,KinCP-ABC,0.03555967568255678,0.8394366197183099,0.8850574712643678,0.952112676056338
GBLUP,rice,Plant_height,R1,NormCP,0.026966764617373927,0.8873239436619719,0.9425287356321839,0.9464788732394366
GBLUP,rice,Plant_height,R1,SCP,0.029511715908837964,0.8704225352112676,0.9252873563218391,0.9577464788732394
GBLUP,rice,Plant_height,R2,CV+,0.03684507042253522,0.828169014084507,0.94,0.8676056338028169
GBLUP,rice,Plant_height,R2,CalPred-style,0.041971830985915504,0.8169014084507042,0.9428571428571428,0.8732394366197183
GBLUP,rice,Plant_height,R2,CalPred-style(rand),0.03968611670020121,0.8309859154929577,0.9514285714285714,0.8591549295774648
GBLUP,rice,Plant_height,R2,Gauss-PEV,0.044828973843058374,0.8309859154929577,0.9714285714285714,0.8591549295774648
GBLUP,rice,Plant_height,R2,Gauss-homosc,0.046535211267605646,0.8309859154929577,0.9428571428571428,0.856338028169014
GBLUP,rice,Plant_height,R2,KinCP,0.033424547283702234,0.8309859154929577,0.9342857142857143,0.8676056338028169
GBLUP,rice,Plant_height,R2,KinCP-ABC,0.04594768611670021,0.8309859154929577,0.9371428571428572,0.8507042253521127
GBLUP,rice,Plant_height,R2,NormCP,0.038116700201207235,0.8619718309859155,0.9714285714285714,0.8788732394366198
GBLUP,rice,Plant_height,R2,SCP,0.022100603621730407,0.847887323943662,0.9171428571428571,0.8873239436619719
GBLUP,rice,Plant_height,R3,CV+,0.02483656888179997,0.8835227272727273,0.8835227272727273,0.9549295774647887
GBLUP,rice,Plant_height,R3,CalPred-style,0.023712972445149184,0.8774928774928775,0.8892045454545454,0.9464788732394366
GBLUP,rice,Plant_height,R3,CalPred-style(rand),0.024844415621545803,0.8781869688385269,0.8806818181818182,0.9436619718309859
GBLUP,rice,Plant_height,R3,Gauss-PEV,0.01270148870061616,0.8923512747875354,0.9090909090909091,0.9295774647887324
GBLUP,rice,Plant_height,R3,Gauss-homosc,0.02144499199054901,0.8838526912181303,0.8863636363636364,0.9408450704225352
GBLUP,rice,Plant_height,R3,KinCP,0.014058399368612907,0.886685552407932,0.8948863636363636,0.9323943661971831
GBLUP,rice,Plant_height,R3,KinCP-ABC,0.018591342904099827,0.8945868945868946,0.8948863636363636,0.952112676056338
GBLUP,rice,Plant_height,R3,NormCP,0.03239400454377177,0.9202279202279202,0.9289772727272727,0.9323943661971831
GBLUP,rice,Plant_height,R3,SCP,0.031800306043590874,0.9147727272727273,0.9147727272727273,0.952112676056338
GBLUP,soybean,C13,R1,CV+,0.038586082174408176,0.8179190751445087,0.8179190751445087,0.9421965317919075
GBLUP,soybean,C13,R1,CalPred-style,0.02406349406171062,0.8670520231213873,0.8670520231213873,0.8959537572254336
GBLUP,soybean,C13,R1,CalPred-style(rand),0.0247469364394975,0.8526011560693642,0.8526011560693642,0.9017341040462428
GBLUP,soybean,C13,R1,Gauss-PEV,0.02707247988418322,0.8583815028901735,0.8583815028901735,0.9219653179190751
GBLUP,soybean,C13,R1,Gauss-homosc,0.04033050202411215,0.8265895953757225,0.8265895953757225,0.9421965317919075
GBLUP,soybean,C13,R1,KinCP,0.02589980032800756,0.8786127167630058,0.8786127167630058,0.9219653179190751
GBLUP,soybean,C13,R1,KinCP-ABC,0.04032362482180467,0.815028901734104,0.815028901734104,0.9421965317919075
GBLUP,soybean,C13,R1,NormCP,0.026518049159174596,0.8757225433526011,0.8757225433526011,0.930635838150289
GBLUP,soybean,C13,R1,SCP,0.039188070501814276,0.8554913294797688,0.8554913294797688,0.9508670520231214
GBLUP,soybean,C13,R2,CV+,0.07575155279503107,0.8,0.8521739130434782,0.8342857142857143
GBLUP,soybean,C13,R2,CalPred-style,0.02486128364389235,0.8666666666666667,0.927536231884058,0.8771428571428571
GBLUP,soybean,C13,R2,CalPred-style(rand),0.033474120082815764,0.8485714285714285,0.8898550724637682,0.8485714285714285
GBLUP,soybean,C13,R2,Gauss-PEV,0.017929606625258797,0.855072463768116,0.9130434782608695,0.8857142857142857
GBLUP,soybean,C13,R2,Gauss-homosc,0.07164389233954449,0.8057971014492754,0.8840579710144928,0.8171428571428572
GBLUP,soybean,C13,R2,KinCP,0.015610766045548629,0.881159420289855,0.9188405797101449,0.9142857142857143
GBLUP,soybean,C13,R2,KinCP-ABC,0.08207867494824017,0.7971014492753623,0.8608695652173913,0.8171428571428572
GBLUP,soybean,C13,R2,NormCP,0.02256728778467911,0.863768115942029,0.881159420289855,0.8857142857142857
GBLUP,soybean,C13,R2,SCP,0.0485714285714286,0.8318840579710145,0.8753623188405797,0.8571428571428571
GBLUP,soybean,C13,R3,CV+,0.020115841985179926,0.8866279069767442,0.8866279069767442,0.9452449567723343
GBLUP,soybean,C13,R3,CalPred-style,0.010636603988736804,0.8876080691642652,0.8982558139534884,0.8876080691642652
GBLUP,soybean,C13,R3,CalPred-style(rand),0.014135029027273104,0.875,0.875,0.8904899135446686
GBLUP,soybean,C13,R3,Gauss-PEV,0.012626417003950263,0.8808139534883721,0.8808139534883721,0.9020172910662824
GBLUP,soybean,C13,R3,Gauss-homosc,0.02418729463095006,0.8633720930232558,0.8633720930232558,0.9394812680115274
GBLUP,soybean,C13,R3,KinCP,0.013056347973724413,0.899135446685879,0.9011627906976745,0.9193083573487032
GBLUP,soybean,C13,R3,KinCP-ABC,0.023019477460519112,0.872093023255814,0.872093023255814,0.9423631123919308
GBLUP,soybean,C13,R3,NormCP,0.023678270776815835,0.9069767441860465,0.9069767441860465,0.9394812680115274
GBLUP,soybean,C13,R3,SCP,0.026116789973085287,0.8808139534883721,0.8808139534883721,0.962536023054755
GBLUP,soybean,Wilt,R1,CV+,0.0385516845065957,0.8670520231213873,0.8670520231213873,1.0
GBLUP,soybean,Wilt,R1,CalPred-style,0.019077312575838647,0.8735632183908046,0.8872832369942196,0.8786127167630058
GBLUP,soybean,Wilt,R1,CalPred-style(rand),0.022579440428857712,0.8764367816091954,0.884393063583815,0.8872832369942196
GBLUP,soybean,Wilt,R1,Gauss-PEV,0.019983995934291253,0.8649425287356322,0.8815028901734104,0.9219653179190751
GBLUP,soybean,Wilt,R1,Gauss-homosc,0.042033530440945266,0.8620689655172413,0.8641618497109826,1.0
GBLUP,soybean,Wilt,R1,KinCP,0.02052502194293788,0.8620689655172413,0.869942196531792,0.9161849710982659
GBLUP,soybean,Wilt,R1,KinCP-ABC,0.042638491118501196,0.8620689655172413,0.8641618497109826,1.0
GBLUP,soybean,Wilt,R1,NormCP,0.020344839242482003,0.8815028901734104,0.8815028901734104,0.930635838150289
GBLUP,soybean,Wilt,R1,SCP,0.04734686859997646,0.8323699421965318,0.8323699421965318,0.9855491329479769
GBLUP,soybean,Wilt,R2,CV+,0.03695238095238094,0.8608695652173913,0.9565217391304348,0.9514285714285714
GBLUP,soybean,Wilt,R2,CalPred-style,0.03285300207039334,0.8840579710144928,0.9565217391304348,0.9657142857142857
GBLUP,soybean,Wilt,R2,CalPred-style(rand),0.03575155279503104,0.8869565217391304,0.9565217391304348,0.9657142857142857
GBLUP,soybean,Wilt,R2,Gauss-PEV,0.036935817805383,0.8840579710144928,0.9565217391304348,0.9571428571428572
GBLUP,soybean,Wilt,R2,Gauss-homosc,0.03868322981366461,0.8492753623188406,0.9565217391304348,0.9542857142857143
GBLUP,soybean,Wilt,R2,KinCP,0.035188405797101405,0.8840579710144928,0.9565217391304348,0.96
GBLUP,soybean,Wilt,R2,KinCP-ABC,0.03697722567287787,0.8463768115942029,0.9565217391304348,0.9428571428571428
GBLUP,soybean,Wilt,R2,NormCP,0.03404554865424429,0.8956521739130435,0.9623188405797102,0.9542857142857143
GBLUP,soybean,Wilt,R2,SCP,0.023710144927536248,0.8695652173913043,0.9507246376811594,0.92
GBLUP,soybean,Wilt,R3,CV+,0.03568454245499726,0.875,0.875,1.0
GBLUP,soybean,Wilt,R3,CalPred-style,0.007728029457558594,0.8876080691642652,0.8982558139534884,0.8876080691642652
GBLUP,soybean,Wilt,R3,CalPred-style(rand),0.008307739602486142,0.8904899135446686,0.8982558139534884,0.8904899135446686
GBLUP,soybean,Wilt,R3,Gauss-PEV,0.01604947409011128,0.8760806916426513,0.8953488372093024,0.9279538904899135
GBLUP,soybean,Wilt,R3,Gauss-homosc,0.03454017244443926,0.872093023255814,0.872093023255814,0.9913544668587896
GBLUP,soybean,Wilt,R3,KinCP,0.021836610010791114,0.861671469740634,0.8837209302325582,0.9337175792507204
GBLUP,soybean,Wilt,R3,KinCP-ABC,0.03742704329759925,0.8691860465116279,0.8691860465116279,1.0
GBLUP,soybean,Wilt,R3,NormCP,0.018255435146845845,0.8962536023054755,0.9156976744186046,0.9394812680115274
GBLUP,soybean,Wilt,R3,SCP,0.029201388180649945,0.8876080691642652,0.9069767441860465,0.9913544668587896
GBLUP,wheatG,EW,R1,CV+,0.024837842589188197,0.8719346049046321,0.8719346049046321,0.9021164021164021
GBLUP,wheatG,EW,R1,CalPred-style,0.021188679515748078,0.8773841961852861,0.8773841961852861,0.8968253968253969
GBLUP,wheatG,EW,R1,CalPred-style(rand),0.016292996220662492,0.8910081743869209,0.8910081743869209,0.8941798941798942
GBLUP,wheatG,EW,R1,Gauss-PEV,0.02450411646172961,0.8746594005449592,0.8746594005449592,0.8994708994708994
GBLUP,wheatG,EW,R1,Gauss-homosc,0.024236324821457877,0.8773841961852861,0.8773841961852861,0.91005291005291
GBLUP,wheatG,EW,R1,KinCP,0.02208658913605426,0.8801089918256131,0.8801089918256131,0.9047619047619048
GBLUP,wheatG,EW,R1,KinCP-ABC,0.02588947912469568,0.8719346049046321,0.8719346049046321,0.9021164021164021
GBLUP,wheatG,EW,R1,NormCP,0.015751045166584276,0.8790322580645161,0.8991825613079019,0.8915343915343915
GBLUP,wheatG,EW,R1,SCP,0.01850876716487935,0.8736559139784946,0.8828337874659401,0.8994708994708994
GBLUP,wheatG,EW,R2,CV+,0.03149549549549548,0.8540540540540541,0.8540540540540541,0.9466666666666667
GBLUP,wheatG,EW,R2,CalPred-style,0.030378378378378378,0.8648648648648649,0.8837837837837837,0.96
GBLUP,wheatG,EW,R2,CalPred-style(rand),0.03254054054054052,0.8648648648648649,0.8648648648648649,0.96
GBLUP,wheatG,EW,R2,Gauss-PEV,0.03145945945945945,0.8648648648648649,0.8918918918918919,0.96
GBLUP,wheatG,EW,R2,Gauss-homosc,0.03416216216216215,0.8648648648648649,0.8648648648648649,0.96
GBLUP,wheatG,EW,R2,KinCP,0.026054054054054053,0.8729729729729729,0.8972972972972973,0.96
GBLUP,wheatG,EW,R2,KinCP-ABC,0.035783783783783774,0.8594594594594595,0.8594594594594595,0.96
GBLUP,wheatG,EW,R2,NormCP,0.02067747747747748,0.8864864864864865,0.8945945945945946,0.9493333333333334
GBLUP,wheatG,EW,R2,SCP,0.026630630630630602,0.8756756756756757,0.8756756756756757,0.9466666666666667
GBLUP,wheatG,EW,R3,CV+,0.015136936533727986,0.8970189701897019,0.8970189701897019,0.921832884097035
GBLUP,wheatG,EW,R3,CalPred-style,0.00641236047937106,0.8847184986595175,0.8943089430894309,0.8975741239892183
GBLUP,wheatG,EW,R3,CalPred-style(rand),0.009310662033439398,0.8766756032171582,0.8943089430894309,0.889487870619946
GBLUP,wheatG,EW,R3,Gauss-PEV,0.010824205402832443,0.8820375335120644,0.8997289972899729,0.9110512129380054
GBLUP,wheatG,EW,R3,Gauss-homosc,0.014594993780957499,0.8847184986595175,0.8888888888888888,0.9110512129380054
GBLUP,wheatG,EW,R3,KinCP,0.010733241490512357,0.8927613941018767,0.907859078590786,0.9110512129380054
GBLUP,wheatG,EW,R3,KinCP-ABC,0.014277865208430284,0.900804289544236,0.9024390243902439,0.921832884097035
GBLUP,wheatG,EW,R3,NormCP,0.02451781295018236,0.9132791327913279,0.9132791327913279,0.9272237196765498
GBLUP,wheatG,EW,R3,SCP,0.022894718552122505,0.9105691056910569,0.9105691056910569,0.9245283018867925
GBLUP,wheatG,GH,R1,CV+,0.03510465539828185,0.8555858310626703,0.8555858310626703,0.9682539682539683
GBLUP,wheatG,GH,R1,CalPred-style,0.026664482834412872,0.8516483516483516,0.8664850136239782,0.9391534391534392
GBLUP,wheatG,GH,R1,CalPred-style(rand),0.028623640739312717,0.8434065934065934,0.8719346049046321,0.9391534391534392
GBLUP,wheatG,GH,R1,Gauss-PEV,0.0344811225865365,0.8434065934065934,0.8664850136239782,0.9603174603174603
GBLUP,wheatG,GH,R1,Gauss-homosc,0.03679258919873365,0.8528610354223434,0.8528610354223434,0.9682539682539683
GBLUP,wheatG,GH,R1,KinCP,0.028027412414488494,0.8681318681318682,0.8991825613079019,0.9629629629629629
GBLUP,wheatG,GH,R1,KinCP-ABC,0.0356749049313511,0.8610354223433242,0.8610354223433242,0.9682539682539683
GBLUP,wheatG,GH,R1,NormCP,0.027134191425770404,0.8543956043956044,0.8746594005449592,0.9497354497354498
GBLUP,wheatG,GH,R1,SCP,0.03196438275762399,0.8528610354223434,0.8528610354223434,0.9576719576719577
GBLUP,wheatG,GH,R2,CV+,0.04072072072072071,0.8216216216216217,0.8216216216216217,0.8666666666666667
GBLUP,wheatG,GH,R2,CalPred-style,0.030990990990991008,0.8378378378378378,0.8378378378378378,0.8666666666666667
GBLUP,wheatG,GH,R2,CalPred-style(rand),0.03261261261261263,0.8378378378378378,0.8378378378378378,0.8666666666666667
GBLUP,wheatG,GH,R2,Gauss-PEV,0.034774774774774794,0.8378378378378378,0.8378378378378378,0.8666666666666667
GBLUP,wheatG,GH,R2,Gauss-homosc,0.049917117117117125,0.8027027027027027,0.8027027027027027,0.8693333333333333
GBLUP,wheatG,GH,R2,KinCP,0.0256,0.8405405405405405,0.8405405405405405,0.872
GBLUP,wheatG,GH,R2,KinCP-ABC,0.054234234234234235,0.7945945945945946,0.7945945945945946,0.8666666666666667
GBLUP,wheatG,GH,R2,NormCP,0.023409009009009017,0.8594594594594595,0.8594594594594595,0.8613333333333333
GBLUP,wheatG,GH,R2,SCP,0.04018738738738743,0.8054054054054054,0.8054054054054054,0.8693333333333333
GBLUP,wheatG,GH,R3,CV+,0.020963732739153484,0.8780487804878049,0.8780487804878049,0.9433962264150944
GBLUP,wheatG,GH,R3,CalPred-style,0.015198629341170822,0.8617886178861789,0.8617886178861789,0.8921832884097035
GBLUP,wheatG,GH,R3,CalPred-style(rand),0.017891125268825525,0.8644986449864499,0.8644986449864499,0.876010781671159
GBLUP,wheatG,GH,R3,Gauss-PEV,0.015318102167530134,0.8590785907859079,0.8590785907859079,0.9029649595687331
GBLUP,wheatG,GH,R3,Gauss-homosc,0.019091687073190512,0.8509485094850948,0.8509485094850948,0.921832884097035
GBLUP,wheatG,GH,R3,KinCP,0.019220643809597406,0.8834688346883469,0.8834688346883469,0.9353099730458221
GBLUP,wheatG,GH,R3,KinCP-ABC,0.020427539709662868,0.8726287262872628,0.8726287262872628,0.9433962264150944
GBLUP,wheatG,GH,R3,NormCP,0.014738206541066168,0.8726287262872628,0.8726287262872628,0.921832884097035
GBLUP,wheatG,GH,R3,SCP,0.015406584455415517,0.8590785907859079,0.8590785907859079,0.9299191374663073
GBLUP,wheatG,GPE,R1,CV+,0.029473423094609298,0.8773841961852861,0.8773841961852861,0.9470899470899471
GBLUP,wheatG,GPE,R1,CalPred-style,0.029609799429869854,0.8571428571428571,0.888283378746594,0.9259259259259259
GBLUP,wheatG,GPE,R1,CalPred-style(rand),0.027951655222774985,0.8626373626373627,0.8910081743869209,0.9285714285714286
GBLUP,wheatG,GPE,R1,Gauss-PEV,0.03225880429878174,0.8653846153846154,0.8801089918256131,0.9312169312169312
GBLUP,wheatG,GPE,R1,Gauss-homosc,0.03324742141643113,0.8709677419354839,0.8801089918256131,0.9470899470899471
GBLUP,wheatG,GPE,R1,KinCP,0.0360133165415236,0.8598901098901099,0.8773841961852861,0.9417989417989417
GBLUP,wheatG,GPE,R1,KinCP-ABC,0.03324499532938645,0.8681318681318682,0.885558583106267,0.9497354497354498
GBLUP,wheatG,GPE,R1,NormCP,0.0311061700913259,0.8655913978494624,0.888283378746594,0.9365079365079365
GBLUP,wheatG,GPE,R1,SCP,0.031123744099769014,0.8682795698924731,0.8773841961852861,0.9391534391534392
GBLUP,wheatG,GPE,R2,CV+,0.03313153153153152,0.8324324324324325,0.8324324324324325,0.9413333333333334
GBLUP,wheatG,GPE,R2,CalPred-style,0.03690090090090088,0.8243243243243243,0.8243243243243243,0.9466666666666667
GBLUP,wheatG,GPE,R2,CalPred-style(rand),0.03744144144144144,0.8567567567567568,0.8567567567567568,0.9466666666666667
GBLUP,wheatG,GPE,R2,Gauss-PEV,0.041225225225225204,0.8243243243243243,0.8243243243243243,0.9466666666666667
GBLUP,wheatG,GPE,R2,Gauss-homosc,0.03527927927927928,0.8243243243243243,0.8243243243243243,0.9466666666666667
GBLUP,wheatG,GPE,R2,KinCP,0.030990990990990962,0.8324324324324325,0.8324324324324325,0.9333333333333333
GBLUP,wheatG,GPE,R2,KinCP-ABC,0.03745585585585585,0.8243243243243243,0.8243243243243243,0.9413333333333334
GBLUP,wheatG,GPE,R2,NormCP,0.03636756756756754,0.8351351351351352,0.8351351351351352,0.944
GBLUP,wheatG,GPE,R2,SCP,0.032064864864864887,0.827027027027027,0.827027027027027,0.936
GBLUP,wheatG,GPE,R3,CV+,0.020881659747708947,0.8807588075880759,0.8807588075880759,0.9137466307277629
GBLUP,wheatG,GPE,R3,CalPred-style,0.026379218494713454,0.8644986449864499,0.8644986449864499,0.8706199460916442
GBLUP,wheatG,GPE,R3,CalPred-style(rand),0.02420541575757491,0.868632707774799,0.8726287262872628,0.876010781671159
GBLUP,wheatG,GPE,R3,Gauss-PEV,0.020985398385812214,0.8726287262872628,0.8726287262872628,0.8840970350404312
GBLUP,wheatG,GPE,R3,Gauss-homosc,0.017765412347691356,0.8699186991869918,0.8699186991869918,0.8975741239892183
GBLUP,wheatG,GPE,R3,KinCP,0.019379741159443055,0.8766756032171582,0.8780487804878049,0.8867924528301887
GBLUP,wheatG,GPE,R3,KinCP-ABC,0.014971974309468705,0.8807588075880759,0.8807588075880759,0.9029649595687331
GBLUP,wheatG,GPE,R3,NormCP,0.028002312892773284,0.8672086720867209,0.8672086720867209,0.8679245283018868
GBLUP,wheatG,GPE,R3,SCP,0.01939720966477563,0.8644986449864499,0.8644986449864499,0.8921832884097035
LightGBM,barley,BaMMV,R1,CV+,0.027660665892373214,0.8854166666666666,0.8854166666666666,0.96875
LightGBM,barley,BaMMV,R1,CalPred-style,0.024200542005420055,0.8780487804878049,0.9409722222222222,0.8993055555555556
LightGBM,barley,BaMMV,R1,CalPred-style(rand),0.017665505226480825,0.8780487804878049,0.9236111111111112,0.9097222222222222
LightGBM,barley,BaMMV,R1,Gauss-homosc,0.02139856755710412,0.8680555555555556,0.8680555555555556,0.9479166666666666
LightGBM,barley,BaMMV,R1,KinCP,0.011396147890050301,0.89198606271777,0.9201388888888888,0.9166666666666666
LightGBM,barley,BaMMV,R1,KinCP-ABC,0.022787456445993025,0.8715277777777778,0.8715277777777778,0.9583333333333334
LightGBM,barley,BaMMV,R1,NormCP,0.025321331784746402,0.8571428571428571,0.9340277777777778,0.9166666666666666
LightGBM,barley,BaMMV,R1,SCP,0.025843979868370105,0.8576388888888888,0.8576388888888888,0.9548611111111112
LightGBM,barley,BaMMV,R2,CV+,0.13024825783972127,0.6736111111111112,0.8402777777777778,0.6736111111111112
LightGBM,barley,BaMMV,R2,CalPred-style,0.0707791327913279,0.8402777777777778,0.9930555555555556,0.8402777777777778
LightGBM,barley,BaMMV,R2,CalPred-style(rand),0.07773325590398761,0.8090277777777778,0.9895833333333334,0.8090277777777778
LightGBM,barley,BaMMV,R2,Gauss-homosc,0.164989837398374,0.6111111111111112,0.7881944444444444,0.6111111111111112
LightGBM,barley,BaMMV,R2,KinCP,0.06729481223383663,0.8229166666666666,0.9791666666666666,0.8229166666666666
LightGBM,barley,BaMMV,R2,KinCP-ABC,0.1503944057297716,0.6215277777777778,0.8229166666666666,0.6215277777777778
LightGBM,barley,BaMMV,R2,NormCP,0.06661585365853658,0.926829268292683,0.9965277777777778,0.9270833333333334
LightGBM,barley,BaMMV,R2,SCP,0.15457075106465354,0.6933797909407665,0.8194444444444444,0.7013888888888888
LightGBM,barley,BaYMV,R1,CV+,0.029074719318621756,0.9097222222222222,0.9097222222222222,0.9270833333333334
LightGBM,barley,BaYMV,R1,CalPred-style,0.022671312427409985,0.8611111111111112,0.8888888888888888,0.8611111111111112
LightGBM,barley,BaYMV,R1,CalPred-style(rand),0.022388695315524586,0.8506944444444444,0.90625,0.8506944444444444
LightGBM,barley,BaYMV,R1,Gauss-homosc,0.020580720092915207,0.8715277777777778,0.8715277777777778,0.8819444444444444
LightGBM,barley,BaYMV,R1,KinCP,0.019886275648470765,0.8541666666666666,0.8993055555555556,0.8541666666666666
LightGBM,barley,BaYMV,R1,KinCP-ABC,0.01849496709252807,0.875,0.875,0.8819444444444444
LightGBM,barley,BaYMV,R1,NormCP,0.0172343205574913,0.8541666666666666,0.9131944444444444,0.8541666666666666
LightGBM,barley,BaYMV,R1,SCP,0.01821622144792876,0.875,0.875,0.8784722222222222
LightGBM,barley,BaYMV,R2,CV+,0.05022018970189705,0.8013937282229965,0.8263888888888888,0.8923611111111112
LightGBM,barley,BaYMV,R2,CalPred-style,0.030745257452574525,0.8292682926829268,0.8680555555555556,0.9166666666666666
LightGBM,barley,BaYMV,R2,CalPred-style(rand),0.04090011614401858,0.8083623693379791,0.84375,0.9166666666666666
LightGBM,barley,BaYMV,R2,Gauss-homosc,0.07805361982191254,0.7456445993031359,0.7951388888888888,0.8958333333333334
LightGBM,barley,BaYMV,R2,KinCP,0.023101529229578022,0.8432055749128919,0.8784722222222222,0.9166666666666666
LightGBM,barley,BaYMV,R2,KinCP-ABC,0.07916957026713127,0.7386759581881533,0.7951388888888888,0.9027777777777778
LightGBM,barley,BaYMV,R2,NormCP,0.03671844754161826,0.90625,0.9479166666666666,0.90625
LightGBM,barley,BaYMV,R2,SCP,0.057859078590785915,0.7986111111111112,0.7986111111111112,0.8680555555555556
LightGBM,bean,DF,R1,CV+,0.026156958973696676,0.8876404494382022,0.9550561797752809,0.9222222222222223
LightGBM,bean,DF,R1,CalPred-style,0.03292522278186749,0.898876404494382,0.9662921348314607,0.9333333333333333
LightGBM,bean,DF,R1,CalPred-style(rand),0.02393473675147446,0.8876404494382022,0.9550561797752809,0.8888888888888888
LightGBM,bean,DF,R1,Gauss-homosc,0.023858108398984036,0.898876404494382,0.9662921348314607,0.9222222222222223
LightGBM,bean,DF,R1,KinCP,0.02882689741271689,0.8651685393258427,0.9662921348314607,0.8888888888888888
LightGBM,bean,DF,R1,KinCP-ABC,0.01983813336777307,0.8876404494382022,0.9550561797752809,0.8888888888888888
LightGBM,bean,DF,R1,NormCP,0.02124241250161436,0.8539325842696629,0.9101123595505618,0.9
LightGBM,bean,DF,R1,SCP,0.02571182573507256,0.8539325842696629,0.9213483146067416,0.8888888888888888
LightGBM,bean,DF,R2,CV+,0.03418794688457609,0.8651685393258427,0.9775280898876404,0.8651685393258427
LightGBM,bean,DF,R2,CalPred-style,0.03737487231869252,0.8651685393258427,0.9662921348314607,0.9101123595505618
LightGBM,bean,DF,R2,CalPred-style(rand),0.02653728294177733,0.8876404494382022,0.9662921348314607,0.898876404494382
LightGBM,bean,DF,R2,Gauss-homosc,0.026537282941777308,0.8764044943820225,0.9550561797752809,0.8876404494382022
LightGBM,bean,DF,R2,KinCP,0.03288049029622062,0.8876404494382022,0.9550561797752809,0.9213483146067416
LightGBM,bean,DF,R2,KinCP-ABC,0.025173646578140963,0.8764044943820225,0.9550561797752809,0.8876404494382022
LightGBM,bean,DF,R2,NormCP,0.031991828396322794,0.8539325842696629,0.9550561797752809,0.8539325842696629
LightGBM,bean,DF,R2,SCP,0.027446373850868254,0.8539325842696629,0.9550561797752809,0.8539325842696629
LightGBM,bean,DPM,R1,CV+,0.02808299969865251,0.9101123595505618,0.9213483146067416,0.9111111111111111
LightGBM,bean,DPM,R1,CalPred-style,0.04004132765078132,0.8333333333333334,0.8764044943820225,0.8333333333333334
LightGBM,bean,DPM,R1,CalPred-style(rand),0.03127211675061348,0.8,0.8876404494382022,0.8
LightGBM,bean,DPM,R1,Gauss-homosc,0.022112015153471963,0.8777777777777778,0.898876404494382,0.8777777777777778
LightGBM,bean,DPM,R1,KinCP,0.024282577812217477,0.8651685393258427,0.898876404494382,0.8666666666666667
LightGBM,bean,DPM,R1,KinCP-ABC,0.0243592061647079,0.8764044943820225,0.898876404494382,0.8777777777777778
LightGBM,bean,DPM,R1,NormCP,0.03607301218304706,0.8444444444444444,0.8876404494382022,0.8444444444444444
LightGBM,bean,DPM,R1,SCP,0.029331439149339222,0.8444444444444444,0.8876404494382022,0.8444444444444444
LightGBM,bean,DPM,R2,CV+,0.02787027579162411,0.8764044943820225,0.9887640449438202,0.8764044943820225
LightGBM,bean,DPM,R2,CalPred-style,0.033728294177732376,0.8314606741573034,0.9775280898876404,0.8314606741573034
LightGBM,bean,DPM,R2,CalPred-style(rand),0.033728294177732376,0.8202247191011236,0.9775280898876404,0.8202247191011236
LightGBM,bean,DPM,R2,Gauss-homosc,0.03555158324821246,0.8202247191011236,0.9662921348314607,0.8202247191011236
LightGBM,bean,DPM,R2,KinCP,0.03461184882533199,0.8314606741573034,0.9662921348314607,0.8314606741573034
LightGBM,bean,DPM,R2,KinCP-ABC,0.0405209397344229,0.8202247191011236,0.9662921348314607,0.8202247191011236
LightGBM,bean,DPM,R2,NormCP,0.032415730337078674,0.8426966292134831,0.9550561797752809,0.8426966292134831
LightGBM,bean,DPM,R2,SCP,0.036460674157303384,0.8539325842696629,0.9662921348314607,0.8539325842696629
LightGBM,bean,PHI,R1,CV+,0.027432950191570882,0.8777777777777778,0.9550561797752809,0.8777777777777778
LightGBM,bean,PHI,R1,CalPred-style,0.03020792974299369,0.8620689655172413,0.9325842696629213,0.8666666666666667
LightGBM,bean,PHI,R1,CalPred-style(rand),0.03020792974299369,0.8620689655172413,0.9325842696629213,0.8666666666666667
LightGBM,bean,PHI,R1,Gauss-homosc,0.022990227732575662,0.8735632183908046,0.9550561797752809,0.8777777777777778
LightGBM,bean,PHI,R1,KinCP,0.03020792974299369,0.8620689655172413,0.9438202247191011,0.8666666666666667
LightGBM,bean,PHI,R1,KinCP-ABC,0.020743036721339703,0.8735632183908046,0.9438202247191011,0.8777777777777778
LightGBM,bean,PHI,R1,NormCP,0.02968014120280682,0.8764044943820225,0.9550561797752809,0.8777777777777778
LightGBM,bean,PHI,R1,SCP,0.027432950191570882,0.8777777777777778,0.9550561797752809,0.8777777777777778
LightGBM,bean,PHI,R2,CV+,0.018483146067415746,0.875,0.9325842696629213,0.898876404494382
LightGBM,bean,PHI,R2,CalPred-style,0.05998467824310525,0.8068181818181818,0.8876404494382022,0.8314606741573034
LightGBM,bean,PHI,R2,CalPred-style(rand),0.043804902962206384,0.8068181818181818,0.9101123595505618,0.8426966292134831
LightGBM,bean,PHI,R2,Gauss-homosc,0.053243105209397415,0.8068181818181818,0.898876404494382,0.8426966292134831
LightGBM,bean,PHI,R2,KinCP,0.06450459652706846,0.7954545454545454,0.8764044943820225,0.8314606741573034
LightGBM,bean,PHI,R2,KinCP-ABC,0.06223186925434121,0.8068181818181818,0.8876404494382022,0.8426966292134831
LightGBM,bean,PHI,R2,NormCP,0.04380490296220636,0.8068181818181818,0.9101123595505618,0.8426966292134831
LightGBM,bean,PHI,R2,SCP,0.04832482124616959,0.7954545454545454,0.9101123595505618,0.8426966292134831
LightGBM,lentil,DTF,R1,CV+,0.05990384615384614,0.8,0.8615384615384616,0.9538461538461539
LightGBM,lentil,DTF,R1,CalPred-style,0.041394230769230766,0.8461538461538461,0.9538461538461539,0.8461538461538461
LightGBM,lentil,DTF,R1,CalPred-style(rand),0.04437500000000001,0.8153846153846154,0.9538461538461539,0.8461538461538461
LightGBM,lentil,DTF,R1,Gauss-homosc,0.05370192307692308,0.7846153846153846,0.8769230769230769,0.9384615384615385
LightGBM,lentil,DTF,R1,KinCP,0.035192307692307676,0.8615384615384616,0.9384615384615385,0.8615384615384616
LightGBM,lentil,DTF,R1,KinCP-ABC,0.05677884615384614,0.8,0.8461538461538461,0.9384615384615385
LightGBM,lentil,DTF,R1,NormCP,0.03826923076923074,0.7692307692307693,0.9076923076923077,0.9076923076923077
LightGBM,lentil,DTF,R1,SCP,0.07826923076923076,0.7076923076923077,0.8,0.9538461538461539
LightGBM,lentil,DTF,R2,CV+,0.15301136363636367,0.671875,0.8153846153846154,0.6818181818181818
LightGBM,lentil,DTF,R2,CalPred-style,0.05434294871794874,0.828125,0.9230769230769231,0.8333333333333334
LightGBM,lentil,DTF,R2,CalPred-style(rand),0.09151223776223778,0.75,0.8923076923076924,0.7727272727272727
LightGBM,lentil,DTF,R2,Gauss-homosc,0.21782051282051285,0.6461538461538462,0.7230769230769231,0.6666666666666666
LightGBM,lentil,DTF,R2,KinCP,0.044967948717948715,0.828125,0.9076923076923077,0.8333333333333334
LightGBM,lentil,DTF,R2,KinCP-ABC,0.19012529137529138,0.6615384615384615,0.7846153846153846,0.696969696969697
LightGBM,lentil,DTF,R2,NormCP,0.060405011655011685,0.7878787878787878,0.9230769230769231,0.7878787878787878
LightGBM,lentil,DTF,R2,SCP,0.15305652680652682,0.671875,0.8461538461538461,0.7121212121212122
LightGBM,lentil,DTM,R1,CV+,0.035192307692307676,0.8923076923076924,0.9384615384615385,0.9384615384615385
LightGBM,lentil,DTM,R1,CalPred-style,0.032115384615384615,0.8769230769230769,0.9538461538461539,0.8769230769230769
LightGBM,lentil,DTM,R1,CalPred-style(rand),0.032163461538461544,0.8769230769230769,0.9230769230769231,0.8923076923076924
LightGBM,lentil,DTM,R1,Gauss-homosc,0.0383173076923077,0.8615384615384616,0.9230769230769231,0.9230769230769231
LightGBM,lentil,DTM,R1,KinCP,0.028990384615384612,0.8769230769230769,0.9384615384615385,0.8923076923076924
LightGBM,lentil,DTM,R1,KinCP-ABC,0.032115384615384615,0.8615384615384616,0.9230769230769231,0.9076923076923077
LightGBM,lentil,DTM,R1,NormCP,0.013605769230769216,0.8769230769230769,0.9076923076923077,0.8923076923076924
LightGBM,lentil,DTM,R1,SCP,0.028942307692307677,0.8153846153846154,0.8923076923076924,0.8923076923076924
LightGBM,lentil,DTM,R2,CV+,0.0850247668997669,0.7424242424242424,0.8615384615384616,0.7424242424242424
LightGBM,lentil,DTM,R2,CalPred-style,0.019819347319347314,0.84375,0.8923076923076924,0.8787878787878788
LightGBM,lentil,DTM,R2,CalPred-style(rand),0.06357663170163172,0.765625,0.8615384615384616,0.803030303030303
LightGBM,lentil,DTM,R2,Gauss-homosc,0.12507721445221445,0.696969696969697,0.8,0.696969696969697
LightGBM,lentil,DTM,R2,KinCP,0.026646270396270412,0.828125,0.8923076923076924,0.8787878787878788
LightGBM,lentil,DTM,R2,KinCP-ABC,0.13738636363636364,0.6818181818181818,0.8,0.6818181818181818
LightGBM,lentil,DTM,R2,NormCP,0.04804778554778557,0.803030303030303,0.8769230769230769,0.803030303030303
LightGBM,lentil,DTM,R2,SCP,0.12805944055944057,0.6818181818181818,0.8,0.6818181818181818
LightGBM,lentil,VEG,R1,CV+,0.05687500000000001,0.8153846153846154,0.8769230769230769,0.9538461538461539
LightGBM,lentil,VEG,R1,CalPred-style,0.03831730769230768,0.8615384615384616,0.9692307692307692,0.8769230769230769
LightGBM,lentil,VEG,R1,CalPred-style(rand),0.032163461538461544,0.8461538461538461,0.9230769230769231,0.8769230769230769
LightGBM,lentil,VEG,R1,Gauss-homosc,0.05370192307692308,0.8,0.8461538461538461,0.9230769230769231
LightGBM,lentil,VEG,R1,KinCP,0.03836538461538459,0.8615384615384616,0.9692307692307692,0.8923076923076924
LightGBM,lentil,VEG,R1,KinCP-ABC,0.05370192307692308,0.8,0.8615384615384616,0.9230769230769231
LightGBM,lentil,VEG,R1,NormCP,0.047403846153846144,0.7692307692307693,0.8461538461538461,0.8615384615384616
LightGBM,lentil,VEG,R1,SCP,0.07216346153846151,0.7692307692307693,0.8307692307692308,0.9384615384615385
LightGBM,lentil,VEG,R2,CV+,0.1565122377622378,0.65625,0.6923076923076923,0.7727272727272727
LightGBM,lentil,VEG,R2,CalPred-style,0.029914044289044296,0.8125,0.9076923076923077,0.8939393939393939
LightGBM,lentil,VEG,R2,CalPred-style(rand),0.09785402097902099,0.734375,0.8,0.8181818181818182
LightGBM,lentil,VEG,R2,Gauss-homosc,0.19973484848484852,0.609375,0.6307692307692307,0.7575757575757576
LightGBM,lentil,VEG,R2,KinCP,0.03914481351981354,0.8125,0.8769230769230769,0.8939393939393939
LightGBM,lentil,VEG,R2,KinCP-ABC,0.16574155011655015,0.6461538461538462,0.6461538461538462,0.7878787878787878
LightGBM,lentil,VEG,R2,NormCP,0.0671284965034965,0.703125,0.9076923076923077,0.8636363636363636
LightGBM,lentil,VEG,R2,SCP,0.1630944055944056,0.578125,0.8,0.8181818181818182
LightGBM,oyster,mm,R1,CV+,0.04407207207207207,0.8783783783783784,0.9324324324324325,0.96
LightGBM,oyster,mm,R1,CalPred-style,0.04677477477477476,0.8243243243243243,0.918918918918919,0.9466666666666667
LightGBM,oyster,mm,R1,CalPred-style(rand),0.04147747747747747,0.8243243243243243,0.9324324324324325,0.9333333333333333
LightGBM,oyster,mm,R1,Gauss-homosc,0.038774774774774756,0.8378378378378378,0.9324324324324325,0.9466666666666667
LightGBM,oyster,mm,R1,KinCP,0.04670270270270269,0.8266666666666667,0.9054054054054054,0.9466666666666667
LightGBM,oyster,mm,R1,KinCP-ABC,0.03607207207207206,0.8378378378378378,0.918918918918919,0.9466666666666667
LightGBM,oyster,mm,R1,NormCP,0.03614414414414415,0.8378378378378378,0.9459459459459459,0.92
LightGBM,oyster,mm,R1,SCP,0.028036036036036015,0.8783783783783784,0.9459459459459459,0.92
LightGBM,oyster,mm,R2,CV+,0.0471711711711712,0.8266666666666667,0.8266666666666667,0.9733333333333334
LightGBM,oyster,mm,R2,CalPred-style,0.044648648648648634,0.8378378378378378,0.88,0.96
LightGBM,oyster,mm,R2,CalPred-style(rand),0.12562162162162166,0.5135135135135135,0.8266666666666667,0.9466666666666667
LightGBM,oyster,mm,R2,Gauss-homosc,0.053153153153153145,0.8108108108108109,0.8133333333333334,0.9466666666666667
LightGBM,oyster,mm,R2,KinCP,0.044,0.8783783783783784,0.9466666666666667,0.9733333333333334
LightGBM,oyster,mm,R2,KinCP-ABC,0.04717117117117116,0.8133333333333334,0.8133333333333334,0.96
LightGBM,oyster,mm,R2,NormCP,0.06230630630630631,0.9324324324324325,0.9733333333333334,0.9733333333333334
LightGBM,oyster,mm,R2,SCP,0.03063063063063063,0.8648648648648649,0.8933333333333333,0.96
LightGBM,pig,PFAI,R1,CV+,0.018900073012543084,0.8892128279883382,0.9473684210526315,0.8892128279883382
LightGBM,pig,PFAI,R1,CalPred-style,0.018306712979108197,0.8862973760932945,0.9473684210526315,0.8862973760932945
LightGBM,pig,PFAI,R1,CalPred-style(rand),0.020661298747297118,0.8950437317784257,0.9502923976608187,0.8950437317784257
LightGBM,pig,PFAI,R1,Gauss-homosc,0.026871120786785486,0.9096209912536443,0.9502923976608187,0.9096209912536443
LightGBM,pig,PFAI,R1,KinCP,0.013161533114410706,0.8885630498533724,0.9298245614035088,0.8892128279883382
LightGBM,pig,PFAI,R1,KinCP-ABC,0.013159828171782028,0.8856304985337243,0.9298245614035088,0.8862973760932945
LightGBM,pig,PFAI,R1,NormCP,0.011168407183098283,0.8950437317784257,0.9385964912280702,0.8950437317784257
LightGBM,pig,PFAI,R1,SCP,0.011749792619478328,0.8892128279883382,0.935672514619883,0.8892128279883382
LightGBM,pig,PFAI,R2,CV+,0.02568297576786538,0.9093567251461988,0.9093567251461988,0.9385964912280702
LightGBM,pig,PFAI,R2,CalPred-style,0.03797396717600447,0.9181286549707602,0.9181286549707602,0.9473684210526315
LightGBM,pig,PFAI,R2,CalPred-style(rand),0.03972835314091676,0.9210526315789473,0.9210526315789473,0.9502923976608187
LightGBM,pig,PFAI,R2,Gauss-homosc,0.030363053283256992,0.9152046783625731,0.9152046783625731,0.9415204678362573
LightGBM,pig,PFAI,R2,KinCP,0.01374286155270874,0.8947368421052632,0.8947368421052632,0.9269005847953217
LightGBM,pig,PFAI,R2,KinCP-ABC,0.015500677402205398,0.8976608187134503,0.8976608187134503,0.9269005847953217
LightGBM,pig,PFAI,R2,NormCP,0.01679545883281024,0.8797653958944281,0.9064327485380117,0.935672514619883
LightGBM,pig,PFAI,R2,SCP,0.019485517312342427,0.8797653958944281,0.9064327485380117,0.935672514619883
LightGBM,pine,c5c6,R1,CV+,0.02133937010669189,0.8961748633879781,0.9010989010989011,0.9395604395604396
LightGBM,pine,c5c6,R1,CalPred-style,0.013818537830855581,0.8743169398907104,0.8901098901098901,0.8846153846153846
LightGBM,pine,c5c6,R1,CalPred-style(rand),0.010752476699401802,0.8797814207650273,0.8846153846153846,0.9010989010989011
LightGBM,pine,c5c6,R1,Gauss-homosc,0.014276179395280919,0.8852459016393442,0.8956043956043956,0.9175824175824175
LightGBM,pine,c5c6,R1,KinCP,0.015808636009704745,0.8797814207650273,0.9120879120879121,0.9120879120879121
LightGBM,pine,c5c6,R1,KinCP-ABC,0.017591030169600952,0.8907103825136612,0.8956043956043956,0.9285714285714286
LightGBM,pine,c5c6,R1,NormCP,0.02860672823538506,0.907103825136612,0.9230769230769231,0.9395604395604396
LightGBM,pine,c5c6,R1,SCP,0.027507827136483965,0.907103825136612,0.9230769230769231,0.9340659340659341
LightGBM,pine,c5c6,R2,CV+,0.24512780037641918,0.585635359116022,0.6153846153846154,0.7252747252747253
LightGBM,pine,c5c6,R2,CalPred-style,0.08199866431910634,0.7624309392265194,0.8901098901098901,0.8186813186813187
LightGBM,pine,c5c6,R2,CalPred-style(rand),0.20983546839900433,0.6243093922651933,0.6648351648351648,0.7362637362637363
LightGBM,pine,c5c6,R2,Gauss-homosc,0.2693582660433489,0.554945054945055,0.554945054945055,0.7142857142857143
LightGBM,pine,c5c6,R2,KinCP,0.06475259547082753,0.7900552486187845,0.945054945054945,0.8461538461538461
LightGBM,pine,c5c6,R2,KinCP-ABC,0.2627405743427843,0.56353591160221,0.5659340659340659,0.7142857142857143
LightGBM,pine,c5c6,R2,NormCP,0.1448606641976808,0.6795580110497238,0.7857142857142857,0.8131868131868132
LightGBM,pine,c5c6,R2,SCP,0.2473377451278004,0.6022099447513812,0.6098901098901099,0.7307692307692307
LightGBM,pine,rootnum,R1,CV+,0.01783107792224199,0.9081081081081082,0.9135135135135135,0.9247311827956989
LightGBM,pine,rootnum,R1,CalPred-style,0.012192992431421624,0.8763440860215054,0.9081081081081082,0.8763440860215054
LightGBM,pine,rootnum,R1,CalPred-style(rand),0.0078919171626044,0.8702702702702703,0.8972972972972973,0.8978494623655914
LightGBM,pine,rootnum,R1,Gauss-homosc,0.02324817103218224,0.8810810810810811,0.8810810810810811,0.9193548387096774
LightGBM,pine,rootnum,R1,KinCP,0.010269196264988678,0.8864864864864865,0.9135135135135135,0.9086021505376344
LightGBM,pine,rootnum,R1,KinCP-ABC,0.023242295591524176,0.8756756756756757,0.8810810810810811,0.9193548387096774
LightGBM,pine,rootnum,R1,NormCP,0.011358553504416058,0.8804347826086957,0.9081081081081082,0.8870967741935484
LightGBM,pine,rootnum,R1,SCP,0.013526527930455012,0.8702702702702703,0.8702702702702703,0.8924731182795699
LightGBM,pine,rootnum,R2,CV+,0.19273207990599298,0.5351351351351351,0.5351351351351351,0.7783783783783784
LightGBM,pine,rootnum,R2,CalPred-style,0.0354994124559342,0.7783783783783784,0.7783783783783784,0.8810810810810811
LightGBM,pine,rootnum,R2,CalPred-style(rand),0.11684488836662751,0.6594594594594595,0.6594594594594595,0.8378378378378378
LightGBM,pine,rootnum,R2,Gauss-homosc,0.20463572267920097,0.5027027027027027,0.5027027027027027,0.7621621621621621
LightGBM,pine,rootnum,R2,KinCP,0.026621621621621627,0.8108108108108109,0.8108108108108109,0.8810810810810811
LightGBM,pine,rootnum,R2,KinCP-ABC,0.2068037602820212,0.5027027027027027,0.5027027027027027,0.7567567567567568
LightGBM,pine,rootnum,R2,NormCP,0.17861339600470036,0.5405405405405406,0.5405405405405406,0.7837837837837838
LightGBM,pine,rootnum,R2,SCP,0.24690364277320803,0.42702702702702705,0.42702702702702705,0.7243243243243244
LightGBM,pine,rootnumbin,R1,CV+,0.03519281553643405,0.8756756756756757,0.9405405405405406,0.9086021505376344
LightGBM,pine,rootnumbin,R1,CalPred-style,0.024079135236217984,0.8648648648648649,0.9243243243243243,0.8655913978494624
LightGBM,pine,rootnumbin,R1,CalPred-style(rand),0.025177779462491934,0.8648648648648649,0.9351351351351351,0.8709677419354839
LightGBM,pine,rootnumbin,R1,Gauss-homosc,0.025242093425824154,0.8810810810810811,0.9297297297297298,0.8978494623655914
LightGBM,pine,rootnumbin,R1,KinCP,0.024102510645287633,0.8702702702702703,0.9459459459459459,0.8763440860215054
LightGBM,pine,rootnumbin,R1,KinCP-ABC,0.02305655585459232,0.8702702702702703,0.9297297297297298,0.8870967741935484
LightGBM,pine,rootnumbin,R1,NormCP,0.028427024499955777,0.8602150537634409,0.9135135135135135,0.8602150537634409
LightGBM,pine,rootnumbin,R1,SCP,0.026258986897135572,0.8594594594594595,0.8972972972972973,0.8602150537634409
LightGBM,pine,rootnumbin,R2,CV+,0.21116333725029382,0.4864864864864865,0.4864864864864865,0.7837837837837838
LightGBM,pine,rootnumbin,R2,CalPred-style,0.028807285546415984,0.8162162162162162,0.8162162162162162,0.8864864864864865
LightGBM,pine,rootnumbin,R2,CalPred-style(rand),0.1157226792009401,0.6162162162162163,0.6162162162162163,0.8486486486486486
LightGBM,pine,rootnumbin,R2,Gauss-homosc,0.20029377203290247,0.4702702702702703,0.4702702702702703,0.8
LightGBM,pine,rootnumbin,R2,KinCP,0.019952996474735606,0.8648648648648649,0.8648648648648649,0.9081081081081082
LightGBM,pine,rootnumbin,R2,KinCP-ABC,0.2068037602820212,0.4648648648648649,0.4648648648648649,0.7945945945945946
LightGBM,pine,rootnumbin,R2,NormCP,0.1493889541715629,0.6216216216216216,0.6216216216216216,0.8162162162162162
LightGBM,pine,rootnumbin,R2,SCP,0.24698589894242068,0.4864864864864865,0.4864864864864865,0.7405405405405405
LightGBM,rice,Culm_habit,R1,CV+,0.024955141476880625,0.8857142857142857,0.8857142857142857,0.8888888888888888
LightGBM,rice,Culm_habit,R1,CalPred-style,0.0332470669427191,0.8472222222222222,0.8714285714285714,0.8472222222222222
LightGBM,rice,Culm_habit,R1,CalPred-style(rand),0.030669427191166342,0.8714285714285714,0.8714285714285714,0.8888888888888888
LightGBM,rice,Culm_habit,R1,Gauss-homosc,0.033447204968944114,0.8714285714285714,0.8714285714285714,0.875
LightGBM,rice,Culm_habit,R1,KinCP,0.027574189095928237,0.8472222222222222,0.8857142857142857,0.8472222222222222
LightGBM,rice,Culm_habit,R1,KinCP-ABC,0.030469289164941314,0.8571428571428571,0.8571428571428571,0.8611111111111112
LightGBM,rice,Culm_habit,R1,NormCP,0.04487577639751552,0.8285714285714286,0.8285714285714286,0.875
LightGBM,rice,Culm_habit,R1,SCP,0.041935817805383024,0.8142857142857143,0.8142857142857143,0.875
LightGBM,rice,Culm_habit,R2,CV+,0.031670020120724375,0.8571428571428571,0.9571428571428572,0.9154929577464789
LightGBM,rice,Culm_habit,R2,CalPred-style,0.031106639839034233,0.8571428571428571,0.9571428571428572,0.8873239436619719
LightGBM,rice,Culm_habit,R2,CalPred-style(rand),0.025995975855130804,0.8571428571428571,0.9571428571428572,0.9014084507042254
LightGBM,rice,Culm_habit,R2,Gauss-homosc,0.03396378269617706,0.8571428571428571,0.9571428571428572,0.8873239436619719
LightGBM,rice,Culm_habit,R2,KinCP,0.03388329979879279,0.8571428571428571,0.9571428571428572,0.8591549295774648
LightGBM,rice,Culm_habit,R2,KinCP-ABC,0.03955734406438634,0.8450704225352113,0.9428571428571428,0.8450704225352113
LightGBM,rice,Culm_habit,R2,NormCP,0.0345271629778672,0.8857142857142857,0.9714285714285714,0.9154929577464789
LightGBM,rice,Culm_habit,R2,SCP,0.03682092555331995,0.8571428571428571,0.9571428571428572,0.8873239436619719
LightGBM,rice,Flag_leaf_length,R1,CV+,0.03349896480331258,0.9130434782608695,0.9565217391304348,0.9428571428571428
LightGBM,rice,Flag_leaf_length,R1,CalPred-style,0.023146997929606616,0.8840579710144928,0.9710144927536232,0.8857142857142857
LightGBM,rice,Flag_leaf_length,R1,CalPred-style(rand),0.02604554865424431,0.8695652173913043,0.9710144927536232,0.8857142857142857
LightGBM,rice,Flag_leaf_length,R1,Gauss-homosc,0.028364389233954436,0.8695652173913043,0.9710144927536232,0.8857142857142857
LightGBM,rice,Flag_leaf_length,R1,KinCP,0.026086956521739136,0.8695652173913043,0.9710144927536232,0.9
LightGBM,rice,Flag_leaf_length,R1,KinCP-ABC,0.031221532091097282,0.8695652173913043,0.9710144927536232,0.8714285714285714
LightGBM,rice,Flag_leaf_length,R1,NormCP,0.051884057971014474,0.7971014492753623,0.927536231884058,0.8
LightGBM,rice,Flag_leaf_length,R1,SCP,0.04086956521739129,0.8,0.8840579710144928,0.8
LightGBM,rice,Flag_leaf_length,R2,CV+,0.016190476190476154,0.8857142857142857,0.9130434782608695,0.8857142857142857
LightGBM,rice,Flag_leaf_length,R2,CalPred-style,0.020207039337474097,0.855072463768116,0.855072463768116,0.8714285714285714
LightGBM,rice,Flag_leaf_length,R2,CalPred-style(rand),0.03527950310559005,0.7971014492753623,0.7971014492753623,0.8714285714285714
LightGBM,rice,Flag_leaf_length,R2,Gauss-homosc,0.020165631469979295,0.8571428571428571,0.8985507246376812,0.8571428571428571
LightGBM,rice,Flag_leaf_length,R2,KinCP,0.026542443064182186,0.8571428571428571,0.8840579710144928,0.8571428571428571
LightGBM,rice,Flag_leaf_length,R2,KinCP-ABC,0.019089026915113848,0.8857142857142857,0.9130434782608695,0.8857142857142857
LightGBM,rice,Flag_leaf_length,R2,NormCP,0.02832298136645961,0.8714285714285714,0.9420289855072463,0.8714285714285714
LightGBM,rice,Flag_leaf_length,R2,SCP,0.009772256728778484,0.8714285714285714,0.8985507246376812,0.8714285714285714
LightGBM,rice,Plant_height,R1,CV+,0.02640320181961333,0.8985507246376812,0.9436619718309859,0.9583333333333334
LightGBM,rice,Plant_height,R1,CalPred-style,0.03153894380777418,0.8857142857142857,0.9577464788732394,0.9583333333333334
LightGBM,rice,Plant_height,R1,CalPred-style(rand),0.028720924581304243,0.8857142857142857,0.971830985915493,0.9444444444444444
LightGBM,rice,Plant_height,R1,Gauss-homosc,0.031578067438447086,0.8857142857142857,0.971830985915493,0.9444444444444444
LightGBM,rice,Plant_height,R1,KinCP,0.02362430622381635,0.8857142857142857,0.971830985915493,0.9305555555555556
LightGBM,rice,Plant_height,R1,KinCP-ABC,0.029259226858736963,0.8714285714285714,0.971830985915493,0.9444444444444444
LightGBM,rice,Plant_height,R1,NormCP,0.04872437523692881,0.9142857142857143,0.971830985915493,0.9583333333333334
LightGBM,rice,Plant_height,R1,SCP,0.04586835019780515,0.9285714285714286,0.9436619718309859,0.9722222222222222
LightGBM,rice,Plant_height,R2,CV+,0.03460764587525147,0.9142857142857143,0.9436619718309859,0.9436619718309859
LightGBM,rice,Plant_height,R2,CalPred-style,0.028933601609657945,0.8571428571428571,0.9436619718309859,0.9295774647887324
LightGBM,rice,Plant_height,R2,CalPred-style(rand),0.034567404426559346,0.8428571428571429,0.971830985915493,0.9295774647887324
LightGBM,rice,Plant_height,R2,Gauss-homosc,0.028893360160965775,0.8428571428571429,0.9577464788732394,0.9295774647887324
LightGBM,rice,Plant_height,R2,KinCP,0.031710261569416476,0.8714285714285714,0.9577464788732394,0.9436619718309859
LightGBM,rice,Plant_height,R2,KinCP-ABC,0.028893360160965775,0.8428571428571429,0.9577464788732394,0.9295774647887324
LightGBM,rice,Plant_height,R2,NormCP,0.051066398390342084,0.8571428571428571,0.9859154929577465,0.8591549295774648
LightGBM,rice,Plant_height,R2,SCP,0.02547283702213281,0.8732394366197183,0.9577464788732394,0.8732394366197183
LightGBM,soybean,C13,R1,CV+,0.04853002070393373,0.8405797101449275,0.8405797101449275,0.9571428571428572
LightGBM,soybean,C13,R1,CalPred-style,0.03118012422360248,0.8571428571428571,0.8985507246376812,0.8571428571428571
LightGBM,soybean,C13,R1,CalPred-style(rand),0.028281573498964784,0.8571428571428571,0.8840579710144928,0.8571428571428571
LightGBM,soybean,C13,R1,Gauss-homosc,0.02840579710144926,0.8695652173913043,0.8695652173913043,0.9
LightGBM,soybean,C13,R1,KinCP,0.025424430641821916,0.8714285714285714,0.8840579710144928,0.8714285714285714
LightGBM,soybean,C13,R1,KinCP-ABC,0.01159420289855071,0.8695652173913043,0.8695652173913043,0.9
LightGBM,soybean,C13,R1,NormCP,0.028364389233954436,0.8840579710144928,0.8840579710144928,0.8857142857142857
LightGBM,soybean,C13,R1,SCP,0.031221532091097282,0.8840579710144928,0.8840579710144928,0.9285714285714286
LightGBM,soybean,C13,R2,CV+,0.027301181342102087,0.8382352941176471,0.8985507246376812,0.8714285714285714
LightGBM,soybean,C13,R2,CalPred-style,0.03827426622823045,0.8382352941176471,0.9420289855072463,0.8857142857142857
LightGBM,soybean,C13,R2,CalPred-style(rand),0.04978687127024724,0.8235294117647058,0.927536231884058,0.8714285714285714
LightGBM,soybean,C13,R2,Gauss-homosc,0.05562659846547317,0.8088235294117647,0.927536231884058,0.8571428571428571
LightGBM,soybean,C13,R2,KinCP,0.02377907684813054,0.8676470588235294,0.927536231884058,0.9142857142857143
LightGBM,soybean,C13,R2,KinCP-ABC,0.06432468639629767,0.7794117647058824,0.9130434782608695,0.8571428571428571
LightGBM,soybean,C13,R2,NormCP,0.08263427109974424,0.6911764705882353,0.8115942028985508,0.8285714285714286
LightGBM,soybean,C13,R2,SCP,0.11132870539520157,0.7058823529411765,0.7971014492753623,0.7857142857142857
LightGBM,soybean,Wilt,R1,CV+,0.0322153209109731,0.8695652173913043,0.8695652173913043,0.9857142857142858
LightGBM,soybean,Wilt,R1,CalPred-style,0.021283643892339565,0.8428571428571429,0.8985507246376812,0.8428571428571429
LightGBM,soybean,Wilt,R1,CalPred-style(rand),0.02074534161490684,0.8571428571428571,0.8840579710144928,0.8571428571428571
LightGBM,soybean,Wilt,R1,Gauss-homosc,0.04956521739130435,0.8405797101449275,0.8695652173913043,1.0
LightGBM,soybean,Wilt,R1,KinCP,0.029565217391304355,0.855072463768116,0.8695652173913043,0.9
LightGBM,soybean,Wilt,R1,KinCP-ABC,0.04724637681159423,0.8405797101449275,0.855072463768116,1.0
LightGBM,soybean,Wilt,R1,NormCP,0.0323809523809524,0.8405797101449275,0.9130434782608695,0.9285714285714286
LightGBM,soybean,Wilt,R1,SCP,0.05884057971014496,0.8260869565217391,0.8405797101449275,1.0
LightGBM,soybean,Wilt,R2,CV+,0.03806235537693341,0.8405797101449275,0.9565217391304348,0.8857142857142857
LightGBM,soybean,Wilt,R2,CalPred-style,0.030678358299841647,0.8714285714285714,0.9420289855072463,0.9285714285714286
LightGBM,soybean,Wilt,R2,CalPred-style(rand),0.04227377907684815,0.8857142857142857,0.9565217391304348,0.9571428571428572
LightGBM,soybean,Wilt,R2,Gauss-homosc,0.041333576909024485,0.8142857142857143,0.8840579710144928,0.8142857142857143
LightGBM,soybean,Wilt,R2,KinCP,0.02496529046401168,0.8857142857142857,0.9130434782608695,0.9285714285714286
LightGBM,soybean,Wilt,R2,KinCP-ABC,0.03499817318231639,0.8285714285714286,0.927536231884058,0.8285714285714286
LightGBM,soybean,Wilt,R2,NormCP,0.014528072098404588,0.8840579710144928,0.8840579710144928,0.8857142857142857
LightGBM,soybean,Wilt,R2,SCP,0.04365363536719036,0.8142857142857143,0.9130434782608695,0.8285714285714286
LightGBM,wheatG,EW,R1,CV+,0.032608663457978526,0.8933333333333333,0.9054054054054054,0.8933333333333333
LightGBM,wheatG,EW,R1,CalPred-style,0.03527434283598665,0.84,0.9054054054054054,0.84
LightGBM,wheatG,EW,R1,CalPred-style(rand),0.03527434283598665,0.84,0.9054054054054054,0.84
LightGBM,wheatG,EW,R1,Gauss-homosc,0.03585091941256322,0.8648648648648649,0.8648648648648649,0.8666666666666667
LightGBM,wheatG,EW,R1,KinCP,0.03581488337652718,0.8533333333333334,0.8648648648648649,0.8533333333333334
LightGBM,wheatG,EW,R1,KinCP-ABC,0.03588695544859925,0.8513513513513513,0.8513513513513513,0.8533333333333334
LightGBM,wheatG,EW,R1,NormCP,0.02021029248426509,0.8648648648648649,0.8918918918918919,0.88
LightGBM,wheatG,EW,R1,SCP,0.01754362581759843,0.8648648648648649,0.8918918918918919,0.88
LightGBM,wheatG,EW,R2,CV+,0.023351351351351357,0.8918918918918919,0.8918918918918919,0.96
LightGBM,wheatG,EW,R2,CalPred-style,0.028180180180180182,0.8783783783783784,0.8783783783783784,0.9733333333333334
LightGBM,wheatG,EW,R2,CalPred-style(rand),0.027675675675675658,0.8648648648648649,0.8648648648648649,0.96
LightGBM,wheatG,EW,R2,Gauss-homosc,0.028756756756756752,0.8648648648648649,0.8648648648648649,0.96
LightGBM,wheatG,EW,R2,KinCP,0.02010810810810808,0.8783783783783784,0.8918918918918919,0.96
LightGBM,wheatG,EW,R2,KinCP-ABC,0.028216216216216193,0.8513513513513513,0.8513513513513513,0.96
LightGBM,wheatG,EW,R2,NormCP,0.024972972972972962,0.8918918918918919,0.8918918918918919,0.96
LightGBM,wheatG,EW,R2,SCP,0.028216216216216217,0.8513513513513513,0.8513513513513513,0.96
LightGBM,wheatG,GH,R1,CV+,0.04385091941256323,0.8648648648648649,0.8648648648648649,0.9866666666666667
LightGBM,wheatG,GH,R1,CalPred-style,0.022263359249660608,0.8918918918918919,0.8918918918918919,0.96
LightGBM,wheatG,GH,R1,CalPred-style(rand),0.022263359249660608,0.8783783783783784,0.8783783783783784,0.96
LightGBM,wheatG,GH,R1,Gauss-homosc,0.03037245464642726,0.8648648648648649,0.8648648648648649,0.9733333333333334
LightGBM,wheatG,GH,R1,KinCP,0.03848155004319385,0.8783783783783784,0.8783783783783784,0.96
LightGBM,wheatG,GH,R1,KinCP-ABC,0.04114821670986053,0.8648648648648649,0.8648648648648649,0.9866666666666667
LightGBM,wheatG,GH,R1,NormCP,0.016930025916327262,0.8648648648648649,0.8648648648648649,0.9333333333333333
LightGBM,wheatG,GH,R1,SCP,0.03311119338516597,0.8243243243243243,0.8243243243243243,0.9466666666666667
LightGBM,wheatG,GH,R2,CV+,0.03863063063063066,0.7702702702702703,0.7702702702702703,0.8933333333333333
LightGBM,wheatG,GH,R2,CalPred-style,0.03311711711711711,0.8243243243243243,0.8243243243243243,0.8533333333333334
LightGBM,wheatG,GH,R2,CalPred-style(rand),0.03852252252252253,0.7972972972972973,0.7972972972972973,0.8533333333333334
LightGBM,wheatG,GH,R2,Gauss-homosc,0.05574774774774778,0.7432432432432432,0.7432432432432432,0.8266666666666667
LightGBM,wheatG,GH,R2,KinCP,0.03855855855855859,0.7972972972972973,0.7972972972972973,0.8666666666666667
LightGBM,wheatG,GH,R2,KinCP-ABC,0.04983783783783784,0.7567567567567568,0.7567567567567568,0.84
LightGBM,wheatG,GH,R2,NormCP,0.04396396396396398,0.7972972972972973,0.7972972972972973,0.8666666666666667
LightGBM,wheatG,GH,R2,SCP,0.05473873873873876,0.7432432432432432,0.7432432432432432,0.8533333333333334
LightGBM,wheatG,GPE,R1,CV+,0.04071874614340367,0.8666666666666667,0.9054054054054054,0.9733333333333334
LightGBM,wheatG,GPE,R1,CalPred-style,0.03837344193508574,0.8266666666666667,0.8783783783783784,0.96
LightGBM,wheatG,GPE,R1,CalPred-style(rand),0.04392595335061087,0.8266666666666667,0.8783783783783784,0.9466666666666667
LightGBM,wheatG,GPE,R1,Gauss-homosc,0.0492582993952857,0.84,0.8513513513513513,0.9733333333333334
LightGBM,wheatG,GPE,R1,KinCP,0.04381587066518573,0.84,0.8648648648648649,0.9733333333333334
LightGBM,wheatG,GPE,R1,KinCP-ABC,0.051961002097988415,0.84,0.8513513513513513,0.9733333333333334
LightGBM,wheatG,GPE,R1,NormCP,0.03577983462914969,0.84,0.9054054054054054,0.9466666666666667
LightGBM,wheatG,GPE,R1,SCP,0.033113167962483,0.8533333333333334,0.9054054054054054,0.9466666666666667
LightGBM,wheatG,GPE,R2,CV+,0.05466666666666666,0.8243243243243243,0.8243243243243243,0.9733333333333334
LightGBM,wheatG,GPE,R2,CalPred-style,0.025621621621621626,0.8378378378378378,0.8378378378378378,0.92
LightGBM,wheatG,GPE,R2,CalPred-style(rand),0.031027027027027042,0.8513513513513513,0.8513513513513513,0.92
LightGBM,wheatG,GPE,R2,Gauss-homosc,0.03427027027027028,0.8108108108108109,0.8108108108108109,0.92
LightGBM,wheatG,GPE,R2,KinCP,0.031063063063063057,0.8243243243243243,0.8243243243243243,0.9066666666666666
LightGBM,wheatG,GPE,R2,KinCP-ABC,0.036972972972972994,0.7972972972972973,0.7972972972972973,0.92
LightGBM,wheatG,GPE,R2,NormCP,0.04389189189189187,0.8783783783783784,0.8783783783783784,0.96
LightGBM,wheatG,GPE,R2,SCP,0.046594594594594564,0.8648648648648649,0.8648648648648649,0.96
RKHS,barley,BaMMV,R1,CV+,0.026971060782036392,0.8780487804878049,0.8888888888888888,0.9722222222222222
RKHS,barley,BaMMV,R1,CalPred-style,0.019759969028261715,0.8571428571428571,0.9375,0.8993055555555556
RKHS,barley,BaMMV,R1,CalPred-style(rand),0.02087349980642663,0.8606271777003485,0.9305555555555556,0.9097222222222222
RKHS,barley,BaMMV,R1,Gauss-homosc,0.026275648470770442,0.867595818815331,0.8784722222222222,0.9722222222222222
RKHS,barley,BaMMV,R1,KinCP,0.018090882694541222,0.8745644599303136,0.9236111111111112,0.9097222222222222
RKHS,barley,BaMMV,R1,KinCP-ABC,0.024187475803329472,0.8710801393728222,0.8819444444444444,0.9722222222222222
RKHS,barley,BaMMV,R1,NormCP,0.0172343205574913,0.8850174216027874,0.9305555555555556,0.9375
RKHS,barley,BaMMV,R1,SCP,0.025859949670925288,0.8780487804878049,0.8784722222222222,0.96875
RKHS,barley,BaMMV,R2,CV+,0.08415650406504067,0.7760416666666666,0.818815331010453,0.7847222222222222
RKHS,barley,BaMMV,R2,CalPred-style,0.0579691734417344,0.9010416666666666,0.9895470383275261,0.9010416666666666
RKHS,barley,BaMMV,R2,CalPred-style(rand),0.06171433410762679,0.8576388888888888,0.9895470383275261,0.8576388888888888
RKHS,barley,BaMMV,R2,Gauss-homosc,0.12733497870692995,0.6996527777777778,0.7543554006968641,0.7621527777777778
RKHS,barley,BaMMV,R2,KinCP,0.055458284939992254,0.8819444444444444,0.9895470383275261,0.8819444444444444
RKHS,barley,BaMMV,R2,KinCP-ABC,0.10124975803329464,0.7447916666666666,0.8048780487804879,0.7708333333333334
RKHS,barley,BaMMV,R2,NormCP,0.0665911730545877,0.8888888888888888,0.9947735191637631,0.8888888888888888
RKHS,barley,BaMMV,R2,SCP,0.08590592334494776,0.7534722222222222,0.8031358885017421,0.7986111111111112
RKHS,barley,BaYMV,R1,CV+,0.025589430894308964,0.875,0.875,0.9305555555555556
RKHS,barley,BaYMV,R1,CalPred-style,0.016837011227255137,0.8854166666666666,0.8958333333333334,0.8854166666666666
RKHS,barley,BaYMV,R1,CalPred-style(rand),0.016132888114595435,0.8819444444444444,0.8923611111111112,0.8819444444444444
RKHS,barley,BaYMV,R1,Gauss-homosc,0.023503677893921826,0.8819444444444444,0.8819444444444444,0.9305555555555556
RKHS,barley,BaYMV,R1,KinCP,0.014756097560975623,0.8780487804878049,0.8819444444444444,0.8993055555555556
RKHS,barley,BaYMV,R1,KinCP-ABC,0.026983159117305443,0.8680555555555556,0.8680555555555556,0.9270833333333334
RKHS,barley,BaYMV,R1,NormCP,0.013783875338753382,0.8780487804878049,0.8993055555555556,0.90625
RKHS,barley,BaYMV,R1,SCP,0.027675183894696097,0.8576388888888888,0.8576388888888888,0.9305555555555556
RKHS,barley,BaYMV,R2,CV+,0.06414900309717383,0.7725694444444444,0.7926829268292683,0.8888888888888888
RKHS,barley,BaYMV,R2,CalPred-style,0.019321283391405354,0.8780487804878049,0.8780487804878049,0.9270833333333334
RKHS,barley,BaYMV,R2,CalPred-style(rand),0.03540190669763843,0.8397212543554007,0.8397212543554007,0.9149305555555556
RKHS,barley,BaYMV,R2,Gauss-homosc,0.060665892373209476,0.7777777777777778,0.7979094076655052,0.8854166666666666
RKHS,barley,BaYMV,R2,KinCP,0.013000387146728598,0.8923611111111112,0.9076655052264808,0.9114583333333334
RKHS,barley,BaYMV,R2,KinCP-ABC,0.06831808943089435,0.765625,0.7926829268292683,0.8854166666666666
RKHS,barley,BaYMV,R2,NormCP,0.024211188540456806,0.9166666666666666,0.9320557491289199,0.9184027777777778
RKHS,barley,BaYMV,R2,SCP,0.0683120402632598,0.765625,0.7822299651567944,0.8836805555555556
RKHS,bean,DF,R1,CV+,0.0197365362262689,0.898876404494382,0.9550561797752809,0.9333333333333333
RKHS,bean,DF,R1,CalPred-style,0.034594687674889116,0.9101123595505618,0.9662921348314607,0.9444444444444444
RKHS,bean,DF,R1,CalPred-style(rand),0.03365017865599036,0.8850574712643678,0.9662921348314607,0.9555555555555556
RKHS,bean,DF,R1,Gauss-homosc,0.031427956433768126,0.8850574712643678,0.9662921348314607,0.9444444444444444
RKHS,bean,DF,R1,KinCP,0.02563519738258213,0.8764044943820225,0.9662921348314607,0.9222222222222223
RKHS,bean,DF,R1,KinCP-ABC,0.032351801627276244,0.8764044943820225,0.9662921348314607,0.9333333333333333
RKHS,bean,DF,R1,NormCP,0.012228679667656839,0.8735632183908046,0.9101123595505618,0.8888888888888888
RKHS,bean,DF,R1,SCP,0.01677472125360544,0.8620689655172413,0.9101123595505618,0.8888888888888888
RKHS,bean,DF,R2,CV+,0.031082737487231848,0.8595505617977528,0.9438202247191011,0.8595505617977528
RKHS,bean,DF,R2,CalPred-style,0.029946373850868225,0.8764044943820225,0.9550561797752809,0.8876404494382022
RKHS,bean,DF,R2,CalPred-style(rand),0.028822778345250245,0.8764044943820225,0.9550561797752809,0.8764044943820225
RKHS,bean,DF,R2,Gauss-homosc,0.034453524004085787,0.8539325842696629,0.949438202247191,0.8539325842696629
RKHS,bean,DF,R2,KinCP,0.03219356486210421,0.8707865168539326,0.9662921348314607,0.8707865168539326
RKHS,bean,DF,R2,KinCP-ABC,0.03442798774259448,0.8426966292134831,0.949438202247191,0.8426966292134831
RKHS,bean,DF,R2,NormCP,0.02476506639427989,0.848314606741573,0.9269662921348315,0.848314606741573
RKHS,bean,DF,R2,SCP,0.03263023493360575,0.8426966292134831,0.9269662921348315,0.8426966292134831
RKHS,bean,DPM,R1,CV+,0.02218864350596237,0.8764044943820225,0.9325842696629213,0.8888888888888888
RKHS,bean,DPM,R1,CalPred-style,0.031154160747341696,0.8555555555555555,0.9438202247191011,0.8555555555555555
RKHS,bean,DPM,R1,CalPred-style(rand),0.03562357398079985,0.8444444444444444,0.9325842696629213,0.8444444444444444
RKHS,bean,DPM,R1,Gauss-homosc,0.02443755650264754,0.8666666666666667,0.9325842696629213,0.8666666666666667
RKHS,bean,DPM,R1,KinCP,0.028906969736105737,0.8555555555555555,0.9325842696629213,0.8555555555555555
RKHS,bean,DPM,R1,KinCP-ABC,0.022138705927934897,0.8666666666666667,0.9325842696629213,0.8666666666666667
RKHS,bean,DPM,R1,NormCP,0.024630418872960535,0.8444444444444444,0.898876404494382,0.8444444444444444
RKHS,bean,DPM,R1,SCP,0.03042748288776962,0.8333333333333334,0.898876404494382,0.8333333333333334
RKHS,bean,DPM,R2,CV+,0.03557711950970377,0.8707865168539326,0.9775280898876404,0.8707865168539326
RKHS,bean,DPM,R2,CalPred-style,0.03303881511746683,0.8651685393258427,0.9719101123595506,0.8651685393258427
RKHS,bean,DPM,R2,CalPred-style(rand),0.03103166496424923,0.8651685393258427,0.9606741573033708,0.8651685393258427
RKHS,bean,DPM,R2,Gauss-homosc,0.0330388151174668,0.8539325842696629,0.949438202247191,0.8651685393258427
RKHS,bean,DPM,R2,KinCP,0.032142492339121545,0.8651685393258427,0.9550561797752809,0.8707865168539326
RKHS,bean,DPM,R2,KinCP-ABC,0.035538815117466795,0.8651685393258427,0.9719101123595506,0.8651685393258427
RKHS,bean,DPM,R2,NormCP,0.03896067415730335,0.8707865168539326,0.9662921348314607,0.8707865168539326
RKHS,bean,DPM,R2,SCP,0.03557711950970377,0.848314606741573,0.9550561797752809,0.8707865168539326
RKHS,bean,PHI,R1,CV+,0.02560420164449608,0.8777777777777778,0.9550561797752809,0.8777777777777778
RKHS,bean,PHI,R1,CalPred-style,0.025978733479702098,0.8444444444444444,0.9438202247191011,0.8444444444444444
RKHS,bean,PHI,R1,CalPred-style(rand),0.02952860648327522,0.8333333333333334,0.9438202247191011,0.8333333333333334
RKHS,bean,PHI,R1,Gauss-homosc,0.023406948211287592,0.9,0.9550561797752809,0.9
RKHS,bean,PHI,R1,KinCP,0.025084162038830793,0.8555555555555555,0.9213483146067416,0.8555555555555555
RKHS,bean,PHI,R1,KinCP-ABC,0.029655172413793073,0.8651685393258427,0.9325842696629213,0.8666666666666667
RKHS,bean,PHI,R1,NormCP,0.014372551551939417,0.8876404494382022,0.9325842696629213,0.8888888888888888
RKHS,bean,PHI,R1,SCP,0.007655947307245281,0.8876404494382022,0.9213483146067416,0.9
RKHS,bean,PHI,R2,CV+,0.016210418794688475,0.8707865168539326,0.9269662921348315,0.8932584269662921
RKHS,bean,PHI,R2,CalPred-style,0.018432073544433103,0.8876404494382022,0.9438202247191011,0.898876404494382
RKHS,bean,PHI,R2,CalPred-style(rand),0.022254851889683326,0.9034090909090909,0.9550561797752809,0.9101123595505618
RKHS,bean,PHI,R2,Gauss-homosc,0.024977017364657805,0.8820224719101124,0.9438202247191011,0.9213483146067416
RKHS,bean,PHI,R2,KinCP,0.018457609805924435,0.8651685393258427,0.9269662921348315,0.8876404494382022
RKHS,bean,PHI,R2,KinCP-ABC,0.019581205311542414,0.8539325842696629,0.9269662921348315,0.8932584269662921
RKHS,bean,PHI,R2,NormCP,0.029971910112359557,0.8426966292134831,0.9382022471910112,0.8932584269662921
RKHS,bean,PHI,R2,SCP,0.029971910112359536,0.8370786516853933,0.9382022471910112,0.898876404494382
RKHS,lentil,DTF,R1,CV+,0.059951923076923055,0.7692307692307693,0.9076923076923077,0.9384615384615385
RKHS,lentil,DTF,R1,CalPred-style,0.05067307692307692,0.8153846153846154,0.9538461538461539,0.8153846153846154
RKHS,lentil,DTF,R1,CalPred-style(rand),0.056826923076923073,0.8,0.9230769230769231,0.8307692307692308
RKHS,lentil,DTF,R1,Gauss-homosc,0.06610576923076923,0.7846153846153846,0.8461538461538461,0.9384615384615385
RKHS,lentil,DTF,R1,KinCP,0.04759615384615383,0.8307692307692308,0.9538461538461539,0.8307692307692308
RKHS,lentil,DTF,R1,KinCP-ABC,0.059951923076923076,0.7846153846153846,0.8769230769230769,0.9384615384615385
RKHS,lentil,DTF,R1,NormCP,0.044471153846153834,0.8,0.9384615384615385,0.8769230769230769
RKHS,lentil,DTF,R1,SCP,0.0629326923076923,0.7538461538461538,0.8307692307692308,0.9384615384615385
RKHS,lentil,DTF,R2,CV+,0.19931381118881122,0.625,0.7538461538461538,0.6363636363636364
RKHS,lentil,DTF,R2,CalPred-style,0.03886072261072262,0.828125,0.9076923076923077,0.8484848484848485
RKHS,lentil,DTF,R2,CalPred-style(rand),0.10195221445221445,0.696969696969697,0.8384615384615385,0.696969696969697
RKHS,lentil,DTF,R2,Gauss-homosc,0.2364080710955711,0.578125,0.7384615384615385,0.6060606060606061
RKHS,lentil,DTF,R2,KinCP,0.05107663170163172,0.803030303030303,0.8923076923076924,0.803030303030303
RKHS,lentil,DTF,R2,KinCP-ABC,0.2054683857808858,0.609375,0.7384615384615385,0.6287878787878788
RKHS,lentil,DTF,R2,NormCP,0.05278336247086248,0.803030303030303,0.9,0.803030303030303
RKHS,lentil,DTF,R2,SCP,0.1732269813519814,0.6484375,0.823076923076923,0.6893939393939394
RKHS,lentil,DTM,R1,CV+,0.028990384615384612,0.8307692307692308,0.8923076923076924,0.9230769230769231
RKHS,lentil,DTM,R1,CalPred-style,0.04134615384615383,0.8307692307692308,0.9692307692307692,0.8307692307692308
RKHS,lentil,DTM,R1,CalPred-style(rand),0.0351923076923077,0.8615384615384616,0.9538461538461539,0.8769230769230769
RKHS,lentil,DTM,R1,Gauss-homosc,0.03524038461538461,0.8461538461538461,0.9230769230769231,0.9076923076923077
RKHS,lentil,DTM,R1,KinCP,0.029038461538461523,0.8615384615384616,0.9384615384615385,0.8923076923076924
RKHS,lentil,DTM,R1,KinCP-ABC,0.0351923076923077,0.8153846153846154,0.8769230769230769,0.9076923076923077
RKHS,lentil,DTM,R1,NormCP,0.038221153846153835,0.8307692307692308,0.9384615384615385,0.8615384615384616
RKHS,lentil,DTM,R1,SCP,0.04134615384615383,0.7846153846153846,0.8923076923076924,0.9076923076923077
RKHS,lentil,DTM,R2,CV+,0.18404574592074596,0.640625,0.8153846153846154,0.6742424242424242
RKHS,lentil,DTM,R2,CalPred-style,0.04650932400932404,0.803030303030303,0.9,0.803030303030303
RKHS,lentil,DTM,R2,CalPred-style(rand),0.10848412004662007,0.7421875,0.8615384615384616,0.7651515151515151
RKHS,lentil,DTM,R2,Gauss-homosc,0.17940632284382288,0.6484375,0.8153846153846154,0.6742424242424242
RKHS,lentil,DTM,R2,KinCP,0.044922785547785574,0.803030303030303,0.9076923076923077,0.803030303030303
RKHS,lentil,DTM,R2,KinCP-ABC,0.18411640442890445,0.6328125,0.8153846153846154,0.6893939393939394
RKHS,lentil,DTM,R2,NormCP,0.0635992132867133,0.796875,0.9076923076923077,0.8181818181818182
RKHS,lentil,DTM,R2,SCP,0.1701726398601399,0.6640625,0.823076923076923,0.7045454545454546
RKHS,lentil,VEG,R1,CV+,0.053750000000000006,0.7846153846153846,0.9230769230769231,0.9230769230769231
RKHS,lentil,VEG,R1,CalPred-style,0.038365384615384614,0.8461538461538461,0.9538461538461539,0.8461538461538461
RKHS,lentil,VEG,R1,CalPred-style(rand),0.041394230769230766,0.8461538461538461,0.9384615384615385,0.8461538461538461
RKHS,lentil,VEG,R1,Gauss-homosc,0.05067307692307692,0.7846153846153846,0.8615384615384616,0.9076923076923077
RKHS,lentil,VEG,R1,KinCP,0.04149038461538461,0.8615384615384616,0.9538461538461539,0.8615384615384616
RKHS,lentil,VEG,R1,KinCP-ABC,0.04759615384615386,0.8153846153846154,0.8769230769230769,0.9230769230769231
RKHS,lentil,VEG,R1,NormCP,0.04749999999999999,0.8,0.9076923076923077,0.8461538461538461
RKHS,lentil,VEG,R1,SCP,0.0629807692307692,0.7384615384615385,0.8307692307692308,0.8923076923076924
RKHS,lentil,VEG,R2,CV+,0.23046547202797205,0.515625,0.7384615384615385,0.6590909090909091
RKHS,lentil,VEG,R2,CalPred-style,0.03047202797202797,0.84375,0.8923076923076924,0.9090909090909091
RKHS,lentil,VEG,R2,CalPred-style(rand),0.13009833916083918,0.6640625,0.823076923076923,0.7272727272727273
RKHS,lentil,VEG,R2,Gauss-homosc,0.24741404428904432,0.5,0.7,0.6439393939393939
RKHS,lentil,VEG,R2,KinCP,0.05280448717948718,0.828125,0.8615384615384616,0.8333333333333334
RKHS,lentil,VEG,R2,KinCP-ABC,0.22892701048951053,0.515625,0.7153846153846154,0.6590909090909091
RKHS,lentil,VEG,R2,NormCP,0.045254953379953375,0.796875,0.9153846153846154,0.8484848484848485
RKHS,lentil,VEG,R2,SCP,0.19820148601398602,0.5078125,0.8076923076923077,0.7045454545454546
RKHS,maize,Grain_Moisture,R1,CV+,0.012913343471904959,0.9073446327683616,0.9139297848244621,0.917607223476298
RKHS,maize,Grain_Moisture,R1,CalPred-style,0.02603400530199911,0.9172335600907029,0.9354473386183465,0.9221218961625283
RKHS,maize,Grain_Moisture,R1,CalPred-style(rand),0.01260021752399323,0.8979591836734694,0.9263873159682899,0.9029345372460497
RKHS,maize,Grain_Moisture,R1,Gauss-homosc,0.01947060579260267,0.9138321995464853,0.9195922989807475,0.9232505643340858
RKHS,maize,Grain_Moisture,R1,KinCP,0.01495081441806707,0.9047619047619048,0.9263873159682899,0.909706546275395
RKHS,maize,Grain_Moisture,R1,KinCP-ABC,0.006493150626660849,0.8956916099773242,0.9116647791619479,0.9040632054176072
RKHS,maize,Grain_Moisture,R1,NormCP,0.00698939850270941,0.899548532731377,0.9139297848244621,0.899548532731377
RKHS,maize,Grain_Moisture,R1,SCP,0.005901023882200751,0.9003397508493771,0.9003397508493771,0.9029345372460497
RKHS,maize,Grain_Moisture,R2,CV+,0.08300278651225812,0.7319004524886877,0.9049773755656109,0.772316384180791
RKHS,maize,Grain_Moisture,R2,CalPred-style,0.044557609223611225,0.8240950226244343,0.9287330316742082,0.844632768361582
RKHS,maize,Grain_Moisture,R2,CalPred-style(rand),0.05484290717590816,0.8020361990950227,0.9179864253393665,0.8056497175141243
RKHS,maize,Grain_Moisture,R2,Gauss-homosc,0.06920609964976865,0.7579185520361991,0.9010180995475113,0.7909604519774012
RKHS,maize,Grain_Moisture,R2,KinCP,0.049419689649001716,0.8105203619909502,0.9230769230769231,0.8350282485875706
RKHS,maize,Grain_Moisture,R2,KinCP-ABC,0.08395173453996985,0.7324660633484162,0.8846153846153846,0.7666666666666667
RKHS,maize,Grain_Moisture,R2,NormCP,0.08164238055065572,0.745475113122172,0.915158371040724,0.7593220338983051
RKHS,maize,Grain_Moisture,R2,SCP,0.09537106628831457,0.7030542986425339,0.8851809954751131,0.7401129943502824
RKHS,maize,Plant_Height_cm,R1,CV+,0.016330449369723388,0.8925339366515838,0.9027149321266968,0.9332579185520362
RKHS,maize,Plant_Height_cm,R1,CalPred-style,0.01628443299193223,0.9027149321266968,0.917420814479638,0.9219457013574661
RKHS,maize,Plant_Height_cm,R1,CalPred-style(rand),0.014746992289675664,0.8868778280542986,0.9083710407239819,0.9242081447963801
RKHS,maize,Plant_Height_cm,R1,Gauss-homosc,0.017234915458636136,0.8959276018099548,0.9072398190045249,0.9343891402714932
RKHS,maize,Plant_Height_cm,R1,KinCP,0.017461671089180397,0.8947963800904978,0.916289592760181,0.9276018099547512
RKHS,maize,Plant_Height_cm,R1,KinCP-ABC,0.01565094709193555,0.8880090497737556,0.9038461538461539,0.9298642533936652
RKHS,maize,Plant_Height_cm,R1,NormCP,0.016020203176514557,0.8676470588235294,0.8947963800904978,0.9230769230769231
RKHS,maize,Plant_Height_cm,R1,SCP,0.020995020571760347,0.8642533936651584,0.8868778280542986,0.9321266968325792
RKHS,maize,Plant_Height_cm,R2,CV+,0.11821266968325794,0.7437782805429864,0.8676470588235294,0.7630090497737556
RKHS,maize,Plant_Height_cm,R2,CalPred-style,0.05312217194570137,0.8093891402714932,0.9123303167420814,0.8093891402714932
RKHS,maize,Plant_Height_cm,R2,CalPred-style(rand),0.08495475113122172,0.7550904977375565,0.8959276018099548,0.7550904977375565
RKHS,maize,Plant_Height_cm,R2,Gauss-homosc,0.12635746606334847,0.7471719457013575,0.8557692307692307,0.7596153846153846
RKHS,maize,Plant_Height_cm,R2,KinCP,0.05006787330316746,0.7822398190045249,0.9264705882352942,0.7822398190045249
RKHS,maize,Plant_Height_cm,R2,KinCP-ABC,0.13755656108597286,0.7296380090497737,0.8501131221719457,0.75
RKHS,maize,Plant_Height_cm,R2,NormCP,0.07721719457013576,0.7618778280542986,0.9049773755656109,0.7618778280542986
RKHS,maize,Plant_Height_cm,R2,SCP,0.14174208144796385,0.7217194570135747,0.8529411764705882,0.7307692307692307
RKHS,maize,Yield_Mg_ha,R1,CV+,0.01593822067866313,0.8890147225368064,0.8890147225368064,0.9266365688487584
RKHS,maize,Yield_Mg_ha,R1,CalPred-style,0.028296203530056484,0.9243792325056434,0.9297848244620611,0.9243792325056434
RKHS,maize,Yield_Mg_ha,R1,CalPred-style(rand),0.010198656000611827,0.9048697621744054,0.9048697621744054,0.9085778781038375
RKHS,maize,Yield_Mg_ha,R1,Gauss-homosc,0.020009353983652868,0.8958097395243488,0.8958097395243488,0.9288939051918735
RKHS,maize,Yield_Mg_ha,R1,KinCP,0.0149497959019532,0.909297052154195,0.9184597961494904,0.9119638826185101
RKHS,maize,Yield_Mg_ha,R1,KinCP-ABC,0.01277411164473261,0.8810872027180068,0.8810872027180068,0.9198645598194131
RKHS,maize,Yield_Mg_ha,R1,NormCP,0.005945196835312716,0.8935447338618346,0.8935447338618346,0.8939051918735892
RKHS,maize,Yield_Mg_ha,R1,SCP,0.005544506820032979,0.883352208380521,0.883352208380521,0.9029345372460497
RKHS,maize,Yield_Mg_ha,R2,CV+,0.10311054017434877,0.748587570621469,0.8280542986425339,0.748587570621469
RKHS,maize,Yield_Mg_ha,R2,CalPred-style,0.046239103203210875,0.7768361581920904,0.917420814479638,0.7768361581920904
RKHS,maize,Yield_Mg_ha,R2,CalPred-style(rand),0.06250287598742237,0.7627118644067796,0.876131221719457,0.7627118644067796
RKHS,maize,Yield_Mg_ha,R2,Gauss-homosc,0.10073369634685689,0.7429378531073446,0.8371040723981901,0.7429378531073446
RKHS,maize,Yield_Mg_ha,R2,KinCP,0.045040902932228954,0.7807909604519774,0.8981900452488688,0.7807909604519774
RKHS,maize,Yield_Mg_ha,R2,KinCP-ABC,0.11656760487767467,0.7288135593220338,0.8088235294117647,0.7288135593220338
RKHS,maize,Yield_Mg_ha,R2,NormCP,0.07257062146892654,0.7621468926553673,0.8597285067873304,0.7621468926553673
RKHS,maize,Yield_Mg_ha,R2,SCP,0.10989684791778513,0.7440677966101695,0.8201357466063348,0.7440677966101695
RKHS,oyster,mm,R1,CV+,0.03614414414414413,0.8243243243243243,0.918918918918919,0.92
RKHS,oyster,mm,R1,CalPred-style,0.04147747747747747,0.7972972972972973,0.9054054054054054,0.8933333333333333
RKHS,oyster,mm,R1,CalPred-style(rand),0.03614414414414413,0.8108108108108109,0.9054054054054054,0.8933333333333333
RKHS,oyster,mm,R1,Gauss-homosc,0.03614414414414415,0.8108108108108109,0.918918918918919,0.92
RKHS,oyster,mm,R1,KinCP,0.04151351351351353,0.7972972972972973,0.918918918918919,0.92
RKHS,oyster,mm,R1,KinCP-ABC,0.03884684684684685,0.8108108108108109,0.918918918918919,0.92
RKHS,oyster,mm,R1,NormCP,0.03618018018018019,0.7837837837837838,0.9054054054054054,0.8933333333333333
RKHS,oyster,mm,R1,SCP,0.03614414414414415,0.7972972972972973,0.9054054054054054,0.8933333333333333
RKHS,oyster,mm,R2,CV+,0.03848648648648649,0.8378378378378378,0.8513513513513513,0.9333333333333333
RKHS,oyster,mm,R2,CalPred-style,0.04245045045045044,0.8378378378378378,0.8986486486486487,0.9466666666666667
RKHS,oyster,mm,R2,CalPred-style(rand),0.09587387387387387,0.5933333333333334,0.8648648648648649,0.92
RKHS,oyster,mm,R2,Gauss-homosc,0.05336936936936938,0.8108108108108109,0.8378378378378378,0.9333333333333333
RKHS,oyster,mm,R2,KinCP,0.03322522522522522,0.8851351351351351,0.9324324324324325,0.9466666666666667
RKHS,oyster,mm,R2,KinCP-ABC,0.05066666666666668,0.8108108108108109,0.8378378378378378,0.9333333333333333
RKHS,oyster,mm,R2,NormCP,0.06095495495495493,0.9324324324324325,0.9594594594594594,0.98
RKHS,oyster,mm,R2,SCP,0.03706306306306306,0.8445945945945946,0.8716216216216216,0.98
RKHS,pig,PFAI,R1,CV+,0.0124621496486643,0.8979591836734694,0.9385964912280702,0.8979591836734694
RKHS,pig,PFAI,R1,CalPred-style,0.021244369126978847,0.8979591836734694,0.956140350877193,0.8979591836734694
RKHS,pig,PFAI,R1,CalPred-style(rand),0.026279455696315755,0.9067055393586005,0.9590643274853801,0.9067055393586005
RKHS,pig,PFAI,R1,Gauss-homosc,0.03096299309528232,0.9154518950437318,0.956140350877193,0.9154518950437318
RKHS,pig,PFAI,R1,KinCP,0.009880495521325684,0.892128279883382,0.935672514619883,0.892128279883382
RKHS,pig,PFAI,R1,KinCP-ABC,0.011050086164600547,0.892128279883382,0.9385964912280702,0.892128279883382
RKHS,pig,PFAI,R1,NormCP,0.01210818155969049,0.8944281524926686,0.9415204678362573,0.9008746355685131
RKHS,pig,PFAI,R1,SCP,0.012108181559690512,0.8944281524926686,0.9385964912280702,0.9008746355685131
RKHS,pig,PFAI,R2,CV+,0.013460753545643156,0.8859649122807017,0.8859649122807017,0.9254385964912281
RKHS,pig,PFAI,R2,CalPred-style,0.04207096431205086,0.9239766081871345,0.9239766081871345,0.956140350877193
RKHS,pig,PFAI,R2,CalPred-style(rand),0.045872991373840266,0.9298245614035088,0.9298245614035088,0.956140350877193
RKHS,pig,PFAI,R2,Gauss-homosc,0.03212429901733802,0.9064327485380117,0.9064327485380117,0.956140350877193
RKHS,pig,PFAI,R2,KinCP,0.011757987343725861,0.8757309941520468,0.8757309941520468,0.9254385964912281
RKHS,pig,PFAI,R2,KinCP-ABC,0.012929292929292947,0.8771929824561403,0.8771929824561403,0.9269005847953217
RKHS,pig,PFAI,R2,NormCP,0.016383015211538086,0.8757309941520468,0.8757309941520468,0.935672514619883
RKHS,pig,PFAI,R2,SCP,0.015914321483082094,0.8713450292397661,0.8713450292397661,0.9342105263157895
RKHS,pine,c5c6,R1,CV+,0.012104997921500016,0.9010989010989011,0.9120879120879121,0.9010989010989011
RKHS,pine,c5c6,R1,CalPred-style,0.026784555600786054,0.8571428571428571,0.9120879120879121,0.8571428571428571
RKHS,pine,c5c6,R1,CalPred-style(rand),0.016912327777285685,0.8516483516483516,0.9065934065934066,0.8516483516483516
RKHS,pine,c5c6,R1,Gauss-homosc,0.013863173326989987,0.8626373626373627,0.9120879120879121,0.8626373626373627
RKHS,pine,c5c6,R1,KinCP,0.012737651504067582,0.8681318681318682,0.9175824175824175,0.8681318681318682
RKHS,pine,c5c6,R1,KinCP-ABC,0.009461497654596095,0.8736263736263736,0.9065934065934066,0.8736263736263736
RKHS,pine,c5c6,R1,NormCP,0.012970695638932207,0.8950276243093923,0.9230769230769231,0.9120879120879121
RKHS,pine,c5c6,R1,SCP,0.016482454839487716,0.9065934065934066,0.9230769230769231,0.9065934065934066
RKHS,pine,c5c6,R2,CV+,0.23242061805597722,0.6071428571428571,0.6464088397790055,0.7335164835164835
RKHS,pine,c5c6,R2,CalPred-style,0.0627976443446057,0.7967032967032966,0.9060773480662984,0.8351648351648352
RKHS,pine,c5c6,R2,CalPred-style(rand),0.18721389108129444,0.6703296703296703,0.6988950276243094,0.7582417582417582
RKHS,pine,c5c6,R2,Gauss-homosc,0.23572339262947,0.6126373626373627,0.649171270718232,0.717032967032967
RKHS,pine,c5c6,R2,KinCP,0.06449153056887864,0.7983425414364641,0.9475138121546961,0.8461538461538461
RKHS,pine,c5c6,R2,KinCP-ABC,0.23020156638941175,0.6098901098901099,0.649171270718232,0.7225274725274725
RKHS,pine,c5c6,R2,NormCP,0.16237629773541376,0.6813186813186813,0.7624309392265194,0.7692307692307693
RKHS,pine,c5c6,R2,SCP,0.23904134539493657,0.6071428571428571,0.6353591160220995,0.7252747252747253
RKHS,pine,rootnum,R1,CV+,0.017842576096433027,0.9032258064516129,0.9351351351351351,0.9032258064516129
RKHS,pine,rootnum,R1,CalPred-style,0.007874480370974046,0.8817204301075269,0.9135135135135135,0.8817204301075269
RKHS,pine,rootnum,R1,CalPred-style(rand),0.0067992115537697465,0.8870967741935484,0.9135135135135135,0.8870967741935484
RKHS,pine,rootnum,R1,Gauss-homosc,0.013309073449325904,0.8978494623655914,0.9297297297297298,0.8978494623655914
RKHS,pine,rootnum,R1,KinCP,0.007031765285622216,0.8972972972972973,0.918918918918919,0.9032258064516129
RKHS,pine,rootnum,R1,KinCP-ABC,0.012443046131685653,0.9032258064516129,0.9243243243243243,0.9032258064516129
RKHS,pine,rootnum,R1,NormCP,0.008972998243685493,0.8810810810810811,0.918918918918919,0.8978494623655914
RKHS,pine,rootnum,R1,SCP,0.011141099023286949,0.8864864864864865,0.918918918918919,0.8924731182795699
RKHS,pine,rootnum,R2,CV+,0.1674588719153937,0.5271739130434783,0.5271739130434783,0.7837837837837838
RKHS,pine,rootnum,R2,CalPred-style,0.032682138660399554,0.7853260869565217,0.7853260869565217,0.8891891891891892
RKHS,pine,rootnum,R2,CalPred-style(rand),0.09476498237367806,0.6630434782608695,0.6630434782608695,0.8405405405405405
RKHS,pine,rootnum,R2,Gauss-homosc,0.16964159811985902,0.5244565217391305,0.5244565217391305,0.7837837837837838
RKHS,pine,rootnum,R2,KinCP,0.029203877790834287,0.8179347826086957,0.8179347826086957,0.9054054054054054
RKHS,pine,rootnum,R2,KinCP-ABC,0.1734400705052879,0.5244565217391305,0.5244565217391305,0.7837837837837838
RKHS,pine,rootnum,R2,NormCP,0.11867215041128087,0.595108695652174,0.595108695652174,0.8378378378378378
RKHS,pine,rootnum,R2,SCP,0.2027262044653349,0.48097826086956524,0.48097826086956524,0.7594594594594595
RKHS,pine,rootnumbin,R1,CV+,0.026317299066247156,0.8756756756756757,0.9243243243243243,0.8978494623655914
RKHS,pine,rootnumbin,R1,CalPred-style,0.0316410168934713,0.8324324324324325,0.918918918918919,0.8494623655913979
RKHS,pine,rootnumbin,R1,CalPred-style(rand),0.026270548248107862,0.8432432432432433,0.9081081081081082,0.8763440860215054
RKHS,pine,rootnumbin,R1,Gauss-homosc,0.02088264281111407,0.8648648648648649,0.9081081081081082,0.8870967741935484
RKHS,pine,rootnumbin,R1,KinCP,0.023050617237153025,0.8594594594594595,0.918918918918919,0.8924731182795699
RKHS,pine,rootnumbin,R1,KinCP-ABC,0.023050680413934276,0.8648648648648649,0.9081081081081082,0.8870967741935484
RKHS,pine,rootnumbin,R1,NormCP,0.02195184665731653,0.8378378378378378,0.9081081081081082,0.8978494623655914
RKHS,pine,rootnumbin,R1,SCP,0.018691166622442922,0.8432432432432433,0.9027027027027027,0.8817204301075269
RKHS,pine,rootnumbin,R2,CV+,0.17890716803760282,0.48097826086956524,0.48097826086956524,0.8027027027027027
RKHS,pine,rootnumbin,R2,CalPred-style,0.03378084606345477,0.7853260869565217,0.7853260869565217,0.8810810810810811
RKHS,pine,rootnumbin,R2,CalPred-style(rand),0.12519976498237367,0.5597826086956522,0.5597826086956522,0.8567567567567568
RKHS,pine,rootnumbin,R2,Gauss-homosc,0.18432726204465338,0.4701086956521739,0.4701086956521739,0.8162162162162162
RKHS,pine,rootnumbin,R2,KinCP,0.026389541715628684,0.8179347826086957,0.8179347826086957,0.9027027027027027
RKHS,pine,rootnumbin,R2,KinCP-ABC,0.18595475910693307,0.4701086956521739,0.4701086956521739,0.8135135135135135
RKHS,pine,rootnumbin,R2,NormCP,0.10509694477085785,0.6168478260869565,0.6168478260869565,0.8513513513513513
RKHS,pine,rootnumbin,R2,SCP,0.18541128084606348,0.4673913043478261,0.4673913043478261,0.8027027027027027
RKHS,rice,Culm_habit,R1,CV+,0.011777087646652862,0.8857142857142857,0.8857142857142857,0.9027777777777778
RKHS,rice,Culm_habit,R1,CalPred-style,0.013443754313319567,0.8857142857142857,0.8857142857142857,0.8888888888888888
RKHS,rice,Culm_habit,R1,CalPred-style(rand),0.016300897170462392,0.8857142857142857,0.8857142857142857,0.8888888888888888
RKHS,rice,Culm_habit,R1,Gauss-homosc,0.0174913733609386,0.8857142857142857,0.8857142857142857,0.9027777777777778
RKHS,rice,Culm_habit,R1,KinCP,0.016262939958592116,0.875,0.9,0.875
RKHS,rice,Culm_habit,R1,KinCP-ABC,0.0174913733609386,0.8857142857142857,0.8857142857142857,0.9027777777777778
RKHS,rice,Culm_habit,R1,NormCP,0.0345583160800552,0.9142857142857143,0.9285714285714286,0.9305555555555556
RKHS,rice,Culm_habit,R1,SCP,0.03741545893719807,0.9285714285714286,0.9285714285714286,0.9305555555555556
RKHS,rice,Culm_habit,R2,CV+,0.04390342052313885,0.8428571428571429,0.9571428571428572,0.8661971830985915
RKHS,rice,Culm_habit,R2,CalPred-style,0.03313883299798792,0.8642857142857143,0.9571428571428572,0.9014084507042254
RKHS,rice,Culm_habit,R2,CalPred-style(rand),0.03682092555331993,0.8714285714285714,0.9571428571428572,0.8873239436619719
RKHS,rice,Culm_habit,R2,Gauss-homosc,0.03255533199195171,0.8714285714285714,0.9571428571428572,0.8943661971830986
RKHS,rice,Culm_habit,R2,KinCP,0.02541247484909457,0.85,0.85,0.8943661971830986
RKHS,rice,Culm_habit,R2,KinCP-ABC,0.041046277665996,0.8571428571428571,0.9571428571428572,0.8661971830985915
RKHS,rice,Culm_habit,R2,NormCP,0.04680080482897382,0.8785714285714286,0.9714285714285714,0.8802816901408451
RKHS,rice,Culm_habit,R2,SCP,0.03959758551307848,0.8428571428571429,0.9571428571428572,0.8591549295774648
RKHS,rice,Flag_leaf_length,R1,CV+,0.014492753623188382,0.8840579710144928,0.927536231884058,0.9
RKHS,rice,Flag_leaf_length,R1,CalPred-style,0.016811594202898527,0.8985507246376812,0.9565217391304348,0.9
RKHS,rice,Flag_leaf_length,R1,CalPred-style(rand),0.01792960662525882,0.855072463768116,0.927536231884058,0.8857142857142857
RKHS,rice,Flag_leaf_length,R1,Gauss-homosc,0.017971014492753623,0.8695652173913043,0.9420289855072463,0.9
RKHS,rice,Flag_leaf_length,R1,KinCP,0.023188405797101443,0.8695652173913043,0.9565217391304348,0.9
RKHS,rice,Flag_leaf_length,R1,KinCP-ABC,0.02608695652173911,0.855072463768116,0.9420289855072463,0.9
RKHS,rice,Flag_leaf_length,R1,NormCP,0.0318840579710145,0.855072463768116,0.9565217391304348,0.9
RKHS,rice,Flag_leaf_length,R1,SCP,0.017971014492753623,0.855072463768116,0.8985507246376812,0.9
RKHS,rice,Flag_leaf_length,R2,CV+,0.02455486542443066,0.8695652173913043,0.8695652173913043,0.8714285714285714
RKHS,rice,Flag_leaf_length,R2,CalPred-style,0.02511387163561076,0.8623188405797102,0.8768115942028986,0.8642857142857143
RKHS,rice,Flag_leaf_length,R2,CalPred-style(rand),0.02743271221532091,0.8623188405797102,0.8623188405797102,0.8642857142857143
RKHS,rice,Flag_leaf_length,R2,Gauss-homosc,0.025983436853002084,0.8642857142857143,0.8695652173913043,0.8642857142857143
RKHS,rice,Flag_leaf_length,R2,KinCP,0.027122153209109757,0.855072463768116,0.855072463768116,0.8571428571428571
RKHS,rice,Flag_leaf_length,R2,KinCP-ABC,0.023105590062111814,0.8695652173913043,0.8768115942028986,0.8714285714285714
RKHS,rice,Flag_leaf_length,R2,NormCP,0.02832298136645961,0.8623188405797102,0.927536231884058,0.8714285714285714
RKHS,rice,Flag_leaf_length,R2,SCP,0.021656314699792966,0.8478260869565217,0.8840579710144928,0.8714285714285714
RKHS,rice,Plant_height,R1,CV+,0.02370478912120062,0.8714285714285714,0.9436619718309859,0.9305555555555556
RKHS,rice,Plant_height,R1,CalPred-style,0.028801407478688514,0.8714285714285714,0.9436619718309859,0.9444444444444444
RKHS,rice,Plant_height,R1,CalPred-style(rand),0.020847646264057773,0.8857142857142857,0.9436619718309859,0.9305555555555556
RKHS,rice,Plant_height,R1,Gauss-homosc,0.02656193197834349,0.8571428571428571,0.9436619718309859,0.9305555555555556
RKHS,rice,Plant_height,R1,KinCP,0.028840531109361446,0.8714285714285714,0.9577464788732394,0.9305555555555556
RKHS,rice,Plant_height,R1,KinCP-ABC,0.02938111762361606,0.8714285714285714,0.9436619718309859,0.9444444444444444
RKHS,rice,Plant_height,R1,NormCP,0.040231145326062624,0.927536231884058,0.9577464788732394,0.9444444444444444
RKHS,rice,Plant_height,R1,SCP,0.02880369171551045,0.9,0.9295774647887324,0.9583333333333334
RKHS,rice,Plant_height,R2,CV+,0.023601609657947685,0.8357142857142857,0.9142857142857143,0.8661971830985915
RKHS,rice,Plant_height,R2,CalPred-style,0.02565392354124747,0.8357142857142857,0.9285714285714286,0.8873239436619719
RKHS,rice,Plant_height,R2,CalPred-style(rand),0.034104627766599595,0.8285714285714286,0.9285714285714286,0.8591549295774648
RKHS,rice,Plant_height,R2,Gauss-homosc,0.03070422535211268,0.8142857142857143,0.9142857142857143,0.8591549295774648
RKHS,rice,Plant_height,R2,KinCP,0.028470824949698194,0.8214285714285714,0.9142857142857143,0.8661971830985915
RKHS,rice,Plant_height,R2,KinCP-ABC,0.029899396378269615,0.8214285714285714,0.9214285714285714,0.8661971830985915
RKHS,rice,Plant_height,R2,NormCP,0.045975855130784705,0.8857142857142857,0.9785714285714285,0.9225352112676056
RKHS,rice,Plant_height,R2,SCP,0.019014084507042228,0.8714285714285714,0.9142857142857143,0.9154929577464789
RKHS,soybean,C13,R1,CV+,0.031221532091097282,0.8260869565217391,0.8260869565217391,0.9285714285714286
RKHS,soybean,C13,R1,CalPred-style,0.025424430641821916,0.855072463768116,0.855072463768116,0.8714285714285714
RKHS,soybean,C13,R1,CalPred-style(rand),0.025424430641821916,0.855072463768116,0.855072463768116,0.8714285714285714
RKHS,soybean,C13,R1,Gauss-homosc,0.031221532091097303,0.8405797101449275,0.8405797101449275,0.9285714285714286
RKHS,soybean,C13,R1,KinCP,0.022567287784679046,0.855072463768116,0.855072463768116,0.9142857142857143
RKHS,soybean,C13,R1,KinCP-ABC,0.031221532091097303,0.8405797101449275,0.8405797101449275,0.9285714285714286
RKHS,soybean,C13,R1,NormCP,0.02894409937888196,0.855072463768116,0.855072463768116,0.9142857142857143
RKHS,soybean,C13,R1,SCP,0.039875776397515494,0.8115942028985508,0.8115942028985508,0.9428571428571428
RKHS,soybean,C13,R2,CV+,0.07639751552795034,0.7971014492753623,0.8333333333333334,0.8571428571428571
RKHS,soybean,C13,R2,CalPred-style,0.029523809523809508,0.8405797101449275,0.9202898550724637,0.9142857142857143
RKHS,soybean,C13,R2,CalPred-style(rand),0.03590062111801244,0.8260869565217391,0.8985507246376812,0.8857142857142857
RKHS,soybean,C13,R2,Gauss-homosc,0.0647619047619048,0.7971014492753623,0.8695652173913043,0.8428571428571429
RKHS,soybean,C13,R2,KinCP,0.021697722567287747,0.855072463768116,0.9130434782608695,0.9142857142857143
RKHS,soybean,C13,R2,KinCP-ABC,0.08066252587991721,0.7971014492753623,0.8405797101449275,0.8285714285714286
RKHS,soybean,C13,R2,NormCP,0.025755693581780557,0.8405797101449275,0.8985507246376812,0.9142857142857143
RKHS,soybean,C13,R2,SCP,0.054616977225672915,0.8188405797101449,0.8913043478260869,0.8428571428571429
RKHS,soybean,Wilt,R1,CV+,0.04380952380952383,0.855072463768116,0.8695652173913043,0.9857142857142858
RKHS,soybean,Wilt,R1,CalPred-style,0.02020703933747412,0.8695652173913043,0.8985507246376812,0.8714285714285714
RKHS,soybean,Wilt,R1,CalPred-style(rand),0.01734989648033125,0.8840579710144928,0.8985507246376812,0.8857142857142857
RKHS,soybean,Wilt,R1,Gauss-homosc,0.04376811594202901,0.8695652173913043,0.8695652173913043,1.0
RKHS,soybean,Wilt,R1,KinCP,0.024306418219461688,0.855072463768116,0.8695652173913043,0.9142857142857143
RKHS,soybean,Wilt,R1,KinCP-ABC,0.046666666666666676,0.855072463768116,0.855072463768116,1.0
RKHS,soybean,Wilt,R1,NormCP,0.018467908902691545,0.8695652173913043,0.8985507246376812,0.9285714285714286
RKHS,soybean,Wilt,R1,SCP,0.07623188405797103,0.7971014492753623,0.8260869565217391,1.0
RKHS,soybean,Wilt,R2,CV+,0.03184265010351965,0.855072463768116,0.9565217391304348,0.9142857142857143
RKHS,soybean,Wilt,R2,CalPred-style,0.031221532091097303,0.8695652173913043,0.9565217391304348,0.9285714285714286
RKHS,soybean,Wilt,R2,CalPred-style(rand),0.03401656314699793,0.8913043478260869,0.9565217391304348,0.9642857142857143
RKHS,soybean,Wilt,R2,Gauss-homosc,0.03180124223602485,0.8695652173913043,0.9565217391304348,0.9285714285714286
RKHS,soybean,Wilt,R2,KinCP,0.031221532091097303,0.8695652173913043,0.9565217391304348,0.9285714285714286
RKHS,soybean,Wilt,R2,KinCP-ABC,0.028944099378881982,0.8623188405797102,0.9565217391304348,0.9142857142857143
RKHS,soybean,Wilt,R2,NormCP,0.031759834368530006,0.8768115942028986,0.9420289855072463,0.9428571428571428
RKHS,soybean,Wilt,R2,SCP,0.029503105590062105,0.855072463768116,0.9347826086956522,0.9214285714285714
RKHS,wheatG,EW,R1,CV+,0.03851857336788842,0.8648648648648649,0.8648648648648649,0.8666666666666667
RKHS,wheatG,EW,R1,CalPred-style,0.035887942737257796,0.8648648648648649,0.8648648648648649,0.8666666666666667
RKHS,wheatG,EW,R1,CalPred-style(rand),0.03048155004319384,0.8533333333333334,0.8648648648648649,0.8533333333333334
RKHS,wheatG,EW,R1,Gauss-homosc,0.027778847340491165,0.8648648648648649,0.8648648648648649,0.8933333333333333
RKHS,wheatG,EW,R1,KinCP,0.0304825373318524,0.8666666666666667,0.8783783783783784,0.8666666666666667
RKHS,wheatG,EW,R1,KinCP-ABC,0.030481550043193882,0.8513513513513513,0.8513513513513513,0.8933333333333333
RKHS,wheatG,EW,R1,NormCP,0.028283351844995662,0.8533333333333334,0.8918918918918919,0.8533333333333334
RKHS,wheatG,EW,R1,SCP,0.025616685178329,0.8648648648648649,0.8918918918918919,0.8666666666666667
RKHS,wheatG,EW,R2,CV+,0.02744144144144143,0.8581081081081081,0.8581081081081081,0.9466666666666667
RKHS,wheatG,EW,R2,CalPred-style,0.03010810810810809,0.8783783783783784,0.8918918918918919,0.96
RKHS,wheatG,EW,R2,CalPred-style(rand),0.026090090090090112,0.8783783783783784,0.8851351351351351,0.9466666666666667
RKHS,wheatG,EW,R2,Gauss-homosc,0.030144144144144146,0.8648648648648649,0.8648648648648649,0.9466666666666667
RKHS,wheatG,EW,R2,KinCP,0.023387387387387416,0.8851351351351351,0.8851351351351351,0.9466666666666667
RKHS,wheatG,EW,R2,KinCP-ABC,0.031495495495495504,0.8581081081081081,0.8581081081081081,0.9466666666666667
RKHS,wheatG,EW,R2,NormCP,0.02475675675675677,0.8716216216216216,0.8851351351351351,0.94
RKHS,wheatG,EW,R2,SCP,0.030198198198198224,0.8513513513513513,0.8513513513513513,0.9266666666666666
RKHS,wheatG,GH,R1,CV+,0.038444526718499336,0.8513513513513513,0.8513513513513513,0.9733333333333334
RKHS,wheatG,GH,R1,CalPred-style,0.046517586079229914,0.8266666666666667,0.8513513513513513,0.9466666666666667
RKHS,wheatG,GH,R1,CalPred-style(rand),0.03566975194372453,0.8266666666666667,0.8648648648648649,0.9466666666666667
RKHS,wheatG,GH,R1,Gauss-homosc,0.04644452671849934,0.84,0.8513513513513513,0.9733333333333334
RKHS,wheatG,GH,R1,KinCP,0.041257312106627156,0.8648648648648649,0.8648648648648649,0.96
RKHS,wheatG,GH,R1,KinCP-ABC,0.04925632481796864,0.8513513513513513,0.8513513513513513,0.9733333333333334
RKHS,wheatG,GH,R1,NormCP,0.0330391213130939,0.8666666666666667,0.8918918918918919,0.96
RKHS,wheatG,GH,R1,SCP,0.029795878069850644,0.8666666666666667,0.9054054054054054,0.96
RKHS,wheatG,GH,R2,CV+,0.026702702702702717,0.8378378378378378,0.8378378378378378,0.88
RKHS,wheatG,GH,R2,CalPred-style,0.03154954954954958,0.8445945945945946,0.8513513513513513,0.8733333333333333
RKHS,wheatG,GH,R2,CalPred-style(rand),0.030198198198198224,0.8445945945945946,0.8513513513513513,0.8733333333333333
RKHS,wheatG,GH,R2,Gauss-homosc,0.03073873873873878,0.8378378378378378,0.8378378378378378,0.8733333333333333
RKHS,wheatG,GH,R2,KinCP,0.024810810810810824,0.8513513513513513,0.8513513513513513,0.88
RKHS,wheatG,GH,R2,KinCP-ABC,0.033423423423423436,0.8378378378378378,0.8378378378378378,0.8666666666666667
RKHS,wheatG,GH,R2,NormCP,0.025315315315315324,0.8513513513513513,0.8513513513513513,0.8666666666666667
RKHS,wheatG,GH,R2,SCP,0.025315315315315324,0.8445945945945946,0.8445945945945946,0.8666666666666667
RKHS,wheatG,GPE,R1,CV+,0.04659262001727753,0.8266666666666667,0.8783783783783784,0.96
RKHS,wheatG,GPE,R1,CalPred-style,0.038519560656546936,0.8266666666666667,0.9054054054054054,0.9333333333333333
RKHS,wheatG,GPE,R1,CalPred-style(rand),0.03632037516969024,0.8266666666666667,0.8918918918918919,0.9333333333333333
RKHS,wheatG,GPE,R1,Gauss-homosc,0.03902406516105146,0.8266666666666667,0.8918918918918919,0.9466666666666667
RKHS,wheatG,GPE,R1,KinCP,0.04169073182771812,0.8266666666666667,0.8918918918918919,0.96
RKHS,wheatG,GPE,R1,KinCP-ABC,0.03902406516105146,0.8266666666666667,0.8918918918918919,0.9466666666666667
RKHS,wheatG,GPE,R1,NormCP,0.035815870665185726,0.8533333333333334,0.918918918918919,0.9466666666666667
RKHS,wheatG,GPE,R1,SCP,0.03851857336788842,0.8533333333333334,0.918918918918919,0.9466666666666667
RKHS,wheatG,GPE,R2,CV+,0.04041441441441442,0.8175675675675675,0.8175675675675675,0.9466666666666667
RKHS,wheatG,GPE,R2,CalPred-style,0.03852252252252253,0.8243243243243243,0.8243243243243243,0.9466666666666667
RKHS,wheatG,GPE,R2,CalPred-style(rand),0.03718918918918919,0.8513513513513513,0.8513513513513513,0.94
RKHS,wheatG,GPE,R2,Gauss-homosc,0.03502702702702702,0.8175675675675675,0.8175675675675675,0.94
RKHS,wheatG,GPE,R2,KinCP,0.039891891891891865,0.8175675675675675,0.8175675675675675,0.94
RKHS,wheatG,GPE,R2,KinCP-ABC,0.039063063063063064,0.8108108108108109,0.8108108108108109,0.9466666666666667
RKHS,wheatG,GPE,R2,NormCP,0.03311711711711709,0.8716216216216216,0.8716216216216216,0.9466666666666667
RKHS,wheatG,GPE,R2,SCP,0.034504504504504485,0.8378378378378378,0.8378378378378378,0.9333333333333333
