dataset,trait,regime,method,rep,fold,k,sel_coverage,sel_below_lower,gain_point,gain_lower,overlap
barley,BaMMV,R1,CV+,1,0,29,0.9655172413793104,0.034482758620689655,1.1294606,1.0871838,0.896551724137931
barley,BaMMV,R1,CV+,1,1,29,0.896551724137931,0.10344827586206896,0.90517366,0.92371917,0.9310344827586207
barley,BaMMV,R1,CV+,1,2,29,0.9655172413793104,0.034482758620689655,1.0592084,1.0410367,0.896551724137931
barley,BaMMV,R1,CV+,1,3,29,0.9655172413793104,0.034482758620689655,1.0436077,1.0476886,0.896551724137931
barley,BaMMV,R1,CV+,1,4,29,0.9655172413793104,0.034482758620689655,1.0451219,0.9893667,0.9655172413793104
barley,BaMMV,R1,CV+,2,0,29,1.0,0.0,1.088044,1.0104426,0.7931034482758621
barley,BaMMV,R1,CV+,2,1,29,0.896551724137931,0.10344827586206896,0.9114858,0.79927236,0.9310344827586207
barley,BaMMV,R1,CV+,2,2,29,0.9655172413793104,0.034482758620689655,0.9769622,1.0398688,0.896551724137931
barley,BaMMV,R1,CV+,2,3,29,0.9310344827586207,0.06896551724137931,0.9708085,1.1109574,0.9310344827586207
barley,BaMMV,R1,CV+,2,4,29,0.9655172413793104,0.034482758620689655,1.1119076,1.100184,0.9310344827586207
barley,BaMMV,R1,CV+,3,0,29,0.8275862068965517,0.1724137931034483,0.93053573,0.984275,0.8620689655172413
barley,BaMMV,R1,CV+,3,1,29,1.0,0.0,1.060914,1.0409696,0.9310344827586207
barley,BaMMV,R1,CV+,3,2,29,0.9655172413793104,0.034482758620689655,0.96969223,0.95465237,0.9655172413793104
barley,BaMMV,R1,CV+,3,3,29,0.9310344827586207,0.06896551724137931,0.896159,0.8836549,0.9310344827586207
barley,BaMMV,R1,CV+,3,4,29,0.9655172413793104,0.034482758620689655,1.0391845,1.0744066,0.896551724137931
barley,BaMMV,R1,CV+,4,0,29,0.9310344827586207,0.06896551724137931,0.97110814,0.9886231,0.9655172413793104
barley,BaMMV,R1,CV+,4,1,29,0.9655172413793104,0.034482758620689655,1.0909503,1.0908724,0.9655172413793104
barley,BaMMV,R1,CV+,4,2,29,1.0,0.0,1.0348967,1.0666882,0.9310344827586207
barley,BaMMV,R1,CV+,4,3,29,0.9655172413793104,0.034482758620689655,0.9646224,0.9894137,0.9310344827586207
barley,BaMMV,R1,CV+,4,4,29,0.9310344827586207,0.06896551724137931,1.0938294,1.086103,0.9655172413793104
barley,BaMMV,R1,CV+,5,0,29,0.9655172413793104,0.034482758620689655,0.9829545,1.0628831,0.896551724137931
barley,BaMMV,R1,CV+,5,1,29,0.8620689655172413,0.13793103448275862,0.804069,0.8416875,0.9310344827586207
barley,BaMMV,R1,CV+,5,2,29,0.9310344827586207,0.06896551724137931,0.92081493,0.8859697,0.9655172413793104
barley,BaMMV,R1,CV+,5,3,29,0.9310344827586207,0.06896551724137931,1.037716,0.9116089,0.9310344827586207
barley,BaMMV,R1,CV+,5,4,29,0.9655172413793104,0.034482758620689655,1.1152319,1.1229033,0.896551724137931
barley,BaMMV,R1,CalPred-style,1,0,29,1.0,0.0,1.1294606,1.1049732,0.7586206896551724
barley,BaMMV,R1,CalPred-style,1,1,29,0.8620689655172413,0.13793103448275862,0.90517366,1.0015646,0.8275862068965517
barley,BaMMV,R1,CalPred-style,1,2,29,0.9310344827586207,0.06896551724137931,1.0592084,1.1212934,0.7931034482758621
barley,BaMMV,R1,CalPred-style,1,3,29,0.9310344827586207,0.06896551724137931,1.0436077,1.0006485,0.7586206896551724
barley,BaMMV,R1,CalPred-style,1,4,29,0.9310344827586207,0.06896551724137931,1.0451219,0.9469085,0.8620689655172413
barley,BaMMV,R1,CalPred-style,2,0,29,0.9655172413793104,0.034482758620689655,1.088044,0.9812664,0.8275862068965517
barley,BaMMV,R1,CalPred-style,2,1,29,0.896551724137931,0.10344827586206896,0.9114858,0.84343576,0.7931034482758621
barley,BaMMV,R1,CalPred-style,2,2,29,0.9655172413793104,0.034482758620689655,0.9769622,1.0932221,0.7931034482758621
barley,BaMMV,R1,CalPred-style,2,3,29,0.9310344827586207,0.06896551724137931,0.9708085,1.0452375,0.8275862068965517
barley,BaMMV,R1,CalPred-style,2,4,29,0.9310344827586207,0.06896551724137931,1.1119076,1.1342769,0.896551724137931
barley,BaMMV,R1,CalPred-style,3,0,29,0.8620689655172413,0.13793103448275862,0.93053573,1.018831,0.6206896551724138
barley,BaMMV,R1,CalPred-style,3,1,29,1.0,0.0,1.060914,1.0105128,0.6896551724137931
barley,BaMMV,R1,CalPred-style,3,2,29,0.896551724137931,0.10344827586206896,0.96969223,1.0023509,0.7931034482758621
barley,BaMMV,R1,CalPred-style,3,3,29,0.896551724137931,0.10344827586206896,0.896159,0.90334296,0.8620689655172413
barley,BaMMV,R1,CalPred-style,3,4,29,0.9655172413793104,0.034482758620689655,1.0391845,1.0369033,0.8275862068965517
barley,BaMMV,R1,CalPred-style,4,0,29,0.9310344827586207,0.06896551724137931,0.97110814,1.0404348,0.7586206896551724
barley,BaMMV,R1,CalPred-style,4,1,29,0.9310344827586207,0.06896551724137931,1.0909503,0.9992924,0.7931034482758621
barley,BaMMV,R1,CalPred-style,4,2,29,1.0,0.0,1.0348967,1.1097974,0.8275862068965517
barley,BaMMV,R1,CalPred-style,4,3,29,0.896551724137931,0.10344827586206896,0.9646224,0.8789817,0.7586206896551724
barley,BaMMV,R1,CalPred-style,4,4,29,0.9310344827586207,0.06896551724137931,1.0938294,0.9760595,0.8620689655172413
barley,BaMMV,R1,CalPred-style,5,0,29,0.9655172413793104,0.034482758620689655,0.9829545,1.1149734,0.7931034482758621
barley,BaMMV,R1,CalPred-style,5,1,29,0.8275862068965517,0.1724137931034483,0.804069,0.7942262,0.8275862068965517
barley,BaMMV,R1,CalPred-style,5,2,29,0.8620689655172413,0.13793103448275862,0.92081493,0.92090434,0.7931034482758621
barley,BaMMV,R1,CalPred-style,5,3,29,0.896551724137931,0.10344827586206896,1.037716,1.0131916,0.8275862068965517
barley,BaMMV,R1,CalPred-style,5,4,29,0.9655172413793104,0.034482758620689655,1.1152319,1.1240498,0.896551724137931
barley,BaMMV,R1,Gauss-PEV,1,0,29,1.0,0.0,1.1294606,1.1402453,0.8275862068965517
barley,BaMMV,R1,Gauss-PEV,1,1,29,0.896551724137931,0.10344827586206896,0.90517366,1.0015646,0.8275862068965517
barley,BaMMV,R1,Gauss-PEV,1,2,29,0.9655172413793104,0.034482758620689655,1.0592084,1.0529498,0.9310344827586207
barley,BaMMV,R1,Gauss-PEV,1,3,29,0.9655172413793104,0.034482758620689655,1.0436077,1.0006485,0.7586206896551724
barley,BaMMV,R1,Gauss-PEV,1,4,29,0.9655172413793104,0.034482758620689655,1.0451219,0.9847419,0.896551724137931
barley,BaMMV,R1,Gauss-PEV,2,0,29,1.0,0.0,1.088044,1.0380297,0.8620689655172413
barley,BaMMV,R1,Gauss-PEV,2,1,29,0.9310344827586207,0.06896551724137931,0.9114858,0.8464799,0.8620689655172413
barley,BaMMV,R1,Gauss-PEV,2,2,29,0.9655172413793104,0.034482758620689655,0.9769622,0.9995221,0.8620689655172413
barley,BaMMV,R1,Gauss-PEV,2,3,29,0.9310344827586207,0.06896551724137931,0.9708085,1.0284381,0.8620689655172413
barley,BaMMV,R1,Gauss-PEV,2,4,29,0.9655172413793104,0.034482758620689655,1.1119076,1.1962444,0.896551724137931
barley,BaMMV,R1,Gauss-PEV,3,0,29,0.8620689655172413,0.13793103448275862,0.93053573,0.98302454,0.6896551724137931
barley,BaMMV,R1,Gauss-PEV,3,1,29,0.9655172413793104,0.034482758620689655,1.060914,1.0547206,0.8620689655172413
barley,BaMMV,R1,Gauss-PEV,3,2,29,0.9655172413793104,0.034482758620689655,0.96969223,0.99316746,0.8620689655172413
barley,BaMMV,R1,Gauss-PEV,3,3,29,0.896551724137931,0.10344827586206896,0.896159,0.99500173,0.9310344827586207
barley,BaMMV,R1,Gauss-PEV,3,4,29,0.9655172413793104,0.034482758620689655,1.0391845,0.9943737,0.8620689655172413
barley,BaMMV,R1,Gauss-PEV,4,0,29,0.9310344827586207,0.06896551724137931,0.97110814,1.0094287,0.8620689655172413
barley,BaMMV,R1,Gauss-PEV,4,1,29,0.9655172413793104,0.034482758620689655,1.0909503,0.9970233,0.8620689655172413
barley,BaMMV,R1,Gauss-PEV,4,2,29,1.0,0.0,1.0348967,1.0923083,0.8620689655172413
barley,BaMMV,R1,Gauss-PEV,4,3,29,0.9655172413793104,0.034482758620689655,0.9646224,0.85223246,0.8620689655172413
barley,BaMMV,R1,Gauss-PEV,4,4,29,0.9310344827586207,0.06896551724137931,1.0938294,1.089419,0.9655172413793104
barley,BaMMV,R1,Gauss-PEV,5,0,29,0.9655172413793104,0.034482758620689655,0.9829545,1.1235478,0.8620689655172413
barley,BaMMV,R1,Gauss-PEV,5,1,29,0.8275862068965517,0.1724137931034483,0.804069,0.81098634,0.8620689655172413
barley,BaMMV,R1,Gauss-PEV,5,2,29,0.9310344827586207,0.06896551724137931,0.92081493,0.98012924,0.896551724137931
barley,BaMMV,R1,Gauss-PEV,5,3,29,0.9310344827586207,0.06896551724137931,1.037716,1.0961717,0.896551724137931
barley,BaMMV,R1,Gauss-PEV,5,4,29,0.9655172413793104,0.034482758620689655,1.1152319,1.1152319,0.9655172413793104
barley,BaMMV,R1,KinCP,1,0,29,0.9655172413793104,0.034482758620689655,1.1294606,1.1402456,0.8275862068965517
barley,BaMMV,R1,KinCP,1,1,29,0.896551724137931,0.10344827586206896,0.90517366,1.0010856,0.8620689655172413
barley,BaMMV,R1,KinCP,1,2,29,0.9310344827586207,0.06896551724137931,1.0592084,1.039752,0.9310344827586207
barley,BaMMV,R1,KinCP,1,3,29,0.9655172413793104,0.034482758620689655,1.0436077,1.0006485,0.7586206896551724
barley,BaMMV,R1,KinCP,1,4,29,0.9310344827586207,0.06896551724137931,1.0451219,0.93816125,0.896551724137931
barley,BaMMV,R1,KinCP,2,0,29,0.9655172413793104,0.034482758620689655,1.088044,1.0380297,0.8620689655172413
barley,BaMMV,R1,KinCP,2,1,29,0.896551724137931,0.10344827586206896,0.9114858,0.88589597,0.896551724137931
barley,BaMMV,R1,KinCP,2,2,29,0.9655172413793104,0.034482758620689655,0.9769622,0.9995221,0.8620689655172413
barley,BaMMV,R1,KinCP,2,3,29,0.9310344827586207,0.06896551724137931,0.9708085,1.028438,0.8620689655172413
barley,BaMMV,R1,KinCP,2,4,29,0.9310344827586207,0.06896551724137931,1.1119076,1.1483176,0.9310344827586207
barley,BaMMV,R1,KinCP,3,0,29,0.8620689655172413,0.13793103448275862,0.93053573,0.98302454,0.6896551724137931
barley,BaMMV,R1,KinCP,3,1,29,1.0,0.0,1.060914,1.0572793,0.7931034482758621
barley,BaMMV,R1,KinCP,3,2,29,0.9310344827586207,0.06896551724137931,0.96969223,0.9910221,0.7931034482758621
barley,BaMMV,R1,KinCP,3,3,29,0.896551724137931,0.10344827586206896,0.896159,0.9305768,0.896551724137931
barley,BaMMV,R1,KinCP,3,4,29,0.9655172413793104,0.034482758620689655,1.0391845,1.0369033,0.8275862068965517
barley,BaMMV,R1,KinCP,4,0,29,0.9310344827586207,0.06896551724137931,0.97110814,0.99754256,0.896551724137931
barley,BaMMV,R1,KinCP,4,1,29,0.9310344827586207,0.06896551724137931,1.0909503,1.011508,0.896551724137931
barley,BaMMV,R1,KinCP,4,2,29,1.0,0.0,1.0348967,1.1097974,0.8275862068965517
barley,BaMMV,R1,KinCP,4,3,29,0.9310344827586207,0.06896551724137931,0.9646224,0.8596165,0.8275862068965517
barley,BaMMV,R1,KinCP,4,4,29,0.9310344827586207,0.06896551724137931,1.0938294,1.1312965,0.9310344827586207
barley,BaMMV,R1,KinCP,5,0,29,0.9655172413793104,0.034482758620689655,0.9829545,1.124807,0.8275862068965517
barley,BaMMV,R1,KinCP,5,1,29,0.8275862068965517,0.1724137931034483,0.804069,0.79422617,0.8275862068965517
barley,BaMMV,R1,KinCP,5,2,29,0.8620689655172413,0.13793103448275862,0.92081493,0.9209044,0.7931034482758621
barley,BaMMV,R1,KinCP,5,3,29,0.9310344827586207,0.06896551724137931,1.037716,1.0965241,0.9310344827586207
barley,BaMMV,R1,KinCP,5,4,29,0.9310344827586207,0.06896551724137931,1.1152319,1.0594676,0.9310344827586207
barley,BaMMV,R1,KinCP-ABC,1,0,29,0.9655172413793104,0.034482758620689655,1.1294606,1.1294606,1.0
barley,BaMMV,R1,KinCP-ABC,1,1,29,0.896551724137931,0.10344827586206896,0.90517366,0.90517366,1.0
barley,BaMMV,R1,KinCP-ABC,1,2,29,0.9655172413793104,0.034482758620689655,1.0592084,1.0592084,1.0
barley,BaMMV,R1,KinCP-ABC,1,3,29,0.9655172413793104,0.034482758620689655,1.0436077,1.0436077,1.0
barley,BaMMV,R1,KinCP-ABC,1,4,29,0.9655172413793104,0.034482758620689655,1.0451219,1.0451219,1.0
barley,BaMMV,R1,KinCP-ABC,2,0,29,1.0,0.0,1.088044,1.088044,1.0
barley,BaMMV,R1,KinCP-ABC,2,1,29,0.896551724137931,0.10344827586206896,0.9114858,0.9114858,1.0
barley,BaMMV,R1,KinCP-ABC,2,2,29,0.9655172413793104,0.034482758620689655,0.9769622,0.9769622,1.0
barley,BaMMV,R1,KinCP-ABC,2,3,29,0.9310344827586207,0.06896551724137931,0.9708085,0.9708085,1.0
barley,BaMMV,R1,KinCP-ABC,2,4,29,0.9655172413793104,0.034482758620689655,1.1119076,1.1119076,1.0
barley,BaMMV,R1,KinCP-ABC,3,0,29,0.8275862068965517,0.1724137931034483,0.93053573,0.93053573,1.0
barley,BaMMV,R1,KinCP-ABC,3,1,29,1.0,0.0,1.060914,1.060914,1.0
barley,BaMMV,R1,KinCP-ABC,3,2,29,0.9655172413793104,0.034482758620689655,0.96969223,0.96969223,1.0
barley,BaMMV,R1,KinCP-ABC,3,3,29,0.9310344827586207,0.06896551724137931,0.896159,0.896159,1.0
barley,BaMMV,R1,KinCP-ABC,3,4,29,0.9655172413793104,0.034482758620689655,1.0391845,1.0391845,1.0
barley,BaMMV,R1,KinCP-ABC,4,0,29,0.9310344827586207,0.06896551724137931,0.97110814,0.97110814,1.0
barley,BaMMV,R1,KinCP-ABC,4,1,29,0.9655172413793104,0.034482758620689655,1.0909503,1.0909503,1.0
barley,BaMMV,R1,KinCP-ABC,4,2,29,1.0,0.0,1.0348967,1.0348967,1.0
barley,BaMMV,R1,KinCP-ABC,4,3,29,0.9655172413793104,0.034482758620689655,0.9646224,0.9646224,1.0
barley,BaMMV,R1,KinCP-ABC,4,4,29,0.9310344827586207,0.06896551724137931,1.0938294,1.0938294,1.0
barley,BaMMV,R1,KinCP-ABC,5,0,29,0.9655172413793104,0.034482758620689655,0.9829545,0.9829545,1.0
barley,BaMMV,R1,KinCP-ABC,5,1,29,0.8620689655172413,0.13793103448275862,0.804069,0.804069,1.0
barley,BaMMV,R1,KinCP-ABC,5,2,29,0.9310344827586207,0.06896551724137931,0.92081493,0.92081493,1.0
barley,BaMMV,R1,KinCP-ABC,5,3,29,0.9310344827586207,0.06896551724137931,1.037716,1.037716,1.0
barley,BaMMV,R1,KinCP-ABC,5,4,29,0.9655172413793104,0.034482758620689655,1.1152319,1.1152319,1.0
barley,BaMMV,R1,SCP,1,0,29,0.9655172413793104,0.034482758620689655,1.1294606,1.1055118,0.7931034482758621
barley,BaMMV,R1,SCP,1,1,29,0.896551724137931,0.10344827586206896,0.90517366,0.9325255,0.8620689655172413
barley,BaMMV,R1,SCP,1,2,29,0.9655172413793104,0.034482758620689655,1.0592084,1.0522736,0.896551724137931
barley,BaMMV,R1,SCP,1,3,29,0.9655172413793104,0.034482758620689655,1.0436077,1.0216296,0.896551724137931
barley,BaMMV,R1,SCP,1,4,29,1.0,0.0,1.0451219,0.8505356,0.6206896551724138
barley,BaMMV,R1,SCP,2,0,29,1.0,0.0,1.088044,1.0251143,0.8620689655172413
barley,BaMMV,R1,SCP,2,1,29,0.896551724137931,0.10344827586206896,0.9114858,0.9934438,0.7931034482758621
barley,BaMMV,R1,SCP,2,2,29,0.9655172413793104,0.034482758620689655,0.9769622,0.9296707,0.8620689655172413
barley,BaMMV,R1,SCP,2,3,29,0.9655172413793104,0.034482758620689655,0.9708085,0.95075077,0.896551724137931
barley,BaMMV,R1,SCP,2,4,29,0.9310344827586207,0.06896551724137931,1.1119076,1.1273857,0.8275862068965517
barley,BaMMV,R1,SCP,3,0,29,0.8275862068965517,0.1724137931034483,0.93053573,0.95567214,0.7931034482758621
barley,BaMMV,R1,SCP,3,1,29,0.9655172413793104,0.0,1.060914,1.0737215,0.7586206896551724
barley,BaMMV,R1,SCP,3,2,29,0.9655172413793104,0.034482758620689655,0.96969223,1.0633562,0.8620689655172413
barley,BaMMV,R1,SCP,3,3,29,0.9310344827586207,0.06896551724137931,0.896159,0.9990411,0.8275862068965517
barley,BaMMV,R1,SCP,3,4,29,0.9655172413793104,0.034482758620689655,1.0391845,1.0223897,0.8275862068965517
barley,BaMMV,R1,SCP,4,0,29,0.9310344827586207,0.06896551724137931,0.97110814,0.98002875,0.896551724137931
barley,BaMMV,R1,SCP,4,1,29,0.9655172413793104,0.034482758620689655,1.0909503,0.9991925,0.8620689655172413
barley,BaMMV,R1,SCP,4,2,29,1.0,0.0,1.0348967,1.000138,0.7931034482758621
barley,BaMMV,R1,SCP,4,3,29,0.9655172413793104,0.034482758620689655,0.9646224,0.9750941,0.7241379310344828
barley,BaMMV,R1,SCP,4,4,29,0.9310344827586207,0.06896551724137931,1.0938294,1.0750651,0.8275862068965517
barley,BaMMV,R1,SCP,5,0,29,0.9655172413793104,0.034482758620689655,0.9829545,1.1109023,0.8275862068965517
barley,BaMMV,R1,SCP,5,1,29,0.8620689655172413,0.13793103448275862,0.804069,0.77771753,0.9310344827586207
barley,BaMMV,R1,SCP,5,2,29,0.9310344827586207,0.06896551724137931,0.92081493,1.0388798,0.896551724137931
barley,BaMMV,R1,SCP,5,3,29,0.9310344827586207,0.06896551724137931,1.037716,0.9999893,0.9655172413793104
barley,BaMMV,R1,SCP,5,4,29,0.9655172413793104,0.034482758620689655,1.1152319,1.0545015,0.896551724137931
barley,BaMMV,R2,CV+,1,0,36,0.5277777777777778,0.3888888888888889,-0.065947145,-0.09113762,0.9166666666666666
barley,BaMMV,R2,CV+,1,1,78,0.9230769230769231,0.07692307692307693,0.96705335,0.9902152,0.8846153846153846
barley,BaMMV,R2,CV+,1,2,10,0.8,0.2,0.5052757,0.50527567,1.0
barley,BaMMV,R2,CV+,1,3,8,0.875,0.125,0.70527416,0.74102014,0.875
barley,BaMMV,R2,CV+,1,4,12,0.75,0.25,-0.83796364,-0.7095179,0.75
barley,BaMMV,R2,CV+,2,0,36,0.5833333333333334,0.3333333333333333,-0.065947145,-0.046543594,0.9166666666666666
barley,BaMMV,R2,CV+,2,1,78,0.9230769230769231,0.07692307692307693,0.96705335,0.97369564,0.9358974358974359
barley,BaMMV,R2,CV+,2,2,10,0.7,0.3,0.5052757,0.44138947,0.9
barley,BaMMV,R2,CV+,2,3,8,0.875,0.125,0.70527416,0.74102014,0.875
barley,BaMMV,R2,CV+,2,4,12,0.75,0.25,-0.83796364,-0.66810274,0.9166666666666666
barley,BaMMV,R2,CV+,3,0,36,0.4722222222222222,0.3611111111111111,-0.065947145,-0.052352227,0.9444444444444444
barley,BaMMV,R2,CV+,3,1,78,0.9230769230769231,0.07692307692307693,0.96705335,1.0095322,0.8717948717948718
barley,BaMMV,R2,CV+,3,2,10,0.7,0.3,0.5052757,0.50527567,1.0
barley,BaMMV,R2,CV+,3,3,8,0.875,0.125,0.70527416,0.74102014,0.875
barley,BaMMV,R2,CV+,3,4,12,0.75,0.25,-0.83796364,-0.83796364,0.9166666666666666
barley,BaMMV,R2,CV+,4,0,36,0.5833333333333334,0.3611111111111111,-0.065947145,-0.05259199,0.8888888888888888
barley,BaMMV,R2,CV+,4,1,78,0.9230769230769231,0.07692307692307693,0.96705335,0.952764,0.9230769230769231
barley,BaMMV,R2,CV+,4,2,10,0.7,0.3,0.5052757,0.29772142,0.9
barley,BaMMV,R2,CV+,4,3,8,0.875,0.125,0.70527416,0.80196345,0.75
barley,BaMMV,R2,CV+,4,4,12,0.75,0.25,-0.83796364,-0.66810274,0.9166666666666666
barley,BaMMV,R2,CV+,5,0,36,0.5277777777777778,0.4166666666666667,-0.065947145,0.048836555,0.8611111111111112
barley,BaMMV,R2,CV+,5,1,78,0.9230769230769231,0.07692307692307693,0.96705335,0.979021,0.8974358974358975
barley,BaMMV,R2,CV+,5,2,10,0.7,0.3,0.5052757,0.29772145,0.9
barley,BaMMV,R2,CV+,5,3,8,0.875,0.125,0.70527416,0.7089907,0.75
barley,BaMMV,R2,CV+,5,4,12,0.75,0.25,-0.83796364,-0.7095179,0.75
barley,BaMMV,R2,CalPred-style,1,0,36,0.6944444444444444,0.3055555555555556,-0.065947145,0.04541019,0.8888888888888888
barley,BaMMV,R2,CalPred-style,1,1,78,0.9487179487179487,0.05128205128205128,0.96705335,0.92497194,0.8589743589743589
barley,BaMMV,R2,CalPred-style,1,2,10,0.8,0.2,0.5052757,0.44138947,0.9
barley,BaMMV,R2,CalPred-style,1,3,8,1.0,0.0,0.70527416,0.9987507,0.75
barley,BaMMV,R2,CalPred-style,1,4,12,1.0,0.0,-0.83796364,-0.68017167,0.8333333333333334
barley,BaMMV,R2,CalPred-style,2,0,36,0.6944444444444444,0.3055555555555556,-0.065947145,0.045410175,0.8888888888888888
barley,BaMMV,R2,CalPred-style,2,1,78,0.9487179487179487,0.05128205128205128,0.96705335,0.92497194,0.8589743589743589
barley,BaMMV,R2,CalPred-style,2,2,10,0.8,0.2,0.5052757,0.44138947,0.9
barley,BaMMV,R2,CalPred-style,2,3,8,1.0,0.0,0.70527416,0.9987507,0.75
barley,BaMMV,R2,CalPred-style,2,4,12,1.0,0.0,-0.83796364,-0.68017167,0.8333333333333334
barley,BaMMV,R2,CalPred-style,3,0,36,0.9722222222222222,0.027777777777777776,-0.065947145,0.013381941,0.8611111111111112
barley,BaMMV,R2,CalPred-style,3,1,78,0.9487179487179487,0.05128205128205128,0.96705335,0.92497194,0.8589743589743589
barley,BaMMV,R2,CalPred-style,3,2,10,0.8,0.2,0.5052757,0.44138947,0.9
barley,BaMMV,R2,CalPred-style,3,3,8,1.0,0.0,0.70527416,0.9987507,0.75
barley,BaMMV,R2,CalPred-style,3,4,12,1.0,0.0,-0.83796364,-0.68017167,0.8333333333333334
barley,BaMMV,R2,CalPred-style,4,0,36,0.6944444444444444,0.3055555555555556,-0.065947145,0.045410175,0.8888888888888888
barley,BaMMV,R2,CalPred-style,4,1,78,0.9487179487179487,0.05128205128205128,0.96705335,0.92497194,0.8589743589743589
barley,BaMMV,R2,CalPred-style,4,2,10,0.8,0.2,0.5052757,0.44138947,0.9
barley,BaMMV,R2,CalPred-style,4,3,8,1.0,0.0,0.70527416,0.9987507,0.75
barley,BaMMV,R2,CalPred-style,4,4,12,1.0,0.0,-0.83796364,-0.68017167,0.8333333333333334
barley,BaMMV,R2,CalPred-style,5,0,36,0.6944444444444444,0.3055555555555556,-0.065947145,0.04541019,0.8888888888888888
barley,BaMMV,R2,CalPred-style,5,1,78,0.9487179487179487,0.05128205128205128,0.96705335,0.92497194,0.8589743589743589
barley,BaMMV,R2,CalPred-style,5,2,10,0.8,0.2,0.5052757,0.44138947,0.9
barley,BaMMV,R2,CalPred-style,5,3,8,1.0,0.0,0.70527416,0.9987507,0.75
barley,BaMMV,R2,CalPred-style,5,4,12,1.0,0.0,-0.83796364,-0.68017167,0.8333333333333334
barley,BaMMV,R2,Gauss-PEV,1,0,36,0.8888888888888888,0.1111111111111111,-0.065947145,0.07645619,0.8055555555555556
barley,BaMMV,R2,Gauss-PEV,1,1,78,0.9487179487179487,0.05128205128205128,0.96705335,0.96965945,0.7948717948717948
barley,BaMMV,R2,Gauss-PEV,1,2,10,0.8,0.2,0.5052757,0.44138947,0.9
barley,BaMMV,R2,Gauss-PEV,1,3,8,1.0,0.0,0.70527416,0.9987507,0.75
barley,BaMMV,R2,Gauss-PEV,1,4,12,1.0,0.0,-0.83796364,-0.68017167,0.8333333333333334
barley,BaMMV,R2,Gauss-PEV,2,0,36,0.8888888888888888,0.1111111111111111,-0.065947145,0.07645619,0.8055555555555556
barley,BaMMV,R2,Gauss-PEV,2,1,78,0.9487179487179487,0.05128205128205128,0.96705335,0.96965945,0.7948717948717948
barley,BaMMV,R2,Gauss-PEV,2,2,10,0.8,0.2,0.5052757,0.44138947,0.9
barley,BaMMV,R2,Gauss-PEV,2,3,8,1.0,0.0,0.70527416,0.9987507,0.75
barley,BaMMV,R2,Gauss-PEV,2,4,12,1.0,0.0,-0.83796364,-0.68017167,0.8333333333333334
barley,BaMMV,R2,Gauss-PEV,3,0,36,0.8888888888888888,0.1111111111111111,-0.065947145,0.07645619,0.8055555555555556
barley,BaMMV,R2,Gauss-PEV,3,1,78,0.9487179487179487,0.05128205128205128,0.96705335,0.96965945,0.7948717948717948
barley,BaMMV,R2,Gauss-PEV,3,2,10,0.8,0.2,0.5052757,0.44138947,0.9
barley,BaMMV,R2,Gauss-PEV,3,3,8,1.0,0.0,0.70527416,0.9987507,0.75
barley,BaMMV,R2,Gauss-PEV,3,4,12,1.0,0.0,-0.83796364,-0.68017167,0.8333333333333334
barley,BaMMV,R2,Gauss-PEV,4,0,36,0.8888888888888888,0.1111111111111111,-0.065947145,0.07645619,0.8055555555555556
barley,BaMMV,R2,Gauss-PEV,4,1,78,0.9487179487179487,0.05128205128205128,0.96705335,0.96965945,0.7948717948717948
barley,BaMMV,R2,Gauss-PEV,4,2,10,0.8,0.2,0.5052757,0.44138947,0.9
barley,BaMMV,R2,Gauss-PEV,4,3,8,1.0,0.0,0.70527416,0.9987507,0.75
barley,BaMMV,R2,Gauss-PEV,4,4,12,1.0,0.0,-0.83796364,-0.68017167,0.8333333333333334
barley,BaMMV,R2,Gauss-PEV,5,0,36,0.8888888888888888,0.1111111111111111,-0.065947145,0.07645619,0.8055555555555556
barley,BaMMV,R2,Gauss-PEV,5,1,78,0.9487179487179487,0.05128205128205128,0.96705335,0.96965945,0.7948717948717948
barley,BaMMV,R2,Gauss-PEV,5,2,10,0.8,0.2,0.5052757,0.44138947,0.9
barley,BaMMV,R2,Gauss-PEV,5,3,8,1.0,0.0,0.70527416,0.9987507,0.75
barley,BaMMV,R2,Gauss-PEV,5,4,12,1.0,0.0,-0.83796364,-0.68017167,0.8333333333333334
barley,BaMMV,R2,KinCP,1,0,36,0.8888888888888888,0.1111111111111111,-0.065947145,0.045410175,0.8888888888888888
barley,BaMMV,R2,KinCP,1,1,78,0.9487179487179487,0.05128205128205128,0.96705335,0.9400312,0.8461538461538461
barley,BaMMV,R2,KinCP,1,2,10,0.8,0.2,0.5052757,0.44138947,0.9
barley,BaMMV,R2,KinCP,1,3,8,1.0,0.0,0.70527416,0.9987507,0.75
barley,BaMMV,R2,KinCP,1,4,12,1.0,0.0,-0.83796364,-0.68017167,0.8333333333333334
barley,BaMMV,R2,KinCP,2,0,36,0.9166666666666666,0.08333333333333333,-0.065947145,0.01338193,0.8611111111111112
barley,BaMMV,R2,KinCP,2,1,78,0.9487179487179487,0.05128205128205128,0.96705335,0.9169142,0.8333333333333334
barley,BaMMV,R2,KinCP,2,2,10,0.8,0.2,0.5052757,0.44138947,0.9
barley,BaMMV,R2,KinCP,2,3,8,1.0,0.0,0.70527416,0.9987507,0.75
barley,BaMMV,R2,KinCP,2,4,12,1.0,0.0,-0.83796364,-0.68017167,0.8333333333333334
barley,BaMMV,R2,KinCP,3,0,36,0.8888888888888888,0.1111111111111111,-0.065947145,0.062215474,0.8333333333333334
barley,BaMMV,R2,KinCP,3,1,78,0.9487179487179487,0.05128205128205128,0.96705335,0.9400314,0.8461538461538461
barley,BaMMV,R2,KinCP,3,2,10,0.8,0.2,0.5052757,0.44138947,0.9
barley,BaMMV,R2,KinCP,3,3,8,1.0,0.0,0.70527416,0.9987507,0.75
barley,BaMMV,R2,KinCP,3,4,12,1.0,0.0,-0.83796364,-0.68017167,0.8333333333333334
barley,BaMMV,R2,KinCP,4,0,36,0.8888888888888888,0.1111111111111111,-0.065947145,0.045410175,0.8888888888888888
barley,BaMMV,R2,KinCP,4,1,78,0.9487179487179487,0.05128205128205128,0.96705335,0.9400313,0.8461538461538461
barley,BaMMV,R2,KinCP,4,2,10,0.8,0.2,0.5052757,0.44138947,0.9
barley,BaMMV,R2,KinCP,4,3,8,1.0,0.0,0.70527416,0.9987507,0.75
barley,BaMMV,R2,KinCP,4,4,12,1.0,0.0,-0.83796364,-0.68017167,0.8333333333333334
barley,BaMMV,R2,KinCP,5,0,36,0.9166666666666666,0.08333333333333333,-0.065947145,0.013381943,0.8611111111111112
barley,BaMMV,R2,KinCP,5,1,78,0.9487179487179487,0.05128205128205128,0.96705335,0.9400314,0.8461538461538461
barley,BaMMV,R2,KinCP,5,2,10,0.8,0.2,0.5052757,0.44138947,0.9
barley,BaMMV,R2,KinCP,5,3,8,1.0,0.0,0.70527416,0.9987507,0.75
barley,BaMMV,R2,KinCP,5,4,12,1.0,0.0,-0.83796364,-0.68017167,0.8333333333333334
barley,BaMMV,R2,KinCP-ABC,1,0,36,0.5277777777777778,0.4166666666666667,-0.065947145,-0.065947145,1.0
barley,BaMMV,R2,KinCP-ABC,1,1,78,0.9102564102564102,0.08974358974358974,0.96705335,0.96705335,1.0
barley,BaMMV,R2,KinCP-ABC,1,2,10,0.7,0.3,0.5052757,0.5052757,1.0
barley,BaMMV,R2,KinCP-ABC,1,3,8,0.875,0.125,0.70527416,0.70527416,1.0
barley,BaMMV,R2,KinCP-ABC,1,4,12,0.75,0.25,-0.83796364,-0.83796364,1.0
barley,BaMMV,R2,KinCP-ABC,2,0,36,0.5277777777777778,0.4166666666666667,-0.065947145,-0.065947145,1.0
barley,BaMMV,R2,KinCP-ABC,2,1,78,0.8974358974358975,0.10256410256410256,0.96705335,0.96705335,1.0
barley,BaMMV,R2,KinCP-ABC,2,2,10,0.7,0.3,0.5052757,0.5052757,1.0
barley,BaMMV,R2,KinCP-ABC,2,3,8,0.875,0.125,0.70527416,0.70527416,1.0
barley,BaMMV,R2,KinCP-ABC,2,4,12,0.75,0.25,-0.83796364,-0.83796364,1.0
barley,BaMMV,R2,KinCP-ABC,3,0,36,0.5277777777777778,0.4166666666666667,-0.065947145,-0.065947145,1.0
barley,BaMMV,R2,KinCP-ABC,3,1,78,0.9102564102564102,0.08974358974358974,0.96705335,0.96705335,1.0
barley,BaMMV,R2,KinCP-ABC,3,2,10,0.7,0.3,0.5052757,0.5052757,1.0
barley,BaMMV,R2,KinCP-ABC,3,3,8,0.875,0.125,0.70527416,0.70527416,1.0
barley,BaMMV,R2,KinCP-ABC,3,4,12,0.75,0.25,-0.83796364,-0.83796364,1.0
barley,BaMMV,R2,KinCP-ABC,4,0,36,0.5277777777777778,0.4166666666666667,-0.065947145,-0.065947145,1.0
barley,BaMMV,R2,KinCP-ABC,4,1,78,0.8974358974358975,0.10256410256410256,0.96705335,0.96705335,1.0
barley,BaMMV,R2,KinCP-ABC,4,2,10,0.7,0.3,0.5052757,0.5052757,1.0
barley,BaMMV,R2,KinCP-ABC,4,3,8,0.875,0.125,0.70527416,0.70527416,1.0
barley,BaMMV,R2,KinCP-ABC,4,4,12,0.75,0.25,-0.83796364,-0.83796364,1.0
barley,BaMMV,R2,KinCP-ABC,5,0,36,0.5277777777777778,0.4166666666666667,-0.065947145,-0.065947145,1.0
barley,BaMMV,R2,KinCP-ABC,5,1,78,0.9102564102564102,0.08974358974358974,0.96705335,0.96705335,1.0
barley,BaMMV,R2,KinCP-ABC,5,2,10,0.7,0.3,0.5052757,0.5052757,1.0
barley,BaMMV,R2,KinCP-ABC,5,3,8,0.875,0.125,0.70527416,0.70527416,1.0
barley,BaMMV,R2,KinCP-ABC,5,4,12,0.75,0.25,-0.83796364,-0.83796364,1.0
barley,BaMMV,R2,SCP,1,0,36,0.5555555555555556,0.4166666666666667,-0.065947145,-0.10181447,0.6944444444444444
barley,BaMMV,R2,SCP,1,1,78,0.8717948717948718,0.1282051282051282,0.96705335,0.98877746,0.7307692307692307
barley,BaMMV,R2,SCP,1,2,10,0.8,0.2,0.5052757,0.23538046,0.8
barley,BaMMV,R2,SCP,1,3,8,0.875,0.125,0.70527416,0.93589807,0.75
barley,BaMMV,R2,SCP,1,4,12,0.75,0.25,-0.83796364,-0.5442457,0.75
barley,BaMMV,R2,SCP,2,0,36,0.6388888888888888,0.25,-0.065947145,0.26909745,0.7222222222222222
barley,BaMMV,R2,SCP,2,1,78,0.8846153846153846,0.11538461538461539,0.96705335,1.0486153,0.8205128205128205
barley,BaMMV,R2,SCP,2,2,10,0.7,0.3,0.5052757,0.5135712,0.9
barley,BaMMV,R2,SCP,2,3,8,1.0,0.0,0.70527416,1.2185389,0.625
barley,BaMMV,R2,SCP,2,4,12,0.75,0.25,-0.83796364,-0.89741355,0.8333333333333334
barley,BaMMV,R2,SCP,3,0,36,0.5833333333333334,0.4166666666666667,-0.065947145,0.0644705,0.6388888888888888
barley,BaMMV,R2,SCP,3,1,78,0.8589743589743589,0.1282051282051282,0.96705335,0.7952681,0.4230769230769231
barley,BaMMV,R2,SCP,3,2,10,0.7,0.3,0.5052757,0.27307105,0.9
barley,BaMMV,R2,SCP,3,3,8,0.875,0.125,0.70527416,0.9050575,0.375
barley,BaMMV,R2,SCP,3,4,12,0.75,0.25,-0.83796364,-0.8903318,0.75
barley,BaMMV,R2,SCP,4,0,36,0.5277777777777778,0.3055555555555556,-0.065947145,0.0019611414,0.75
barley,BaMMV,R2,SCP,4,1,78,0.8846153846153846,0.11538461538461539,0.96705335,0.77254313,0.6794871794871795
barley,BaMMV,R2,SCP,4,2,10,0.8,0.2,0.5052757,0.45459327,0.8
barley,BaMMV,R2,SCP,4,3,8,0.875,0.125,0.70527416,0.87584287,0.75
barley,BaMMV,R2,SCP,4,4,12,0.6666666666666666,0.3333333333333333,-0.83796364,-0.83796364,0.9166666666666666
barley,BaMMV,R2,SCP,5,0,36,0.4722222222222222,0.3888888888888889,-0.065947145,-0.1489675,0.75
barley,BaMMV,R2,SCP,5,1,78,0.8589743589743589,0.11538461538461539,0.96705335,1.0128107,0.8076923076923077
barley,BaMMV,R2,SCP,5,2,10,0.8,0.2,0.5052757,0.1952182,0.7
barley,BaMMV,R2,SCP,5,3,8,0.875,0.0,0.70527416,0.9336707,0.5
barley,BaMMV,R2,SCP,5,4,12,0.5833333333333334,0.4166666666666667,-0.83796364,-0.68017167,0.8333333333333334
barley,BaYMV,R1,CV+,1,0,29,0.896551724137931,0.10344827586206896,0.5787269,0.54883647,0.896551724137931
barley,BaYMV,R1,CV+,1,1,29,0.9310344827586207,0.034482758620689655,0.87268764,0.7498028,0.9310344827586207
barley,BaYMV,R1,CV+,1,2,29,0.7586206896551724,0.1724137931034483,0.6114406,0.5852712,0.8275862068965517
barley,BaYMV,R1,CV+,1,3,29,0.8620689655172413,0.06896551724137931,0.73165786,0.71733177,0.9655172413793104
barley,BaYMV,R1,CV+,1,4,29,0.896551724137931,0.06896551724137931,0.5220287,0.5031665,0.896551724137931
barley,BaYMV,R1,CV+,2,0,29,0.8620689655172413,0.13793103448275862,0.602817,0.56042325,0.9655172413793104
barley,BaYMV,R1,CV+,2,1,29,0.7241379310344828,0.13793103448275862,0.7732942,0.83916765,0.896551724137931
barley,BaYMV,R1,CV+,2,2,29,0.8275862068965517,0.10344827586206896,0.72334355,0.8315678,0.8275862068965517
barley,BaYMV,R1,CV+,2,3,29,0.9655172413793104,0.034482758620689655,0.6227051,0.7013575,0.896551724137931
barley,BaYMV,R1,CV+,2,4,29,0.9310344827586207,0.034482758620689655,0.74303925,0.6712882,0.9310344827586207
barley,BaYMV,R1,CV+,3,0,29,0.8620689655172413,0.10344827586206896,0.6094503,0.71421796,0.9310344827586207
barley,BaYMV,R1,CV+,3,1,29,0.7586206896551724,0.20689655172413793,0.51815283,0.43495944,0.8620689655172413
barley,BaYMV,R1,CV+,3,2,29,0.8620689655172413,0.06896551724137931,0.5856362,0.70160156,0.9310344827586207
barley,BaYMV,R1,CV+,3,3,29,0.9310344827586207,0.0,0.805739,0.8095315,0.9655172413793104
barley,BaYMV,R1,CV+,3,4,29,0.8275862068965517,0.10344827586206896,0.60057044,0.63722235,0.9655172413793104
barley,BaYMV,R1,CV+,4,0,29,0.8620689655172413,0.06896551724137931,0.76134723,0.69961226,0.9310344827586207
barley,BaYMV,R1,CV+,4,1,29,0.8620689655172413,0.06896551724137931,0.71423334,0.792682,0.896551724137931
barley,BaYMV,R1,CV+,4,2,29,0.9310344827586207,0.06896551724137931,0.5457113,0.5457113,1.0
barley,BaYMV,R1,CV+,4,3,29,0.8620689655172413,0.13793103448275862,0.5534956,0.5953293,0.9310344827586207
barley,BaYMV,R1,CV+,4,4,29,0.9310344827586207,0.034482758620689655,0.77282214,0.6836577,0.9655172413793104
barley,BaYMV,R1,CV+,5,0,29,0.8275862068965517,0.1724137931034483,0.5845218,0.7007454,0.896551724137931
barley,BaYMV,R1,CV+,5,1,29,0.8620689655172413,0.10344827586206896,0.606413,0.62454605,0.896551724137931
barley,BaYMV,R1,CV+,5,2,29,0.9655172413793104,0.034482758620689655,0.60200226,0.5727331,0.9655172413793104
barley,BaYMV,R1,CV+,5,3,29,0.8620689655172413,0.06896551724137931,0.66371715,0.6322087,0.9310344827586207
barley,BaYMV,R1,CV+,5,4,29,0.7931034482758621,0.13793103448275862,0.57219774,0.58954185,0.9310344827586207
barley,BaYMV,R1,CalPred-style,1,0,29,0.896551724137931,0.10344827586206896,0.5787269,0.53180116,0.7241379310344828
barley,BaYMV,R1,CalPred-style,1,1,29,0.9310344827586207,0.034482758620689655,0.87268764,0.842669,0.7931034482758621
barley,BaYMV,R1,CalPred-style,1,2,29,0.7931034482758621,0.13793103448275862,0.6114406,0.75026286,0.6551724137931034
barley,BaYMV,R1,CalPred-style,1,3,29,0.8620689655172413,0.06896551724137931,0.73165786,0.6113754,0.5517241379310345
barley,BaYMV,R1,CalPred-style,1,4,29,0.896551724137931,0.06896551724137931,0.5220287,0.34432203,0.7931034482758621
barley,BaYMV,R1,CalPred-style,2,0,29,0.896551724137931,0.10344827586206896,0.602817,0.5643754,0.7241379310344828
barley,BaYMV,R1,CalPred-style,2,1,29,0.7241379310344828,0.13793103448275862,0.7732942,0.7403263,0.7241379310344828
barley,BaYMV,R1,CalPred-style,2,2,29,0.8275862068965517,0.10344827586206896,0.72334355,0.50796753,0.5862068965517241
barley,BaYMV,R1,CalPred-style,2,3,29,0.9655172413793104,0.034482758620689655,0.6227051,0.47217625,0.6896551724137931
barley,BaYMV,R1,CalPred-style,2,4,29,0.9310344827586207,0.034482758620689655,0.74303925,0.6632858,0.7586206896551724
barley,BaYMV,R1,CalPred-style,3,0,29,0.8620689655172413,0.10344827586206896,0.6094503,0.2899491,0.6896551724137931
barley,BaYMV,R1,CalPred-style,3,1,29,0.7586206896551724,0.1724137931034483,0.51815283,0.48845536,0.7586206896551724
barley,BaYMV,R1,CalPred-style,3,2,29,0.896551724137931,0.06896551724137931,0.5856362,0.35959443,0.6206896551724138
barley,BaYMV,R1,CalPred-style,3,3,29,0.9310344827586207,0.0,0.805739,0.9198552,0.7586206896551724
barley,BaYMV,R1,CalPred-style,3,4,29,0.896551724137931,0.06896551724137931,0.60057044,0.5848934,0.7241379310344828
barley,BaYMV,R1,CalPred-style,4,0,29,0.8275862068965517,0.10344827586206896,0.76134723,0.7464292,0.896551724137931
barley,BaYMV,R1,CalPred-style,4,1,29,0.8275862068965517,0.06896551724137931,0.71423334,0.55674374,0.896551724137931
barley,BaYMV,R1,CalPred-style,4,2,29,0.896551724137931,0.06896551724137931,0.5457113,0.21265759,0.4482758620689655
barley,BaYMV,R1,CalPred-style,4,3,29,0.896551724137931,0.10344827586206896,0.5534956,0.51984006,0.6206896551724138
barley,BaYMV,R1,CalPred-style,4,4,29,0.9310344827586207,0.034482758620689655,0.77282214,0.6662076,0.7241379310344828
barley,BaYMV,R1,CalPred-style,5,0,29,0.896551724137931,0.10344827586206896,0.5845218,0.46082753,0.7586206896551724
barley,BaYMV,R1,CalPred-style,5,1,29,0.8620689655172413,0.10344827586206896,0.606413,0.30713278,0.6896551724137931
barley,BaYMV,R1,CalPred-style,5,2,29,0.9655172413793104,0.034482758620689655,0.60200226,0.61458,0.8275862068965517
barley,BaYMV,R1,CalPred-style,5,3,29,0.8620689655172413,0.06896551724137931,0.66371715,0.5572056,0.6551724137931034
barley,BaYMV,R1,CalPred-style,5,4,29,0.7931034482758621,0.13793103448275862,0.57219774,0.90031606,0.7241379310344828
barley,BaYMV,R1,Gauss-PEV,1,0,29,0.896551724137931,0.10344827586206896,0.5787269,0.56351715,0.8620689655172413
barley,BaYMV,R1,Gauss-PEV,1,1,29,0.9310344827586207,0.034482758620689655,0.87268764,0.87703025,0.9655172413793104
barley,BaYMV,R1,Gauss-PEV,1,2,29,0.7586206896551724,0.1724137931034483,0.6114406,0.5649831,0.896551724137931
barley,BaYMV,R1,Gauss-PEV,1,3,29,0.8620689655172413,0.06896551724137931,0.73165786,0.80524105,0.896551724137931
barley,BaYMV,R1,Gauss-PEV,1,4,29,0.8620689655172413,0.10344827586206896,0.5220287,0.47278368,0.896551724137931
barley,BaYMV,R1,Gauss-PEV,2,0,29,0.8275862068965517,0.13793103448275862,0.602817,0.5008981,0.8620689655172413
barley,BaYMV,R1,Gauss-PEV,2,1,29,0.7241379310344828,0.13793103448275862,0.7732942,0.8724939,0.8620689655172413
barley,BaYMV,R1,Gauss-PEV,2,2,29,0.8275862068965517,0.10344827586206896,0.72334355,0.71347654,0.896551724137931
barley,BaYMV,R1,Gauss-PEV,2,3,29,0.9655172413793104,0.034482758620689655,0.6227051,0.68716836,0.896551724137931
barley,BaYMV,R1,Gauss-PEV,2,4,29,0.9310344827586207,0.034482758620689655,0.74303925,0.70202464,0.9310344827586207
barley,BaYMV,R1,Gauss-PEV,3,0,29,0.8275862068965517,0.13793103448275862,0.6094503,0.48872858,0.896551724137931
barley,BaYMV,R1,Gauss-PEV,3,1,29,0.7241379310344828,0.20689655172413793,0.51815283,0.44442755,0.8620689655172413
barley,BaYMV,R1,Gauss-PEV,3,2,29,0.8620689655172413,0.06896551724137931,0.5856362,0.65649927,0.9310344827586207
barley,BaYMV,R1,Gauss-PEV,3,3,29,0.9310344827586207,0.0,0.805739,0.89253604,0.896551724137931
barley,BaYMV,R1,Gauss-PEV,3,4,29,0.8620689655172413,0.10344827586206896,0.60057044,0.59201634,0.8620689655172413
barley,BaYMV,R1,Gauss-PEV,4,0,29,0.8275862068965517,0.10344827586206896,0.76134723,0.6821965,0.9310344827586207
barley,BaYMV,R1,Gauss-PEV,4,1,29,0.8275862068965517,0.06896551724137931,0.71423334,0.7174698,0.9310344827586207
barley,BaYMV,R1,Gauss-PEV,4,2,29,0.896551724137931,0.06896551724137931,0.5457113,0.48287064,0.896551724137931
barley,BaYMV,R1,Gauss-PEV,4,3,29,0.896551724137931,0.10344827586206896,0.5534956,0.51517874,0.896551724137931
barley,BaYMV,R1,Gauss-PEV,4,4,29,0.9310344827586207,0.034482758620689655,0.77282214,0.68212354,0.896551724137931
barley,BaYMV,R1,Gauss-PEV,5,0,29,0.896551724137931,0.10344827586206896,0.5845218,0.5411261,0.9310344827586207
barley,BaYMV,R1,Gauss-PEV,5,1,29,0.8620689655172413,0.10344827586206896,0.606413,0.4381354,0.8620689655172413
barley,BaYMV,R1,Gauss-PEV,5,2,29,0.9310344827586207,0.06896551724137931,0.60200226,0.57273304,0.9655172413793104
barley,BaYMV,R1,Gauss-PEV,5,3,29,0.8620689655172413,0.06896551724137931,0.66371715,0.662726,0.896551724137931
barley,BaYMV,R1,Gauss-PEV,5,4,29,0.7931034482758621,0.13793103448275862,0.57219774,0.665774,0.8275862068965517
barley,BaYMV,R1,KinCP,1,0,29,0.896551724137931,0.10344827586206896,0.5787269,0.56351715,0.8620689655172413
barley,BaYMV,R1,KinCP,1,1,29,0.9310344827586207,0.034482758620689655,0.87268764,0.81788373,0.896551724137931
barley,BaYMV,R1,KinCP,1,2,29,0.7586206896551724,0.1724137931034483,0.6114406,0.62051517,0.8620689655172413
barley,BaYMV,R1,KinCP,1,3,29,0.8620689655172413,0.06896551724137931,0.73165786,0.80616295,0.8620689655172413
barley,BaYMV,R1,KinCP,1,4,29,0.8275862068965517,0.10344827586206896,0.5220287,0.40582612,0.8275862068965517
barley,BaYMV,R1,KinCP,2,0,29,0.8275862068965517,0.13793103448275862,0.602817,0.5297638,0.8275862068965517
barley,BaYMV,R1,KinCP,2,1,29,0.7241379310344828,0.13793103448275862,0.7732942,0.87249386,0.8620689655172413
barley,BaYMV,R1,KinCP,2,2,29,0.8275862068965517,0.10344827586206896,0.72334355,0.67654926,0.7586206896551724
barley,BaYMV,R1,KinCP,2,3,29,0.9655172413793104,0.034482758620689655,0.6227051,0.656341,0.896551724137931
barley,BaYMV,R1,KinCP,2,4,29,0.9310344827586207,0.034482758620689655,0.74303925,0.65532625,0.896551724137931
barley,BaYMV,R1,KinCP,3,0,29,0.8275862068965517,0.13793103448275862,0.6094503,0.6203792,0.896551724137931
barley,BaYMV,R1,KinCP,3,1,29,0.6896551724137931,0.2413793103448276,0.51815283,0.47602183,0.8275862068965517
barley,BaYMV,R1,KinCP,3,2,29,0.8620689655172413,0.06896551724137931,0.5856362,0.6564994,0.9310344827586207
barley,BaYMV,R1,KinCP,3,3,29,0.9310344827586207,0.0,0.805739,0.89253604,0.896551724137931
barley,BaYMV,R1,KinCP,3,4,29,0.8620689655172413,0.10344827586206896,0.60057044,0.5778455,0.7931034482758621
barley,BaYMV,R1,KinCP,4,0,29,0.8275862068965517,0.10344827586206896,0.76134723,0.72002715,0.9310344827586207
barley,BaYMV,R1,KinCP,4,1,29,0.8275862068965517,0.06896551724137931,0.71423334,0.6366404,0.8620689655172413
barley,BaYMV,R1,KinCP,4,2,29,0.896551724137931,0.06896551724137931,0.5457113,0.4763664,0.8620689655172413
barley,BaYMV,R1,KinCP,4,3,29,0.896551724137931,0.10344827586206896,0.5534956,0.5627729,0.8275862068965517
barley,BaYMV,R1,KinCP,4,4,29,0.9310344827586207,0.034482758620689655,0.77282214,0.621557,0.9310344827586207
barley,BaYMV,R1,KinCP,5,0,29,0.896551724137931,0.10344827586206896,0.5845218,0.541126,0.9310344827586207
barley,BaYMV,R1,KinCP,5,1,29,0.8620689655172413,0.10344827586206896,0.606413,0.5895213,0.9310344827586207
barley,BaYMV,R1,KinCP,5,2,29,0.9310344827586207,0.06896551724137931,0.60200226,0.56848735,0.9655172413793104
barley,BaYMV,R1,KinCP,5,3,29,0.8620689655172413,0.06896551724137931,0.66371715,0.6660493,0.7931034482758621
barley,BaYMV,R1,KinCP,5,4,29,0.7931034482758621,0.13793103448275862,0.57219774,0.74774307,0.7931034482758621
barley,BaYMV,R1,KinCP-ABC,1,0,29,0.896551724137931,0.10344827586206896,0.5787269,0.5787269,1.0
barley,BaYMV,R1,KinCP-ABC,1,1,29,0.896551724137931,0.06896551724137931,0.87268764,0.87268764,1.0
barley,BaYMV,R1,KinCP-ABC,1,2,29,0.7241379310344828,0.20689655172413793,0.6114406,0.6114406,1.0
barley,BaYMV,R1,KinCP-ABC,1,3,29,0.8620689655172413,0.06896551724137931,0.73165786,0.73165786,1.0
barley,BaYMV,R1,KinCP-ABC,1,4,29,0.8620689655172413,0.10344827586206896,0.5220287,0.5220287,1.0
barley,BaYMV,R1,KinCP-ABC,2,0,29,0.8620689655172413,0.13793103448275862,0.602817,0.602817,1.0
barley,BaYMV,R1,KinCP-ABC,2,1,29,0.7241379310344828,0.13793103448275862,0.7732942,0.7732942,1.0
barley,BaYMV,R1,KinCP-ABC,2,2,29,0.8275862068965517,0.10344827586206896,0.72334355,0.72334355,1.0
barley,BaYMV,R1,KinCP-ABC,2,3,29,0.9655172413793104,0.034482758620689655,0.6227051,0.6227051,1.0
barley,BaYMV,R1,KinCP-ABC,2,4,29,0.9310344827586207,0.034482758620689655,0.74303925,0.74303925,1.0
barley,BaYMV,R1,KinCP-ABC,3,0,29,0.8275862068965517,0.13793103448275862,0.6094503,0.6094503,1.0
barley,BaYMV,R1,KinCP-ABC,3,1,29,0.6896551724137931,0.2413793103448276,0.51815283,0.51815283,1.0
barley,BaYMV,R1,KinCP-ABC,3,2,29,0.896551724137931,0.06896551724137931,0.5856362,0.5856362,1.0
barley,BaYMV,R1,KinCP-ABC,3,3,29,0.896551724137931,0.034482758620689655,0.805739,0.805739,1.0
barley,BaYMV,R1,KinCP-ABC,3,4,29,0.7931034482758621,0.13793103448275862,0.60057044,0.60057044,1.0
barley,BaYMV,R1,KinCP-ABC,4,0,29,0.8275862068965517,0.10344827586206896,0.76134723,0.76134723,1.0
barley,BaYMV,R1,KinCP-ABC,4,1,29,0.8275862068965517,0.06896551724137931,0.71423334,0.71423334,1.0
barley,BaYMV,R1,KinCP-ABC,4,2,29,0.9310344827586207,0.06896551724137931,0.5457113,0.5457113,1.0
barley,BaYMV,R1,KinCP-ABC,4,3,29,0.8620689655172413,0.13793103448275862,0.5534956,0.5534956,1.0
barley,BaYMV,R1,KinCP-ABC,4,4,29,0.896551724137931,0.06896551724137931,0.77282214,0.77282214,1.0
barley,BaYMV,R1,KinCP-ABC,5,0,29,0.8275862068965517,0.1724137931034483,0.5845218,0.5845218,1.0
barley,BaYMV,R1,KinCP-ABC,5,1,29,0.8620689655172413,0.10344827586206896,0.606413,0.606413,1.0
barley,BaYMV,R1,KinCP-ABC,5,2,29,0.9310344827586207,0.06896551724137931,0.60200226,0.60200226,1.0
barley,BaYMV,R1,KinCP-ABC,5,3,29,0.8620689655172413,0.06896551724137931,0.66371715,0.66371715,1.0
barley,BaYMV,R1,KinCP-ABC,5,4,29,0.7931034482758621,0.13793103448275862,0.57219774,0.57219774,1.0
barley,BaYMV,R1,SCP,1,0,29,0.896551724137931,0.10344827586206896,0.5787269,0.4668615,0.7931034482758621
barley,BaYMV,R1,SCP,1,1,29,0.9310344827586207,0.034482758620689655,0.87268764,0.7405457,0.8620689655172413
barley,BaYMV,R1,SCP,1,2,29,0.7586206896551724,0.1724137931034483,0.6114406,0.6402206,0.8620689655172413
barley,BaYMV,R1,SCP,1,3,29,0.8620689655172413,0.06896551724137931,0.73165786,0.8315548,0.7586206896551724
barley,BaYMV,R1,SCP,1,4,29,0.8275862068965517,0.10344827586206896,0.5220287,0.5628041,0.8275862068965517
barley,BaYMV,R1,SCP,2,0,29,0.896551724137931,0.10344827586206896,0.602817,0.6556217,0.8275862068965517
barley,BaYMV,R1,SCP,2,1,29,0.7241379310344828,0.13793103448275862,0.7732942,0.6816199,0.7931034482758621
barley,BaYMV,R1,SCP,2,2,29,0.7931034482758621,0.10344827586206896,0.72334355,0.66878647,0.7931034482758621
barley,BaYMV,R1,SCP,2,3,29,0.9655172413793104,0.034482758620689655,0.6227051,0.6146972,0.8620689655172413
barley,BaYMV,R1,SCP,2,4,29,0.9310344827586207,0.034482758620689655,0.74303925,0.722075,0.7931034482758621
barley,BaYMV,R1,SCP,3,0,29,0.8275862068965517,0.13793103448275862,0.6094503,0.6666926,0.9310344827586207
barley,BaYMV,R1,SCP,3,1,29,0.6551724137931034,0.27586206896551724,0.51815283,0.365727,0.7931034482758621
barley,BaYMV,R1,SCP,3,2,29,0.8620689655172413,0.06896551724137931,0.5856362,0.7770301,0.7931034482758621
barley,BaYMV,R1,SCP,3,3,29,0.9655172413793104,0.0,0.805739,0.7148146,0.8620689655172413
barley,BaYMV,R1,SCP,3,4,29,0.8275862068965517,0.13793103448275862,0.60057044,0.7019212,0.7931034482758621
barley,BaYMV,R1,SCP,4,0,29,0.7931034482758621,0.10344827586206896,0.76134723,0.6235887,0.7931034482758621
barley,BaYMV,R1,SCP,4,1,29,0.7931034482758621,0.06896551724137931,0.71423334,0.721244,0.7931034482758621
barley,BaYMV,R1,SCP,4,2,29,0.896551724137931,0.06896551724137931,0.5457113,0.4128721,0.8620689655172413
barley,BaYMV,R1,SCP,4,3,29,0.8620689655172413,0.13793103448275862,0.5534956,0.40623748,0.7586206896551724
barley,BaYMV,R1,SCP,4,4,29,0.9310344827586207,0.034482758620689655,0.77282214,0.74638283,0.8620689655172413
barley,BaYMV,R1,SCP,5,0,29,0.8275862068965517,0.1724137931034483,0.5845218,0.63102657,0.9310344827586207
barley,BaYMV,R1,SCP,5,1,29,0.8620689655172413,0.10344827586206896,0.606413,0.70380545,0.8275862068965517
barley,BaYMV,R1,SCP,5,2,29,0.9310344827586207,0.06896551724137931,0.60200226,0.6776073,0.8620689655172413
barley,BaYMV,R1,SCP,5,3,29,0.8620689655172413,0.06896551724137931,0.66371715,0.6630896,0.896551724137931
barley,BaYMV,R1,SCP,5,4,29,0.8275862068965517,0.10344827586206896,0.57219774,0.6447647,0.8620689655172413
barley,BaYMV,R2,CV+,1,0,36,0.7777777777777778,0.16666666666666666,-0.097501725,-0.13178188,0.8888888888888888
barley,BaYMV,R2,CV+,1,1,78,0.7564102564102564,0.038461538461538464,0.91988236,0.9620909,0.8974358974358975
barley,BaYMV,R2,CV+,1,2,10,0.8,0.1,0.4610762,0.82024986,0.6
barley,BaYMV,R2,CV+,1,3,8,0.875,0.125,0.74150103,0.74150103,1.0
barley,BaYMV,R2,CV+,1,4,12,1.0,0.0,0.017027065,0.050715875,0.9166666666666666
barley,BaYMV,R2,CV+,2,0,36,0.7777777777777778,0.16666666666666666,-0.097501725,-0.23051456,0.8611111111111112
barley,BaYMV,R2,CV+,2,1,78,0.7435897435897436,0.0641025641025641,0.91988236,0.87276477,0.8974358974358975
barley,BaYMV,R2,CV+,2,2,10,0.8,0.1,0.4610762,0.79921496,0.7
barley,BaYMV,R2,CV+,2,3,8,1.0,0.0,0.74150103,0.4013803,0.75
barley,BaYMV,R2,CV+,2,4,12,1.0,0.0,0.017027065,0.04967804,0.9166666666666666
barley,BaYMV,R2,CV+,3,0,36,0.75,0.19444444444444445,-0.097501725,-0.12847862,0.8611111111111112
barley,BaYMV,R2,CV+,3,1,78,0.7564102564102564,0.038461538461538464,0.91988236,0.89337784,0.8974358974358975
barley,BaYMV,R2,CV+,3,2,10,0.8,0.1,0.4610762,0.9586377,0.7
barley,BaYMV,R2,CV+,3,3,8,0.875,0.125,0.74150103,0.4013803,0.75
barley,BaYMV,R2,CV+,3,4,12,1.0,0.0,0.017027065,0.010551986,0.9166666666666666
barley,BaYMV,R2,CV+,4,0,36,0.75,0.19444444444444445,-0.097501725,-0.12934381,0.8888888888888888
barley,BaYMV,R2,CV+,4,1,78,0.717948717948718,0.0641025641025641,0.91988236,0.97009885,0.8846153846153846
barley,BaYMV,R2,CV+,4,2,10,0.8,0.1,0.4610762,0.91463184,0.6
barley,BaYMV,R2,CV+,4,3,8,0.875,0.125,0.74150103,0.50164676,0.875
barley,BaYMV,R2,CV+,4,4,12,1.0,0.0,0.017027065,0.050715875,0.9166666666666666
barley,BaYMV,R2,CV+,5,0,36,0.7777777777777778,0.16666666666666666,-0.097501725,-0.13258052,0.8888888888888888
barley,BaYMV,R2,CV+,5,1,78,0.7435897435897436,0.05128205128205128,0.91988236,0.8739975,0.9102564102564102
barley,BaYMV,R2,CV+,5,2,10,0.8,0.1,0.4610762,0.54052866,0.5
barley,BaYMV,R2,CV+,5,3,8,0.875,0.125,0.74150103,0.72856534,0.875
barley,BaYMV,R2,CV+,5,4,12,1.0,0.0,0.017027065,0.085700594,0.8333333333333334
barley,BaYMV,R2,CalPred-style,1,0,36,0.8888888888888888,0.05555555555555555,-0.097501725,-0.11308057,0.8888888888888888
barley,BaYMV,R2,CalPred-style,1,1,78,0.8333333333333334,0.02564102564102564,0.91988236,0.8540164,0.9487179487179487
barley,BaYMV,R2,CalPred-style,1,2,10,0.9,0.0,0.4610762,0.4300724,0.9
barley,BaYMV,R2,CalPred-style,1,3,8,1.0,0.0,0.74150103,0.7919971,0.875
barley,BaYMV,R2,CalPred-style,1,4,12,1.0,0.0,0.017027065,0.0843363,0.9166666666666666
barley,BaYMV,R2,CalPred-style,2,0,36,0.8888888888888888,0.05555555555555555,-0.097501725,-0.11308057,0.8888888888888888
barley,BaYMV,R2,CalPred-style,2,1,78,0.8333333333333334,0.02564102564102564,0.91988236,0.8540163,0.9487179487179487
barley,BaYMV,R2,CalPred-style,2,2,10,0.9,0.0,0.4610762,0.4300724,0.9
barley,BaYMV,R2,CalPred-style,2,3,8,1.0,0.0,0.74150103,0.7919971,0.875
barley,BaYMV,R2,CalPred-style,2,4,12,1.0,0.0,0.017027065,0.0843363,0.9166666666666666
barley,BaYMV,R2,CalPred-style,3,0,36,0.8888888888888888,0.05555555555555555,-0.097501725,-0.11308058,0.8888888888888888
barley,BaYMV,R2,CalPred-style,3,1,78,0.8333333333333334,0.02564102564102564,0.91988236,0.8540164,0.9487179487179487
barley,BaYMV,R2,CalPred-style,3,2,10,0.9,0.0,0.4610762,0.4300724,0.9
barley,BaYMV,R2,CalPred-style,3,3,8,1.0,0.0,0.74150103,0.7919971,0.875
barley,BaYMV,R2,CalPred-style,3,4,12,1.0,0.0,0.017027065,0.0843363,0.9166666666666666
barley,BaYMV,R2,CalPred-style,4,0,36,0.8888888888888888,0.05555555555555555,-0.097501725,-0.11308057,0.8888888888888888
barley,BaYMV,R2,CalPred-style,4,1,78,0.8333333333333334,0.02564102564102564,0.91988236,0.8540164,0.9487179487179487
barley,BaYMV,R2,CalPred-style,4,2,10,0.9,0.0,0.4610762,0.4300724,0.9
barley,BaYMV,R2,CalPred-style,4,3,8,1.0,0.0,0.74150103,0.7919971,0.875
barley,BaYMV,R2,CalPred-style,4,4,12,1.0,0.0,0.017027065,0.0843363,0.9166666666666666
barley,BaYMV,R2,CalPred-style,5,0,36,0.8888888888888888,0.05555555555555555,-0.097501725,-0.11308057,0.8888888888888888
barley,BaYMV,R2,CalPred-style,5,1,78,0.8333333333333334,0.02564102564102564,0.91988236,0.8836145,0.9487179487179487
barley,BaYMV,R2,CalPred-style,5,2,10,0.9,0.0,0.4610762,0.4300724,0.9
barley,BaYMV,R2,CalPred-style,5,3,8,1.0,0.0,0.74150103,0.7919971,0.875
barley,BaYMV,R2,CalPred-style,5,4,12,1.0,0.0,0.017027065,0.0843363,0.9166666666666666
barley,BaYMV,R2,Gauss-PEV,1,0,36,0.9166666666666666,0.05555555555555555,-0.097501725,-0.11308059,0.8888888888888888
barley,BaYMV,R2,Gauss-PEV,1,1,78,0.8589743589743589,0.02564102564102564,0.91988236,0.91306126,0.8461538461538461
barley,BaYMV,R2,Gauss-PEV,1,2,10,0.8,0.1,0.4610762,0.4300724,0.9
barley,BaYMV,R2,Gauss-PEV,1,3,8,0.875,0.125,0.74150103,0.5196494,0.75
barley,BaYMV,R2,Gauss-PEV,1,4,12,1.0,0.0,0.017027065,0.0994403,0.8333333333333334
barley,BaYMV,R2,Gauss-PEV,2,0,36,0.9166666666666666,0.05555555555555555,-0.097501725,-0.11308059,0.8888888888888888
barley,BaYMV,R2,Gauss-PEV,2,1,78,0.8589743589743589,0.02564102564102564,0.91988236,0.91306126,0.8461538461538461
barley,BaYMV,R2,Gauss-PEV,2,2,10,0.8,0.1,0.4610762,0.4300724,0.9
barley,BaYMV,R2,Gauss-PEV,2,3,8,0.875,0.125,0.74150103,0.5196494,0.75
barley,BaYMV,R2,Gauss-PEV,2,4,12,1.0,0.0,0.017027065,0.0994403,0.8333333333333334
barley,BaYMV,R2,Gauss-PEV,3,0,36,0.9166666666666666,0.05555555555555555,-0.097501725,-0.11308059,0.8888888888888888
barley,BaYMV,R2,Gauss-PEV,3,1,78,0.8589743589743589,0.02564102564102564,0.91988236,0.91306126,0.8461538461538461
barley,BaYMV,R2,Gauss-PEV,3,2,10,0.8,0.1,0.4610762,0.4300724,0.9
barley,BaYMV,R2,Gauss-PEV,3,3,8,0.875,0.125,0.74150103,0.5196494,0.75
barley,BaYMV,R2,Gauss-PEV,3,4,12,1.0,0.0,0.017027065,0.0994403,0.8333333333333334
barley,BaYMV,R2,Gauss-PEV,4,0,36,0.9166666666666666,0.05555555555555555,-0.097501725,-0.11308059,0.8888888888888888
barley,BaYMV,R2,Gauss-PEV,4,1,78,0.8589743589743589,0.02564102564102564,0.91988236,0.91306126,0.8461538461538461
barley,BaYMV,R2,Gauss-PEV,4,2,10,0.8,0.1,0.4610762,0.4300724,0.9
barley,BaYMV,R2,Gauss-PEV,4,3,8,0.875,0.125,0.74150103,0.5196494,0.75
barley,BaYMV,R2,Gauss-PEV,4,4,12,1.0,0.0,0.017027065,0.0994403,0.8333333333333334
barley,BaYMV,R2,Gauss-PEV,5,0,36,0.9166666666666666,0.05555555555555555,-0.097501725,-0.11308059,0.8888888888888888
barley,BaYMV,R2,Gauss-PEV,5,1,78,0.8589743589743589,0.02564102564102564,0.91988236,0.91306126,0.8461538461538461
barley,BaYMV,R2,Gauss-PEV,5,2,10,0.8,0.1,0.4610762,0.4300724,0.9
barley,BaYMV,R2,Gauss-PEV,5,3,8,0.875,0.125,0.74150103,0.5196494,0.75
barley,BaYMV,R2,Gauss-PEV,5,4,12,1.0,0.0,0.017027065,0.0994403,0.8333333333333334
barley,BaYMV,R2,KinCP,1,0,36,0.9166666666666666,0.05555555555555555,-0.097501725,-0.11308059,0.8888888888888888
barley,BaYMV,R2,KinCP,1,1,78,0.8461538461538461,0.02564102564102564,0.91988236,0.85924596,0.8717948717948718
barley,BaYMV,R2,KinCP,1,2,10,0.8,0.1,0.4610762,0.4300724,0.9
barley,BaYMV,R2,KinCP,1,3,8,0.875,0.125,0.74150103,0.7919971,0.875
barley,BaYMV,R2,KinCP,1,4,12,1.0,0.0,0.017027065,0.0994403,0.8333333333333334
barley,BaYMV,R2,KinCP,2,0,36,0.9166666666666666,0.05555555555555555,-0.097501725,-0.11308058,0.8888888888888888
barley,BaYMV,R2,KinCP,2,1,78,0.8461538461538461,0.02564102564102564,0.91988236,0.86201817,0.9102564102564102
barley,BaYMV,R2,KinCP,2,2,10,0.8,0.1,0.4610762,0.4300724,0.9
barley,BaYMV,R2,KinCP,2,3,8,1.0,0.0,0.74150103,0.5196494,0.75
barley,BaYMV,R2,KinCP,2,4,12,1.0,0.0,0.017027065,0.0843363,0.9166666666666666
barley,BaYMV,R2,KinCP,3,0,36,0.9166666666666666,0.05555555555555555,-0.097501725,-0.11308058,0.8888888888888888
barley,BaYMV,R2,KinCP,3,1,78,0.8461538461538461,0.02564102564102564,0.91988236,0.8882904,0.8589743589743589
barley,BaYMV,R2,KinCP,3,2,10,0.8,0.1,0.4610762,0.4300724,0.9
barley,BaYMV,R2,KinCP,3,3,8,1.0,0.0,0.74150103,0.7919971,0.875
barley,BaYMV,R2,KinCP,3,4,12,1.0,0.0,0.017027065,0.0994403,0.8333333333333334
barley,BaYMV,R2,KinCP,4,0,36,0.9166666666666666,0.05555555555555555,-0.097501725,-0.13274084,0.8611111111111112
barley,BaYMV,R2,KinCP,4,1,78,0.8461538461538461,0.02564102564102564,0.91988236,0.8361694,0.8974358974358975
barley,BaYMV,R2,KinCP,4,2,10,0.8,0.1,0.4610762,0.4300724,0.9
barley,BaYMV,R2,KinCP,4,3,8,0.875,0.125,0.74150103,0.7919971,0.875
barley,BaYMV,R2,KinCP,4,4,12,1.0,0.0,0.017027065,0.0994403,0.8333333333333334
barley,BaYMV,R2,KinCP,5,0,36,0.8888888888888888,0.08333333333333333,-0.097501725,-0.11308058,0.8888888888888888
barley,BaYMV,R2,KinCP,5,1,78,0.8333333333333334,0.02564102564102564,0.91988236,0.8795805,0.8974358974358975
barley,BaYMV,R2,KinCP,5,2,10,0.8,0.1,0.4610762,0.4300724,0.9
barley,BaYMV,R2,KinCP,5,3,8,1.0,0.0,0.74150103,0.7919971,0.875
barley,BaYMV,R2,KinCP,5,4,12,1.0,0.0,0.017027065,0.0994403,0.8333333333333334
barley,BaYMV,R2,KinCP-ABC,1,0,36,0.75,0.19444444444444445,-0.097501725,-0.097501725,1.0
barley,BaYMV,R2,KinCP-ABC,1,1,78,0.7435897435897436,0.05128205128205128,0.91988236,0.91988236,1.0
barley,BaYMV,R2,KinCP-ABC,1,2,10,0.7,0.2,0.4610762,0.4610762,1.0
barley,BaYMV,R2,KinCP-ABC,1,3,8,0.875,0.125,0.74150103,0.74150103,1.0
barley,BaYMV,R2,KinCP-ABC,1,4,12,1.0,0.0,0.017027065,0.017027065,1.0
barley,BaYMV,R2,KinCP-ABC,2,0,36,0.75,0.19444444444444445,-0.097501725,-0.097501725,1.0
barley,BaYMV,R2,KinCP-ABC,2,1,78,0.7435897435897436,0.05128205128205128,0.91988236,0.91988236,1.0
barley,BaYMV,R2,KinCP-ABC,2,2,10,0.7,0.2,0.4610762,0.4610762,1.0
barley,BaYMV,R2,KinCP-ABC,2,3,8,0.875,0.125,0.74150103,0.74150103,1.0
barley,BaYMV,R2,KinCP-ABC,2,4,12,1.0,0.0,0.017027065,0.017027065,1.0
barley,BaYMV,R2,KinCP-ABC,3,0,36,0.75,0.19444444444444445,-0.097501725,-0.097501725,1.0
barley,BaYMV,R2,KinCP-ABC,3,1,78,0.7435897435897436,0.05128205128205128,0.91988236,0.91988236,1.0
barley,BaYMV,R2,KinCP-ABC,3,2,10,0.7,0.2,0.4610762,0.4610762,1.0
barley,BaYMV,R2,KinCP-ABC,3,3,8,0.875,0.125,0.74150103,0.74150103,1.0
barley,BaYMV,R2,KinCP-ABC,3,4,12,1.0,0.0,0.017027065,0.017027065,1.0
barley,BaYMV,R2,KinCP-ABC,4,0,36,0.75,0.19444444444444445,-0.097501725,-0.097501725,1.0
barley,BaYMV,R2,KinCP-ABC,4,1,78,0.717948717948718,0.0641025641025641,0.91988236,0.91988236,1.0
barley,BaYMV,R2,KinCP-ABC,4,2,10,0.7,0.2,0.4610762,0.4610762,1.0
barley,BaYMV,R2,KinCP-ABC,4,3,8,0.875,0.125,0.74150103,0.74150103,1.0
barley,BaYMV,R2,KinCP-ABC,4,4,12,1.0,0.0,0.017027065,0.017027065,1.0
barley,BaYMV,R2,KinCP-ABC,5,0,36,0.75,0.19444444444444445,-0.097501725,-0.097501725,1.0
barley,BaYMV,R2,KinCP-ABC,5,1,78,0.717948717948718,0.0641025641025641,0.91988236,0.91988236,1.0
barley,BaYMV,R2,KinCP-ABC,5,2,10,0.7,0.2,0.4610762,0.4610762,1.0
barley,BaYMV,R2,KinCP-ABC,5,3,8,0.875,0.125,0.74150103,0.74150103,1.0
barley,BaYMV,R2,KinCP-ABC,5,4,12,1.0,0.0,0.017027065,0.017027065,1.0
barley,BaYMV,R2,SCP,1,0,36,0.8055555555555556,0.16666666666666666,-0.097501725,-0.07488307,0.8611111111111112
barley,BaYMV,R2,SCP,1,1,78,0.7307692307692307,0.07692307692307693,0.91988236,0.9296942,0.6025641025641025
barley,BaYMV,R2,SCP,1,2,10,0.8,0.1,0.4610762,0.1913974,0.6
barley,BaYMV,R2,SCP,1,3,8,0.75,0.125,0.74150103,0.186882,0.5
barley,BaYMV,R2,SCP,1,4,12,1.0,0.0,0.017027065,0.057935447,0.75
barley,BaYMV,R2,SCP,2,0,36,0.75,0.19444444444444445,-0.097501725,0.018346712,0.8055555555555556
barley,BaYMV,R2,SCP,2,1,78,0.6923076923076923,0.08974358974358974,0.91988236,0.8836267,0.7307692307692307
barley,BaYMV,R2,SCP,2,2,10,0.7,0.2,0.4610762,0.4610762,1.0
barley,BaYMV,R2,SCP,2,3,8,0.875,0.125,0.74150103,0.7003501,0.75
barley,BaYMV,R2,SCP,2,4,12,1.0,0.0,0.017027065,-0.010519515,0.75
barley,BaYMV,R2,SCP,3,0,36,0.8055555555555556,0.1388888888888889,-0.097501725,-0.14328681,0.75
barley,BaYMV,R2,SCP,3,1,78,0.717948717948718,0.0641025641025641,0.91988236,0.57402796,0.5512820512820513
barley,BaYMV,R2,SCP,3,2,10,0.8,0.1,0.4610762,0.50679696,0.9
barley,BaYMV,R2,SCP,3,3,8,0.875,0.125,0.74150103,0.4015404,0.75
barley,BaYMV,R2,SCP,3,4,12,1.0,0.0,0.017027065,-0.27598527,0.6666666666666666
barley,BaYMV,R2,SCP,4,0,36,0.8611111111111112,0.08333333333333333,-0.097501725,-0.040771626,0.7777777777777778
barley,BaYMV,R2,SCP,4,1,78,0.6794871794871795,0.11538461538461539,0.91988236,0.9633389,0.8461538461538461
barley,BaYMV,R2,SCP,4,2,10,0.8,0.1,0.4610762,0.74075174,0.5
barley,BaYMV,R2,SCP,4,3,8,0.875,0.125,0.74150103,0.58730114,0.875
barley,BaYMV,R2,SCP,4,4,12,1.0,0.0,0.017027065,-0.06778194,0.75
barley,BaYMV,R2,SCP,5,0,36,0.7777777777777778,0.16666666666666666,-0.097501725,0.021467404,0.8333333333333334
barley,BaYMV,R2,SCP,5,1,78,0.7435897435897436,0.07692307692307693,0.91988236,0.7034151,0.6666666666666666
barley,BaYMV,R2,SCP,5,2,10,0.9,0.0,0.4610762,-0.051082842,0.8
barley,BaYMV,R2,SCP,5,3,8,0.75,0.125,0.74150103,0.44264075,0.625
barley,BaYMV,R2,SCP,5,4,12,0.9166666666666666,0.08333333333333333,0.017027065,0.06720152,0.6666666666666666
bean,DF,R1,CV+,1,0,9,0.8888888888888888,0.1111111111111111,1.7989012,1.7989012,1.0
bean,DF,R1,CV+,1,1,9,0.7777777777777778,0.0,1.7720871,1.5946598,0.8888888888888888
bean,DF,R1,CV+,1,2,9,1.0,0.0,1.1908168,1.1908168,1.0
bean,DF,R1,CV+,1,3,9,0.7777777777777778,0.2222222222222222,1.347775,1.347775,1.0
bean,DF,R1,CV+,1,4,9,0.8888888888888888,0.1111111111111111,1.1430087,1.1881241,0.8888888888888888
bean,DF,R1,CV+,2,0,9,0.8888888888888888,0.1111111111111111,0.9580678,0.85234284,0.8888888888888888
bean,DF,R1,CV+,2,1,9,1.0,0.0,1.6642201,1.7812076,0.8888888888888888
bean,DF,R1,CV+,2,2,9,0.7777777777777778,0.0,1.6988618,1.592855,0.8888888888888888
bean,DF,R1,CV+,2,3,9,0.8888888888888888,0.1111111111111111,1.3488795,1.3488797,1.0
bean,DF,R1,CV+,2,4,9,0.7777777777777778,0.1111111111111111,1.5408543,1.652045,0.8888888888888888
bean,DF,R1,CV+,3,0,9,0.8888888888888888,0.1111111111111111,1.5629001,1.5020149,0.8888888888888888
bean,DF,R1,CV+,3,1,9,0.8888888888888888,0.0,1.4278947,1.504076,0.8888888888888888
bean,DF,R1,CV+,3,2,9,1.0,0.0,1.60066,1.6034924,0.8888888888888888
bean,DF,R1,CV+,3,3,9,0.7777777777777778,0.0,1.3910844,1.6242787,0.8888888888888888
bean,DF,R1,CV+,3,4,9,0.6666666666666666,0.3333333333333333,0.9360256,0.8084123,0.8888888888888888
bean,DF,R1,CV+,4,0,9,0.8888888888888888,0.1111111111111111,1.1888874,1.1888874,1.0
bean,DF,R1,CV+,4,1,9,0.7777777777777778,0.2222222222222222,1.2553626,1.2553626,1.0
bean,DF,R1,CV+,4,2,9,0.8888888888888888,0.0,1.4738109,1.4738109,1.0
bean,DF,R1,CV+,4,3,9,0.8888888888888888,0.0,1.1227118,1.1227118,1.0
bean,DF,R1,CV+,4,4,9,0.8888888888888888,0.1111111111111111,1.5407963,1.5407963,1.0
bean,DF,R1,CV+,5,0,9,1.0,0.0,1.3112543,1.1886724,0.8888888888888888
bean,DF,R1,CV+,5,1,9,0.8888888888888888,0.1111111111111111,1.5187106,1.5187106,1.0
bean,DF,R1,CV+,5,2,9,0.8888888888888888,0.1111111111111111,1.4947134,1.6674597,0.8888888888888888
bean,DF,R1,CV+,5,3,9,0.8888888888888888,0.0,1.5418723,1.5777874,0.8888888888888888
bean,DF,R1,CV+,5,4,9,0.7777777777777778,0.0,1.6130084,1.5594577,0.8888888888888888
bean,DF,R1,CalPred-style,1,0,9,0.8888888888888888,0.1111111111111111,1.7989012,1.7989012,1.0
bean,DF,R1,CalPred-style,1,1,9,0.6666666666666666,0.1111111111111111,1.7720871,1.7720871,1.0
bean,DF,R1,CalPred-style,1,2,9,1.0,0.0,1.1908168,1.1908168,1.0
bean,DF,R1,CalPred-style,1,3,9,0.7777777777777778,0.2222222222222222,1.347775,1.347775,1.0
bean,DF,R1,CalPred-style,1,4,9,0.8888888888888888,0.1111111111111111,1.1430087,1.1430087,1.0
bean,DF,R1,CalPred-style,2,0,9,0.8888888888888888,0.1111111111111111,0.9580678,0.9580678,1.0
bean,DF,R1,CalPred-style,2,1,9,1.0,0.0,1.6642201,1.6642201,1.0
bean,DF,R1,CalPred-style,2,2,9,0.8888888888888888,0.0,1.6988618,1.698862,1.0
bean,DF,R1,CalPred-style,2,3,9,0.8888888888888888,0.1111111111111111,1.3488795,1.3488795,1.0
bean,DF,R1,CalPred-style,2,4,9,0.7777777777777778,0.1111111111111111,1.5408543,1.5408543,1.0
bean,DF,R1,CalPred-style,3,0,9,0.8888888888888888,0.1111111111111111,1.5629001,1.5629,1.0
bean,DF,R1,CalPred-style,3,1,9,0.8888888888888888,0.0,1.4278947,1.4278946,1.0
bean,DF,R1,CalPred-style,3,2,9,1.0,0.0,1.60066,1.60066,1.0
bean,DF,R1,CalPred-style,3,3,9,0.7777777777777778,0.0,1.3910844,1.3910844,1.0
bean,DF,R1,CalPred-style,3,4,9,0.6666666666666666,0.3333333333333333,0.9360256,0.9092832,0.8888888888888888
bean,DF,R1,CalPred-style,4,0,9,0.8888888888888888,0.1111111111111111,1.1888874,1.1888874,1.0
bean,DF,R1,CalPred-style,4,1,9,0.7777777777777778,0.2222222222222222,1.2553626,1.4279428,0.8888888888888888
bean,DF,R1,CalPred-style,4,2,9,0.8888888888888888,0.0,1.4738109,1.4738109,1.0
bean,DF,R1,CalPred-style,4,3,9,0.8888888888888888,0.0,1.1227118,1.1227118,1.0
bean,DF,R1,CalPred-style,4,4,9,0.8888888888888888,0.1111111111111111,1.5407963,1.5407963,1.0
bean,DF,R1,CalPred-style,5,0,9,1.0,0.0,1.3112543,1.3112543,1.0
bean,DF,R1,CalPred-style,5,1,9,0.8888888888888888,0.1111111111111111,1.5187106,1.5187106,1.0
bean,DF,R1,CalPred-style,5,2,9,0.8888888888888888,0.1111111111111111,1.4947134,1.4947135,1.0
bean,DF,R1,CalPred-style,5,3,9,1.0,0.0,1.5418723,1.5777874,0.8888888888888888
bean,DF,R1,CalPred-style,5,4,9,0.7777777777777778,0.0,1.6130084,1.6130084,1.0
bean,DF,R1,Gauss-PEV,1,0,9,0.8888888888888888,0.1111111111111111,1.7989012,1.7989012,1.0
bean,DF,R1,Gauss-PEV,1,1,9,0.6666666666666666,0.1111111111111111,1.7720871,1.7720871,1.0
bean,DF,R1,Gauss-PEV,1,2,9,1.0,0.0,1.1908168,1.1841959,0.8888888888888888
bean,DF,R1,Gauss-PEV,1,3,9,0.7777777777777778,0.2222222222222222,1.347775,1.347775,1.0
bean,DF,R1,Gauss-PEV,1,4,9,0.8888888888888888,0.1111111111111111,1.1430087,1.1535969,0.8888888888888888
bean,DF,R1,Gauss-PEV,2,0,9,0.8888888888888888,0.1111111111111111,0.9580678,0.8583186,0.8888888888888888
bean,DF,R1,Gauss-PEV,2,1,9,1.0,0.0,1.6642201,1.7222342,0.8888888888888888
bean,DF,R1,Gauss-PEV,2,2,9,0.8888888888888888,0.0,1.6988618,1.6988618,1.0
bean,DF,R1,Gauss-PEV,2,3,9,0.8888888888888888,0.1111111111111111,1.3488795,1.3488797,1.0
bean,DF,R1,Gauss-PEV,2,4,9,0.7777777777777778,0.1111111111111111,1.5408543,1.6420664,0.8888888888888888
bean,DF,R1,Gauss-PEV,3,0,9,0.6666666666666666,0.2222222222222222,1.5629001,1.5020149,0.8888888888888888
bean,DF,R1,Gauss-PEV,3,1,9,0.8888888888888888,0.0,1.4278947,1.4278947,1.0
bean,DF,R1,Gauss-PEV,3,2,9,1.0,0.0,1.60066,1.60066,1.0
bean,DF,R1,Gauss-PEV,3,3,9,0.7777777777777778,0.0,1.3910844,1.3910844,1.0
bean,DF,R1,Gauss-PEV,3,4,9,0.6666666666666666,0.3333333333333333,0.9360256,0.9360256,1.0
bean,DF,R1,Gauss-PEV,4,0,9,0.8888888888888888,0.1111111111111111,1.1888874,1.1672934,0.8888888888888888
bean,DF,R1,Gauss-PEV,4,1,9,0.7777777777777778,0.2222222222222222,1.2553626,1.2553626,1.0
bean,DF,R1,Gauss-PEV,4,2,9,0.8888888888888888,0.0,1.4738109,1.4738108,1.0
bean,DF,R1,Gauss-PEV,4,3,9,0.8888888888888888,0.0,1.1227118,1.1227118,1.0
bean,DF,R1,Gauss-PEV,4,4,9,0.8888888888888888,0.1111111111111111,1.5407963,1.5407963,1.0
bean,DF,R1,Gauss-PEV,5,0,9,1.0,0.0,1.3112543,1.3112543,1.0
bean,DF,R1,Gauss-PEV,5,1,9,0.7777777777777778,0.2222222222222222,1.5187106,1.5187106,1.0
bean,DF,R1,Gauss-PEV,5,2,9,0.8888888888888888,0.1111111111111111,1.4947134,1.5444076,0.8888888888888888
bean,DF,R1,Gauss-PEV,5,3,9,1.0,0.0,1.5418723,1.5418723,1.0
bean,DF,R1,Gauss-PEV,5,4,9,0.7777777777777778,0.0,1.6130084,1.5348532,0.8888888888888888
bean,DF,R1,KinCP,1,0,9,0.7777777777777778,0.1111111111111111,1.7989012,1.7989012,1.0
bean,DF,R1,KinCP,1,1,9,0.6666666666666666,0.1111111111111111,1.7720871,1.7720871,1.0
bean,DF,R1,KinCP,1,2,9,1.0,0.0,1.1908168,1.3005348,0.8888888888888888
bean,DF,R1,KinCP,1,3,9,0.7777777777777778,0.2222222222222222,1.347775,1.347775,1.0
bean,DF,R1,KinCP,1,4,9,0.8888888888888888,0.1111111111111111,1.1430087,1.1761546,0.7777777777777778
bean,DF,R1,KinCP,2,0,9,0.7777777777777778,0.2222222222222222,0.9580678,0.7815531,0.8888888888888888
bean,DF,R1,KinCP,2,1,9,1.0,0.0,1.6642201,1.66422,1.0
bean,DF,R1,KinCP,2,2,9,0.8888888888888888,0.0,1.6988618,1.698862,1.0
bean,DF,R1,KinCP,2,3,9,0.8888888888888888,0.1111111111111111,1.3488795,1.3488795,1.0
bean,DF,R1,KinCP,2,4,9,0.7777777777777778,0.1111111111111111,1.5408543,1.5408543,1.0
bean,DF,R1,KinCP,3,0,9,0.6666666666666666,0.2222222222222222,1.5629001,1.5020149,0.8888888888888888
bean,DF,R1,KinCP,3,1,9,0.8888888888888888,0.0,1.4278947,1.4278947,1.0
bean,DF,R1,KinCP,3,2,9,1.0,0.0,1.60066,1.60066,1.0
bean,DF,R1,KinCP,3,3,9,0.6666666666666666,0.1111111111111111,1.3910844,1.3910844,1.0
bean,DF,R1,KinCP,3,4,9,0.6666666666666666,0.3333333333333333,0.9360256,0.9360256,1.0
bean,DF,R1,KinCP,4,0,9,0.8888888888888888,0.1111111111111111,1.1888874,1.1888874,1.0
bean,DF,R1,KinCP,4,1,9,0.7777777777777778,0.2222222222222222,1.2553626,1.2553626,1.0
bean,DF,R1,KinCP,4,2,9,0.8888888888888888,0.0,1.4738109,1.5888516,0.8888888888888888
bean,DF,R1,KinCP,4,3,9,0.8888888888888888,0.0,1.1227118,1.1227118,1.0
bean,DF,R1,KinCP,4,4,9,0.8888888888888888,0.1111111111111111,1.5407963,1.5407963,1.0
bean,DF,R1,KinCP,5,0,9,1.0,0.0,1.3112543,1.3112543,1.0
bean,DF,R1,KinCP,5,1,9,0.7777777777777778,0.2222222222222222,1.5187106,1.5220072,0.8888888888888888
bean,DF,R1,KinCP,5,2,9,0.8888888888888888,0.1111111111111111,1.4947134,1.5444076,0.8888888888888888
bean,DF,R1,KinCP,5,3,9,1.0,0.0,1.5418723,1.5418723,1.0
bean,DF,R1,KinCP,5,4,9,0.7777777777777778,0.0,1.6130084,1.5348532,0.8888888888888888
bean,DF,R1,KinCP-ABC,1,0,9,0.8888888888888888,0.1111111111111111,1.7989012,1.7989012,1.0
bean,DF,R1,KinCP-ABC,1,1,9,0.6666666666666666,0.1111111111111111,1.7720871,1.7720871,1.0
bean,DF,R1,KinCP-ABC,1,2,9,1.0,0.0,1.1908168,1.1908168,1.0
bean,DF,R1,KinCP-ABC,1,3,9,0.7777777777777778,0.2222222222222222,1.347775,1.347775,1.0
bean,DF,R1,KinCP-ABC,1,4,9,0.8888888888888888,0.1111111111111111,1.1430087,1.1430087,1.0
bean,DF,R1,KinCP-ABC,2,0,9,0.8888888888888888,0.1111111111111111,0.9580678,0.9580678,1.0
bean,DF,R1,KinCP-ABC,2,1,9,1.0,0.0,1.6642201,1.6642201,1.0
bean,DF,R1,KinCP-ABC,2,2,9,0.7777777777777778,0.0,1.6988618,1.6988618,1.0
bean,DF,R1,KinCP-ABC,2,3,9,0.8888888888888888,0.1111111111111111,1.3488795,1.3488795,1.0
bean,DF,R1,KinCP-ABC,2,4,9,0.7777777777777778,0.1111111111111111,1.5408543,1.5408543,1.0
bean,DF,R1,KinCP-ABC,3,0,9,0.6666666666666666,0.2222222222222222,1.5629001,1.5629001,1.0
bean,DF,R1,KinCP-ABC,3,1,9,0.8888888888888888,0.0,1.4278947,1.4278947,1.0
bean,DF,R1,KinCP-ABC,3,2,9,1.0,0.0,1.60066,1.60066,1.0
bean,DF,R1,KinCP-ABC,3,3,9,0.7777777777777778,0.0,1.3910844,1.3910844,1.0
bean,DF,R1,KinCP-ABC,3,4,9,0.6666666666666666,0.3333333333333333,0.9360256,0.9360256,1.0
bean,DF,R1,KinCP-ABC,4,0,9,0.8888888888888888,0.1111111111111111,1.1888874,1.1888874,1.0
bean,DF,R1,KinCP-ABC,4,1,9,0.7777777777777778,0.2222222222222222,1.2553626,1.2553626,1.0
bean,DF,R1,KinCP-ABC,4,2,9,0.8888888888888888,0.0,1.4738109,1.4738109,1.0
bean,DF,R1,KinCP-ABC,4,3,9,0.8888888888888888,0.0,1.1227118,1.1227118,1.0
bean,DF,R1,KinCP-ABC,4,4,9,0.8888888888888888,0.1111111111111111,1.5407963,1.5407963,1.0
bean,DF,R1,KinCP-ABC,5,0,9,1.0,0.0,1.3112543,1.3112543,1.0
bean,DF,R1,KinCP-ABC,5,1,9,0.7777777777777778,0.2222222222222222,1.5187106,1.5187106,1.0
bean,DF,R1,KinCP-ABC,5,2,9,0.8888888888888888,0.1111111111111111,1.4947134,1.4947134,1.0
bean,DF,R1,KinCP-ABC,5,3,9,0.8888888888888888,0.0,1.5418723,1.5418723,1.0
bean,DF,R1,KinCP-ABC,5,4,9,0.7777777777777778,0.0,1.6130084,1.6130084,1.0
bean,DF,R1,SCP,1,0,9,0.6666666666666666,0.1111111111111111,1.7989012,1.6117767,0.8888888888888888
bean,DF,R1,SCP,1,1,9,0.7777777777777778,0.0,1.7720871,1.7397411,0.8888888888888888
bean,DF,R1,SCP,1,2,9,0.8888888888888888,0.0,1.1908168,1.1908168,1.0
bean,DF,R1,SCP,1,3,9,0.8888888888888888,0.1111111111111111,1.347775,1.4169431,0.8888888888888888
bean,DF,R1,SCP,1,4,9,0.8888888888888888,0.1111111111111111,1.1430087,1.1807584,0.8888888888888888
bean,DF,R1,SCP,2,0,9,0.8888888888888888,0.1111111111111111,0.9580678,1.0513816,0.7777777777777778
bean,DF,R1,SCP,2,1,9,0.8888888888888888,0.0,1.6642201,1.7222342,0.8888888888888888
bean,DF,R1,SCP,2,2,9,0.7777777777777778,0.0,1.6988618,1.7341975,0.7777777777777778
bean,DF,R1,SCP,2,3,9,0.7777777777777778,0.1111111111111111,1.3488795,1.3488796,1.0
bean,DF,R1,SCP,2,4,9,0.5555555555555556,0.1111111111111111,1.5408543,1.4510465,0.8888888888888888
bean,DF,R1,SCP,3,0,9,0.7777777777777778,0.1111111111111111,1.5629001,1.477,0.8888888888888888
bean,DF,R1,SCP,3,1,9,0.7777777777777778,0.0,1.4278947,1.4255722,0.7777777777777778
bean,DF,R1,SCP,3,2,9,1.0,0.0,1.60066,1.615766,0.6666666666666666
bean,DF,R1,SCP,3,3,9,0.7777777777777778,0.0,1.3910844,1.3910844,1.0
bean,DF,R1,SCP,3,4,9,0.7777777777777778,0.2222222222222222,0.9360256,0.8980233,0.8888888888888888
bean,DF,R1,SCP,4,0,9,0.7777777777777778,0.1111111111111111,1.1888874,1.2926319,0.4444444444444444
bean,DF,R1,SCP,4,1,9,0.7777777777777778,0.2222222222222222,1.2553626,1.4279428,0.8888888888888888
bean,DF,R1,SCP,4,2,9,0.7777777777777778,0.0,1.4738109,1.5921793,0.8888888888888888
bean,DF,R1,SCP,4,3,9,0.8888888888888888,0.0,1.1227118,1.2788496,0.7777777777777778
bean,DF,R1,SCP,4,4,9,0.7777777777777778,0.1111111111111111,1.5407963,1.6000831,0.8888888888888888
bean,DF,R1,SCP,5,0,9,0.8888888888888888,0.1111111111111111,1.3112543,1.3822962,0.8888888888888888
bean,DF,R1,SCP,5,1,9,0.7777777777777778,0.2222222222222222,1.5187106,1.5187107,1.0
bean,DF,R1,SCP,5,2,9,0.8888888888888888,0.1111111111111111,1.4947134,1.3593564,0.7777777777777778
bean,DF,R1,SCP,5,3,9,1.0,0.0,1.5418723,1.4537166,0.7777777777777778
bean,DF,R1,SCP,5,4,9,0.7777777777777778,0.0,1.6130084,1.5377479,0.6666666666666666
bean,DF,R2,CV+,1,0,24,0.9166666666666666,0.08333333333333333,0.9190938,0.98912734,0.9166666666666666
bean,DF,R2,CV+,1,1,2,0.5,0.0,2.2390966,2.2390966,1.0
bean,DF,R2,CV+,1,2,5,1.0,0.0,1.6059825,1.6059825,1.0
bean,DF,R2,CV+,1,3,4,1.0,0.0,1.7373465,1.3862813,0.75
bean,DF,R2,CV+,1,4,9,0.8888888888888888,0.0,2.1022503,2.2806494,0.8888888888888888
bean,DF,R2,CV+,2,0,24,0.9166666666666666,0.08333333333333333,0.9190938,0.9297686,0.875
bean,DF,R2,CV+,2,1,2,0.5,0.0,2.2390966,2.2390966,1.0
bean,DF,R2,CV+,2,2,5,1.0,0.0,1.6059825,1.6059825,1.0
bean,DF,R2,CV+,2,3,4,1.0,0.0,1.7373465,1.7373465,1.0
bean,DF,R2,CV+,2,4,9,0.8888888888888888,0.0,2.1022503,2.1280909,0.8888888888888888
bean,DF,R2,CV+,3,0,24,0.9166666666666666,0.08333333333333333,0.9190938,0.7924509,0.875
bean,DF,R2,CV+,3,1,2,0.5,0.0,2.2390966,2.2390966,1.0
bean,DF,R2,CV+,3,2,5,1.0,0.0,1.6059825,1.1309953,0.8
bean,DF,R2,CV+,3,3,4,1.0,0.0,1.7373465,1.3862813,0.75
bean,DF,R2,CV+,3,4,9,0.8888888888888888,0.0,2.1022503,2.1280909,0.8888888888888888
bean,DF,R2,CV+,4,0,24,0.9166666666666666,0.08333333333333333,0.9190938,0.7979501,0.875
bean,DF,R2,CV+,4,1,2,0.5,0.0,2.2390966,2.2390966,1.0
bean,DF,R2,CV+,4,2,5,1.0,0.0,1.6059825,1.6059825,1.0
bean,DF,R2,CV+,4,3,4,1.0,0.0,1.7373465,1.3862813,0.75
bean,DF,R2,CV+,4,4,9,0.8888888888888888,0.0,2.1022503,2.1837475,0.8888888888888888
bean,DF,R2,CV+,5,0,24,0.9166666666666666,0.08333333333333333,0.9190938,0.8099189,0.875
bean,DF,R2,CV+,5,1,2,0.5,0.0,2.2390966,2.2390966,1.0
bean,DF,R2,CV+,5,2,5,1.0,0.0,1.6059825,1.6059825,1.0
bean,DF,R2,CV+,5,3,4,1.0,0.0,1.7373465,1.3862813,0.75
bean,DF,R2,CV+,5,4,9,0.8888888888888888,0.0,2.1022503,2.128091,0.8888888888888888
bean,DF,R2,CalPred-style,1,0,24,0.9166666666666666,0.08333333333333333,0.9190938,0.88528997,0.9583333333333334
bean,DF,R2,CalPred-style,1,1,2,0.5,0.0,2.2390966,2.2390966,1.0
bean,DF,R2,CalPred-style,1,2,5,1.0,0.0,1.6059825,1.6059825,1.0
bean,DF,R2,CalPred-style,1,3,4,1.0,0.0,1.7373465,1.7373465,1.0
bean,DF,R2,CalPred-style,1,4,9,0.8888888888888888,0.0,2.1022503,2.1022503,1.0
bean,DF,R2,CalPred-style,2,0,24,0.9166666666666666,0.08333333333333333,0.9190938,0.88528997,0.9583333333333334
bean,DF,R2,CalPred-style,2,1,2,0.5,0.0,2.2390966,2.2390966,1.0
bean,DF,R2,CalPred-style,2,2,5,1.0,0.0,1.6059825,1.6059825,1.0
bean,DF,R2,CalPred-style,2,3,4,1.0,0.0,1.7373465,1.7373465,1.0
bean,DF,R2,CalPred-style,2,4,9,0.8888888888888888,0.0,2.1022503,2.1022506,1.0
bean,DF,R2,CalPred-style,3,0,24,0.9166666666666666,0.08333333333333333,0.9190938,0.9190938,1.0
bean,DF,R2,CalPred-style,3,1,2,0.5,0.0,2.2390966,2.2390966,1.0
bean,DF,R2,CalPred-style,3,2,5,1.0,0.0,1.6059825,1.6059825,1.0
bean,DF,R2,CalPred-style,3,3,4,1.0,0.0,1.7373465,1.7373465,1.0
bean,DF,R2,CalPred-style,3,4,9,0.8888888888888888,0.0,2.1022503,2.1022506,1.0
bean,DF,R2,CalPred-style,4,0,24,0.9166666666666666,0.08333333333333333,0.9190938,0.88528997,0.9583333333333334
bean,DF,R2,CalPred-style,4,1,2,0.5,0.0,2.2390966,2.2390966,1.0
bean,DF,R2,CalPred-style,4,2,5,1.0,0.0,1.6059825,1.6059825,1.0
bean,DF,R2,CalPred-style,4,3,4,1.0,0.0,1.7373465,1.7373465,1.0
bean,DF,R2,CalPred-style,4,4,9,0.8888888888888888,0.0,2.1022503,2.1022503,1.0
bean,DF,R2,CalPred-style,5,0,24,0.9166666666666666,0.08333333333333333,0.9190938,0.88528997,0.9583333333333334
bean,DF,R2,CalPred-style,5,1,2,0.5,0.0,2.2390966,2.2390966,1.0
bean,DF,R2,CalPred-style,5,2,5,1.0,0.0,1.6059825,1.6059825,1.0
bean,DF,R2,CalPred-style,5,3,4,1.0,0.0,1.7373465,1.7373465,1.0
bean,DF,R2,CalPred-style,5,4,9,0.8888888888888888,0.0,2.1022503,2.1022503,1.0
bean,DF,R2,Gauss-PEV,1,0,24,0.8333333333333334,0.16666666666666666,0.9190938,0.88221693,0.9166666666666666
bean,DF,R2,Gauss-PEV,1,1,2,0.5,0.0,2.2390966,2.2390966,1.0
bean,DF,R2,Gauss-PEV,1,2,5,1.0,0.0,1.6059825,1.1309953,0.8
bean,DF,R2,Gauss-PEV,1,3,4,1.0,0.0,1.7373465,1.7373465,1.0
bean,DF,R2,Gauss-PEV,1,4,9,0.8888888888888888,0.0,2.1022503,2.1022506,1.0
bean,DF,R2,Gauss-PEV,2,0,24,0.8333333333333334,0.16666666666666666,0.9190938,0.88221693,0.9166666666666666
bean,DF,R2,Gauss-PEV,2,1,2,0.5,0.0,2.2390966,2.2390966,1.0
bean,DF,R2,Gauss-PEV,2,2,5,1.0,0.0,1.6059825,1.1309953,0.8
bean,DF,R2,Gauss-PEV,2,3,4,1.0,0.0,1.7373465,1.7373465,1.0
bean,DF,R2,Gauss-PEV,2,4,9,0.8888888888888888,0.0,2.1022503,2.1022506,1.0
bean,DF,R2,Gauss-PEV,3,0,24,0.8333333333333334,0.16666666666666666,0.9190938,0.88221693,0.9166666666666666
bean,DF,R2,Gauss-PEV,3,1,2,0.5,0.0,2.2390966,2.2390966,1.0
bean,DF,R2,Gauss-PEV,3,2,5,1.0,0.0,1.6059825,1.1309953,0.8
bean,DF,R2,Gauss-PEV,3,3,4,1.0,0.0,1.7373465,1.7373465,1.0
bean,DF,R2,Gauss-PEV,3,4,9,0.8888888888888888,0.0,2.1022503,2.1022506,1.0
bean,DF,R2,Gauss-PEV,4,0,24,0.8333333333333334,0.16666666666666666,0.9190938,0.88221693,0.9166666666666666
bean,DF,R2,Gauss-PEV,4,1,2,0.5,0.0,2.2390966,2.2390966,1.0
bean,DF,R2,Gauss-PEV,4,2,5,1.0,0.0,1.6059825,1.1309953,0.8
bean,DF,R2,Gauss-PEV,4,3,4,1.0,0.0,1.7373465,1.7373465,1.0
bean,DF,R2,Gauss-PEV,4,4,9,0.8888888888888888,0.0,2.1022503,2.1022506,1.0
bean,DF,R2,Gauss-PEV,5,0,24,0.8333333333333334,0.16666666666666666,0.9190938,0.88221693,0.9166666666666666
bean,DF,R2,Gauss-PEV,5,1,2,0.5,0.0,2.2390966,2.2390966,1.0
bean,DF,R2,Gauss-PEV,5,2,5,1.0,0.0,1.6059825,1.1309953,0.8
bean,DF,R2,Gauss-PEV,5,3,4,1.0,0.0,1.7373465,1.7373465,1.0
bean,DF,R2,Gauss-PEV,5,4,9,0.8888888888888888,0.0,2.1022503,2.1022506,1.0
bean,DF,R2,KinCP,1,0,24,0.9166666666666666,0.08333333333333333,0.9190938,0.88528997,0.9583333333333334
bean,DF,R2,KinCP,1,1,2,0.5,0.0,2.2390966,2.2390966,1.0
bean,DF,R2,KinCP,1,2,5,1.0,0.0,1.6059825,1.6059825,1.0
bean,DF,R2,KinCP,1,3,4,1.0,0.0,1.7373465,1.7373465,1.0
bean,DF,R2,KinCP,1,4,9,0.8888888888888888,0.0,2.1022503,2.128091,0.8888888888888888
bean,DF,R2,KinCP,2,0,24,0.8333333333333334,0.16666666666666666,0.9190938,0.8878779,0.875
bean,DF,R2,KinCP,2,1,2,0.5,0.0,2.2390966,2.2390966,1.0
bean,DF,R2,KinCP,2,2,5,1.0,0.0,1.6059825,1.5515038,0.8
bean,DF,R2,KinCP,2,3,4,1.0,0.0,1.7373465,1.7373465,1.0
bean,DF,R2,KinCP,2,4,9,0.8888888888888888,0.0,2.1022503,2.1022506,1.0
bean,DF,R2,KinCP,3,0,24,0.9166666666666666,0.08333333333333333,0.9190938,0.88577515,0.9166666666666666
bean,DF,R2,KinCP,3,1,2,0.5,0.0,2.2390966,2.2390966,1.0
bean,DF,R2,KinCP,3,2,5,1.0,0.0,1.6059825,1.6059825,1.0
bean,DF,R2,KinCP,3,3,4,1.0,0.0,1.7373465,1.3862813,0.75
bean,DF,R2,KinCP,3,4,9,0.8888888888888888,0.0,2.1022503,2.1022506,1.0
bean,DF,R2,KinCP,4,0,24,0.9166666666666666,0.08333333333333333,0.9190938,0.88658386,0.9583333333333334
bean,DF,R2,KinCP,4,1,2,0.5,0.0,2.2390966,2.2390966,1.0
bean,DF,R2,KinCP,4,2,5,1.0,0.0,1.6059825,1.6059825,1.0
bean,DF,R2,KinCP,4,3,4,1.0,0.0,1.7373465,1.7373465,1.0
bean,DF,R2,KinCP,4,4,9,0.8888888888888888,0.0,2.1022503,2.1022506,1.0
bean,DF,R2,KinCP,5,0,24,0.9166666666666666,0.08333333333333333,0.9190938,0.9190938,1.0
bean,DF,R2,KinCP,5,1,2,0.5,0.0,2.2390966,2.2390966,1.0
bean,DF,R2,KinCP,5,2,5,1.0,0.0,1.6059825,1.1309953,0.8
bean,DF,R2,KinCP,5,3,4,1.0,0.0,1.7373465,1.7373465,1.0
bean,DF,R2,KinCP,5,4,9,0.8888888888888888,0.0,2.1022503,2.128091,0.8888888888888888
bean,DF,R2,KinCP-ABC,1,0,24,0.7916666666666666,0.20833333333333334,0.9190938,0.9190938,1.0
bean,DF,R2,KinCP-ABC,1,1,2,0.5,0.0,2.2390966,2.2390966,1.0
bean,DF,R2,KinCP-ABC,1,2,5,1.0,0.0,1.6059825,1.6059825,1.0
bean,DF,R2,KinCP-ABC,1,3,4,1.0,0.0,1.7373465,1.7373465,1.0
bean,DF,R2,KinCP-ABC,1,4,9,0.8888888888888888,0.0,2.1022503,2.1022503,1.0
bean,DF,R2,KinCP-ABC,2,0,24,0.7916666666666666,0.20833333333333334,0.9190938,0.9190938,1.0
bean,DF,R2,KinCP-ABC,2,1,2,0.5,0.0,2.2390966,2.2390966,1.0
bean,DF,R2,KinCP-ABC,2,2,5,1.0,0.0,1.6059825,1.6059825,1.0
bean,DF,R2,KinCP-ABC,2,3,4,1.0,0.0,1.7373465,1.7373465,1.0
bean,DF,R2,KinCP-ABC,2,4,9,0.8888888888888888,0.0,2.1022503,2.1022503,1.0
bean,DF,R2,KinCP-ABC,3,0,24,0.7916666666666666,0.20833333333333334,0.9190938,0.9190938,1.0
bean,DF,R2,KinCP-ABC,3,1,2,0.5,0.0,2.2390966,2.2390966,1.0
bean,DF,R2,KinCP-ABC,3,2,5,1.0,0.0,1.6059825,1.6059825,1.0
bean,DF,R2,KinCP-ABC,3,3,4,1.0,0.0,1.7373465,1.7373465,1.0
bean,DF,R2,KinCP-ABC,3,4,9,0.8888888888888888,0.0,2.1022503,2.1022503,1.0
bean,DF,R2,KinCP-ABC,4,0,24,0.8333333333333334,0.16666666666666666,0.9190938,0.9190938,1.0
bean,DF,R2,KinCP-ABC,4,1,2,0.5,0.0,2.2390966,2.2390966,1.0
bean,DF,R2,KinCP-ABC,4,2,5,1.0,0.0,1.6059825,1.6059825,1.0
bean,DF,R2,KinCP-ABC,4,3,4,1.0,0.0,1.7373465,1.7373465,1.0
bean,DF,R2,KinCP-ABC,4,4,9,0.8888888888888888,0.0,2.1022503,2.1022503,1.0
bean,DF,R2,KinCP-ABC,5,0,24,0.8333333333333334,0.16666666666666666,0.9190938,0.9190938,1.0
bean,DF,R2,KinCP-ABC,5,1,2,0.5,0.0,2.2390966,2.2390966,1.0
bean,DF,R2,KinCP-ABC,5,2,5,1.0,0.0,1.6059825,1.6059825,1.0
bean,DF,R2,KinCP-ABC,5,3,4,1.0,0.0,1.7373465,1.7373465,1.0
bean,DF,R2,KinCP-ABC,5,4,9,0.8888888888888888,0.0,2.1022503,2.1022503,1.0
bean,DF,R2,SCP,1,0,24,0.7083333333333334,0.2916666666666667,0.9190938,0.91796154,0.8333333333333334
bean,DF,R2,SCP,1,1,2,0.5,0.0,2.2390966,2.2390966,1.0
bean,DF,R2,SCP,1,2,5,1.0,0.0,1.6059825,1.5080909,0.8
bean,DF,R2,SCP,1,3,4,1.0,0.0,1.7373465,1.3862813,0.75
bean,DF,R2,SCP,1,4,9,0.6666666666666666,0.0,2.1022503,2.1678457,0.7777777777777778
bean,DF,R2,SCP,2,0,24,0.9166666666666666,0.08333333333333333,0.9190938,0.9354295,0.8333333333333334
bean,DF,R2,SCP,2,1,2,0.5,0.0,2.2390966,2.2390966,1.0
bean,DF,R2,SCP,2,2,5,0.8,0.2,1.6059825,1.6059825,1.0
bean,DF,R2,SCP,2,3,4,0.75,0.0,1.7373465,1.3862813,0.75
bean,DF,R2,SCP,2,4,9,0.8888888888888888,0.0,2.1022503,1.9129192,0.6666666666666666
bean,DF,R2,SCP,3,0,24,0.875,0.125,0.9190938,0.78646654,0.7083333333333334
bean,DF,R2,SCP,3,1,2,0.5,0.0,2.2390966,2.2390966,1.0
bean,DF,R2,SCP,3,2,5,0.8,0.2,1.6059825,1.0875823,0.8
bean,DF,R2,SCP,3,3,4,1.0,0.0,1.7373465,1.715006,0.75
bean,DF,R2,SCP,3,4,9,0.8888888888888888,0.0,2.1022503,2.2960544,0.6666666666666666
bean,DF,R2,SCP,4,0,24,0.9583333333333334,0.041666666666666664,0.9190938,0.8024788,0.7083333333333334
bean,DF,R2,SCP,4,1,2,0.5,0.0,2.2390966,2.2390966,1.0
bean,DF,R2,SCP,4,2,5,1.0,0.0,1.6059825,1.0331036,0.6
bean,DF,R2,SCP,4,3,4,1.0,0.0,1.7373465,1.3862813,0.75
bean,DF,R2,SCP,4,4,9,0.4444444444444444,0.0,2.1022503,2.158901,0.6666666666666666
bean,DF,R2,SCP,5,0,24,0.875,0.125,0.9190938,0.797303,0.8333333333333334
bean,DF,R2,SCP,5,1,2,0.5,0.0,2.2390966,2.2390966,1.0
bean,DF,R2,SCP,5,2,5,0.6,0.0,1.6059825,1.1309953,0.8
bean,DF,R2,SCP,5,3,4,1.0,0.0,1.7373465,1.3862813,0.75
bean,DF,R2,SCP,5,4,9,0.8888888888888888,0.0,2.1022503,2.26276,0.6666666666666666
bean,DPM,R1,CV+,1,0,9,0.8888888888888888,0.0,1.6004405,1.6004405,1.0
bean,DPM,R1,CV+,1,1,9,0.8888888888888888,0.0,1.7983142,1.7983142,1.0
bean,DPM,R1,CV+,1,2,9,1.0,0.0,0.9366044,0.9366044,1.0
bean,DPM,R1,CV+,1,3,9,1.0,0.0,1.7427726,1.7427726,1.0
bean,DPM,R1,CV+,1,4,9,0.8888888888888888,0.0,1.1639323,1.1088933,0.8888888888888888
bean,DPM,R1,CV+,2,0,9,1.0,0.0,1.3144398,1.1874198,0.8888888888888888
bean,DPM,R1,CV+,2,1,9,0.8888888888888888,0.0,1.8105297,1.8105297,1.0
bean,DPM,R1,CV+,2,2,9,0.8888888888888888,0.1111111111111111,1.5232636,1.5232636,1.0
bean,DPM,R1,CV+,2,3,9,1.0,0.0,1.0385225,0.97266334,0.8888888888888888
bean,DPM,R1,CV+,2,4,9,1.0,0.0,1.4468226,1.4468226,1.0
bean,DPM,R1,CV+,3,0,9,0.8888888888888888,0.1111111111111111,1.4530612,1.4530612,1.0
bean,DPM,R1,CV+,3,1,9,1.0,0.0,1.1878351,1.3754582,0.8888888888888888
bean,DPM,R1,CV+,3,2,9,0.8888888888888888,0.1111111111111111,1.4087013,1.4670033,0.8888888888888888
bean,DPM,R1,CV+,3,3,9,0.7777777777777778,0.0,1.5703204,1.576467,0.8888888888888888
bean,DPM,R1,CV+,3,4,9,0.8888888888888888,0.0,1.1680707,1.1680707,1.0
bean,DPM,R1,CV+,4,0,9,0.8888888888888888,0.1111111111111111,1.1929228,1.1929228,1.0
bean,DPM,R1,CV+,4,1,9,1.0,0.0,1.0224116,1.1592237,0.8888888888888888
bean,DPM,R1,CV+,4,2,9,0.8888888888888888,0.0,1.9481618,1.9481616,1.0
bean,DPM,R1,CV+,4,3,9,0.7777777777777778,0.1111111111111111,1.143864,1.0979937,0.8888888888888888
bean,DPM,R1,CV+,4,4,9,0.8888888888888888,0.0,1.369465,1.369465,1.0
bean,DPM,R1,CV+,5,0,9,1.0,0.0,1.2129037,1.1026399,0.8888888888888888
bean,DPM,R1,CV+,5,1,9,0.8888888888888888,0.0,1.7235055,1.7235055,1.0
bean,DPM,R1,CV+,5,2,9,1.0,0.0,1.7068677,1.7687197,0.8888888888888888
bean,DPM,R1,CV+,5,3,9,0.7777777777777778,0.1111111111111111,1.3004977,1.2407314,0.8888888888888888
bean,DPM,R1,CV+,5,4,9,0.8888888888888888,0.1111111111111111,1.0274992,1.1523232,0.8888888888888888
bean,DPM,R1,CalPred-style,1,0,9,0.8888888888888888,0.0,1.6004405,1.6004405,1.0
bean,DPM,R1,CalPred-style,1,1,9,0.8888888888888888,0.0,1.7983142,1.7983142,1.0
bean,DPM,R1,CalPred-style,1,2,9,1.0,0.0,0.9366044,0.9366044,1.0
bean,DPM,R1,CalPred-style,1,3,9,1.0,0.0,1.7427726,1.7427726,1.0
bean,DPM,R1,CalPred-style,1,4,9,0.8888888888888888,0.0,1.1639323,1.1639323,1.0
bean,DPM,R1,CalPred-style,2,0,9,1.0,0.0,1.3144398,1.1874198,0.8888888888888888
bean,DPM,R1,CalPred-style,2,1,9,0.8888888888888888,0.0,1.8105297,1.8105297,1.0
bean,DPM,R1,CalPred-style,2,2,9,0.8888888888888888,0.1111111111111111,1.5232636,1.5232636,1.0
bean,DPM,R1,CalPred-style,2,3,9,1.0,0.0,1.0385225,1.0385225,1.0
bean,DPM,R1,CalPred-style,2,4,9,0.8888888888888888,0.0,1.4468226,1.4468226,1.0
bean,DPM,R1,CalPred-style,3,0,9,0.8888888888888888,0.1111111111111111,1.4530612,1.6867816,0.8888888888888888
bean,DPM,R1,CalPred-style,3,1,9,1.0,0.0,1.1878351,1.1825349,0.8888888888888888
bean,DPM,R1,CalPred-style,3,2,9,0.8888888888888888,0.1111111111111111,1.4087013,1.4087013,1.0
bean,DPM,R1,CalPred-style,3,3,9,0.7777777777777778,0.0,1.5703204,1.5703204,1.0
bean,DPM,R1,CalPred-style,3,4,9,0.8888888888888888,0.0,1.1680707,1.1680707,1.0
bean,DPM,R1,CalPred-style,4,0,9,0.8888888888888888,0.1111111111111111,1.1929228,1.1929228,1.0
bean,DPM,R1,CalPred-style,4,1,9,0.8888888888888888,0.0,1.0224116,1.1881124,0.8888888888888888
bean,DPM,R1,CalPred-style,4,2,9,0.8888888888888888,0.0,1.9481618,1.9481616,1.0
bean,DPM,R1,CalPred-style,4,3,9,0.7777777777777778,0.1111111111111111,1.143864,1.143864,1.0
bean,DPM,R1,CalPred-style,4,4,9,0.8888888888888888,0.0,1.369465,1.369465,1.0
bean,DPM,R1,CalPred-style,5,0,9,1.0,0.0,1.2129037,1.1026399,0.8888888888888888
bean,DPM,R1,CalPred-style,5,1,9,0.8888888888888888,0.0,1.7235055,1.7235055,1.0
bean,DPM,R1,CalPred-style,5,2,9,1.0,0.0,1.7068677,1.6650906,0.8888888888888888
bean,DPM,R1,CalPred-style,5,3,9,0.8888888888888888,0.1111111111111111,1.3004977,1.3004977,1.0
bean,DPM,R1,CalPred-style,5,4,9,0.8888888888888888,0.1111111111111111,1.0274992,1.1523232,0.8888888888888888
bean,DPM,R1,Gauss-PEV,1,0,9,0.8888888888888888,0.0,1.6004405,1.6004405,1.0
bean,DPM,R1,Gauss-PEV,1,1,9,0.8888888888888888,0.0,1.7983142,1.7983142,1.0
bean,DPM,R1,Gauss-PEV,1,2,9,1.0,0.0,0.9366044,0.96110034,0.8888888888888888
bean,DPM,R1,Gauss-PEV,1,3,9,1.0,0.0,1.7427726,1.7427726,1.0
bean,DPM,R1,Gauss-PEV,1,4,9,0.8888888888888888,0.0,1.1639323,1.1639323,1.0
bean,DPM,R1,Gauss-PEV,2,0,9,1.0,0.0,1.3144398,1.1874199,0.8888888888888888
bean,DPM,R1,Gauss-PEV,2,1,9,0.8888888888888888,0.0,1.8105297,1.8774412,0.8888888888888888
bean,DPM,R1,Gauss-PEV,2,2,9,0.8888888888888888,0.1111111111111111,1.5232636,1.5232636,1.0
bean,DPM,R1,Gauss-PEV,2,3,9,1.0,0.0,1.0385225,1.0385224,1.0
bean,DPM,R1,Gauss-PEV,2,4,9,0.8888888888888888,0.0,1.4468226,1.4468226,1.0
bean,DPM,R1,Gauss-PEV,3,0,9,0.8888888888888888,0.1111111111111111,1.4530612,1.4530612,1.0
bean,DPM,R1,Gauss-PEV,3,1,9,1.0,0.0,1.1878351,1.1825349,0.8888888888888888
bean,DPM,R1,Gauss-PEV,3,2,9,0.8888888888888888,0.1111111111111111,1.4087013,1.4087013,1.0
bean,DPM,R1,Gauss-PEV,3,3,9,0.7777777777777778,0.0,1.5703204,1.5703204,1.0
bean,DPM,R1,Gauss-PEV,3,4,9,0.8888888888888888,0.0,1.1680707,1.1680707,1.0
bean,DPM,R1,Gauss-PEV,4,0,9,0.8888888888888888,0.1111111111111111,1.1929228,1.1929228,1.0
bean,DPM,R1,Gauss-PEV,4,1,9,1.0,0.0,1.0224116,1.1881124,0.8888888888888888
bean,DPM,R1,Gauss-PEV,4,2,9,0.8888888888888888,0.0,1.9481618,1.9481616,1.0
bean,DPM,R1,Gauss-PEV,4,3,9,0.7777777777777778,0.1111111111111111,1.143864,1.143864,1.0
bean,DPM,R1,Gauss-PEV,4,4,9,0.8888888888888888,0.0,1.369465,1.369465,1.0
bean,DPM,R1,Gauss-PEV,5,0,9,1.0,0.0,1.2129037,1.1026399,0.8888888888888888
bean,DPM,R1,Gauss-PEV,5,1,9,0.8888888888888888,0.0,1.7235055,1.8680863,0.8888888888888888
bean,DPM,R1,Gauss-PEV,5,2,9,1.0,0.0,1.7068677,1.6650906,0.8888888888888888
bean,DPM,R1,Gauss-PEV,5,3,9,0.8888888888888888,0.1111111111111111,1.3004977,1.368802,0.8888888888888888
bean,DPM,R1,Gauss-PEV,5,4,9,0.8888888888888888,0.1111111111111111,1.0274992,1.0274992,1.0
bean,DPM,R1,KinCP,1,0,9,0.8888888888888888,0.0,1.6004405,1.6004405,1.0
bean,DPM,R1,KinCP,1,1,9,0.8888888888888888,0.0,1.7983142,1.7983142,1.0
bean,DPM,R1,KinCP,1,2,9,1.0,0.0,0.9366044,0.96110034,0.8888888888888888
bean,DPM,R1,KinCP,1,3,9,1.0,0.0,1.7427726,1.7427726,1.0
bean,DPM,R1,KinCP,1,4,9,0.8888888888888888,0.0,1.1639323,1.2470305,0.8888888888888888
bean,DPM,R1,KinCP,2,0,9,1.0,0.0,1.3144398,1.0661975,0.7777777777777778
bean,DPM,R1,KinCP,2,1,9,0.8888888888888888,0.0,1.8105297,1.8105297,1.0
bean,DPM,R1,KinCP,2,2,9,0.8888888888888888,0.1111111111111111,1.5232636,1.5232636,1.0
bean,DPM,R1,KinCP,2,3,9,1.0,0.0,1.0385225,1.105988,0.8888888888888888
bean,DPM,R1,KinCP,2,4,9,0.8888888888888888,0.0,1.4468226,1.6239848,0.8888888888888888
bean,DPM,R1,KinCP,3,0,9,0.8888888888888888,0.1111111111111111,1.4530612,1.4530612,1.0
bean,DPM,R1,KinCP,3,1,9,1.0,0.0,1.1878351,1.1878351,1.0
bean,DPM,R1,KinCP,3,2,9,0.8888888888888888,0.1111111111111111,1.4087013,1.4087013,1.0
bean,DPM,R1,KinCP,3,3,9,0.7777777777777778,0.0,1.5703204,1.5703204,1.0
bean,DPM,R1,KinCP,3,4,9,0.8888888888888888,0.0,1.1680707,1.0745711,0.8888888888888888
bean,DPM,R1,KinCP,4,0,9,0.8888888888888888,0.1111111111111111,1.1929228,1.1929228,1.0
bean,DPM,R1,KinCP,4,1,9,0.8888888888888888,0.0,1.0224116,1.1881124,0.8888888888888888
bean,DPM,R1,KinCP,4,2,9,0.8888888888888888,0.0,1.9481618,1.7682849,0.8888888888888888
bean,DPM,R1,KinCP,4,3,9,0.7777777777777778,0.1111111111111111,1.143864,1.143864,1.0
bean,DPM,R1,KinCP,4,4,9,1.0,0.0,1.369465,1.3694651,1.0
bean,DPM,R1,KinCP,5,0,9,1.0,0.0,1.2129037,1.2396667,0.8888888888888888
bean,DPM,R1,KinCP,5,1,9,0.8888888888888888,0.0,1.7235055,1.8680861,0.8888888888888888
bean,DPM,R1,KinCP,5,2,9,1.0,0.0,1.7068677,1.7068677,1.0
bean,DPM,R1,KinCP,5,3,9,0.8888888888888888,0.1111111111111111,1.3004977,1.2417986,0.8888888888888888
bean,DPM,R1,KinCP,5,4,9,0.8888888888888888,0.1111111111111111,1.0274992,1.0274992,1.0
bean,DPM,R1,KinCP-ABC,1,0,9,0.8888888888888888,0.0,1.6004405,1.6004405,1.0
bean,DPM,R1,KinCP-ABC,1,1,9,0.8888888888888888,0.0,1.7983142,1.7983142,1.0
bean,DPM,R1,KinCP-ABC,1,2,9,1.0,0.0,0.9366044,0.9366044,1.0
bean,DPM,R1,KinCP-ABC,1,3,9,1.0,0.0,1.7427726,1.7427726,1.0
bean,DPM,R1,KinCP-ABC,1,4,9,0.8888888888888888,0.0,1.1639323,1.1639323,1.0
bean,DPM,R1,KinCP-ABC,2,0,9,1.0,0.0,1.3144398,1.3144398,1.0
bean,DPM,R1,KinCP-ABC,2,1,9,0.8888888888888888,0.0,1.8105297,1.8105297,1.0
bean,DPM,R1,KinCP-ABC,2,2,9,0.8888888888888888,0.1111111111111111,1.5232636,1.5232636,1.0
bean,DPM,R1,KinCP-ABC,2,3,9,1.0,0.0,1.0385225,1.0385225,1.0
bean,DPM,R1,KinCP-ABC,2,4,9,0.8888888888888888,0.0,1.4468226,1.4468226,1.0
bean,DPM,R1,KinCP-ABC,3,0,9,0.8888888888888888,0.1111111111111111,1.4530612,1.4530612,1.0
bean,DPM,R1,KinCP-ABC,3,1,9,1.0,0.0,1.1878351,1.1878351,1.0
bean,DPM,R1,KinCP-ABC,3,2,9,0.8888888888888888,0.1111111111111111,1.4087013,1.4087013,1.0
bean,DPM,R1,KinCP-ABC,3,3,9,0.7777777777777778,0.0,1.5703204,1.5703204,1.0
bean,DPM,R1,KinCP-ABC,3,4,9,0.8888888888888888,0.0,1.1680707,1.1680707,1.0
bean,DPM,R1,KinCP-ABC,4,0,9,0.8888888888888888,0.1111111111111111,1.1929228,1.1929228,1.0
bean,DPM,R1,KinCP-ABC,4,1,9,1.0,0.0,1.0224116,1.0224116,1.0
bean,DPM,R1,KinCP-ABC,4,2,9,0.8888888888888888,0.0,1.9481618,1.9481618,1.0
bean,DPM,R1,KinCP-ABC,4,3,9,0.7777777777777778,0.1111111111111111,1.143864,1.143864,1.0
bean,DPM,R1,KinCP-ABC,4,4,9,0.8888888888888888,0.0,1.369465,1.369465,1.0
bean,DPM,R1,KinCP-ABC,5,0,9,1.0,0.0,1.2129037,1.2129037,1.0
bean,DPM,R1,KinCP-ABC,5,1,9,0.8888888888888888,0.0,1.7235055,1.7235055,1.0
bean,DPM,R1,KinCP-ABC,5,2,9,1.0,0.0,1.7068677,1.7068677,1.0
bean,DPM,R1,KinCP-ABC,5,3,9,0.8888888888888888,0.1111111111111111,1.3004977,1.3004977,1.0
bean,DPM,R1,KinCP-ABC,5,4,9,0.8888888888888888,0.1111111111111111,1.0274992,1.0274992,1.0
bean,DPM,R1,SCP,1,0,9,0.7777777777777778,0.0,1.6004405,1.5225059,0.7777777777777778
bean,DPM,R1,SCP,1,1,9,0.8888888888888888,0.0,1.7983142,1.90875,0.8888888888888888
bean,DPM,R1,SCP,1,2,9,1.0,0.0,0.9366044,1.1469506,0.7777777777777778
bean,DPM,R1,SCP,1,3,9,0.8888888888888888,0.0,1.7427726,1.5089306,0.8888888888888888
bean,DPM,R1,SCP,1,4,9,0.8888888888888888,0.0,1.1639323,1.2842628,0.7777777777777778
bean,DPM,R1,SCP,2,0,9,1.0,0.0,1.3144398,1.0182357,0.7777777777777778
bean,DPM,R1,SCP,2,1,9,0.8888888888888888,0.0,1.8105297,1.8105295,1.0
bean,DPM,R1,SCP,2,2,9,0.8888888888888888,0.1111111111111111,1.5232636,1.5232635,1.0
bean,DPM,R1,SCP,2,3,9,1.0,0.0,1.0385225,1.0229948,0.7777777777777778
bean,DPM,R1,SCP,2,4,9,0.7777777777777778,0.1111111111111111,1.4468226,1.538088,0.7777777777777778
bean,DPM,R1,SCP,3,0,9,0.7777777777777778,0.1111111111111111,1.4530612,1.4895129,0.7777777777777778
bean,DPM,R1,SCP,3,1,9,1.0,0.0,1.1878351,1.3754584,0.8888888888888888
bean,DPM,R1,SCP,3,2,9,0.8888888888888888,0.1111111111111111,1.4087013,1.4087014,1.0
bean,DPM,R1,SCP,3,3,9,0.7777777777777778,0.0,1.5703204,1.5703204,1.0
bean,DPM,R1,SCP,3,4,9,1.0,0.0,1.1680707,1.2615701,0.7777777777777778
bean,DPM,R1,SCP,4,0,9,0.8888888888888888,0.1111111111111111,1.1929228,1.1638852,0.8888888888888888
bean,DPM,R1,SCP,4,1,9,0.7777777777777778,0.1111111111111111,1.0224116,0.88505435,0.7777777777777778
bean,DPM,R1,SCP,4,2,9,0.7777777777777778,0.0,1.9481618,1.7002828,0.7777777777777778
bean,DPM,R1,SCP,4,3,9,0.7777777777777778,0.1111111111111111,1.143864,0.9806512,0.7777777777777778
bean,DPM,R1,SCP,4,4,9,0.8888888888888888,0.0,1.369465,1.369465,1.0
bean,DPM,R1,SCP,5,0,9,0.8888888888888888,0.0,1.2129037,1.1021047,0.8888888888888888
bean,DPM,R1,SCP,5,1,9,0.8888888888888888,0.0,1.7235055,1.5619473,0.6666666666666666
bean,DPM,R1,SCP,5,2,9,0.7777777777777778,0.0,1.7068677,1.4144275,0.7777777777777778
bean,DPM,R1,SCP,5,3,9,0.8888888888888888,0.1111111111111111,1.3004977,1.2556729,0.6666666666666666
bean,DPM,R1,SCP,5,4,9,0.8888888888888888,0.1111111111111111,1.0274992,1.0274992,1.0
bean,DPM,R2,CV+,1,0,24,1.0,0.0,0.82920235,0.694691,0.875
bean,DPM,R2,CV+,1,1,2,0.5,0.0,2.3986955,2.3986955,1.0
bean,DPM,R2,CV+,1,2,5,1.0,0.0,0.7131785,0.9603279,0.8
bean,DPM,R2,CV+,1,3,4,1.0,0.0,1.0992445,1.2290528,0.75
bean,DPM,R2,CV+,1,4,9,0.6666666666666666,0.0,2.242709,2.242709,1.0
bean,DPM,R2,CV+,2,0,24,1.0,0.0,0.82920235,0.7734294,0.9166666666666666
bean,DPM,R2,CV+,2,1,2,0.5,0.0,2.3986955,2.3986955,1.0
bean,DPM,R2,CV+,2,2,5,1.0,0.0,0.7131785,0.7131785,1.0
bean,DPM,R2,CV+,2,3,4,1.0,0.0,1.0992445,1.0992445,1.0
bean,DPM,R2,CV+,2,4,9,0.6666666666666666,0.0,2.242709,2.242709,1.0
bean,DPM,R2,CV+,3,0,24,1.0,0.0,0.82920235,0.6813857,0.9166666666666666
bean,DPM,R2,CV+,3,1,2,0.5,0.0,2.3986955,2.3986955,1.0
bean,DPM,R2,CV+,3,2,5,1.0,0.0,0.7131785,0.78031754,0.8
bean,DPM,R2,CV+,3,3,4,1.0,0.0,1.0992445,1.2290528,0.75
bean,DPM,R2,CV+,3,4,9,0.6666666666666666,0.0,2.242709,2.2427092,1.0
bean,DPM,R2,CV+,4,0,24,1.0,0.0,0.82920235,0.6784695,0.875
bean,DPM,R2,CV+,4,1,2,1.0,0.0,2.3986955,2.3986955,1.0
bean,DPM,R2,CV+,4,2,5,1.0,0.0,0.7131785,0.9603279,0.8
bean,DPM,R2,CV+,4,3,4,1.0,0.0,1.0992445,1.2290528,0.75
bean,DPM,R2,CV+,4,4,9,0.6666666666666666,0.0,2.242709,2.242709,1.0
bean,DPM,R2,CV+,5,0,24,1.0,0.0,0.82920235,0.72804546,0.9166666666666666
bean,DPM,R2,CV+,5,1,2,0.5,0.0,2.3986955,2.3986955,1.0
bean,DPM,R2,CV+,5,2,5,1.0,0.0,0.7131785,0.7131785,1.0
bean,DPM,R2,CV+,5,3,4,1.0,0.0,1.0992445,1.2290528,0.75
bean,DPM,R2,CV+,5,4,9,0.6666666666666666,0.0,2.242709,2.1548874,0.8888888888888888
bean,DPM,R2,CalPred-style,1,0,24,1.0,0.0,0.82920235,0.7734294,0.9166666666666666
bean,DPM,R2,CalPred-style,1,1,2,0.5,0.0,2.3986955,2.3986955,1.0
bean,DPM,R2,CalPred-style,1,2,5,0.8,0.2,0.7131785,0.7131785,1.0
bean,DPM,R2,CalPred-style,1,3,4,1.0,0.0,1.0992445,1.2229869,0.75
bean,DPM,R2,CalPred-style,1,4,9,0.6666666666666666,0.0,2.242709,2.242709,1.0
bean,DPM,R2,CalPred-style,2,0,24,1.0,0.0,0.82920235,0.8270152,0.875
bean,DPM,R2,CalPred-style,2,1,2,0.5,0.0,2.3986955,2.3986955,1.0
bean,DPM,R2,CalPred-style,2,2,5,0.8,0.2,0.7131785,0.7131785,1.0
bean,DPM,R2,CalPred-style,2,3,4,1.0,0.0,1.0992445,1.2229869,0.75
bean,DPM,R2,CalPred-style,2,4,9,0.6666666666666666,0.0,2.242709,2.242709,1.0
bean,DPM,R2,CalPred-style,3,0,24,1.0,0.0,0.82920235,0.8270152,0.875
bean,DPM,R2,CalPred-style,3,1,2,0.5,0.0,2.3986955,2.3986955,1.0
bean,DPM,R2,CalPred-style,3,2,5,0.8,0.2,0.7131785,0.7131785,1.0
bean,DPM,R2,CalPred-style,3,3,4,1.0,0.0,1.0992445,1.2229869,0.75
bean,DPM,R2,CalPred-style,3,4,9,0.6666666666666666,0.0,2.242709,2.242709,1.0
bean,DPM,R2,CalPred-style,4,0,24,1.0,0.0,0.82920235,0.82701516,0.875
bean,DPM,R2,CalPred-style,4,1,2,0.5,0.0,2.3986955,2.3986955,1.0
bean,DPM,R2,CalPred-style,4,2,5,0.8,0.2,0.7131785,0.7131785,1.0
bean,DPM,R2,CalPred-style,4,3,4,1.0,0.0,1.0992445,1.2229869,0.75
bean,DPM,R2,CalPred-style,4,4,9,0.6666666666666666,0.0,2.242709,2.242709,1.0
bean,DPM,R2,CalPred-style,5,0,24,1.0,0.0,0.82920235,0.82701516,0.875
bean,DPM,R2,CalPred-style,5,1,2,0.5,0.0,2.3986955,2.3986955,1.0
bean,DPM,R2,CalPred-style,5,2,5,0.8,0.2,0.7131785,0.7131785,1.0
bean,DPM,R2,CalPred-style,5,3,4,1.0,0.0,1.0992445,1.2229869,0.75
bean,DPM,R2,CalPred-style,5,4,9,0.6666666666666666,0.0,2.242709,2.242709,1.0
bean,DPM,R2,Gauss-PEV,1,0,24,1.0,0.0,0.82920235,0.8191778,0.9583333333333334
bean,DPM,R2,Gauss-PEV,1,1,2,0.5,0.0,2.3986955,2.3986955,1.0
bean,DPM,R2,Gauss-PEV,1,2,5,1.0,0.0,0.7131785,0.7131785,1.0
bean,DPM,R2,Gauss-PEV,1,3,4,1.0,0.0,1.0992445,1.2290528,0.75
bean,DPM,R2,Gauss-PEV,1,4,9,0.6666666666666666,0.0,2.242709,2.242709,1.0
bean,DPM,R2,Gauss-PEV,2,0,24,1.0,0.0,0.82920235,0.8191778,0.9583333333333334
bean,DPM,R2,Gauss-PEV,2,1,2,0.5,0.0,2.3986955,2.3986955,1.0
bean,DPM,R2,Gauss-PEV,2,2,5,1.0,0.0,0.7131785,0.7131785,1.0
bean,DPM,R2,Gauss-PEV,2,3,4,1.0,0.0,1.0992445,1.2290528,0.75
bean,DPM,R2,Gauss-PEV,2,4,9,0.6666666666666666,0.0,2.242709,2.242709,1.0
bean,DPM,R2,Gauss-PEV,3,0,24,1.0,0.0,0.82920235,0.8191778,0.9583333333333334
bean,DPM,R2,Gauss-PEV,3,1,2,0.5,0.0,2.3986955,2.3986955,1.0
bean,DPM,R2,Gauss-PEV,3,2,5,1.0,0.0,0.7131785,0.7131785,1.0
bean,DPM,R2,Gauss-PEV,3,3,4,1.0,0.0,1.0992445,1.2290528,0.75
bean,DPM,R2,Gauss-PEV,3,4,9,0.6666666666666666,0.0,2.242709,2.242709,1.0
bean,DPM,R2,Gauss-PEV,4,0,24,1.0,0.0,0.82920235,0.8191778,0.9583333333333334
bean,DPM,R2,Gauss-PEV,4,1,2,0.5,0.0,2.3986955,2.3986955,1.0
bean,DPM,R2,Gauss-PEV,4,2,5,1.0,0.0,0.7131785,0.7131785,1.0
bean,DPM,R2,Gauss-PEV,4,3,4,1.0,0.0,1.0992445,1.2290528,0.75
bean,DPM,R2,Gauss-PEV,4,4,9,0.6666666666666666,0.0,2.242709,2.242709,1.0
bean,DPM,R2,Gauss-PEV,5,0,24,1.0,0.0,0.82920235,0.8191778,0.9583333333333334
bean,DPM,R2,Gauss-PEV,5,1,2,0.5,0.0,2.3986955,2.3986955,1.0
bean,DPM,R2,Gauss-PEV,5,2,5,1.0,0.0,0.7131785,0.7131785,1.0
bean,DPM,R2,Gauss-PEV,5,3,4,1.0,0.0,1.0992445,1.2290528,0.75
bean,DPM,R2,Gauss-PEV,5,4,9,0.6666666666666666,0.0,2.242709,2.242709,1.0
bean,DPM,R2,KinCP,1,0,24,1.0,0.0,0.82920235,0.82920235,1.0
bean,DPM,R2,KinCP,1,1,2,0.5,0.0,2.3986955,2.3986955,1.0
bean,DPM,R2,KinCP,1,2,5,1.0,0.0,0.7131785,0.78031754,0.8
bean,DPM,R2,KinCP,1,3,4,1.0,0.0,1.0992445,1.0992445,1.0
bean,DPM,R2,KinCP,1,4,9,0.6666666666666666,0.0,2.242709,2.242709,1.0
bean,DPM,R2,KinCP,2,0,24,1.0,0.0,0.82920235,0.8138922,0.9583333333333334
bean,DPM,R2,KinCP,2,1,2,0.5,0.0,2.3986955,2.3986955,1.0
bean,DPM,R2,KinCP,2,2,5,1.0,0.0,0.7131785,0.7131785,1.0
bean,DPM,R2,KinCP,2,3,4,1.0,0.0,1.0992445,1.0992445,1.0
bean,DPM,R2,KinCP,2,4,9,0.6666666666666666,0.0,2.242709,2.242709,1.0
bean,DPM,R2,KinCP,3,0,24,1.0,0.0,0.82920235,0.8138922,0.9583333333333334
bean,DPM,R2,KinCP,3,1,2,0.5,0.0,2.3986955,2.3986955,1.0
bean,DPM,R2,KinCP,3,2,5,1.0,0.0,0.7131785,0.78031754,0.8
bean,DPM,R2,KinCP,3,3,4,1.0,0.0,1.0992445,1.0992445,1.0
bean,DPM,R2,KinCP,3,4,9,0.6666666666666666,0.0,2.242709,2.242709,1.0
bean,DPM,R2,KinCP,4,0,24,1.0,0.0,0.82920235,0.72567606,0.875
bean,DPM,R2,KinCP,4,1,2,0.5,0.0,2.3986955,2.3986955,1.0
bean,DPM,R2,KinCP,4,2,5,1.0,0.0,0.7131785,0.7131785,1.0
bean,DPM,R2,KinCP,4,3,4,1.0,0.0,1.0992445,1.0992445,1.0
bean,DPM,R2,KinCP,4,4,9,0.6666666666666666,0.0,2.242709,2.242709,1.0
bean,DPM,R2,KinCP,5,0,24,1.0,0.0,0.82920235,0.7475478,0.875
bean,DPM,R2,KinCP,5,1,2,0.5,0.0,2.3986955,2.3986955,1.0
bean,DPM,R2,KinCP,5,2,5,1.0,0.0,0.7131785,0.7131785,1.0
bean,DPM,R2,KinCP,5,3,4,1.0,0.0,1.0992445,1.0992445,1.0
bean,DPM,R2,KinCP,5,4,9,0.6666666666666666,0.0,2.242709,2.242709,1.0
bean,DPM,R2,KinCP-ABC,1,0,24,1.0,0.0,0.82920235,0.82920235,1.0
bean,DPM,R2,KinCP-ABC,1,1,2,0.5,0.0,2.3986955,2.3986955,1.0
bean,DPM,R2,KinCP-ABC,1,2,5,0.8,0.2,0.7131785,0.7131785,1.0
bean,DPM,R2,KinCP-ABC,1,3,4,1.0,0.0,1.0992445,1.0992445,1.0
bean,DPM,R2,KinCP-ABC,1,4,9,0.6666666666666666,0.0,2.242709,2.242709,1.0
bean,DPM,R2,KinCP-ABC,2,0,24,1.0,0.0,0.82920235,0.82920235,1.0
bean,DPM,R2,KinCP-ABC,2,1,2,0.5,0.0,2.3986955,2.3986955,1.0
bean,DPM,R2,KinCP-ABC,2,2,5,0.8,0.2,0.7131785,0.7131785,1.0
bean,DPM,R2,KinCP-ABC,2,3,4,1.0,0.0,1.0992445,1.0992445,1.0
bean,DPM,R2,KinCP-ABC,2,4,9,0.7777777777777778,0.0,2.242709,2.242709,1.0
bean,DPM,R2,KinCP-ABC,3,0,24,1.0,0.0,0.82920235,0.82920235,1.0
bean,DPM,R2,KinCP-ABC,3,1,2,0.5,0.0,2.3986955,2.3986955,1.0
bean,DPM,R2,KinCP-ABC,3,2,5,0.8,0.2,0.7131785,0.7131785,1.0
bean,DPM,R2,KinCP-ABC,3,3,4,1.0,0.0,1.0992445,1.0992445,1.0
bean,DPM,R2,KinCP-ABC,3,4,9,0.6666666666666666,0.0,2.242709,2.242709,1.0
bean,DPM,R2,KinCP-ABC,4,0,24,1.0,0.0,0.82920235,0.82920235,1.0
bean,DPM,R2,KinCP-ABC,4,1,2,0.5,0.0,2.3986955,2.3986955,1.0
bean,DPM,R2,KinCP-ABC,4,2,5,0.8,0.2,0.7131785,0.7131785,1.0
bean,DPM,R2,KinCP-ABC,4,3,4,1.0,0.0,1.0992445,1.0992445,1.0
bean,DPM,R2,KinCP-ABC,4,4,9,0.6666666666666666,0.0,2.242709,2.242709,1.0
bean,DPM,R2,KinCP-ABC,5,0,24,1.0,0.0,0.82920235,0.82920235,1.0
bean,DPM,R2,KinCP-ABC,5,1,2,0.5,0.0,2.3986955,2.3986955,1.0
bean,DPM,R2,KinCP-ABC,5,2,5,0.8,0.2,0.7131785,0.7131785,1.0
bean,DPM,R2,KinCP-ABC,5,3,4,1.0,0.0,1.0992445,1.0992445,1.0
bean,DPM,R2,KinCP-ABC,5,4,9,0.6666666666666666,0.0,2.242709,2.242709,1.0
bean,DPM,R2,SCP,1,0,24,1.0,0.0,0.82920235,0.6194157,0.7916666666666666
bean,DPM,R2,SCP,1,1,2,0.5,0.0,2.3986955,1.8835077,0.5
bean,DPM,R2,SCP,1,2,5,1.0,0.0,0.7131785,0.78031754,0.8
bean,DPM,R2,SCP,1,3,4,1.0,0.0,1.0992445,1.6196908,0.5
bean,DPM,R2,SCP,1,4,9,0.5555555555555556,0.0,2.242709,2.0902965,0.7777777777777778
bean,DPM,R2,SCP,2,0,24,1.0,0.0,0.82920235,0.6555041,0.8333333333333334
bean,DPM,R2,SCP,2,1,2,0.5,0.0,2.3986955,2.3986955,1.0
bean,DPM,R2,SCP,2,2,5,0.6,0.4,0.7131785,0.6742574,0.8
bean,DPM,R2,SCP,2,3,4,0.75,0.25,1.0992445,1.0992445,1.0
bean,DPM,R2,SCP,2,4,9,0.6666666666666666,0.0,2.242709,2.1078606,0.7777777777777778
bean,DPM,R2,SCP,3,0,24,1.0,0.0,0.82920235,0.8290202,0.8333333333333334
bean,DPM,R2,SCP,3,1,2,1.0,0.0,2.3986955,2.3986955,1.0
bean,DPM,R2,SCP,3,2,5,0.8,0.2,0.7131785,0.9603279,0.8
bean,DPM,R2,SCP,3,3,4,1.0,0.0,1.0992445,1.441356,0.5
bean,DPM,R2,SCP,3,4,9,0.7777777777777778,0.0,2.242709,2.0438359,0.8888888888888888
bean,DPM,R2,SCP,4,0,24,1.0,0.0,0.82920235,0.7324198,0.8333333333333334
bean,DPM,R2,SCP,4,1,2,1.0,0.0,2.3986955,2.3986955,1.0
bean,DPM,R2,SCP,4,2,5,1.0,0.0,0.7131785,0.49230093,0.6
bean,DPM,R2,SCP,4,3,4,1.0,0.0,1.0992445,1.3176135,0.75
bean,DPM,R2,SCP,4,4,9,0.5555555555555556,0.0,2.242709,2.2999344,0.6666666666666666
bean,DPM,R2,SCP,5,0,24,1.0,0.0,0.82920235,0.72221303,0.875
bean,DPM,R2,SCP,5,1,2,0.5,0.0,2.3986955,2.3986955,1.0
bean,DPM,R2,SCP,5,2,5,1.0,0.0,0.7131785,1.0780646,0.8
bean,DPM,R2,SCP,5,3,4,1.0,0.0,1.0992445,1.0992445,1.0
bean,DPM,R2,SCP,5,4,9,0.5555555555555556,0.0,2.242709,2.2653723,0.7777777777777778
bean,PHI,R1,CV+,1,0,9,1.0,0.0,0.5336611,0.732031,0.7777777777777778
bean,PHI,R1,CV+,1,1,9,1.0,0.0,0.8044297,0.78658557,0.8888888888888888
bean,PHI,R1,CV+,1,2,9,0.7777777777777778,0.2222222222222222,0.028166942,0.4367289,0.7777777777777778
bean,PHI,R1,CV+,1,3,9,1.0,0.0,0.6881464,0.5399629,0.8888888888888888
bean,PHI,R1,CV+,1,4,9,1.0,0.0,0.7942523,0.7636667,0.8888888888888888
bean,PHI,R1,CV+,2,0,9,1.0,0.0,0.72963303,0.58398414,0.8888888888888888
bean,PHI,R1,CV+,2,1,9,1.0,0.0,0.85909104,0.9534412,0.8888888888888888
bean,PHI,R1,CV+,2,2,9,1.0,0.0,0.7705744,0.6471816,0.8888888888888888
bean,PHI,R1,CV+,2,3,9,0.8888888888888888,0.1111111111111111,0.2817849,0.43707636,0.8888888888888888
bean,PHI,R1,CV+,2,4,9,0.8888888888888888,0.1111111111111111,0.40640154,0.40640154,1.0
bean,PHI,R1,CV+,3,0,9,1.0,0.0,0.4030087,0.5966353,0.8888888888888888
bean,PHI,R1,CV+,3,1,9,1.0,0.0,0.69182986,0.61608887,0.7777777777777778
bean,PHI,R1,CV+,3,2,9,0.8888888888888888,0.1111111111111111,0.44507545,0.4450755,1.0
bean,PHI,R1,CV+,3,3,9,0.8888888888888888,0.1111111111111111,0.46068934,0.46068934,1.0
bean,PHI,R1,CV+,3,4,9,1.0,0.0,0.59484243,0.60704255,0.8888888888888888
bean,PHI,R1,CV+,4,0,9,1.0,0.0,0.6401436,0.7003305,0.8888888888888888
bean,PHI,R1,CV+,4,1,9,0.8888888888888888,0.1111111111111111,0.30354595,0.30354592,1.0
bean,PHI,R1,CV+,4,2,9,0.8888888888888888,0.1111111111111111,0.38078383,0.48158285,0.8888888888888888
bean,PHI,R1,CV+,4,3,9,1.0,0.0,0.65034443,0.6251324,0.8888888888888888
bean,PHI,R1,CV+,4,4,9,1.0,0.0,0.6011434,0.5948395,0.8888888888888888
bean,PHI,R1,CV+,5,0,9,1.0,0.0,0.5190403,0.6547873,0.8888888888888888
bean,PHI,R1,CV+,5,1,9,1.0,0.0,0.45316914,0.56693965,0.8888888888888888
bean,PHI,R1,CV+,5,2,9,1.0,0.0,0.73629487,0.64404,0.7777777777777778
bean,PHI,R1,CV+,5,3,9,0.8888888888888888,0.1111111111111111,0.42963165,0.19012982,0.7777777777777778
bean,PHI,R1,CV+,5,4,9,1.0,0.0,0.53444517,0.53444517,1.0
bean,PHI,R1,CalPred-style,1,0,9,1.0,0.0,0.5336611,0.63650984,0.7777777777777778
bean,PHI,R1,CalPred-style,1,1,9,0.8888888888888888,0.1111111111111111,0.8044297,0.78658557,0.8888888888888888
bean,PHI,R1,CalPred-style,1,2,9,0.7777777777777778,0.2222222222222222,0.028166942,0.5317139,0.7777777777777778
bean,PHI,R1,CalPred-style,1,3,9,1.0,0.0,0.6881464,0.67143947,0.8888888888888888
bean,PHI,R1,CalPred-style,1,4,9,1.0,0.0,0.7942523,0.8835426,0.7777777777777778
bean,PHI,R1,CalPred-style,2,0,9,0.8888888888888888,0.1111111111111111,0.72963303,0.72963303,1.0
bean,PHI,R1,CalPred-style,2,1,9,1.0,0.0,0.85909104,0.7537584,0.5555555555555556
bean,PHI,R1,CalPred-style,2,2,9,1.0,0.0,0.7705744,0.84923124,0.8888888888888888
bean,PHI,R1,CalPred-style,2,3,9,0.7777777777777778,0.2222222222222222,0.2817849,0.31335652,0.8888888888888888
bean,PHI,R1,CalPred-style,2,4,9,0.8888888888888888,0.1111111111111111,0.40640154,0.3664514,0.8888888888888888
bean,PHI,R1,CalPred-style,3,0,9,1.0,0.0,0.4030087,0.42945766,0.7777777777777778
bean,PHI,R1,CalPred-style,3,1,9,1.0,0.0,0.69182986,0.75565094,0.7777777777777778
bean,PHI,R1,CalPred-style,3,2,9,0.8888888888888888,0.1111111111111111,0.44507545,0.47499847,0.7777777777777778
bean,PHI,R1,CalPred-style,3,3,9,0.7777777777777778,0.2222222222222222,0.46068934,0.44698906,0.8888888888888888
bean,PHI,R1,CalPred-style,3,4,9,1.0,0.0,0.59484243,0.69066405,0.8888888888888888
bean,PHI,R1,CalPred-style,4,0,9,0.8888888888888888,0.1111111111111111,0.6401436,0.73030007,0.7777777777777778
bean,PHI,R1,CalPred-style,4,1,9,0.8888888888888888,0.1111111111111111,0.30354595,0.024639394,0.6666666666666666
bean,PHI,R1,CalPred-style,4,2,9,0.8888888888888888,0.1111111111111111,0.38078383,0.42204225,0.8888888888888888
bean,PHI,R1,CalPred-style,4,3,9,1.0,0.0,0.65034443,0.6251324,0.8888888888888888
bean,PHI,R1,CalPred-style,4,4,9,1.0,0.0,0.6011434,0.64763474,0.6666666666666666
bean,PHI,R1,CalPred-style,5,0,9,1.0,0.0,0.5190403,0.6451274,0.7777777777777778
bean,PHI,R1,CalPred-style,5,1,9,1.0,0.0,0.45316914,0.2794795,0.7777777777777778
bean,PHI,R1,CalPred-style,5,2,9,1.0,0.0,0.73629487,0.73629487,1.0
bean,PHI,R1,CalPred-style,5,3,9,0.6666666666666666,0.3333333333333333,0.42963165,0.7502227,0.7777777777777778
bean,PHI,R1,CalPred-style,5,4,9,0.8888888888888888,0.1111111111111111,0.53444517,0.36140203,0.7777777777777778
bean,PHI,R1,Gauss-PEV,1,0,9,1.0,0.0,0.5336611,0.5336612,1.0
bean,PHI,R1,Gauss-PEV,1,1,9,1.0,0.0,0.8044297,0.8044297,1.0
bean,PHI,R1,Gauss-PEV,1,2,9,0.7777777777777778,0.2222222222222222,0.028166942,0.02816693,1.0
bean,PHI,R1,Gauss-PEV,1,3,9,1.0,0.0,0.6881464,0.6881464,1.0
bean,PHI,R1,Gauss-PEV,1,4,9,1.0,0.0,0.7942523,0.7942523,1.0
bean,PHI,R1,Gauss-PEV,2,0,9,1.0,0.0,0.72963303,0.72963303,1.0
bean,PHI,R1,Gauss-PEV,2,1,9,1.0,0.0,0.85909104,0.8590911,1.0
bean,PHI,R1,Gauss-PEV,2,2,9,1.0,0.0,0.7705744,0.7705744,1.0
bean,PHI,R1,Gauss-PEV,2,3,9,0.8888888888888888,0.1111111111111111,0.2817849,0.2817849,1.0
bean,PHI,R1,Gauss-PEV,2,4,9,0.8888888888888888,0.1111111111111111,0.40640154,0.40640154,1.0
bean,PHI,R1,Gauss-PEV,3,0,9,1.0,0.0,0.4030087,0.5966353,0.8888888888888888
bean,PHI,R1,Gauss-PEV,3,1,9,1.0,0.0,0.69182986,0.5256964,0.8888888888888888
bean,PHI,R1,Gauss-PEV,3,2,9,0.8888888888888888,0.1111111111111111,0.44507545,0.53484464,0.8888888888888888
bean,PHI,R1,Gauss-PEV,3,3,9,0.8888888888888888,0.1111111111111111,0.46068934,0.44698912,0.8888888888888888
bean,PHI,R1,Gauss-PEV,3,4,9,1.0,0.0,0.59484243,0.6184801,0.8888888888888888
bean,PHI,R1,Gauss-PEV,4,0,9,1.0,0.0,0.6401436,0.7087517,0.8888888888888888
bean,PHI,R1,Gauss-PEV,4,1,9,0.8888888888888888,0.1111111111111111,0.30354595,0.30354595,1.0
bean,PHI,R1,Gauss-PEV,4,2,9,0.8888888888888888,0.1111111111111111,0.38078383,0.42204225,0.8888888888888888
bean,PHI,R1,Gauss-PEV,4,3,9,1.0,0.0,0.65034443,0.62513244,0.8888888888888888
bean,PHI,R1,Gauss-PEV,4,4,9,1.0,0.0,0.6011434,0.60114336,1.0
bean,PHI,R1,Gauss-PEV,5,0,9,1.0,0.0,0.5190403,0.742489,0.8888888888888888
bean,PHI,R1,Gauss-PEV,5,1,9,1.0,0.0,0.45316914,0.5229484,0.8888888888888888
bean,PHI,R1,Gauss-PEV,5,2,9,1.0,0.0,0.73629487,0.73629487,1.0
bean,PHI,R1,Gauss-PEV,5,3,9,0.8888888888888888,0.1111111111111111,0.42963165,0.39825037,0.8888888888888888
bean,PHI,R1,Gauss-PEV,5,4,9,1.0,0.0,0.53444517,0.53444517,1.0
bean,PHI,R1,KinCP,1,0,9,1.0,0.0,0.5336611,0.6365099,0.7777777777777778
bean,PHI,R1,KinCP,1,1,9,1.0,0.0,0.8044297,0.80442977,1.0
bean,PHI,R1,KinCP,1,2,9,0.7777777777777778,0.2222222222222222,0.028166942,0.060081873,0.8888888888888888
bean,PHI,R1,KinCP,1,3,9,1.0,0.0,0.6881464,0.6881465,1.0
bean,PHI,R1,KinCP,1,4,9,1.0,0.0,0.7942523,0.74245405,0.8888888888888888
bean,PHI,R1,KinCP,2,0,9,1.0,0.0,0.72963303,0.72963303,1.0
bean,PHI,R1,KinCP,2,1,9,1.0,0.0,0.85909104,0.7877045,0.7777777777777778
bean,PHI,R1,KinCP,2,2,9,1.0,0.0,0.7705744,0.8089196,0.8888888888888888
bean,PHI,R1,KinCP,2,3,9,0.7777777777777778,0.2222222222222222,0.2817849,0.2817849,1.0
bean,PHI,R1,KinCP,2,4,9,0.8888888888888888,0.1111111111111111,0.40640154,0.40768203,0.8888888888888888
bean,PHI,R1,KinCP,3,0,9,1.0,0.0,0.4030087,0.400264,0.8888888888888888
bean,PHI,R1,KinCP,3,1,9,1.0,0.0,0.69182986,0.61236393,0.8888888888888888
bean,PHI,R1,KinCP,3,2,9,0.8888888888888888,0.1111111111111111,0.44507545,0.53484464,0.8888888888888888
bean,PHI,R1,KinCP,3,3,9,0.8888888888888888,0.1111111111111111,0.46068934,0.44698912,0.8888888888888888
bean,PHI,R1,KinCP,3,4,9,1.0,0.0,0.59484243,0.49088743,0.8888888888888888
bean,PHI,R1,KinCP,4,0,9,1.0,0.0,0.6401436,0.70875174,0.8888888888888888
bean,PHI,R1,KinCP,4,1,9,0.8888888888888888,0.1111111111111111,0.30354595,0.39941183,0.8888888888888888
bean,PHI,R1,KinCP,4,2,9,0.8888888888888888,0.1111111111111111,0.38078383,0.45267725,0.7777777777777778
bean,PHI,R1,KinCP,4,3,9,1.0,0.0,0.65034443,0.44743654,0.7777777777777778
bean,PHI,R1,KinCP,4,4,9,1.0,0.0,0.6011434,0.52680993,0.8888888888888888
bean,PHI,R1,KinCP,5,0,9,1.0,0.0,0.5190403,0.6001326,0.8888888888888888
bean,PHI,R1,KinCP,5,1,9,1.0,0.0,0.45316914,0.45316914,1.0
bean,PHI,R1,KinCP,5,2,9,1.0,0.0,0.73629487,0.73629487,1.0
bean,PHI,R1,KinCP,5,3,9,0.7777777777777778,0.2222222222222222,0.42963165,0.4933984,0.8888888888888888
bean,PHI,R1,KinCP,5,4,9,0.8888888888888888,0.1111111111111111,0.53444517,0.3996409,0.8888888888888888
bean,PHI,R1,KinCP-ABC,1,0,9,1.0,0.0,0.5336611,0.5336611,1.0
bean,PHI,R1,KinCP-ABC,1,1,9,1.0,0.0,0.8044297,0.8044297,1.0
bean,PHI,R1,KinCP-ABC,1,2,9,0.7777777777777778,0.2222222222222222,0.028166942,0.028166942,1.0
bean,PHI,R1,KinCP-ABC,1,3,9,1.0,0.0,0.6881464,0.6881464,1.0
bean,PHI,R1,KinCP-ABC,1,4,9,1.0,0.0,0.7942523,0.7942523,1.0
bean,PHI,R1,KinCP-ABC,2,0,9,1.0,0.0,0.72963303,0.72963303,1.0
bean,PHI,R1,KinCP-ABC,2,1,9,1.0,0.0,0.85909104,0.85909104,1.0
bean,PHI,R1,KinCP-ABC,2,2,9,1.0,0.0,0.7705744,0.7705744,1.0
bean,PHI,R1,KinCP-ABC,2,3,9,0.7777777777777778,0.2222222222222222,0.2817849,0.2817849,1.0
bean,PHI,R1,KinCP-ABC,2,4,9,0.8888888888888888,0.1111111111111111,0.40640154,0.40640154,1.0
bean,PHI,R1,KinCP-ABC,3,0,9,1.0,0.0,0.4030087,0.4030087,1.0
bean,PHI,R1,KinCP-ABC,3,1,9,1.0,0.0,0.69182986,0.69182986,1.0
bean,PHI,R1,KinCP-ABC,3,2,9,0.8888888888888888,0.1111111111111111,0.44507545,0.44507545,1.0
bean,PHI,R1,KinCP-ABC,3,3,9,0.8888888888888888,0.1111111111111111,0.46068934,0.46068934,1.0
bean,PHI,R1,KinCP-ABC,3,4,9,1.0,0.0,0.59484243,0.59484243,1.0
bean,PHI,R1,KinCP-ABC,4,0,9,1.0,0.0,0.6401436,0.6401436,1.0
bean,PHI,R1,KinCP-ABC,4,1,9,0.8888888888888888,0.1111111111111111,0.30354595,0.30354595,1.0
bean,PHI,R1,KinCP-ABC,4,2,9,0.8888888888888888,0.1111111111111111,0.38078383,0.38078383,1.0
bean,PHI,R1,KinCP-ABC,4,3,9,1.0,0.0,0.65034443,0.65034443,1.0
bean,PHI,R1,KinCP-ABC,4,4,9,1.0,0.0,0.6011434,0.6011434,1.0
bean,PHI,R1,KinCP-ABC,5,0,9,1.0,0.0,0.5190403,0.5190403,1.0
bean,PHI,R1,KinCP-ABC,5,1,9,1.0,0.0,0.45316914,0.45316914,1.0
bean,PHI,R1,KinCP-ABC,5,2,9,1.0,0.0,0.73629487,0.73629487,1.0
bean,PHI,R1,KinCP-ABC,5,3,9,0.8888888888888888,0.1111111111111111,0.42963165,0.42963165,1.0
bean,PHI,R1,KinCP-ABC,5,4,9,1.0,0.0,0.53444517,0.53444517,1.0
bean,PHI,R1,SCP,1,0,9,1.0,0.0,0.5336611,0.56480366,0.7777777777777778
bean,PHI,R1,SCP,1,1,9,1.0,0.0,0.8044297,0.7196054,0.8888888888888888
bean,PHI,R1,SCP,1,2,9,0.6666666666666666,0.2222222222222222,0.028166942,0.06641421,0.7777777777777778
bean,PHI,R1,SCP,1,3,9,1.0,0.0,0.6881464,0.53560454,0.5555555555555556
bean,PHI,R1,SCP,1,4,9,1.0,0.0,0.7942523,0.8832959,0.7777777777777778
bean,PHI,R1,SCP,2,0,9,1.0,0.0,0.72963303,0.72963303,1.0
bean,PHI,R1,SCP,2,1,9,1.0,0.0,0.85909104,0.9991187,0.7777777777777778
bean,PHI,R1,SCP,2,2,9,1.0,0.0,0.7705744,0.713794,0.8888888888888888
bean,PHI,R1,SCP,2,3,9,0.8888888888888888,0.1111111111111111,0.2817849,0.40627474,0.7777777777777778
bean,PHI,R1,SCP,2,4,9,0.8888888888888888,0.1111111111111111,0.40640154,0.37746328,0.7777777777777778
bean,PHI,R1,SCP,3,0,9,1.0,0.0,0.4030087,0.4828547,0.8888888888888888
bean,PHI,R1,SCP,3,1,9,1.0,0.0,0.69182986,0.61509556,0.7777777777777778
bean,PHI,R1,SCP,3,2,9,0.8888888888888888,0.1111111111111111,0.44507545,0.6295576,0.7777777777777778
bean,PHI,R1,SCP,3,3,9,0.8888888888888888,0.1111111111111111,0.46068934,0.45520926,0.7777777777777778
bean,PHI,R1,SCP,3,4,9,1.0,0.0,0.59484243,0.6365261,0.6666666666666666
bean,PHI,R1,SCP,4,0,9,1.0,0.0,0.6401436,0.6483171,0.8888888888888888
bean,PHI,R1,SCP,4,1,9,0.8888888888888888,0.1111111111111111,0.30354595,0.42258823,0.7777777777777778
bean,PHI,R1,SCP,4,2,9,0.8888888888888888,0.1111111111111111,0.38078383,0.5307472,0.6666666666666666
bean,PHI,R1,SCP,4,3,9,1.0,0.0,0.65034443,0.5204058,0.6666666666666666
bean,PHI,R1,SCP,4,4,9,0.8888888888888888,0.0,0.6011434,0.076606005,0.5555555555555556
bean,PHI,R1,SCP,5,0,9,1.0,0.0,0.5190403,0.6001326,0.8888888888888888
bean,PHI,R1,SCP,5,1,9,1.0,0.0,0.45316914,0.52977467,0.6666666666666666
bean,PHI,R1,SCP,5,2,9,1.0,0.0,0.73629487,0.5908363,0.7777777777777778
bean,PHI,R1,SCP,5,3,9,0.8888888888888888,0.1111111111111111,0.42963165,0.6457858,0.8888888888888888
bean,PHI,R1,SCP,5,4,9,0.7777777777777778,0.1111111111111111,0.53444517,0.3795534,0.5555555555555556
bean,PHI,R2,CV+,1,0,24,0.9583333333333334,0.041666666666666664,0.6580139,0.72037697,0.8333333333333334
bean,PHI,R2,CV+,1,1,2,1.0,0.0,0.22979236,0.22979236,1.0
bean,PHI,R2,CV+,1,2,5,1.0,0.0,0.6816043,0.3734526,0.6
bean,PHI,R2,CV+,1,3,4,1.0,0.0,0.9631404,0.17807853,0.5
bean,PHI,R2,CV+,1,4,9,0.8888888888888888,0.1111111111111111,0.48050874,0.3889572,0.8888888888888888
bean,PHI,R2,CV+,2,0,24,0.9583333333333334,0.041666666666666664,0.6580139,0.46741715,0.8333333333333334
bean,PHI,R2,CV+,2,1,2,1.0,0.0,0.22979236,0.22979236,1.0
bean,PHI,R2,CV+,2,2,5,0.8,0.0,0.6816043,0.607742,0.8
bean,PHI,R2,CV+,2,3,4,1.0,0.0,0.9631404,0.30598506,0.5
bean,PHI,R2,CV+,2,4,9,0.8888888888888888,0.1111111111111111,0.48050874,0.3889572,0.8888888888888888
bean,PHI,R2,CV+,3,0,24,0.9583333333333334,0.041666666666666664,0.6580139,0.5706713,0.5833333333333334
bean,PHI,R2,CV+,3,1,2,1.0,0.0,0.22979236,0.22979236,1.0
bean,PHI,R2,CV+,3,2,5,1.0,0.0,0.6816043,0.4200282,0.8
bean,PHI,R2,CV+,3,3,4,1.0,0.0,0.9631404,0.30598506,0.5
bean,PHI,R2,CV+,3,4,9,0.8888888888888888,0.1111111111111111,0.48050874,0.44999158,0.8888888888888888
bean,PHI,R2,CV+,4,0,24,0.9583333333333334,0.041666666666666664,0.6580139,0.5315767,0.75
bean,PHI,R2,CV+,4,1,2,1.0,0.0,0.22979236,0.22979236,1.0
bean,PHI,R2,CV+,4,2,5,1.0,0.0,0.6816043,0.4200282,0.8
bean,PHI,R2,CV+,4,3,4,1.0,0.0,0.9631404,0.30598506,0.5
bean,PHI,R2,CV+,4,4,9,0.8888888888888888,0.1111111111111111,0.48050874,0.44999158,0.8888888888888888
bean,PHI,R2,CV+,5,0,24,0.9583333333333334,0.041666666666666664,0.6580139,0.71190786,0.7916666666666666
bean,PHI,R2,CV+,5,1,2,1.0,0.0,0.22979236,0.22979236,1.0
bean,PHI,R2,CV+,5,2,5,1.0,0.0,0.6816043,0.3734526,0.6
bean,PHI,R2,CV+,5,3,4,1.0,0.0,0.9631404,0.9631404,1.0
bean,PHI,R2,CV+,5,4,9,0.8888888888888888,0.1111111111111111,0.48050874,0.3889572,0.8888888888888888
bean,PHI,R2,CalPred-style,1,0,24,0.9583333333333334,0.041666666666666664,0.6580139,0.5486004,0.5833333333333334
bean,PHI,R2,CalPred-style,1,1,2,1.0,0.0,0.22979236,0.22979236,1.0
bean,PHI,R2,CalPred-style,1,2,5,1.0,0.0,0.6816043,0.46142873,0.8
bean,PHI,R2,CalPred-style,1,3,4,1.0,0.0,0.9631404,0.6823145,0.75
bean,PHI,R2,CalPred-style,1,4,9,0.8888888888888888,0.1111111111111111,0.48050874,0.3889572,0.8888888888888888
bean,PHI,R2,CalPred-style,2,0,24,0.9583333333333334,0.041666666666666664,0.6580139,0.54860044,0.5833333333333334
bean,PHI,R2,CalPred-style,2,1,2,1.0,0.0,0.22979236,0.22979236,1.0
bean,PHI,R2,CalPred-style,2,2,5,1.0,0.0,0.6816043,0.46142873,0.8
bean,PHI,R2,CalPred-style,2,3,4,1.0,0.0,0.9631404,0.6823145,0.75
bean,PHI,R2,CalPred-style,2,4,9,0.8888888888888888,0.1111111111111111,0.48050874,0.3889572,0.8888888888888888
bean,PHI,R2,CalPred-style,3,0,24,0.9583333333333334,0.041666666666666664,0.6580139,0.54860044,0.5833333333333334
bean,PHI,R2,CalPred-style,3,1,2,1.0,0.0,0.22979236,0.22979236,1.0
bean,PHI,R2,CalPred-style,3,2,5,1.0,0.0,0.6816043,0.46142873,0.8
bean,PHI,R2,CalPred-style,3,3,4,1.0,0.0,0.9631404,0.6823145,0.75
bean,PHI,R2,CalPred-style,3,4,9,0.8888888888888888,0.1111111111111111,0.48050874,0.3889572,0.8888888888888888
bean,PHI,R2,CalPred-style,4,0,24,0.9583333333333334,0.041666666666666664,0.6580139,0.5486004,0.5833333333333334
bean,PHI,R2,CalPred-style,4,1,2,1.0,0.0,0.22979236,0.22979236,1.0
bean,PHI,R2,CalPred-style,4,2,5,1.0,0.0,0.6816043,0.46142873,0.8
bean,PHI,R2,CalPred-style,4,3,4,1.0,0.0,0.9631404,0.6823145,0.75
bean,PHI,R2,CalPred-style,4,4,9,0.8888888888888888,0.1111111111111111,0.48050874,0.3889572,0.8888888888888888
bean,PHI,R2,CalPred-style,5,0,24,0.9583333333333334,0.041666666666666664,0.6580139,0.5486004,0.5833333333333334
bean,PHI,R2,CalPred-style,5,1,2,1.0,0.0,0.22979236,0.22979236,1.0
bean,PHI,R2,CalPred-style,5,2,5,1.0,0.0,0.6816043,0.46142873,0.8
bean,PHI,R2,CalPred-style,5,3,4,1.0,0.0,0.9631404,0.6823145,0.75
bean,PHI,R2,CalPred-style,5,4,9,0.8888888888888888,0.1111111111111111,0.48050874,0.3889572,0.8888888888888888
bean,PHI,R2,Gauss-PEV,1,0,24,0.9583333333333334,0.041666666666666664,0.6580139,0.7104537,0.875
bean,PHI,R2,Gauss-PEV,1,1,2,1.0,0.0,0.22979236,0.22979236,1.0
bean,PHI,R2,Gauss-PEV,1,2,5,1.0,0.0,0.6816043,0.6816043,1.0
bean,PHI,R2,Gauss-PEV,1,3,4,1.0,0.0,0.9631404,0.9631404,1.0
bean,PHI,R2,Gauss-PEV,1,4,9,0.8888888888888888,0.1111111111111111,0.48050874,0.3889572,0.8888888888888888
bean,PHI,R2,Gauss-PEV,2,0,24,0.9583333333333334,0.041666666666666664,0.6580139,0.7104537,0.875
bean,PHI,R2,Gauss-PEV,2,1,2,1.0,0.0,0.22979236,0.22979236,1.0
bean,PHI,R2,Gauss-PEV,2,2,5,1.0,0.0,0.6816043,0.6816043,1.0
bean,PHI,R2,Gauss-PEV,2,3,4,1.0,0.0,0.9631404,0.9631404,1.0
bean,PHI,R2,Gauss-PEV,2,4,9,0.8888888888888888,0.1111111111111111,0.48050874,0.3889572,0.8888888888888888
bean,PHI,R2,Gauss-PEV,3,0,24,0.9583333333333334,0.041666666666666664,0.6580139,0.7104537,0.875
bean,PHI,R2,Gauss-PEV,3,1,2,1.0,0.0,0.22979236,0.22979236,1.0
bean,PHI,R2,Gauss-PEV,3,2,5,1.0,0.0,0.6816043,0.6816043,1.0
bean,PHI,R2,Gauss-PEV,3,3,4,1.0,0.0,0.9631404,0.9631404,1.0
bean,PHI,R2,Gauss-PEV,3,4,9,0.8888888888888888,0.1111111111111111,0.48050874,0.3889572,0.8888888888888888
bean,PHI,R2,Gauss-PEV,4,0,24,0.9583333333333334,0.041666666666666664,0.6580139,0.7104537,0.875
bean,PHI,R2,Gauss-PEV,4,1,2,1.0,0.0,0.22979236,0.22979236,1.0
bean,PHI,R2,Gauss-PEV,4,2,5,1.0,0.0,0.6816043,0.6816043,1.0
bean,PHI,R2,Gauss-PEV,4,3,4,1.0,0.0,0.9631404,0.9631404,1.0
bean,PHI,R2,Gauss-PEV,4,4,9,0.8888888888888888,0.1111111111111111,0.48050874,0.3889572,0.8888888888888888
bean,PHI,R2,Gauss-PEV,5,0,24,0.9583333333333334,0.041666666666666664,0.6580139,0.7104537,0.875
bean,PHI,R2,Gauss-PEV,5,1,2,1.0,0.0,0.22979236,0.22979236,1.0
bean,PHI,R2,Gauss-PEV,5,2,5,1.0,0.0,0.6816043,0.6816043,1.0
bean,PHI,R2,Gauss-PEV,5,3,4,1.0,0.0,0.9631404,0.9631404,1.0
bean,PHI,R2,Gauss-PEV,5,4,9,0.8888888888888888,0.1111111111111111,0.48050874,0.3889572,0.8888888888888888
bean,PHI,R2,KinCP,1,0,24,0.9583333333333334,0.041666666666666664,0.6580139,0.6533944,0.8333333333333334
bean,PHI,R2,KinCP,1,1,2,1.0,0.0,0.22979236,0.22979236,1.0
bean,PHI,R2,KinCP,1,2,5,1.0,0.0,0.6816043,0.6816043,1.0
bean,PHI,R2,KinCP,1,3,4,1.0,0.0,0.9631404,0.6823145,0.75
bean,PHI,R2,KinCP,1,4,9,0.8888888888888888,0.1111111111111111,0.48050874,0.3889572,0.8888888888888888
bean,PHI,R2,KinCP,2,0,24,0.9583333333333334,0.041666666666666664,0.6580139,0.6771762,0.7083333333333334
bean,PHI,R2,KinCP,2,1,2,1.0,0.0,0.22979236,0.22979236,1.0
bean,PHI,R2,KinCP,2,2,5,0.8,0.0,0.6816043,0.6816043,1.0
bean,PHI,R2,KinCP,2,3,4,1.0,0.0,0.9631404,0.6823145,0.75
bean,PHI,R2,KinCP,2,4,9,0.8888888888888888,0.1111111111111111,0.48050874,0.3889572,0.8888888888888888
bean,PHI,R2,KinCP,3,0,24,0.9583333333333334,0.041666666666666664,0.6580139,0.7161853,0.75
bean,PHI,R2,KinCP,3,1,2,1.0,0.0,0.22979236,0.22979236,1.0
bean,PHI,R2,KinCP,3,2,5,1.0,0.0,0.6816043,0.6816043,1.0
bean,PHI,R2,KinCP,3,3,4,1.0,0.0,0.9631404,0.6823145,0.75
bean,PHI,R2,KinCP,3,4,9,0.8888888888888888,0.1111111111111111,0.48050874,0.3889572,0.8888888888888888
bean,PHI,R2,KinCP,4,0,24,0.9583333333333334,0.041666666666666664,0.6580139,0.640648,0.6666666666666666
bean,PHI,R2,KinCP,4,1,2,1.0,0.0,0.22979236,0.22979236,1.0
bean,PHI,R2,KinCP,4,2,5,1.0,0.0,0.6816043,0.6816043,1.0
bean,PHI,R2,KinCP,4,3,4,1.0,0.0,0.9631404,0.6823145,0.75
bean,PHI,R2,KinCP,4,4,9,0.8888888888888888,0.1111111111111111,0.48050874,0.3889572,0.8888888888888888
bean,PHI,R2,KinCP,5,0,24,0.9583333333333334,0.041666666666666664,0.6580139,0.65211123,0.7083333333333334
bean,PHI,R2,KinCP,5,1,2,1.0,0.0,0.22979236,0.22979236,1.0
bean,PHI,R2,KinCP,5,2,5,1.0,0.0,0.6816043,0.6816043,1.0
bean,PHI,R2,KinCP,5,3,4,1.0,0.0,0.9631404,0.6823145,0.75
bean,PHI,R2,KinCP,5,4,9,0.8888888888888888,0.1111111111111111,0.48050874,0.3889572,0.8888888888888888
bean,PHI,R2,KinCP-ABC,1,0,24,0.9583333333333334,0.041666666666666664,0.6580139,0.6580139,1.0
bean,PHI,R2,KinCP-ABC,1,1,2,1.0,0.0,0.22979236,0.22979236,1.0
bean,PHI,R2,KinCP-ABC,1,2,5,0.8,0.0,0.6816043,0.6816043,1.0
bean,PHI,R2,KinCP-ABC,1,3,4,1.0,0.0,0.9631404,0.9631404,1.0
bean,PHI,R2,KinCP-ABC,1,4,9,0.8888888888888888,0.1111111111111111,0.48050874,0.48050874,1.0
bean,PHI,R2,KinCP-ABC,2,0,24,0.9583333333333334,0.041666666666666664,0.6580139,0.6580139,1.0
bean,PHI,R2,KinCP-ABC,2,1,2,1.0,0.0,0.22979236,0.22979236,1.0
bean,PHI,R2,KinCP-ABC,2,2,5,0.8,0.0,0.6816043,0.6816043,1.0
bean,PHI,R2,KinCP-ABC,2,3,4,1.0,0.0,0.9631404,0.9631404,1.0
bean,PHI,R2,KinCP-ABC,2,4,9,0.8888888888888888,0.1111111111111111,0.48050874,0.48050874,1.0
bean,PHI,R2,KinCP-ABC,3,0,24,0.9583333333333334,0.041666666666666664,0.6580139,0.6580139,1.0
bean,PHI,R2,KinCP-ABC,3,1,2,1.0,0.0,0.22979236,0.22979236,1.0
bean,PHI,R2,KinCP-ABC,3,2,5,1.0,0.0,0.6816043,0.6816043,1.0
bean,PHI,R2,KinCP-ABC,3,3,4,1.0,0.0,0.9631404,0.9631404,1.0
bean,PHI,R2,KinCP-ABC,3,4,9,0.8888888888888888,0.1111111111111111,0.48050874,0.48050874,1.0
bean,PHI,R2,KinCP-ABC,4,0,24,0.9583333333333334,0.041666666666666664,0.6580139,0.6580139,1.0
bean,PHI,R2,KinCP-ABC,4,1,2,1.0,0.0,0.22979236,0.22979236,1.0
bean,PHI,R2,KinCP-ABC,4,2,5,0.8,0.0,0.6816043,0.6816043,1.0
bean,PHI,R2,KinCP-ABC,4,3,4,1.0,0.0,0.9631404,0.9631404,1.0
bean,PHI,R2,KinCP-ABC,4,4,9,0.8888888888888888,0.1111111111111111,0.48050874,0.48050874,1.0
bean,PHI,R2,KinCP-ABC,5,0,24,0.9583333333333334,0.041666666666666664,0.6580139,0.6580139,1.0
bean,PHI,R2,KinCP-ABC,5,1,2,1.0,0.0,0.22979236,0.22979236,1.0
bean,PHI,R2,KinCP-ABC,5,2,5,0.8,0.0,0.6816043,0.6816043,1.0
bean,PHI,R2,KinCP-ABC,5,3,4,1.0,0.0,0.9631404,0.9631404,1.0
bean,PHI,R2,KinCP-ABC,5,4,9,0.8888888888888888,0.1111111111111111,0.48050874,0.48050874,1.0
bean,PHI,R2,SCP,1,0,24,1.0,0.0,0.6580139,0.4228476,0.625
bean,PHI,R2,SCP,1,1,2,1.0,0.0,0.22979236,0.22979236,1.0
bean,PHI,R2,SCP,1,2,5,0.8,0.0,0.6816043,0.3847437,0.6
bean,PHI,R2,SCP,1,3,4,1.0,0.0,0.9631404,0.46288374,0.5
bean,PHI,R2,SCP,1,4,9,0.8888888888888888,0.1111111111111111,0.48050874,0.48447847,0.7777777777777778
bean,PHI,R2,SCP,2,0,24,1.0,0.0,0.6580139,0.42592728,0.5833333333333334
bean,PHI,R2,SCP,2,1,2,1.0,0.0,0.22979236,-0.1726393,0.5
bean,PHI,R2,SCP,2,2,5,0.4,0.0,0.6816043,0.4120304,0.6
bean,PHI,R2,SCP,2,3,4,1.0,0.0,0.9631404,0.5970435,0.75
bean,PHI,R2,SCP,2,4,9,0.8888888888888888,0.1111111111111111,0.48050874,0.17111911,0.6666666666666666
bean,PHI,R2,SCP,3,0,24,0.9166666666666666,0.041666666666666664,0.6580139,0.52849704,0.75
bean,PHI,R2,SCP,3,1,2,1.0,0.0,0.22979236,0.22979236,1.0
bean,PHI,R2,SCP,3,2,5,0.6,0.0,0.6816043,0.3734526,0.6
bean,PHI,R2,SCP,3,3,4,0.5,0.0,0.9631404,0.3315664,0.5
bean,PHI,R2,SCP,3,4,9,0.7777777777777778,0.2222222222222222,0.48050874,0.4884482,0.7777777777777778
bean,PHI,R2,SCP,4,0,24,0.9583333333333334,0.041666666666666664,0.6580139,0.44372085,0.75
bean,PHI,R2,SCP,4,1,2,1.0,0.0,0.22979236,0.22979236,1.0
bean,PHI,R2,SCP,4,2,5,1.0,0.0,0.6816043,0.6839566,0.6
bean,PHI,R2,SCP,4,3,4,1.0,0.0,0.9631404,0.17807853,0.5
bean,PHI,R2,SCP,4,4,9,0.8888888888888888,0.1111111111111111,0.48050874,0.5507231,0.8888888888888888
bean,PHI,R2,SCP,5,0,24,0.9583333333333334,0.041666666666666664,0.6580139,0.5675916,0.7083333333333334
bean,PHI,R2,SCP,5,1,2,1.0,0.0,0.22979236,0.22979236,1.0
bean,PHI,R2,SCP,5,2,5,0.8,0.0,0.6816043,0.3734526,0.6
bean,PHI,R2,SCP,5,3,4,1.0,0.0,0.9631404,0.43957636,0.5
bean,PHI,R2,SCP,5,4,9,0.8888888888888888,0.1111111111111111,0.48050874,0.2810306,0.6666666666666666
lentil,DTF,R1,CV+,1,0,6,0.5,0.0,2.472,2.0490158,0.6666666666666666
lentil,DTF,R1,CV+,1,1,6,0.8333333333333334,0.0,1.8358583,1.3026801,0.6666666666666666
lentil,DTF,R1,CV+,1,2,6,0.8333333333333334,0.16666666666666666,0.9670313,0.6903525,0.8333333333333334
lentil,DTF,R1,CV+,1,3,6,1.0,0.0,1.4994426,1.4994426,1.0
lentil,DTF,R1,CV+,1,4,6,1.0,0.0,1.1169248,1.0523075,0.8333333333333334
lentil,DTF,R1,CV+,2,0,6,0.8333333333333334,0.0,2.25547,1.921945,0.8333333333333334
lentil,DTF,R1,CV+,2,1,6,1.0,0.0,1.5045838,1.4142704,0.8333333333333334
lentil,DTF,R1,CV+,2,2,6,1.0,0.0,1.3850904,1.1682466,0.8333333333333334
lentil,DTF,R1,CV+,2,3,6,1.0,0.0,1.4685243,1.4685243,1.0
lentil,DTF,R1,CV+,2,4,6,0.3333333333333333,0.5,0.89535695,0.62947434,0.8333333333333334
lentil,DTF,R1,CV+,3,0,6,0.6666666666666666,0.3333333333333333,1.1071097,1.0159117,0.8333333333333334
lentil,DTF,R1,CV+,3,1,6,1.0,0.0,1.5348848,1.2953696,0.8333333333333334
lentil,DTF,R1,CV+,3,2,6,0.8333333333333334,0.16666666666666666,1.6249943,1.6798598,0.8333333333333334
lentil,DTF,R1,CV+,3,3,6,1.0,0.0,1.4524647,1.5119122,0.8333333333333334
lentil,DTF,R1,CV+,3,4,6,0.8333333333333334,0.0,2.2131937,2.213194,1.0
lentil,DTF,R1,CV+,4,0,6,1.0,0.0,1.6422495,1.6422495,1.0
lentil,DTF,R1,CV+,4,1,6,0.6666666666666666,0.3333333333333333,0.935613,0.9505573,0.6666666666666666
lentil,DTF,R1,CV+,4,2,6,1.0,0.0,1.7463112,1.7463112,1.0
lentil,DTF,R1,CV+,4,3,6,1.0,0.0,2.139587,1.8158522,0.8333333333333334
lentil,DTF,R1,CV+,4,4,6,0.8333333333333334,0.16666666666666666,1.4758748,1.4758748,1.0
lentil,DTF,R1,CV+,5,0,6,0.8333333333333334,0.16666666666666666,1.3698844,1.3698844,1.0
lentil,DTF,R1,CV+,5,1,6,0.8333333333333334,0.16666666666666666,1.2386636,1.3770243,0.8333333333333334
lentil,DTF,R1,CV+,5,2,6,0.8333333333333334,0.0,2.175328,1.9627529,0.8333333333333334
lentil,DTF,R1,CV+,5,3,6,0.8333333333333334,0.16666666666666666,1.0108198,1.1986865,0.8333333333333334
lentil,DTF,R1,CV+,5,4,6,0.6666666666666666,0.0,2.406729,2.1588385,0.8333333333333334
lentil,DTF,R1,CalPred-style,1,0,6,0.5,0.0,2.472,2.5630217,0.8333333333333334
lentil,DTF,R1,CalPred-style,1,1,6,1.0,0.0,1.8358583,1.6154095,0.8333333333333334
lentil,DTF,R1,CalPred-style,1,2,6,0.6666666666666666,0.3333333333333333,0.9670313,0.47091758,0.6666666666666666
lentil,DTF,R1,CalPred-style,1,3,6,1.0,0.0,1.4994426,1.4994427,1.0
lentil,DTF,R1,CalPred-style,1,4,6,1.0,0.0,1.1169248,1.0920719,0.6666666666666666
lentil,DTF,R1,CalPred-style,2,0,6,0.8333333333333334,0.0,2.25547,2.25547,1.0
lentil,DTF,R1,CalPred-style,2,1,6,1.0,0.0,1.5045838,1.4042357,0.8333333333333334
lentil,DTF,R1,CalPred-style,2,2,6,1.0,0.0,1.3850904,1.4195881,0.8333333333333334
lentil,DTF,R1,CalPred-style,2,3,6,1.0,0.0,1.4685243,1.5190932,0.8333333333333334
lentil,DTF,R1,CalPred-style,2,4,6,0.3333333333333333,0.5,0.89535695,1.0157566,0.6666666666666666
lentil,DTF,R1,CalPred-style,3,0,6,0.5,0.3333333333333333,1.1071097,1.1071097,1.0
lentil,DTF,R1,CalPred-style,3,1,6,1.0,0.0,1.5348848,1.4101373,0.6666666666666666
lentil,DTF,R1,CalPred-style,3,2,6,0.8333333333333334,0.16666666666666666,1.6249943,1.6249943,1.0
lentil,DTF,R1,CalPred-style,3,3,6,1.0,0.0,1.4524647,1.3533858,0.8333333333333334
lentil,DTF,R1,CalPred-style,3,4,6,0.8333333333333334,0.0,2.2131937,1.8942419,0.8333333333333334
lentil,DTF,R1,CalPred-style,4,0,6,1.0,0.0,1.6422495,1.6422495,1.0
lentil,DTF,R1,CalPred-style,4,1,6,0.6666666666666666,0.3333333333333333,0.935613,1.2345014,0.6666666666666666
lentil,DTF,R1,CalPred-style,4,2,6,1.0,0.0,1.7463112,1.7463112,1.0
lentil,DTF,R1,CalPred-style,4,3,6,0.8333333333333334,0.0,2.139587,2.058653,0.8333333333333334
lentil,DTF,R1,CalPred-style,4,4,6,0.8333333333333334,0.16666666666666666,1.4758748,0.9833109,0.5
lentil,DTF,R1,CalPred-style,5,0,6,0.6666666666666666,0.3333333333333333,1.3698844,0.90516925,0.6666666666666666
lentil,DTF,R1,CalPred-style,5,1,6,1.0,0.0,1.2386636,1.0261812,0.8333333333333334
lentil,DTF,R1,CalPred-style,5,2,6,0.8333333333333334,0.0,2.175328,1.9576916,0.6666666666666666
lentil,DTF,R1,CalPred-style,5,3,6,0.8333333333333334,0.16666666666666666,1.0108198,1.1986865,0.8333333333333334
lentil,DTF,R1,CalPred-style,5,4,6,0.5,0.0,2.406729,2.406729,1.0
lentil,DTF,R1,Gauss-PEV,1,0,6,0.5,0.0,2.472,2.5630217,0.8333333333333334
lentil,DTF,R1,Gauss-PEV,1,1,6,1.0,0.0,1.8358583,1.6154095,0.8333333333333334
lentil,DTF,R1,Gauss-PEV,1,2,6,0.6666666666666666,0.3333333333333333,0.9670313,0.47091758,0.6666666666666666
lentil,DTF,R1,Gauss-PEV,1,3,6,1.0,0.0,1.4994426,1.4994427,1.0
lentil,DTF,R1,Gauss-PEV,1,4,6,1.0,0.0,1.1169248,1.0920719,0.6666666666666666
lentil,DTF,R1,Gauss-PEV,2,0,6,0.8333333333333334,0.0,2.25547,2.25547,1.0
lentil,DTF,R1,Gauss-PEV,2,1,6,1.0,0.0,1.5045838,1.4042355,0.8333333333333334
lentil,DTF,R1,Gauss-PEV,2,2,6,1.0,0.0,1.3850904,1.4195881,0.8333333333333334
lentil,DTF,R1,Gauss-PEV,2,3,6,1.0,0.0,1.4685243,1.5190932,0.8333333333333334
lentil,DTF,R1,Gauss-PEV,2,4,6,0.3333333333333333,0.5,0.89535695,1.0157566,0.6666666666666666
lentil,DTF,R1,Gauss-PEV,3,0,6,0.5,0.3333333333333333,1.1071097,1.1071097,1.0
lentil,DTF,R1,Gauss-PEV,3,1,6,1.0,0.0,1.5348848,1.5199151,0.8333333333333334
lentil,DTF,R1,Gauss-PEV,3,2,6,0.8333333333333334,0.16666666666666666,1.6249943,1.6249942,1.0
lentil,DTF,R1,Gauss-PEV,3,3,6,1.0,0.0,1.4524647,1.3533858,0.8333333333333334
lentil,DTF,R1,Gauss-PEV,3,4,6,0.8333333333333334,0.0,2.2131937,1.8942418,0.8333333333333334
lentil,DTF,R1,Gauss-PEV,4,0,6,1.0,0.0,1.6422495,1.6422495,1.0
lentil,DTF,R1,Gauss-PEV,4,1,6,0.6666666666666666,0.3333333333333333,0.935613,1.2345014,0.6666666666666666
lentil,DTF,R1,Gauss-PEV,4,2,6,1.0,0.0,1.7463112,1.7463112,1.0
lentil,DTF,R1,Gauss-PEV,4,3,6,0.8333333333333334,0.0,2.139587,2.058653,0.8333333333333334
lentil,DTF,R1,Gauss-PEV,4,4,6,0.8333333333333334,0.16666666666666666,1.4758748,0.96320623,0.6666666666666666
lentil,DTF,R1,Gauss-PEV,5,0,6,0.6666666666666666,0.3333333333333333,1.3698844,0.90516925,0.6666666666666666
lentil,DTF,R1,Gauss-PEV,5,1,6,0.6666666666666666,0.16666666666666666,1.2386636,1.0261812,0.8333333333333334
lentil,DTF,R1,Gauss-PEV,5,2,6,0.8333333333333334,0.0,2.175328,1.9576918,0.6666666666666666
lentil,DTF,R1,Gauss-PEV,5,3,6,0.8333333333333334,0.16666666666666666,1.0108198,1.1986865,0.8333333333333334
lentil,DTF,R1,Gauss-PEV,5,4,6,0.5,0.0,2.406729,2.406729,1.0
lentil,DTF,R1,KinCP,1,0,6,0.5,0.0,2.472,2.5630217,0.8333333333333334
lentil,DTF,R1,KinCP,1,1,6,1.0,0.0,1.8358583,1.6154095,0.8333333333333334
lentil,DTF,R1,KinCP,1,2,6,0.6666666666666666,0.3333333333333333,0.9670313,0.47091758,0.6666666666666666
lentil,DTF,R1,KinCP,1,3,6,1.0,0.0,1.4994426,1.4994427,1.0
lentil,DTF,R1,KinCP,1,4,6,1.0,0.0,1.1169248,1.0920719,0.6666666666666666
lentil,DTF,R1,KinCP,2,0,6,0.8333333333333334,0.0,2.25547,1.9989122,0.8333333333333334
lentil,DTF,R1,KinCP,2,1,6,1.0,0.0,1.5045838,1.4042358,0.8333333333333334
lentil,DTF,R1,KinCP,2,2,6,1.0,0.0,1.3850904,1.4195882,0.8333333333333334
lentil,DTF,R1,KinCP,2,3,6,1.0,0.0,1.4685243,1.5190932,0.8333333333333334
lentil,DTF,R1,KinCP,2,4,6,0.3333333333333333,0.5,0.89535695,0.7398407,0.5
lentil,DTF,R1,KinCP,3,0,6,0.5,0.3333333333333333,1.1071097,1.1071097,1.0
lentil,DTF,R1,KinCP,3,1,6,1.0,0.0,1.5348848,1.519915,0.8333333333333334
lentil,DTF,R1,KinCP,3,2,6,0.8333333333333334,0.16666666666666666,1.6249943,1.6249942,1.0
lentil,DTF,R1,KinCP,3,3,6,1.0,0.0,1.4524647,1.5911756,0.8333333333333334
lentil,DTF,R1,KinCP,3,4,6,0.8333333333333334,0.0,2.2131937,1.8942418,0.8333333333333334
lentil,DTF,R1,KinCP,4,0,6,1.0,0.0,1.6422495,1.5536895,0.8333333333333334
lentil,DTF,R1,KinCP,4,1,6,0.6666666666666666,0.3333333333333333,0.935613,1.2345012,0.6666666666666666
lentil,DTF,R1,KinCP,4,2,6,1.0,0.0,1.7463112,1.7463112,1.0
lentil,DTF,R1,KinCP,4,3,6,1.0,0.0,2.139587,2.058653,0.8333333333333334
lentil,DTF,R1,KinCP,4,4,6,0.8333333333333334,0.16666666666666666,1.4758748,0.96320623,0.6666666666666666
lentil,DTF,R1,KinCP,5,0,6,0.8333333333333334,0.16666666666666666,1.3698844,0.9051693,0.6666666666666666
lentil,DTF,R1,KinCP,5,1,6,0.8333333333333334,0.0,1.2386636,1.2188978,0.8333333333333334
lentil,DTF,R1,KinCP,5,2,6,0.8333333333333334,0.0,2.175328,1.9576918,0.6666666666666666
lentil,DTF,R1,KinCP,5,3,6,0.8333333333333334,0.16666666666666666,1.0108198,1.1887988,0.6666666666666666
lentil,DTF,R1,KinCP,5,4,6,0.5,0.0,2.406729,2.406729,1.0
lentil,DTF,R1,KinCP-ABC,1,0,6,0.6666666666666666,0.0,2.472,2.472,1.0
lentil,DTF,R1,KinCP-ABC,1,1,6,1.0,0.0,1.8358583,1.8358583,1.0
lentil,DTF,R1,KinCP-ABC,1,2,6,0.8333333333333334,0.16666666666666666,0.9670313,0.9670313,1.0
lentil,DTF,R1,KinCP-ABC,1,3,6,1.0,0.0,1.4994426,1.4994426,1.0
lentil,DTF,R1,KinCP-ABC,1,4,6,1.0,0.0,1.1169248,1.1169248,1.0
lentil,DTF,R1,KinCP-ABC,2,0,6,1.0,0.0,2.25547,2.25547,1.0
lentil,DTF,R1,KinCP-ABC,2,1,6,1.0,0.0,1.5045838,1.5045838,1.0
lentil,DTF,R1,KinCP-ABC,2,2,6,0.8333333333333334,0.16666666666666666,1.3850904,1.3850904,1.0
lentil,DTF,R1,KinCP-ABC,2,3,6,1.0,0.0,1.4685243,1.4685243,1.0
lentil,DTF,R1,KinCP-ABC,2,4,6,0.3333333333333333,0.5,0.89535695,0.89535695,1.0
lentil,DTF,R1,KinCP-ABC,3,0,6,0.6666666666666666,0.3333333333333333,1.1071097,1.1071097,1.0
lentil,DTF,R1,KinCP-ABC,3,1,6,1.0,0.0,1.5348848,1.5348848,1.0
lentil,DTF,R1,KinCP-ABC,3,2,6,0.8333333333333334,0.16666666666666666,1.6249943,1.6249943,1.0
lentil,DTF,R1,KinCP-ABC,3,3,6,1.0,0.0,1.4524647,1.4524647,1.0
lentil,DTF,R1,KinCP-ABC,3,4,6,0.8333333333333334,0.0,2.2131937,2.2131937,1.0
lentil,DTF,R1,KinCP-ABC,4,0,6,1.0,0.0,1.6422495,1.6422495,1.0
lentil,DTF,R1,KinCP-ABC,4,1,6,0.5,0.5,0.935613,0.935613,1.0
lentil,DTF,R1,KinCP-ABC,4,2,6,1.0,0.0,1.7463112,1.7463112,1.0
lentil,DTF,R1,KinCP-ABC,4,3,6,1.0,0.0,2.139587,2.139587,1.0
lentil,DTF,R1,KinCP-ABC,4,4,6,0.8333333333333334,0.16666666666666666,1.4758748,1.4758748,1.0
lentil,DTF,R1,KinCP-ABC,5,0,6,0.8333333333333334,0.16666666666666666,1.3698844,1.3698844,1.0
lentil,DTF,R1,KinCP-ABC,5,1,6,0.6666666666666666,0.16666666666666666,1.2386636,1.2386636,1.0
lentil,DTF,R1,KinCP-ABC,5,2,6,0.8333333333333334,0.0,2.175328,2.175328,1.0
lentil,DTF,R1,KinCP-ABC,5,3,6,0.6666666666666666,0.16666666666666666,1.0108198,1.0108198,1.0
lentil,DTF,R1,KinCP-ABC,5,4,6,0.6666666666666666,0.0,2.406729,2.406729,1.0
lentil,DTF,R1,SCP,1,0,6,0.3333333333333333,0.16666666666666666,2.472,2.472,1.0
lentil,DTF,R1,SCP,1,1,6,0.8333333333333334,0.0,1.8358583,1.8358583,1.0
lentil,DTF,R1,SCP,1,2,6,0.8333333333333334,0.16666666666666666,0.9670313,0.9670313,1.0
lentil,DTF,R1,SCP,1,3,6,1.0,0.0,1.4994426,1.5791043,0.8333333333333334
lentil,DTF,R1,SCP,1,4,6,1.0,0.0,1.1169248,1.0523075,0.8333333333333334
lentil,DTF,R1,SCP,2,0,6,0.6666666666666666,0.0,2.25547,1.9989122,0.8333333333333334
lentil,DTF,R1,SCP,2,1,6,0.6666666666666666,0.16666666666666666,1.5045838,1.3640963,0.8333333333333334
lentil,DTF,R1,SCP,2,2,6,1.0,0.0,1.3850904,1.4195882,0.8333333333333334
lentil,DTF,R1,SCP,2,3,6,0.8333333333333334,0.0,1.4685243,1.5696617,0.8333333333333334
lentil,DTF,R1,SCP,2,4,6,0.5,0.5,0.89535695,0.89535695,1.0
lentil,DTF,R1,SCP,3,0,6,0.6666666666666666,0.3333333333333333,1.1071097,1.1071097,1.0
lentil,DTF,R1,SCP,3,1,6,1.0,0.0,1.5348848,1.4500564,0.8333333333333334
lentil,DTF,R1,SCP,3,2,6,0.8333333333333334,0.16666666666666666,1.6249943,1.6798598,0.8333333333333334
lentil,DTF,R1,SCP,3,3,6,1.0,0.0,1.4524647,1.5119122,0.8333333333333334
lentil,DTF,R1,SCP,3,4,6,0.8333333333333334,0.0,2.2131937,2.2131937,1.0
lentil,DTF,R1,SCP,4,0,6,1.0,0.0,1.6422495,1.5881295,0.8333333333333334
lentil,DTF,R1,SCP,4,1,6,0.5,0.5,0.935613,0.935613,1.0
lentil,DTF,R1,SCP,4,2,6,0.8333333333333334,0.0,1.7463112,1.7927951,0.6666666666666666
lentil,DTF,R1,SCP,4,3,6,1.0,0.0,2.139587,2.139587,1.0
lentil,DTF,R1,SCP,4,4,6,0.3333333333333333,0.3333333333333333,1.4758748,1.727183,0.8333333333333334
lentil,DTF,R1,SCP,5,0,6,0.8333333333333334,0.16666666666666666,1.3698844,1.1968521,0.6666666666666666
lentil,DTF,R1,SCP,5,1,6,0.8333333333333334,0.16666666666666666,1.2386636,1.515385,0.8333333333333334
lentil,DTF,R1,SCP,5,2,6,0.8333333333333334,0.0,2.175328,2.2107573,0.8333333333333334
lentil,DTF,R1,SCP,5,3,6,0.8333333333333334,0.16666666666666666,1.0108198,1.1986865,0.8333333333333334
lentil,DTF,R1,SCP,5,4,6,1.0,0.0,2.406729,2.306518,0.8333333333333334
lentil,DTF,R2,CV+,1,0,4,1.0,0.0,-0.6442977,-0.6442977,1.0
lentil,DTF,R2,CV+,1,1,10,0.4,0.1,1.9437201,1.9437201,1.0
lentil,DTF,R2,CV+,1,2,5,0.8,0.0,0.9069433,0.4456331,0.8
lentil,DTF,R2,CV+,1,3,10,1.0,0.0,-0.340419,-0.37500006,0.9
lentil,DTF,R2,CV+,1,4,3,0.6666666666666666,0.3333333333333333,-1.0896406,-1.0896406,1.0
lentil,DTF,R2,CV+,2,0,4,1.0,0.0,-0.6442977,-0.56772584,0.75
lentil,DTF,R2,CV+,2,1,10,0.4,0.1,1.9437201,1.8777765,0.9
lentil,DTF,R2,CV+,2,2,5,0.8,0.0,0.9069433,0.55208933,0.8
lentil,DTF,R2,CV+,2,3,10,1.0,0.0,-0.340419,-0.37500003,0.9
lentil,DTF,R2,CV+,2,4,3,0.6666666666666666,0.3333333333333333,-1.0896406,-1.0896406,1.0
lentil,DTF,R2,CV+,3,0,4,1.0,0.0,-0.6442977,-0.56772584,0.75
lentil,DTF,R2,CV+,3,1,10,0.4,0.1,1.9437201,2.170858,0.9
lentil,DTF,R2,CV+,3,2,5,0.8,0.0,0.9069433,0.55208933,0.8
lentil,DTF,R2,CV+,3,3,10,1.0,0.0,-0.340419,-0.3803202,0.8
lentil,DTF,R2,CV+,3,4,3,0.6666666666666666,0.3333333333333333,-1.0896406,0.02506574,0.6666666666666666
lentil,DTF,R2,CV+,4,0,4,1.0,0.0,-0.6442977,-0.56772584,0.75
lentil,DTF,R2,CV+,4,1,10,0.4,0.1,1.9437201,1.8997576,0.8
lentil,DTF,R2,CV+,4,2,5,0.8,0.0,0.9069433,0.55208933,0.8
lentil,DTF,R2,CV+,4,3,10,1.0,0.0,-0.340419,-0.340419,1.0
lentil,DTF,R2,CV+,4,4,3,0.6666666666666666,0.3333333333333333,-1.0896406,0.02506574,0.6666666666666666
lentil,DTF,R2,CV+,5,0,4,1.0,0.0,-0.6442977,-0.56772584,0.75
lentil,DTF,R2,CV+,5,1,10,0.4,0.1,1.9437201,1.9437201,1.0
lentil,DTF,R2,CV+,5,2,5,0.8,0.0,0.9069433,0.55208933,0.8
lentil,DTF,R2,CV+,5,3,10,1.0,0.0,-0.340419,-0.3297787,0.9
lentil,DTF,R2,CV+,5,4,3,0.6666666666666666,0.3333333333333333,-1.0896406,-1.0896406,1.0
lentil,DTF,R2,CalPred-style,1,0,4,1.0,0.0,-0.6442977,-0.56772584,0.75
lentil,DTF,R2,CalPred-style,1,1,10,0.9,0.1,1.9437201,2.013327,0.8
lentil,DTF,R2,CalPred-style,1,2,5,0.8,0.0,0.9069433,0.55208933,0.8
lentil,DTF,R2,CalPred-style,1,3,10,1.0,0.0,-0.340419,-0.38564035,0.9
lentil,DTF,R2,CalPred-style,1,4,3,0.6666666666666666,0.3333333333333333,-1.0896406,-1.0896406,1.0
lentil,DTF,R2,CalPred-style,2,0,4,1.0,0.0,-0.6442977,-0.56772584,0.75
lentil,DTF,R2,CalPred-style,2,1,10,0.9,0.1,1.9437201,1.9437199,0.9
lentil,DTF,R2,CalPred-style,2,2,5,0.8,0.0,0.9069433,0.55208933,0.8
lentil,DTF,R2,CalPred-style,2,3,10,1.0,0.0,-0.340419,-0.38564035,0.9
lentil,DTF,R2,CalPred-style,2,4,3,0.6666666666666666,0.3333333333333333,-1.0896406,-1.0896406,1.0
lentil,DTF,R2,CalPred-style,3,0,4,1.0,0.0,-0.6442977,-0.56772584,0.75
lentil,DTF,R2,CalPred-style,3,1,10,0.9,0.1,1.9437201,1.9437199,0.9
lentil,DTF,R2,CalPred-style,3,2,5,0.8,0.0,0.9069433,0.55208933,0.8
lentil,DTF,R2,CalPred-style,3,3,10,1.0,0.0,-0.340419,-0.38564035,0.9
lentil,DTF,R2,CalPred-style,3,4,3,0.6666666666666666,0.3333333333333333,-1.0896406,-1.0896406,1.0
lentil,DTF,R2,CalPred-style,4,0,4,1.0,0.0,-0.6442977,-0.56772584,0.75
lentil,DTF,R2,CalPred-style,4,1,10,0.9,0.1,1.9437201,1.9437199,0.9
lentil,DTF,R2,CalPred-style,4,2,5,0.8,0.0,0.9069433,0.55208933,0.8
lentil,DTF,R2,CalPred-style,4,3,10,1.0,0.0,-0.340419,-0.46544275,0.8
lentil,DTF,R2,CalPred-style,4,4,3,0.6666666666666666,0.3333333333333333,-1.0896406,-1.0896406,1.0
lentil,DTF,R2,CalPred-style,5,0,4,1.0,0.0,-0.6442977,-0.56772584,0.75
lentil,DTF,R2,CalPred-style,5,1,10,0.9,0.1,1.9437201,2.0133266,0.8
lentil,DTF,R2,CalPred-style,5,2,5,0.8,0.0,0.9069433,0.55208933,0.8
lentil,DTF,R2,CalPred-style,5,3,10,1.0,0.0,-0.340419,-0.38564035,0.9
lentil,DTF,R2,CalPred-style,5,4,3,0.6666666666666666,0.3333333333333333,-1.0896406,-1.0896406,1.0
lentil,DTF,R2,Gauss-PEV,1,0,4,1.0,0.0,-0.6442977,-0.56772584,0.75
lentil,DTF,R2,Gauss-PEV,1,1,10,0.9,0.1,1.9437201,1.9437199,0.9
lentil,DTF,R2,Gauss-PEV,1,2,5,0.8,0.0,0.9069433,0.55208933,0.8
lentil,DTF,R2,Gauss-PEV,1,3,10,1.0,0.0,-0.340419,-0.46544275,0.8
lentil,DTF,R2,Gauss-PEV,1,4,3,0.6666666666666666,0.3333333333333333,-1.0896406,-1.0896406,1.0
lentil,DTF,R2,Gauss-PEV,2,0,4,1.0,0.0,-0.6442977,-0.56772584,0.75
lentil,DTF,R2,Gauss-PEV,2,1,10,0.9,0.1,1.9437201,1.9437199,0.9
lentil,DTF,R2,Gauss-PEV,2,2,5,0.8,0.0,0.9069433,0.55208933,0.8
lentil,DTF,R2,Gauss-PEV,2,3,10,1.0,0.0,-0.340419,-0.46544275,0.8
lentil,DTF,R2,Gauss-PEV,2,4,3,0.6666666666666666,0.3333333333333333,-1.0896406,-1.0896406,1.0
lentil,DTF,R2,Gauss-PEV,3,0,4,1.0,0.0,-0.6442977,-0.56772584,0.75
lentil,DTF,R2,Gauss-PEV,3,1,10,0.9,0.1,1.9437201,1.9437199,0.9
lentil,DTF,R2,Gauss-PEV,3,2,5,0.8,0.0,0.9069433,0.55208933,0.8
lentil,DTF,R2,Gauss-PEV,3,3,10,1.0,0.0,-0.340419,-0.46544275,0.8
lentil,DTF,R2,Gauss-PEV,3,4,3,0.6666666666666666,0.3333333333333333,-1.0896406,-1.0896406,1.0
lentil,DTF,R2,Gauss-PEV,4,0,4,1.0,0.0,-0.6442977,-0.56772584,0.75
lentil,DTF,R2,Gauss-PEV,4,1,10,0.9,0.1,1.9437201,1.9437199,0.9
lentil,DTF,R2,Gauss-PEV,4,2,5,0.8,0.0,0.9069433,0.55208933,0.8
lentil,DTF,R2,Gauss-PEV,4,3,10,1.0,0.0,-0.340419,-0.46544275,0.8
lentil,DTF,R2,Gauss-PEV,4,4,3,0.6666666666666666,0.3333333333333333,-1.0896406,-1.0896406,1.0
lentil,DTF,R2,Gauss-PEV,5,0,4,1.0,0.0,-0.6442977,-0.56772584,0.75
lentil,DTF,R2,Gauss-PEV,5,1,10,0.9,0.1,1.9437201,1.9437199,0.9
lentil,DTF,R2,Gauss-PEV,5,2,5,0.8,0.0,0.9069433,0.55208933,0.8
lentil,DTF,R2,Gauss-PEV,5,3,10,1.0,0.0,-0.340419,-0.46544275,0.8
lentil,DTF,R2,Gauss-PEV,5,4,3,0.6666666666666666,0.3333333333333333,-1.0896406,-1.0896406,1.0
lentil,DTF,R2,KinCP,1,0,4,1.0,0.0,-0.6442977,-0.56772584,0.75
lentil,DTF,R2,KinCP,1,1,10,0.9,0.1,1.9437201,2.013327,0.8
lentil,DTF,R2,KinCP,1,2,5,0.8,0.0,0.9069433,0.55208933,0.8
lentil,DTF,R2,KinCP,1,3,10,1.0,0.0,-0.340419,-0.43352184,0.9
lentil,DTF,R2,KinCP,1,4,3,0.6666666666666666,0.3333333333333333,-1.0896406,-1.0896406,1.0
lentil,DTF,R2,KinCP,2,0,4,1.0,0.0,-0.6442977,-0.6442977,1.0
lentil,DTF,R2,KinCP,2,1,10,0.9,0.1,1.9437201,2.013327,0.8
lentil,DTF,R2,KinCP,2,2,5,0.8,0.0,0.9069433,0.55208933,0.8
lentil,DTF,R2,KinCP,2,3,10,1.0,0.0,-0.340419,-0.38564035,0.9
lentil,DTF,R2,KinCP,2,4,3,0.6666666666666666,0.3333333333333333,-1.0896406,-1.0896406,1.0
lentil,DTF,R2,KinCP,3,0,4,1.0,0.0,-0.6442977,-0.56772584,0.75
lentil,DTF,R2,KinCP,3,1,10,0.8,0.1,1.9437201,2.013327,0.8
lentil,DTF,R2,KinCP,3,2,5,0.8,0.0,0.9069433,0.55208933,0.8
lentil,DTF,R2,KinCP,3,3,10,1.0,0.0,-0.340419,-0.38564035,0.9
lentil,DTF,R2,KinCP,3,4,3,0.6666666666666666,0.3333333333333333,-1.0896406,-1.0896406,1.0
lentil,DTF,R2,KinCP,4,0,4,1.0,0.0,-0.6442977,-0.56772584,0.75
lentil,DTF,R2,KinCP,4,1,10,0.9,0.1,1.9437201,2.013327,0.8
lentil,DTF,R2,KinCP,4,2,5,0.8,0.0,0.9069433,0.55208933,0.8
lentil,DTF,R2,KinCP,4,3,10,1.0,0.0,-0.340419,-0.30583793,0.9
lentil,DTF,R2,KinCP,4,4,3,0.6666666666666666,0.3333333333333333,-1.0896406,-1.0896406,1.0
lentil,DTF,R2,KinCP,5,0,4,1.0,0.0,-0.6442977,-0.56772584,0.75
lentil,DTF,R2,KinCP,5,1,10,0.9,0.1,1.9437201,2.013327,0.8
lentil,DTF,R2,KinCP,5,2,5,0.8,0.0,0.9069433,0.55208933,0.8
lentil,DTF,R2,KinCP,5,3,10,1.0,0.0,-0.340419,-0.4335218,0.9
lentil,DTF,R2,KinCP,5,4,3,0.6666666666666666,0.3333333333333333,-1.0896406,-1.0896406,1.0
lentil,DTF,R2,KinCP-ABC,1,0,4,1.0,0.0,-0.6442977,-0.6442977,1.0
lentil,DTF,R2,KinCP-ABC,1,1,10,0.6,0.1,1.9437201,1.9437201,1.0
lentil,DTF,R2,KinCP-ABC,1,2,5,0.8,0.0,0.9069433,0.9069433,1.0
lentil,DTF,R2,KinCP-ABC,1,3,10,1.0,0.0,-0.340419,-0.340419,1.0
lentil,DTF,R2,KinCP-ABC,1,4,3,0.6666666666666666,0.3333333333333333,-1.0896406,-1.0896406,1.0
lentil,DTF,R2,KinCP-ABC,2,0,4,1.0,0.0,-0.6442977,-0.6442977,1.0
lentil,DTF,R2,KinCP-ABC,2,1,10,0.7,0.1,1.9437201,1.9437201,1.0
lentil,DTF,R2,KinCP-ABC,2,2,5,0.8,0.0,0.9069433,0.9069433,1.0
lentil,DTF,R2,KinCP-ABC,2,3,10,1.0,0.0,-0.340419,-0.340419,1.0
lentil,DTF,R2,KinCP-ABC,2,4,3,0.6666666666666666,0.3333333333333333,-1.0896406,-1.0896406,1.0
lentil,DTF,R2,KinCP-ABC,3,0,4,1.0,0.0,-0.6442977,-0.6442977,1.0
lentil,DTF,R2,KinCP-ABC,3,1,10,0.4,0.1,1.9437201,1.9437201,1.0
lentil,DTF,R2,KinCP-ABC,3,2,5,0.8,0.0,0.9069433,0.9069433,1.0
lentil,DTF,R2,KinCP-ABC,3,3,10,1.0,0.0,-0.340419,-0.340419,1.0
lentil,DTF,R2,KinCP-ABC,3,4,3,0.6666666666666666,0.3333333333333333,-1.0896406,-1.0896406,1.0
lentil,DTF,R2,KinCP-ABC,4,0,4,1.0,0.0,-0.6442977,-0.6442977,1.0
lentil,DTF,R2,KinCP-ABC,4,1,10,0.4,0.1,1.9437201,1.9437201,1.0
lentil,DTF,R2,KinCP-ABC,4,2,5,0.8,0.0,0.9069433,0.9069433,1.0
lentil,DTF,R2,KinCP-ABC,4,3,10,1.0,0.0,-0.340419,-0.340419,1.0
lentil,DTF,R2,KinCP-ABC,4,4,3,0.6666666666666666,0.3333333333333333,-1.0896406,-1.0896406,1.0
lentil,DTF,R2,KinCP-ABC,5,0,4,1.0,0.0,-0.6442977,-0.6442977,1.0
lentil,DTF,R2,KinCP-ABC,5,1,10,0.4,0.1,1.9437201,1.9437201,1.0
lentil,DTF,R2,KinCP-ABC,5,2,5,0.8,0.0,0.9069433,0.9069433,1.0
lentil,DTF,R2,KinCP-ABC,5,3,10,1.0,0.0,-0.340419,-0.340419,1.0
lentil,DTF,R2,KinCP-ABC,5,4,3,0.6666666666666666,0.3333333333333333,-1.0896406,-1.0896406,1.0
lentil,DTF,R2,SCP,1,0,4,1.0,0.0,-0.6442977,-0.6442977,1.0
lentil,DTF,R2,SCP,1,1,10,0.6,0.1,1.9437201,2.1671946,0.8
lentil,DTF,R2,SCP,1,2,5,0.8,0.0,0.9069433,0.4456331,0.8
lentil,DTF,R2,SCP,1,3,10,1.0,0.0,-0.340419,-0.4707629,0.8
lentil,DTF,R2,SCP,1,4,3,0.6666666666666666,0.3333333333333333,-1.0896406,-1.0896406,1.0
lentil,DTF,R2,SCP,2,0,4,0.75,0.25,-0.6442977,-0.93527085,0.5
lentil,DTF,R2,SCP,2,1,10,0.7,0.1,1.9437201,2.126896,0.8
lentil,DTF,R2,SCP,2,2,5,0.8,0.0,0.9069433,0.4456331,0.8
lentil,DTF,R2,SCP,2,3,10,1.0,0.0,-0.340419,-0.27391702,0.7
lentil,DTF,R2,SCP,2,4,3,0.6666666666666666,0.3333333333333333,-1.0896406,0.02506574,0.6666666666666666
lentil,DTF,R2,SCP,3,0,4,1.0,0.0,-0.6442977,-0.56772584,0.75
lentil,DTF,R2,SCP,3,1,10,0.6,0.1,1.9437201,2.0902605,0.8
lentil,DTF,R2,SCP,3,2,5,0.8,0.0,0.9069433,0.4456331,0.8
lentil,DTF,R2,SCP,3,3,10,1.0,0.0,-0.340419,-0.38830045,0.7
lentil,DTF,R2,SCP,3,4,3,0.6666666666666666,0.3333333333333333,-1.0896406,-1.0896406,1.0
lentil,DTF,R2,SCP,4,0,4,0.75,0.25,-0.6442977,-0.7285268,0.75
lentil,DTF,R2,SCP,4,1,10,1.0,0.0,1.9437201,2.1415496,0.8
lentil,DTF,R2,SCP,4,2,5,0.8,0.0,0.9069433,0.45154738,0.6
lentil,DTF,R2,SCP,4,3,10,0.9,0.1,-0.340419,-0.5000238,0.7
lentil,DTF,R2,SCP,4,4,3,0.6666666666666666,0.3333333333333333,-1.0896406,-1.016028,0.6666666666666666
lentil,DTF,R2,SCP,5,0,4,0.75,0.25,-0.6442977,-0.7285268,0.75
lentil,DTF,R2,SCP,5,1,10,0.8,0.0,1.9437201,2.0316443,0.8
lentil,DTF,R2,SCP,5,2,5,0.8,0.0,0.9069433,0.55208933,0.8
lentil,DTF,R2,SCP,5,3,10,1.0,0.0,-0.340419,-0.5532254,0.6
lentil,DTF,R2,SCP,5,4,3,0.3333333333333333,0.6666666666666666,-1.0896406,0.02506574,0.6666666666666666
lentil,DTM,R1,CV+,1,0,6,0.5,0.0,2.3614223,2.3614223,1.0
lentil,DTM,R1,CV+,1,1,6,0.6666666666666666,0.16666666666666666,1.3724976,1.3724976,1.0
lentil,DTM,R1,CV+,1,2,6,1.0,0.0,1.0572401,1.0572401,1.0
lentil,DTM,R1,CV+,1,3,6,1.0,0.0,1.2474252,1.3534061,0.8333333333333334
lentil,DTM,R1,CV+,1,4,6,1.0,0.0,1.1956749,1.1956749,1.0
lentil,DTM,R1,CV+,2,0,6,0.8333333333333334,0.0,1.9822165,1.9822167,1.0
lentil,DTM,R1,CV+,2,1,6,0.8333333333333334,0.0,1.4474417,1.4474417,1.0
lentil,DTM,R1,CV+,2,2,6,1.0,0.0,1.1324466,1.1229783,0.8333333333333334
lentil,DTM,R1,CV+,2,3,6,0.8333333333333334,0.0,1.4007001,1.4007002,1.0
lentil,DTM,R1,CV+,2,4,6,0.8333333333333334,0.0,1.4053575,1.4053575,1.0
lentil,DTM,R1,CV+,3,0,6,0.8333333333333334,0.16666666666666666,0.6915372,0.6915372,1.0
lentil,DTM,R1,CV+,3,1,6,0.6666666666666666,0.0,1.7995049,1.7995049,1.0
lentil,DTM,R1,CV+,3,2,6,0.8333333333333334,0.0,1.8086573,1.561014,0.8333333333333334
lentil,DTM,R1,CV+,3,3,6,0.8333333333333334,0.0,1.1952176,1.0139617,0.8333333333333334
lentil,DTM,R1,CV+,3,4,6,0.8333333333333334,0.0,1.8003821,1.8930172,0.8333333333333334
lentil,DTM,R1,CV+,4,0,6,0.6666666666666666,0.16666666666666666,1.4991039,1.4991039,1.0
lentil,DTM,R1,CV+,4,1,6,0.8333333333333334,0.16666666666666666,1.0137457,0.98994154,0.8333333333333334
lentil,DTM,R1,CV+,4,2,6,1.0,0.0,1.6791145,1.5901383,0.8333333333333334
lentil,DTM,R1,CV+,4,3,6,0.6666666666666666,0.0,2.013951,2.013951,1.0
lentil,DTM,R1,CV+,4,4,6,0.8333333333333334,0.0,1.45219,1.45219,1.0
lentil,DTM,R1,CV+,5,0,6,0.8333333333333334,0.16666666666666666,1.3981794,1.3981794,1.0
lentil,DTM,R1,CV+,5,1,6,0.6666666666666666,0.16666666666666666,1.1236279,1.3152679,0.8333333333333334
lentil,DTM,R1,CV+,5,2,6,0.8333333333333334,0.0,1.3860322,1.3860321,1.0
lentil,DTM,R1,CV+,5,3,6,1.0,0.0,1.2111646,1.3599654,0.8333333333333334
lentil,DTM,R1,CV+,5,4,6,0.6666666666666666,0.0,2.1496527,2.1496527,1.0
lentil,DTM,R1,CalPred-style,1,0,6,0.5,0.0,2.3614223,2.594815,0.8333333333333334
lentil,DTM,R1,CalPred-style,1,1,6,0.8333333333333334,0.0,1.3724976,1.3822026,0.8333333333333334
lentil,DTM,R1,CalPred-style,1,2,6,0.8333333333333334,0.16666666666666666,1.0572401,1.0572401,1.0
lentil,DTM,R1,CalPred-style,1,3,6,1.0,0.0,1.2474252,1.2233385,0.8333333333333334
lentil,DTM,R1,CalPred-style,1,4,6,1.0,0.0,1.1956749,1.1956749,1.0
lentil,DTM,R1,CalPred-style,2,0,6,0.6666666666666666,0.0,1.9822165,1.9573687,0.8333333333333334
lentil,DTM,R1,CalPred-style,2,1,6,0.8333333333333334,0.0,1.4474417,1.5395899,0.8333333333333334
lentil,DTM,R1,CalPred-style,2,2,6,1.0,0.0,1.1324466,1.1087756,0.6666666666666666
lentil,DTM,R1,CalPred-style,2,3,6,0.8333333333333334,0.0,1.4007001,1.4007001,1.0
lentil,DTM,R1,CalPred-style,2,4,6,0.8333333333333334,0.0,1.4053575,1.0695184,0.8333333333333334
lentil,DTM,R1,CalPred-style,3,0,6,0.6666666666666666,0.3333333333333333,0.6915372,0.6963806,0.8333333333333334
lentil,DTM,R1,CalPred-style,3,1,6,0.8333333333333334,0.0,1.7995049,1.6862947,0.8333333333333334
lentil,DTM,R1,CalPred-style,3,2,6,0.8333333333333334,0.0,1.8086573,1.8284688,0.6666666666666666
lentil,DTM,R1,CalPred-style,3,3,6,1.0,0.0,1.1952176,1.1952176,1.0
lentil,DTM,R1,CalPred-style,3,4,6,0.8333333333333334,0.0,1.8003821,1.9807767,0.8333333333333334
lentil,DTM,R1,CalPred-style,4,0,6,1.0,0.0,1.4991039,1.432491,0.8333333333333334
lentil,DTM,R1,CalPred-style,4,1,6,0.8333333333333334,0.16666666666666666,1.0137457,1.1613317,0.8333333333333334
lentil,DTM,R1,CalPred-style,4,2,6,1.0,0.0,1.6791145,1.6000246,0.8333333333333334
lentil,DTM,R1,CalPred-style,4,3,6,0.6666666666666666,0.0,2.013951,2.013951,1.0
lentil,DTM,R1,CalPred-style,4,4,6,0.6666666666666666,0.16666666666666666,1.45219,1.1630565,0.6666666666666666
lentil,DTM,R1,CalPred-style,5,0,6,0.6666666666666666,0.16666666666666666,1.3981794,1.2782708,0.6666666666666666
lentil,DTM,R1,CalPred-style,5,1,6,0.6666666666666666,0.16666666666666666,1.1236279,1.3152679,0.8333333333333334
lentil,DTM,R1,CalPred-style,5,2,6,0.8333333333333334,0.0,1.3860322,1.3860321,1.0
lentil,DTM,R1,CalPred-style,5,3,6,1.0,0.0,1.2111646,1.292765,0.6666666666666666
lentil,DTM,R1,CalPred-style,5,4,6,0.6666666666666666,0.0,2.1496527,2.1496527,1.0
lentil,DTM,R1,Gauss-PEV,1,0,6,0.5,0.0,2.3614223,2.594815,0.8333333333333334
lentil,DTM,R1,Gauss-PEV,1,1,6,0.5,0.3333333333333333,1.3724976,1.2269238,0.8333333333333334
lentil,DTM,R1,Gauss-PEV,1,2,6,0.8333333333333334,0.16666666666666666,1.0572401,1.0572401,1.0
lentil,DTM,R1,Gauss-PEV,1,3,6,1.0,0.0,1.2474252,1.2233385,0.8333333333333334
lentil,DTM,R1,Gauss-PEV,1,4,6,1.0,0.0,1.1956749,1.1956749,1.0
lentil,DTM,R1,Gauss-PEV,2,0,6,0.8333333333333334,0.0,1.9822165,1.9573687,0.8333333333333334
lentil,DTM,R1,Gauss-PEV,2,1,6,0.8333333333333334,0.0,1.4474417,1.5395899,0.8333333333333334
lentil,DTM,R1,Gauss-PEV,2,2,6,1.0,0.0,1.1324466,1.1087756,0.8333333333333334
lentil,DTM,R1,Gauss-PEV,2,3,6,0.6666666666666666,0.16666666666666666,1.4007001,1.4007001,1.0
lentil,DTM,R1,Gauss-PEV,2,4,6,0.8333333333333334,0.0,1.4053575,1.0695184,0.8333333333333334
lentil,DTM,R1,Gauss-PEV,3,0,6,0.6666666666666666,0.3333333333333333,0.6915372,0.6963806,0.8333333333333334
lentil,DTM,R1,Gauss-PEV,3,1,6,0.8333333333333334,0.0,1.7995049,1.6862947,0.8333333333333334
lentil,DTM,R1,Gauss-PEV,3,2,6,0.8333333333333334,0.0,1.8086573,1.8284688,0.6666666666666666
lentil,DTM,R1,Gauss-PEV,3,3,6,0.8333333333333334,0.0,1.1952176,1.1952176,1.0
lentil,DTM,R1,Gauss-PEV,3,4,6,0.8333333333333334,0.0,1.8003821,1.9807767,0.8333333333333334
lentil,DTM,R1,Gauss-PEV,4,0,6,1.0,0.0,1.4991039,1.432491,0.8333333333333334
lentil,DTM,R1,Gauss-PEV,4,1,6,0.8333333333333334,0.16666666666666666,1.0137457,1.1613317,0.8333333333333334
lentil,DTM,R1,Gauss-PEV,4,2,6,1.0,0.0,1.6791145,1.6000246,0.8333333333333334
lentil,DTM,R1,Gauss-PEV,4,3,6,0.6666666666666666,0.0,2.013951,2.013951,1.0
lentil,DTM,R1,Gauss-PEV,4,4,6,0.6666666666666666,0.16666666666666666,1.45219,1.1630564,0.6666666666666666
lentil,DTM,R1,Gauss-PEV,5,0,6,0.6666666666666666,0.16666666666666666,1.3981794,1.2782708,0.6666666666666666
lentil,DTM,R1,Gauss-PEV,5,1,6,0.6666666666666666,0.16666666666666666,1.1236279,1.3152679,0.8333333333333334
lentil,DTM,R1,Gauss-PEV,5,2,6,0.8333333333333334,0.0,1.3860322,1.3860321,1.0
lentil,DTM,R1,Gauss-PEV,5,3,6,1.0,0.0,1.2111646,1.292765,0.6666666666666666
lentil,DTM,R1,Gauss-PEV,5,4,6,0.6666666666666666,0.0,2.1496527,2.1496527,1.0
lentil,DTM,R1,KinCP,1,0,6,0.5,0.0,2.3614223,2.594815,0.8333333333333334
lentil,DTM,R1,KinCP,1,1,6,0.5,0.3333333333333333,1.3724976,1.134727,0.8333333333333334
lentil,DTM,R1,KinCP,1,2,6,1.0,0.0,1.0572401,1.0572401,1.0
lentil,DTM,R1,KinCP,1,3,6,1.0,0.0,1.2474252,1.2377905,0.8333333333333334
lentil,DTM,R1,KinCP,1,4,6,1.0,0.0,1.1956749,1.1956749,1.0
lentil,DTM,R1,KinCP,2,0,6,0.6666666666666666,0.0,1.9822165,1.9573687,0.8333333333333334
lentil,DTM,R1,KinCP,2,1,6,0.8333333333333334,0.0,1.4474417,1.5395899,0.8333333333333334
lentil,DTM,R1,KinCP,2,2,6,1.0,0.0,1.1324466,1.1087756,0.8333333333333334
lentil,DTM,R1,KinCP,2,3,6,0.6666666666666666,0.16666666666666666,1.4007001,1.4789628,0.8333333333333334
lentil,DTM,R1,KinCP,2,4,6,0.8333333333333334,0.0,1.4053575,1.0695184,0.8333333333333334
lentil,DTM,R1,KinCP,3,0,6,0.6666666666666666,0.3333333333333333,0.6915372,0.6963806,0.8333333333333334
lentil,DTM,R1,KinCP,3,1,6,0.8333333333333334,0.0,1.7995049,1.6862947,0.8333333333333334
lentil,DTM,R1,KinCP,3,2,6,0.8333333333333334,0.0,1.8086573,1.7096,0.6666666666666666
lentil,DTM,R1,KinCP,3,3,6,0.8333333333333334,0.0,1.1952176,1.1952176,1.0
lentil,DTM,R1,KinCP,3,4,6,0.8333333333333334,0.0,1.8003821,1.9661499,0.8333333333333334
lentil,DTM,R1,KinCP,4,0,6,1.0,0.0,1.4991039,1.432491,0.8333333333333334
lentil,DTM,R1,KinCP,4,1,6,0.8333333333333334,0.16666666666666666,1.0137457,1.1613317,0.8333333333333334
lentil,DTM,R1,KinCP,4,2,6,1.0,0.0,1.6791145,1.5901383,0.8333333333333334
lentil,DTM,R1,KinCP,4,3,6,0.6666666666666666,0.0,2.013951,2.013951,1.0
lentil,DTM,R1,KinCP,4,4,6,0.6666666666666666,0.16666666666666666,1.45219,1.1630565,0.6666666666666666
lentil,DTM,R1,KinCP,5,0,6,0.6666666666666666,0.16666666666666666,1.3981794,1.2782708,0.6666666666666666
lentil,DTM,R1,KinCP,5,1,6,0.6666666666666666,0.16666666666666666,1.1236279,1.3152679,0.8333333333333334
lentil,DTM,R1,KinCP,5,2,6,0.8333333333333334,0.0,1.3860322,1.5353373,0.8333333333333334
lentil,DTM,R1,KinCP,5,3,6,1.0,0.0,1.2111646,1.1055639,0.8333333333333334
lentil,DTM,R1,KinCP,5,4,6,0.6666666666666666,0.0,2.1496527,2.1496527,1.0
lentil,DTM,R1,KinCP-ABC,1,0,6,0.6666666666666666,0.0,2.3614223,2.3614223,1.0
lentil,DTM,R1,KinCP-ABC,1,1,6,0.6666666666666666,0.16666666666666666,1.3724976,1.3724976,1.0
lentil,DTM,R1,KinCP-ABC,1,2,6,0.8333333333333334,0.16666666666666666,1.0572401,1.0572401,1.0
lentil,DTM,R1,KinCP-ABC,1,3,6,1.0,0.0,1.2474252,1.2474252,1.0
lentil,DTM,R1,KinCP-ABC,1,4,6,1.0,0.0,1.1956749,1.1956749,1.0
lentil,DTM,R1,KinCP-ABC,2,0,6,0.8333333333333334,0.0,1.9822165,1.9822165,1.0
lentil,DTM,R1,KinCP-ABC,2,1,6,0.8333333333333334,0.0,1.4474417,1.4474417,1.0
lentil,DTM,R1,KinCP-ABC,2,2,6,1.0,0.0,1.1324466,1.1324466,1.0
lentil,DTM,R1,KinCP-ABC,2,3,6,0.8333333333333334,0.0,1.4007001,1.4007001,1.0
lentil,DTM,R1,KinCP-ABC,2,4,6,0.8333333333333334,0.0,1.4053575,1.4053575,1.0
lentil,DTM,R1,KinCP-ABC,3,0,6,0.8333333333333334,0.16666666666666666,0.6915372,0.6915372,1.0
lentil,DTM,R1,KinCP-ABC,3,1,6,0.8333333333333334,0.0,1.7995049,1.7995049,1.0
lentil,DTM,R1,KinCP-ABC,3,2,6,0.8333333333333334,0.0,1.8086573,1.8086573,1.0
lentil,DTM,R1,KinCP-ABC,3,3,6,0.8333333333333334,0.0,1.1952176,1.1952176,1.0
lentil,DTM,R1,KinCP-ABC,3,4,6,0.8333333333333334,0.0,1.8003821,1.8003821,1.0
lentil,DTM,R1,KinCP-ABC,4,0,6,0.6666666666666666,0.16666666666666666,1.4991039,1.4991039,1.0
lentil,DTM,R1,KinCP-ABC,4,1,6,0.8333333333333334,0.16666666666666666,1.0137457,1.0137457,1.0
lentil,DTM,R1,KinCP-ABC,4,2,6,1.0,0.0,1.6791145,1.6791145,1.0
lentil,DTM,R1,KinCP-ABC,4,3,6,0.6666666666666666,0.0,2.013951,2.013951,1.0
lentil,DTM,R1,KinCP-ABC,4,4,6,0.8333333333333334,0.0,1.45219,1.45219,1.0
lentil,DTM,R1,KinCP-ABC,5,0,6,0.8333333333333334,0.16666666666666666,1.3981794,1.3981794,1.0
lentil,DTM,R1,KinCP-ABC,5,1,6,0.6666666666666666,0.16666666666666666,1.1236279,1.1236279,1.0
lentil,DTM,R1,KinCP-ABC,5,2,6,0.8333333333333334,0.0,1.3860322,1.3860322,1.0
lentil,DTM,R1,KinCP-ABC,5,3,6,1.0,0.0,1.2111646,1.2111646,1.0
lentil,DTM,R1,KinCP-ABC,5,4,6,0.6666666666666666,0.0,2.1496527,2.1496527,1.0
lentil,DTM,R1,SCP,1,0,6,0.6666666666666666,0.0,2.3614223,2.3614223,1.0
lentil,DTM,R1,SCP,1,1,6,0.5,0.3333333333333333,1.3724976,1.3724976,1.0
lentil,DTM,R1,SCP,1,2,6,0.8333333333333334,0.16666666666666666,1.0572401,1.0572401,1.0
lentil,DTM,R1,SCP,1,3,6,1.0,0.0,1.2474252,1.2474252,1.0
lentil,DTM,R1,SCP,1,4,6,1.0,0.0,1.1956749,1.3032273,0.8333333333333334
lentil,DTM,R1,SCP,2,0,6,0.5,0.16666666666666666,1.9822165,1.9822165,1.0
lentil,DTM,R1,SCP,2,1,6,0.8333333333333334,0.0,1.4474417,1.4474417,1.0
lentil,DTM,R1,SCP,2,2,6,1.0,0.0,1.1324466,1.1087756,0.8333333333333334
lentil,DTM,R1,SCP,2,3,6,0.8333333333333334,0.0,1.4007001,1.3371118,0.8333333333333334
lentil,DTM,R1,SCP,2,4,6,0.8333333333333334,0.0,1.4053575,1.4448681,0.8333333333333334
lentil,DTM,R1,SCP,3,0,6,0.8333333333333334,0.16666666666666666,0.6915372,0.8174651,0.8333333333333334
lentil,DTM,R1,SCP,3,1,6,0.6666666666666666,0.0,1.7995049,1.6862947,0.8333333333333334
lentil,DTM,R1,SCP,3,2,6,0.8333333333333334,0.0,1.8086573,1.6154956,0.6666666666666666
lentil,DTM,R1,SCP,3,3,6,0.8333333333333334,0.0,1.1952176,1.0139617,0.8333333333333334
lentil,DTM,R1,SCP,3,4,6,0.8333333333333334,0.0,1.8003821,1.8003821,1.0
lentil,DTM,R1,SCP,4,0,6,0.6666666666666666,0.16666666666666666,1.4991039,1.4991039,1.0
lentil,DTM,R1,SCP,4,1,6,0.8333333333333334,0.16666666666666666,1.0137457,0.94233316,0.6666666666666666
lentil,DTM,R1,SCP,4,2,6,0.8333333333333334,0.16666666666666666,1.6791145,1.6791145,1.0
lentil,DTM,R1,SCP,4,3,6,0.6666666666666666,0.0,2.013951,2.013951,1.0
lentil,DTM,R1,SCP,4,4,6,0.6666666666666666,0.16666666666666666,1.45219,1.3296758,0.8333333333333334
lentil,DTM,R1,SCP,5,0,6,0.8333333333333334,0.16666666666666666,1.3981794,1.3981794,1.0
lentil,DTM,R1,SCP,5,1,6,0.6666666666666666,0.16666666666666666,1.1236279,1.2529849,0.8333333333333334
lentil,DTM,R1,SCP,5,2,6,0.8333333333333334,0.0,1.3860322,1.3860322,1.0
lentil,DTM,R1,SCP,5,3,6,1.0,0.0,1.2111646,1.2159646,0.8333333333333334
lentil,DTM,R1,SCP,5,4,6,0.6666666666666666,0.0,2.1496527,2.1496527,1.0
lentil,DTM,R2,CV+,1,0,4,1.0,0.0,-0.5487642,-0.6099566,0.75
lentil,DTM,R2,CV+,1,1,10,0.3,0.0,2.5475426,2.4724994,0.9
lentil,DTM,R2,CV+,1,2,5,1.0,0.0,0.7360878,0.9177772,0.8
lentil,DTM,R2,CV+,1,3,10,1.0,0.0,0.13760242,0.13760242,1.0
lentil,DTM,R2,CV+,1,4,3,0.6666666666666666,0.3333333333333333,-1.0050336,-1.0050336,1.0
lentil,DTM,R2,CV+,2,0,4,1.0,0.0,-0.5487642,-0.70939416,0.75
lentil,DTM,R2,CV+,2,1,10,0.4,0.0,2.5475426,2.4403384,0.8
lentil,DTM,R2,CV+,2,2,5,1.0,0.0,0.7360878,0.91777706,0.8
lentil,DTM,R2,CV+,2,3,10,1.0,0.0,0.13760242,0.13760242,1.0
lentil,DTM,R2,CV+,2,4,3,0.6666666666666666,0.3333333333333333,-1.0050336,-1.0050336,1.0
lentil,DTM,R2,CV+,3,0,4,1.0,0.0,-0.5487642,-0.5487642,1.0
lentil,DTM,R2,CV+,3,1,10,0.3,0.0,2.5475426,2.5475428,1.0
lentil,DTM,R2,CV+,3,2,5,1.0,0.0,0.7360878,0.9177772,0.8
lentil,DTM,R2,CV+,3,3,10,1.0,0.0,0.13760242,0.089242734,0.9
lentil,DTM,R2,CV+,3,4,3,0.6666666666666666,0.3333333333333333,-1.0050336,-1.0050336,1.0
lentil,DTM,R2,CV+,4,0,4,1.0,0.0,-0.5487642,-0.5487642,1.0
lentil,DTM,R2,CV+,4,1,10,0.3,0.0,2.5475426,2.4724994,0.9
lentil,DTM,R2,CV+,4,2,5,1.0,0.0,0.7360878,0.9177772,0.8
lentil,DTM,R2,CV+,4,3,10,1.0,0.0,0.13760242,0.13760242,1.0
lentil,DTM,R2,CV+,4,4,3,0.6666666666666666,0.3333333333333333,-1.0050336,-1.0050336,1.0
lentil,DTM,R2,CV+,5,0,4,1.0,0.0,-0.5487642,-0.5487642,1.0
lentil,DTM,R2,CV+,5,1,10,0.3,0.0,2.5475426,2.5475428,1.0
lentil,DTM,R2,CV+,5,2,5,1.0,0.0,0.7360878,0.91777706,0.8
lentil,DTM,R2,CV+,5,3,10,1.0,0.0,0.13760242,0.13760242,1.0
lentil,DTM,R2,CV+,5,4,3,0.6666666666666666,0.3333333333333333,-1.0050336,-1.0050336,1.0
lentil,DTM,R2,CalPred-style,1,0,4,1.0,0.0,-0.5487642,-0.5487642,1.0
lentil,DTM,R2,CalPred-style,1,1,10,0.7,0.0,2.5475426,2.3188403,0.8
lentil,DTM,R2,CalPred-style,1,2,5,1.0,0.0,0.7360878,0.9177772,0.8
lentil,DTM,R2,CalPred-style,1,3,10,1.0,0.0,0.13760242,0.089242734,0.9
lentil,DTM,R2,CalPred-style,1,4,3,0.6666666666666666,0.3333333333333333,-1.0050336,-1.0050336,1.0
lentil,DTM,R2,CalPred-style,2,0,4,1.0,0.0,-0.5487642,-0.5487642,1.0
lentil,DTM,R2,CalPred-style,2,1,10,0.8,0.0,2.5475426,2.3188403,0.8
lentil,DTM,R2,CalPred-style,2,2,5,1.0,0.0,0.7360878,0.9177772,0.8
lentil,DTM,R2,CalPred-style,2,3,10,1.0,0.0,0.13760242,0.089242734,0.9
lentil,DTM,R2,CalPred-style,2,4,3,0.6666666666666666,0.3333333333333333,-1.0050336,-1.0050336,1.0
lentil,DTM,R2,CalPred-style,3,0,4,1.0,0.0,-0.5487642,-0.5487642,1.0
lentil,DTM,R2,CalPred-style,3,1,10,0.7,0.0,2.5475426,2.3188403,0.8
lentil,DTM,R2,CalPred-style,3,2,5,1.0,0.0,0.7360878,0.9177772,0.8
lentil,DTM,R2,CalPred-style,3,3,10,1.0,0.0,0.13760242,0.089242734,0.9
lentil,DTM,R2,CalPred-style,3,4,3,0.6666666666666666,0.3333333333333333,-1.0050336,-1.0050336,1.0
lentil,DTM,R2,CalPred-style,4,0,4,1.0,0.0,-0.5487642,-0.5487642,1.0
lentil,DTM,R2,CalPred-style,4,1,10,0.7,0.0,2.5475426,2.3188403,0.8
lentil,DTM,R2,CalPred-style,4,2,5,1.0,0.0,0.7360878,0.9177772,0.8
lentil,DTM,R2,CalPred-style,4,3,10,1.0,0.0,0.13760242,0.089242734,0.9
lentil,DTM,R2,CalPred-style,4,4,3,0.6666666666666666,0.3333333333333333,-1.0050336,-1.0050336,1.0
lentil,DTM,R2,CalPred-style,5,0,4,1.0,0.0,-0.5487642,-0.5487642,1.0
lentil,DTM,R2,CalPred-style,5,1,10,0.8,0.0,2.5475426,2.4260445,0.8
lentil,DTM,R2,CalPred-style,5,2,5,1.0,0.0,0.7360878,0.9177772,0.8
lentil,DTM,R2,CalPred-style,5,3,10,1.0,0.0,0.13760242,0.089242734,0.9
lentil,DTM,R2,CalPred-style,5,4,3,0.6666666666666666,0.3333333333333333,-1.0050336,-1.0050336,1.0
lentil,DTM,R2,Gauss-PEV,1,0,4,1.0,0.0,-0.5487642,-0.5487642,1.0
lentil,DTM,R2,Gauss-PEV,1,1,10,0.7,0.0,2.5475426,2.429618,0.9
lentil,DTM,R2,Gauss-PEV,1,2,5,1.0,0.0,0.7360878,0.9177772,0.8
lentil,DTM,R2,Gauss-PEV,1,3,10,1.0,0.0,0.13760242,0.089242734,0.9
lentil,DTM,R2,Gauss-PEV,1,4,3,0.6666666666666666,0.3333333333333333,-1.0050336,-1.0050336,1.0
lentil,DTM,R2,Gauss-PEV,2,0,4,1.0,0.0,-0.5487642,-0.5487642,1.0
lentil,DTM,R2,Gauss-PEV,2,1,10,0.7,0.0,2.5475426,2.429618,0.9
lentil,DTM,R2,Gauss-PEV,2,2,5,1.0,0.0,0.7360878,0.9177772,0.8
lentil,DTM,R2,Gauss-PEV,2,3,10,1.0,0.0,0.13760242,0.089242734,0.9
lentil,DTM,R2,Gauss-PEV,2,4,3,0.6666666666666666,0.3333333333333333,-1.0050336,-1.0050336,1.0
lentil,DTM,R2,Gauss-PEV,3,0,4,1.0,0.0,-0.5487642,-0.5487642,1.0
lentil,DTM,R2,Gauss-PEV,3,1,10,0.7,0.0,2.5475426,2.429618,0.9
lentil,DTM,R2,Gauss-PEV,3,2,5,1.0,0.0,0.7360878,0.9177772,0.8
lentil,DTM,R2,Gauss-PEV,3,3,10,1.0,0.0,0.13760242,0.089242734,0.9
lentil,DTM,R2,Gauss-PEV,3,4,3,0.6666666666666666,0.3333333333333333,-1.0050336,-1.0050336,1.0
lentil,DTM,R2,Gauss-PEV,4,0,4,1.0,0.0,-0.5487642,-0.5487642,1.0
lentil,DTM,R2,Gauss-PEV,4,1,10,0.7,0.0,2.5475426,2.429618,0.9
lentil,DTM,R2,Gauss-PEV,4,2,5,1.0,0.0,0.7360878,0.9177772,0.8
lentil,DTM,R2,Gauss-PEV,4,3,10,1.0,0.0,0.13760242,0.089242734,0.9
lentil,DTM,R2,Gauss-PEV,4,4,3,0.6666666666666666,0.3333333333333333,-1.0050336,-1.0050336,1.0
lentil,DTM,R2,Gauss-PEV,5,0,4,1.0,0.0,-0.5487642,-0.5487642,1.0
lentil,DTM,R2,Gauss-PEV,5,1,10,0.7,0.0,2.5475426,2.429618,0.9
lentil,DTM,R2,Gauss-PEV,5,2,5,1.0,0.0,0.7360878,0.9177772,0.8
lentil,DTM,R2,Gauss-PEV,5,3,10,1.0,0.0,0.13760242,0.089242734,0.9
lentil,DTM,R2,Gauss-PEV,5,4,3,0.6666666666666666,0.3333333333333333,-1.0050336,-1.0050336,1.0
lentil,DTM,R2,KinCP,1,0,4,1.0,0.0,-0.5487642,-0.5487642,1.0
lentil,DTM,R2,KinCP,1,1,10,0.7,0.0,2.5475426,2.3188403,0.8
lentil,DTM,R2,KinCP,1,2,5,1.0,0.0,0.7360878,0.9177772,0.8
lentil,DTM,R2,KinCP,1,3,10,1.0,0.0,0.13760242,0.13760242,1.0
lentil,DTM,R2,KinCP,1,4,3,0.6666666666666666,0.3333333333333333,-1.0050336,-1.0050336,1.0
lentil,DTM,R2,KinCP,2,0,4,1.0,0.0,-0.5487642,-0.5487642,1.0
lentil,DTM,R2,KinCP,2,1,10,0.7,0.0,2.5475426,2.4260445,0.8
lentil,DTM,R2,KinCP,2,2,5,1.0,0.0,0.7360878,0.9177772,0.8
lentil,DTM,R2,KinCP,2,3,10,1.0,0.0,0.13760242,0.089242734,0.9
lentil,DTM,R2,KinCP,2,4,3,0.6666666666666666,0.3333333333333333,-1.0050336,-1.0050336,1.0
lentil,DTM,R2,KinCP,3,0,4,1.0,0.0,-0.5487642,-0.5487642,1.0
lentil,DTM,R2,KinCP,3,1,10,0.7,0.0,2.5475426,2.4260445,0.8
lentil,DTM,R2,KinCP,3,2,5,1.0,0.0,0.7360878,0.9177772,0.8
lentil,DTM,R2,KinCP,3,3,10,1.0,0.0,0.13760242,0.089242734,0.9
lentil,DTM,R2,KinCP,3,4,3,0.6666666666666666,0.3333333333333333,-1.0050336,-1.0050336,1.0
lentil,DTM,R2,KinCP,4,0,4,1.0,0.0,-0.5487642,-0.5487642,1.0
lentil,DTM,R2,KinCP,4,1,10,0.7,0.0,2.5475426,2.4260445,0.8
lentil,DTM,R2,KinCP,4,2,5,1.0,0.0,0.7360878,0.9177772,0.8
lentil,DTM,R2,KinCP,4,3,10,1.0,0.0,0.13760242,0.13760242,1.0
lentil,DTM,R2,KinCP,4,4,3,0.6666666666666666,0.3333333333333333,-1.0050336,-1.0050336,1.0
lentil,DTM,R2,KinCP,5,0,4,1.0,0.0,-0.5487642,-0.5487642,1.0
lentil,DTM,R2,KinCP,5,1,10,0.8,0.0,2.5475426,2.4260445,0.8
lentil,DTM,R2,KinCP,5,2,5,1.0,0.0,0.7360878,0.9177772,0.8
lentil,DTM,R2,KinCP,5,3,10,1.0,0.0,0.13760242,0.089242734,0.9
lentil,DTM,R2,KinCP,5,4,3,0.6666666666666666,0.3333333333333333,-1.0050336,-1.0050336,1.0
lentil,DTM,R2,KinCP-ABC,1,0,4,1.0,0.0,-0.5487642,-0.5487642,1.0
lentil,DTM,R2,KinCP-ABC,1,1,10,0.4,0.0,2.5475426,2.5475426,1.0
lentil,DTM,R2,KinCP-ABC,1,2,5,1.0,0.0,0.7360878,0.7360878,1.0
lentil,DTM,R2,KinCP-ABC,1,3,10,1.0,0.0,0.13760242,0.13760242,1.0
lentil,DTM,R2,KinCP-ABC,1,4,3,0.6666666666666666,0.3333333333333333,-1.0050336,-1.0050336,1.0
lentil,DTM,R2,KinCP-ABC,2,0,4,1.0,0.0,-0.5487642,-0.5487642,1.0
lentil,DTM,R2,KinCP-ABC,2,1,10,0.4,0.0,2.5475426,2.5475426,1.0
lentil,DTM,R2,KinCP-ABC,2,2,5,1.0,0.0,0.7360878,0.7360878,1.0
lentil,DTM,R2,KinCP-ABC,2,3,10,1.0,0.0,0.13760242,0.13760242,1.0
lentil,DTM,R2,KinCP-ABC,2,4,3,0.6666666666666666,0.3333333333333333,-1.0050336,-1.0050336,1.0
lentil,DTM,R2,KinCP-ABC,3,0,4,1.0,0.0,-0.5487642,-0.5487642,1.0
lentil,DTM,R2,KinCP-ABC,3,1,10,0.4,0.0,2.5475426,2.5475426,1.0
lentil,DTM,R2,KinCP-ABC,3,2,5,1.0,0.0,0.7360878,0.7360878,1.0
lentil,DTM,R2,KinCP-ABC,3,3,10,1.0,0.0,0.13760242,0.13760242,1.0
lentil,DTM,R2,KinCP-ABC,3,4,3,0.6666666666666666,0.3333333333333333,-1.0050336,-1.0050336,1.0
lentil,DTM,R2,KinCP-ABC,4,0,4,1.0,0.0,-0.5487642,-0.5487642,1.0
lentil,DTM,R2,KinCP-ABC,4,1,10,0.4,0.0,2.5475426,2.5475426,1.0
lentil,DTM,R2,KinCP-ABC,4,2,5,1.0,0.0,0.7360878,0.7360878,1.0
lentil,DTM,R2,KinCP-ABC,4,3,10,1.0,0.0,0.13760242,0.13760242,1.0
lentil,DTM,R2,KinCP-ABC,4,4,3,0.6666666666666666,0.3333333333333333,-1.0050336,-1.0050336,1.0
lentil,DTM,R2,KinCP-ABC,5,0,4,1.0,0.0,-0.5487642,-0.5487642,1.0
lentil,DTM,R2,KinCP-ABC,5,1,10,0.4,0.0,2.5475426,2.5475426,1.0
lentil,DTM,R2,KinCP-ABC,5,2,5,1.0,0.0,0.7360878,0.7360878,1.0
lentil,DTM,R2,KinCP-ABC,5,3,10,1.0,0.0,0.13760242,0.13760242,1.0
lentil,DTM,R2,KinCP-ABC,5,4,3,0.6666666666666666,0.3333333333333333,-1.0050336,-1.0050336,1.0
lentil,DTM,R2,SCP,1,0,4,1.0,0.0,-0.5487642,-0.6940961,0.5
lentil,DTM,R2,SCP,1,1,10,0.5,0.0,2.5475426,2.4724994,0.9
lentil,DTM,R2,SCP,1,2,5,1.0,0.0,0.7360878,0.9177772,0.8
lentil,DTM,R2,SCP,1,3,10,1.0,0.0,0.13760242,0.081606984,0.7
lentil,DTM,R2,SCP,1,4,3,0.6666666666666666,0.3333333333333333,-1.0050336,-1.0050336,1.0
lentil,DTM,R2,SCP,2,0,4,1.0,0.0,-0.5487642,-1.015356,0.5
lentil,DTM,R2,SCP,2,1,10,0.3,0.0,2.5475426,2.5368223,0.9
lentil,DTM,R2,SCP,2,2,5,1.0,0.0,0.7360878,0.91777706,0.8
lentil,DTM,R2,SCP,2,3,10,1.0,0.0,0.13760242,0.11978569,0.9
lentil,DTM,R2,SCP,2,4,3,0.6666666666666666,0.3333333333333333,-1.0050336,-1.438291,0.6666666666666666
lentil,DTM,R2,SCP,3,0,4,1.0,0.0,-0.5487642,-0.7552884,0.75
lentil,DTM,R2,SCP,3,1,10,0.5,0.0,2.5475426,2.2831054,0.8
lentil,DTM,R2,SCP,3,2,5,1.0,0.0,0.7360878,0.7701546,0.8
lentil,DTM,R2,SCP,3,3,10,1.0,0.0,0.13760242,0.14269291,0.9
lentil,DTM,R2,SCP,3,4,3,0.6666666666666666,0.3333333333333333,-1.0050336,-1.2319779,0.6666666666666666
lentil,DTM,R2,SCP,4,0,4,1.0,0.0,-0.5487642,-0.6099566,0.75
lentil,DTM,R2,SCP,4,1,10,0.3,0.0,2.5475426,2.4117506,0.7
lentil,DTM,R2,SCP,4,2,5,1.0,0.0,0.7360878,0.7360878,1.0
lentil,DTM,R2,SCP,4,3,10,0.8,0.2,0.13760242,0.012885314,0.8
lentil,DTM,R2,SCP,4,4,3,0.6666666666666666,0.3333333333333333,-1.0050336,-1.0050336,1.0
lentil,DTM,R2,SCP,5,0,4,1.0,0.0,-0.5487642,-0.9082693,0.5
lentil,DTM,R2,SCP,5,1,10,0.5,0.0,2.5475426,2.2652383,0.7
lentil,DTM,R2,SCP,5,2,5,1.0,0.0,0.7360878,0.9177772,0.8
lentil,DTM,R2,SCP,5,3,10,1.0,0.0,0.13760242,0.06888075,0.8
lentil,DTM,R2,SCP,5,4,3,0.6666666666666666,0.3333333333333333,-1.0050336,-1.4382907,0.6666666666666666
lentil,VEG,R1,CV+,1,0,6,0.8333333333333334,0.0,1.9484005,1.7829591,0.8333333333333334
lentil,VEG,R1,CV+,1,1,6,0.8333333333333334,0.0,1.8279537,1.3864126,0.6666666666666666
lentil,VEG,R1,CV+,1,2,6,0.8333333333333334,0.16666666666666666,1.054031,1.054031,1.0
lentil,VEG,R1,CV+,1,3,6,1.0,0.0,1.5550208,1.5550208,1.0
lentil,VEG,R1,CV+,1,4,6,1.0,0.0,1.3538367,1.2063584,0.8333333333333334
lentil,VEG,R1,CV+,2,0,6,0.8333333333333334,0.0,1.9969312,1.9186543,0.8333333333333334
lentil,VEG,R1,CV+,2,1,6,1.0,0.0,1.5031543,1.5031543,1.0
lentil,VEG,R1,CV+,2,2,6,1.0,0.0,1.4153519,1.2272459,0.8333333333333334
lentil,VEG,R1,CV+,2,3,6,1.0,0.0,1.5576679,1.8238825,0.8333333333333334
lentil,VEG,R1,CV+,2,4,6,0.6666666666666666,0.3333333333333333,0.7805943,1.324797,0.8333333333333334
lentil,VEG,R1,CV+,3,0,6,0.6666666666666666,0.3333333333333333,1.1543103,0.89341956,0.8333333333333334
lentil,VEG,R1,CV+,3,1,6,0.8333333333333334,0.0,1.6300669,1.380921,0.8333333333333334
lentil,VEG,R1,CV+,3,2,6,1.0,0.0,1.5400256,1.5400257,1.0
lentil,VEG,R1,CV+,3,3,6,1.0,0.0,1.50483,1.50483,1.0
lentil,VEG,R1,CV+,3,4,6,0.8333333333333334,0.0,2.089824,2.089824,1.0
lentil,VEG,R1,CV+,4,0,6,1.0,0.0,1.521999,1.6820412,0.8333333333333334
lentil,VEG,R1,CV+,4,1,6,0.6666666666666666,0.3333333333333333,0.94434,0.9301087,0.6666666666666666
lentil,VEG,R1,CV+,4,2,6,1.0,0.0,1.7338004,1.7338004,1.0
lentil,VEG,R1,CV+,4,3,6,1.0,0.0,2.0180175,1.7740489,0.8333333333333334
lentil,VEG,R1,CV+,4,4,6,0.6666666666666666,0.16666666666666666,1.6320752,1.6320752,1.0
lentil,VEG,R1,CV+,5,0,6,0.8333333333333334,0.16666666666666666,1.3639466,1.3639466,1.0
lentil,VEG,R1,CV+,5,1,6,0.6666666666666666,0.16666666666666666,1.4533701,1.4533701,1.0
lentil,VEG,R1,CV+,5,2,6,0.8333333333333334,0.0,2.187465,1.9766489,0.8333333333333334
lentil,VEG,R1,CV+,5,3,6,0.8333333333333334,0.16666666666666666,0.8407088,1.1908854,0.8333333333333334
lentil,VEG,R1,CV+,5,4,6,0.8333333333333334,0.0,2.2653875,1.9977816,0.8333333333333334
lentil,VEG,R1,CalPred-style,1,0,6,0.8333333333333334,0.0,1.9484005,2.2492025,0.8333333333333334
lentil,VEG,R1,CalPred-style,1,1,6,1.0,0.0,1.8279537,1.6856793,0.6666666666666666
lentil,VEG,R1,CalPred-style,1,2,6,0.8333333333333334,0.16666666666666666,1.054031,0.5498576,0.6666666666666666
lentil,VEG,R1,CalPred-style,1,3,6,1.0,0.0,1.5550208,1.5550208,1.0
lentil,VEG,R1,CalPred-style,1,4,6,0.8333333333333334,0.0,1.3538367,1.2063583,0.8333333333333334
lentil,VEG,R1,CalPred-style,2,0,6,0.8333333333333334,0.0,1.9969312,2.006716,0.8333333333333334
lentil,VEG,R1,CalPred-style,2,1,6,1.0,0.0,1.5031543,1.3790585,0.8333333333333334
lentil,VEG,R1,CalPred-style,2,2,6,1.0,0.0,1.4153519,1.4341623,0.8333333333333334
lentil,VEG,R1,CalPred-style,2,3,6,1.0,0.0,1.5576679,1.6060705,0.8333333333333334
lentil,VEG,R1,CalPred-style,2,4,6,0.5,0.5,0.7805943,1.0172042,0.8333333333333334
lentil,VEG,R1,CalPred-style,3,0,6,0.5,0.3333333333333333,1.1543103,1.1543103,1.0
lentil,VEG,R1,CalPred-style,3,1,6,1.0,0.0,1.6300669,1.7163097,0.8333333333333334
lentil,VEG,R1,CalPred-style,3,2,6,0.8333333333333334,0.16666666666666666,1.5400256,1.5400257,1.0
lentil,VEG,R1,CalPred-style,3,3,6,1.0,0.0,1.50483,1.3918014,0.8333333333333334
lentil,VEG,R1,CalPred-style,3,4,6,0.8333333333333334,0.0,2.089824,1.7761375,0.8333333333333334
lentil,VEG,R1,CalPred-style,4,0,6,1.0,0.0,1.521999,1.5502418,0.8333333333333334
lentil,VEG,R1,CalPred-style,4,1,6,0.3333333333333333,0.5,0.94434,1.1151158,0.8333333333333334
lentil,VEG,R1,CalPred-style,4,2,6,1.0,0.0,1.7338004,1.7338004,1.0
lentil,VEG,R1,CalPred-style,4,3,6,1.0,0.0,2.0180175,2.0180175,1.0
lentil,VEG,R1,CalPred-style,4,4,6,0.6666666666666666,0.16666666666666666,1.6320752,1.039008,0.6666666666666666
lentil,VEG,R1,CalPred-style,5,0,6,0.8333333333333334,0.16666666666666666,1.3639466,0.9425113,0.6666666666666666
lentil,VEG,R1,CalPred-style,5,1,6,1.0,0.0,1.4533701,1.0893477,0.6666666666666666
lentil,VEG,R1,CalPred-style,5,2,6,0.6666666666666666,0.0,2.187465,1.9383188,0.8333333333333334
lentil,VEG,R1,CalPred-style,5,3,6,0.8333333333333334,0.16666666666666666,0.8407088,1.1908854,0.8333333333333334
lentil,VEG,R1,CalPred-style,5,4,6,0.6666666666666666,0.0,2.2653875,2.2653875,1.0
lentil,VEG,R1,Gauss-PEV,1,0,6,0.5,0.16666666666666666,1.9484005,2.2492025,0.8333333333333334
lentil,VEG,R1,Gauss-PEV,1,1,6,0.8333333333333334,0.0,1.8279537,1.6415253,0.8333333333333334
lentil,VEG,R1,Gauss-PEV,1,2,6,0.8333333333333334,0.16666666666666666,1.054031,0.5498576,0.6666666666666666
lentil,VEG,R1,Gauss-PEV,1,3,6,1.0,0.0,1.5550208,1.5550208,1.0
lentil,VEG,R1,Gauss-PEV,1,4,6,0.8333333333333334,0.0,1.3538367,1.2063583,0.8333333333333334
lentil,VEG,R1,Gauss-PEV,2,0,6,0.8333333333333334,0.0,1.9969312,2.006716,0.8333333333333334
lentil,VEG,R1,Gauss-PEV,2,1,6,1.0,0.0,1.5031543,1.3790585,0.8333333333333334
lentil,VEG,R1,Gauss-PEV,2,2,6,1.0,0.0,1.4153519,1.4341625,0.8333333333333334
lentil,VEG,R1,Gauss-PEV,2,3,6,1.0,0.0,1.5576679,1.6060705,0.8333333333333334
lentil,VEG,R1,Gauss-PEV,2,4,6,0.5,0.5,0.7805943,1.0172042,0.8333333333333334
lentil,VEG,R1,Gauss-PEV,3,0,6,0.5,0.3333333333333333,1.1543103,1.1543103,1.0
lentil,VEG,R1,Gauss-PEV,3,1,6,0.8333333333333334,0.0,1.6300669,1.7163097,0.8333333333333334
lentil,VEG,R1,Gauss-PEV,3,2,6,0.8333333333333334,0.16666666666666666,1.5400256,1.5400257,1.0
lentil,VEG,R1,Gauss-PEV,3,3,6,1.0,0.0,1.50483,1.50483,1.0
lentil,VEG,R1,Gauss-PEV,3,4,6,0.8333333333333334,0.0,2.089824,2.089824,1.0
lentil,VEG,R1,Gauss-PEV,4,0,6,1.0,0.0,1.521999,1.6820412,0.8333333333333334
lentil,VEG,R1,Gauss-PEV,4,1,6,0.5,0.3333333333333333,0.94434,1.1151158,0.8333333333333334
lentil,VEG,R1,Gauss-PEV,4,2,6,1.0,0.0,1.7338004,1.7338004,1.0
lentil,VEG,R1,Gauss-PEV,4,3,6,1.0,0.0,2.0180175,2.0180175,1.0
lentil,VEG,R1,Gauss-PEV,4,4,6,0.6666666666666666,0.16666666666666666,1.6320752,1.039008,0.6666666666666666
lentil,VEG,R1,Gauss-PEV,5,0,6,0.8333333333333334,0.16666666666666666,1.3639466,0.9425113,0.6666666666666666
lentil,VEG,R1,Gauss-PEV,5,1,6,0.6666666666666666,0.16666666666666666,1.4533701,1.0893477,0.6666666666666666
lentil,VEG,R1,Gauss-PEV,5,2,6,0.6666666666666666,0.0,2.187465,1.9383188,0.8333333333333334
lentil,VEG,R1,Gauss-PEV,5,3,6,0.8333333333333334,0.16666666666666666,0.8407088,1.1908853,0.8333333333333334
lentil,VEG,R1,Gauss-PEV,5,4,6,0.6666666666666666,0.0,2.2653875,2.2653875,1.0
lentil,VEG,R1,KinCP,1,0,6,0.8333333333333334,0.0,1.9484005,1.9484001,1.0
lentil,VEG,R1,KinCP,1,1,6,1.0,0.0,1.8279537,1.6415253,0.8333333333333334
lentil,VEG,R1,KinCP,1,2,6,0.8333333333333334,0.16666666666666666,1.054031,0.5498576,0.6666666666666666
lentil,VEG,R1,KinCP,1,3,6,1.0,0.0,1.5550208,1.6311101,0.8333333333333334
lentil,VEG,R1,KinCP,1,4,6,0.8333333333333334,0.0,1.3538367,1.3110204,0.8333333333333334
lentil,VEG,R1,KinCP,2,0,6,0.8333333333333334,0.0,1.9969312,1.9969311,1.0
lentil,VEG,R1,KinCP,2,1,6,1.0,0.0,1.5031543,1.3790585,0.8333333333333334
lentil,VEG,R1,KinCP,2,2,6,1.0,0.0,1.4153519,1.4341623,0.8333333333333334
lentil,VEG,R1,KinCP,2,3,6,1.0,0.0,1.5576679,1.6060706,0.8333333333333334
lentil,VEG,R1,KinCP,2,4,6,0.5,0.5,0.7805943,0.8515772,0.6666666666666666
lentil,VEG,R1,KinCP,3,0,6,0.5,0.3333333333333333,1.1543103,1.1543103,1.0
lentil,VEG,R1,KinCP,3,1,6,0.8333333333333334,0.0,1.6300669,1.6204844,0.8333333333333334
lentil,VEG,R1,KinCP,3,2,6,1.0,0.0,1.5400256,1.5400256,1.0
lentil,VEG,R1,KinCP,3,3,6,1.0,0.0,1.50483,1.50483,1.0
lentil,VEG,R1,KinCP,3,4,6,0.8333333333333334,0.0,2.089824,2.089824,1.0
lentil,VEG,R1,KinCP,4,0,6,1.0,0.0,1.521999,1.6820412,0.8333333333333334
lentil,VEG,R1,KinCP,4,1,6,0.6666666666666666,0.3333333333333333,0.94434,1.1151158,0.8333333333333334
lentil,VEG,R1,KinCP,4,2,6,1.0,0.0,1.7338004,1.7338004,1.0
lentil,VEG,R1,KinCP,4,3,6,1.0,0.0,2.0180175,2.0180173,1.0
lentil,VEG,R1,KinCP,4,4,6,0.6666666666666666,0.16666666666666666,1.6320752,1.039008,0.6666666666666666
lentil,VEG,R1,KinCP,5,0,6,0.8333333333333334,0.16666666666666666,1.3639466,0.9425113,0.6666666666666666
lentil,VEG,R1,KinCP,5,1,6,0.8333333333333334,0.0,1.4533701,0.9617035,0.6666666666666666
lentil,VEG,R1,KinCP,5,2,6,0.6666666666666666,0.0,2.187465,1.9383188,0.8333333333333334
lentil,VEG,R1,KinCP,5,3,6,0.8333333333333334,0.16666666666666666,0.8407088,1.1908853,0.8333333333333334
lentil,VEG,R1,KinCP,5,4,6,0.6666666666666666,0.0,2.2653875,2.2653878,1.0
lentil,VEG,R1,KinCP-ABC,1,0,6,0.6666666666666666,0.16666666666666666,1.9484005,1.9484005,1.0
lentil,VEG,R1,KinCP-ABC,1,1,6,0.8333333333333334,0.0,1.8279537,1.8279537,1.0
lentil,VEG,R1,KinCP-ABC,1,2,6,0.8333333333333334,0.16666666666666666,1.054031,1.054031,1.0
lentil,VEG,R1,KinCP-ABC,1,3,6,1.0,0.0,1.5550208,1.5550208,1.0
lentil,VEG,R1,KinCP-ABC,1,4,6,1.0,0.0,1.3538367,1.3538367,1.0
lentil,VEG,R1,KinCP-ABC,2,0,6,0.8333333333333334,0.0,1.9969312,1.9969312,1.0
lentil,VEG,R1,KinCP-ABC,2,1,6,1.0,0.0,1.5031543,1.5031543,1.0
lentil,VEG,R1,KinCP-ABC,2,2,6,0.8333333333333334,0.16666666666666666,1.4153519,1.4153519,1.0
lentil,VEG,R1,KinCP-ABC,2,3,6,1.0,0.0,1.5576679,1.5576679,1.0
lentil,VEG,R1,KinCP-ABC,2,4,6,0.6666666666666666,0.3333333333333333,0.7805943,0.7805943,1.0
lentil,VEG,R1,KinCP-ABC,3,0,6,0.6666666666666666,0.3333333333333333,1.1543103,1.1543103,1.0
lentil,VEG,R1,KinCP-ABC,3,1,6,0.8333333333333334,0.0,1.6300669,1.6300669,1.0
lentil,VEG,R1,KinCP-ABC,3,2,6,0.8333333333333334,0.16666666666666666,1.5400256,1.5400256,1.0
lentil,VEG,R1,KinCP-ABC,3,3,6,1.0,0.0,1.50483,1.50483,1.0
lentil,VEG,R1,KinCP-ABC,3,4,6,0.8333333333333334,0.0,2.089824,2.089824,1.0
lentil,VEG,R1,KinCP-ABC,4,0,6,1.0,0.0,1.521999,1.521999,1.0
lentil,VEG,R1,KinCP-ABC,4,1,6,0.5,0.5,0.94434,0.94434,1.0
lentil,VEG,R1,KinCP-ABC,4,2,6,1.0,0.0,1.7338004,1.7338004,1.0
lentil,VEG,R1,KinCP-ABC,4,3,6,1.0,0.0,2.0180175,2.0180175,1.0
lentil,VEG,R1,KinCP-ABC,4,4,6,0.6666666666666666,0.16666666666666666,1.6320752,1.6320752,1.0
lentil,VEG,R1,KinCP-ABC,5,0,6,0.8333333333333334,0.16666666666666666,1.3639466,1.3639466,1.0
lentil,VEG,R1,KinCP-ABC,5,1,6,0.6666666666666666,0.16666666666666666,1.4533701,1.4533701,1.0
lentil,VEG,R1,KinCP-ABC,5,2,6,0.8333333333333334,0.0,2.187465,2.187465,1.0
lentil,VEG,R1,KinCP-ABC,5,3,6,0.8333333333333334,0.16666666666666666,0.8407088,0.8407088,1.0
lentil,VEG,R1,KinCP-ABC,5,4,6,0.8333333333333334,0.0,2.2653875,2.2653875,1.0
lentil,VEG,R1,SCP,1,0,6,0.5,0.16666666666666666,1.9484005,1.687705,0.8333333333333334
lentil,VEG,R1,SCP,1,1,6,0.8333333333333334,0.0,1.8279537,1.8279537,1.0
lentil,VEG,R1,SCP,1,2,6,0.8333333333333334,0.16666666666666666,1.054031,1.054031,1.0
lentil,VEG,R1,SCP,1,3,6,1.0,0.0,1.5550208,1.5835543,0.6666666666666666
lentil,VEG,R1,SCP,1,4,6,1.0,0.0,1.3538367,1.3538367,1.0
lentil,VEG,R1,SCP,2,0,6,0.8333333333333334,0.0,1.9969312,2.0067158,0.8333333333333334
lentil,VEG,R1,SCP,2,1,6,0.6666666666666666,0.16666666666666666,1.5031543,1.3170108,0.8333333333333334
lentil,VEG,R1,SCP,2,2,6,1.0,0.0,1.4153519,1.4341625,0.8333333333333334
lentil,VEG,R1,SCP,2,3,6,0.8333333333333334,0.0,1.5576679,1.6205913,0.6666666666666666
lentil,VEG,R1,SCP,2,4,6,0.5,0.5,0.7805943,0.78059417,1.0
lentil,VEG,R1,SCP,3,0,6,0.8333333333333334,0.16666666666666666,1.1543103,1.0721781,0.8333333333333334
lentil,VEG,R1,SCP,3,1,6,1.0,0.0,1.6300669,1.6300669,1.0
lentil,VEG,R1,SCP,3,2,6,0.8333333333333334,0.16666666666666666,1.5400256,1.6058065,0.8333333333333334
lentil,VEG,R1,SCP,3,3,6,1.0,0.0,1.50483,1.485992,0.8333333333333334
lentil,VEG,R1,SCP,3,4,6,0.8333333333333334,0.0,2.089824,2.089824,1.0
lentil,VEG,R1,SCP,4,0,6,1.0,0.0,1.521999,1.4560995,0.8333333333333334
lentil,VEG,R1,SCP,4,1,6,0.6666666666666666,0.3333333333333333,0.94434,0.94434,1.0
lentil,VEG,R1,SCP,4,2,6,0.8333333333333334,0.0,1.7338004,1.8026963,0.6666666666666666
lentil,VEG,R1,SCP,4,3,6,1.0,0.0,2.0180175,2.0180175,1.0
lentil,VEG,R1,SCP,4,4,6,0.5,0.16666666666666666,1.6320752,1.7277313,0.8333333333333334
lentil,VEG,R1,SCP,5,0,6,0.8333333333333334,0.16666666666666666,1.3639466,1.1982136,0.8333333333333334
lentil,VEG,R1,SCP,5,1,6,0.6666666666666666,0.16666666666666666,1.4533701,1.5810143,0.8333333333333334
lentil,VEG,R1,SCP,5,2,6,0.8333333333333334,0.0,2.187465,2.101222,0.8333333333333334
lentil,VEG,R1,SCP,5,3,6,0.8333333333333334,0.16666666666666666,0.8407088,1.1908854,0.8333333333333334
lentil,VEG,R1,SCP,5,4,6,1.0,0.0,2.2653875,2.2653875,1.0
lentil,VEG,R2,CV+,1,0,4,1.0,0.0,-1.0094295,-0.9565233,0.75
lentil,VEG,R2,CV+,1,1,10,0.4,0.1,1.9896648,1.9896648,1.0
lentil,VEG,R2,CV+,1,2,5,1.0,0.0,0.5462512,0.5462512,1.0
lentil,VEG,R2,CV+,1,3,10,1.0,0.0,-0.33146098,-0.17617391,0.8
lentil,VEG,R2,CV+,1,4,3,0.6666666666666666,0.3333333333333333,-0.9554491,-0.0037007332,0.6666666666666666
lentil,VEG,R2,CV+,2,0,4,1.0,0.0,-1.0094295,-1.0094295,1.0
lentil,VEG,R2,CV+,2,1,10,0.4,0.1,1.9896648,1.9896648,1.0
lentil,VEG,R2,CV+,2,2,5,1.0,0.0,0.5462512,0.7715521,0.8
lentil,VEG,R2,CV+,2,3,10,1.0,0.0,-0.33146098,-0.19621095,0.8
lentil,VEG,R2,CV+,2,4,3,0.6666666666666666,0.3333333333333333,-0.9554491,-0.935621,0.6666666666666666
lentil,VEG,R2,CV+,3,0,4,1.0,0.0,-1.0094295,-1.0094295,1.0
lentil,VEG,R2,CV+,3,1,10,0.4,0.1,1.9896648,1.9896648,1.0
lentil,VEG,R2,CV+,3,2,5,1.0,0.0,0.5462512,0.7715521,0.8
lentil,VEG,R2,CV+,3,3,10,1.0,0.0,-0.33146098,-0.26133135,0.8
lentil,VEG,R2,CV+,3,4,3,0.6666666666666666,0.3333333333333333,-0.9554491,-0.0037007332,0.6666666666666666
lentil,VEG,R2,CV+,4,0,4,1.0,0.0,-1.0094295,-1.0094295,1.0
lentil,VEG,R2,CV+,4,1,10,0.4,0.1,1.9896648,2.0448518,0.9
lentil,VEG,R2,CV+,4,2,5,1.0,0.0,0.5462512,0.5462512,1.0
lentil,VEG,R2,CV+,4,3,10,1.0,0.0,-0.33146098,-0.28637767,0.9
lentil,VEG,R2,CV+,4,4,3,0.6666666666666666,0.3333333333333333,-0.9554491,-0.9554491,1.0
lentil,VEG,R2,CV+,5,0,4,1.0,0.0,-1.0094295,-0.95652324,0.75
lentil,VEG,R2,CV+,5,1,10,0.4,0.1,1.9896648,2.1897178,0.9
lentil,VEG,R2,CV+,5,2,5,1.0,0.0,0.5462512,0.5462512,1.0
lentil,VEG,R2,CV+,5,3,10,1.0,0.0,-0.33146098,-0.1761739,0.8
lentil,VEG,R2,CV+,5,4,3,0.6666666666666666,0.3333333333333333,-0.9554491,-0.9554491,1.0
lentil,VEG,R2,CalPred-style,1,0,4,1.0,0.0,-1.0094295,-1.0094295,1.0
lentil,VEG,R2,CalPred-style,1,1,10,0.8,0.0,1.9896648,1.9137828,0.8
lentil,VEG,R2,CalPred-style,1,2,5,1.0,0.0,0.5462512,0.6025764,0.8
lentil,VEG,R2,CalPred-style,1,3,10,1.0,0.0,-0.33146098,-0.24880819,0.8
lentil,VEG,R2,CalPred-style,1,4,3,0.6666666666666666,0.3333333333333333,-0.9554491,-0.9554491,1.0
lentil,VEG,R2,CalPred-style,2,0,4,1.0,0.0,-1.0094295,-1.0094295,1.0
lentil,VEG,R2,CalPred-style,2,1,10,0.8,0.0,1.9896648,1.9137827,0.8
lentil,VEG,R2,CalPred-style,2,2,5,1.0,0.0,0.5462512,0.6025764,0.8
lentil,VEG,R2,CalPred-style,2,3,10,1.0,0.0,-0.33146098,-0.24880819,0.8
lentil,VEG,R2,CalPred-style,2,4,3,0.6666666666666666,0.3333333333333333,-0.9554491,-0.9554491,1.0
lentil,VEG,R2,CalPred-style,3,0,4,1.0,0.0,-1.0094295,-0.95652324,0.75
lentil,VEG,R2,CalPred-style,3,1,10,0.8,0.0,1.9896648,1.9137827,0.8
lentil,VEG,R2,CalPred-style,3,2,5,1.0,0.0,0.5462512,0.6025764,0.8
lentil,VEG,R2,CalPred-style,3,3,10,1.0,0.0,-0.33146098,-0.24880819,0.8
lentil,VEG,R2,CalPred-style,3,4,3,0.6666666666666666,0.3333333333333333,-0.9554491,-0.9554491,1.0
lentil,VEG,R2,CalPred-style,4,0,4,1.0,0.0,-1.0094295,-0.95652324,0.75
lentil,VEG,R2,CalPred-style,4,1,10,0.8,0.0,1.9896648,1.9137827,0.8
lentil,VEG,R2,CalPred-style,4,2,5,1.0,0.0,0.5462512,0.6025764,0.8
lentil,VEG,R2,CalPred-style,4,3,10,1.0,0.0,-0.33146098,-0.24880819,0.8
lentil,VEG,R2,CalPred-style,4,4,3,0.6666666666666666,0.3333333333333333,-0.9554491,-0.9554491,1.0
lentil,VEG,R2,CalPred-style,5,0,4,1.0,0.0,-1.0094295,-1.0094295,1.0
lentil,VEG,R2,CalPred-style,5,1,10,0.8,0.0,1.9896648,1.9137828,0.8
lentil,VEG,R2,CalPred-style,5,2,5,1.0,0.0,0.5462512,0.6025764,0.8
lentil,VEG,R2,CalPred-style,5,3,10,1.0,0.0,-0.33146098,-0.24880819,0.8
lentil,VEG,R2,CalPred-style,5,4,3,0.6666666666666666,0.3333333333333333,-0.9554491,-0.9554491,1.0
lentil,VEG,R2,Gauss-PEV,1,0,4,1.0,0.0,-1.0094295,-1.0094295,1.0
lentil,VEG,R2,Gauss-PEV,1,1,10,0.7,0.0,1.9896648,1.9137828,0.8
lentil,VEG,R2,Gauss-PEV,1,2,5,1.0,0.0,0.5462512,0.6025764,0.8
lentil,VEG,R2,Gauss-PEV,1,3,10,1.0,0.0,-0.33146098,-0.24630356,0.7
lentil,VEG,R2,Gauss-PEV,1,4,3,0.6666666666666666,0.3333333333333333,-0.9554491,-0.9554491,1.0
lentil,VEG,R2,Gauss-PEV,2,0,4,1.0,0.0,-1.0094295,-1.0094295,1.0
lentil,VEG,R2,Gauss-PEV,2,1,10,0.7,0.0,1.9896648,1.9137828,0.8
lentil,VEG,R2,Gauss-PEV,2,2,5,1.0,0.0,0.5462512,0.6025764,0.8
lentil,VEG,R2,Gauss-PEV,2,3,10,1.0,0.0,-0.33146098,-0.24630356,0.7
lentil,VEG,R2,Gauss-PEV,2,4,3,0.6666666666666666,0.3333333333333333,-0.9554491,-0.9554491,1.0
lentil,VEG,R2,Gauss-PEV,3,0,4,1.0,0.0,-1.0094295,-1.0094295,1.0
lentil,VEG,R2,Gauss-PEV,3,1,10,0.7,0.0,1.9896648,1.9137828,0.8
lentil,VEG,R2,Gauss-PEV,3,2,5,1.0,0.0,0.5462512,0.6025764,0.8
lentil,VEG,R2,Gauss-PEV,3,3,10,1.0,0.0,-0.33146098,-0.24630356,0.7
lentil,VEG,R2,Gauss-PEV,3,4,3,0.6666666666666666,0.3333333333333333,-0.9554491,-0.9554491,1.0
lentil,VEG,R2,Gauss-PEV,4,0,4,1.0,0.0,-1.0094295,-1.0094295,1.0
lentil,VEG,R2,Gauss-PEV,4,1,10,0.7,0.0,1.9896648,1.9137828,0.8
lentil,VEG,R2,Gauss-PEV,4,2,5,1.0,0.0,0.5462512,0.6025764,0.8
lentil,VEG,R2,Gauss-PEV,4,3,10,1.0,0.0,-0.33146098,-0.24630356,0.7
lentil,VEG,R2,Gauss-PEV,4,4,3,0.6666666666666666,0.3333333333333333,-0.9554491,-0.9554491,1.0
lentil,VEG,R2,Gauss-PEV,5,0,4,1.0,0.0,-1.0094295,-1.0094295,1.0
lentil,VEG,R2,Gauss-PEV,5,1,10,0.7,0.0,1.9896648,1.9137828,0.8
lentil,VEG,R2,Gauss-PEV,5,2,5,1.0,0.0,0.5462512,0.6025764,0.8
lentil,VEG,R2,Gauss-PEV,5,3,10,1.0,0.0,-0.33146098,-0.24630356,0.7
lentil,VEG,R2,Gauss-PEV,5,4,3,0.6666666666666666,0.3333333333333333,-0.9554491,-0.9554491,1.0
lentil,VEG,R2,KinCP,1,0,4,1.0,0.0,-1.0094295,-1.0094295,1.0
lentil,VEG,R2,KinCP,1,1,10,0.8,0.0,1.9896648,1.9137828,0.8
lentil,VEG,R2,KinCP,1,2,5,1.0,0.0,0.5462512,0.6025764,0.8
lentil,VEG,R2,KinCP,1,3,10,1.0,0.0,-0.33146098,-0.24630356,0.7
lentil,VEG,R2,KinCP,1,4,3,0.6666666666666666,0.3333333333333333,-0.9554491,-0.9554491,1.0
lentil,VEG,R2,KinCP,2,0,4,1.0,0.0,-1.0094295,-1.0094295,1.0
lentil,VEG,R2,KinCP,2,1,10,0.8,0.0,1.9896648,1.9137828,0.8
lentil,VEG,R2,KinCP,2,2,5,1.0,0.0,0.5462512,0.6025764,0.8
lentil,VEG,R2,KinCP,2,3,10,1.0,0.0,-0.33146098,-0.24630356,0.7
lentil,VEG,R2,KinCP,2,4,3,0.6666666666666666,0.3333333333333333,-0.9554491,-0.9554491,1.0
lentil,VEG,R2,KinCP,3,0,4,1.0,0.0,-1.0094295,-1.0094295,1.0
lentil,VEG,R2,KinCP,3,1,10,0.8,0.0,1.9896648,1.9137828,0.8
lentil,VEG,R2,KinCP,3,2,5,1.0,0.0,0.5462512,0.6025764,0.8
lentil,VEG,R2,KinCP,3,3,10,1.0,0.0,-0.33146098,-0.24630356,0.7
lentil,VEG,R2,KinCP,3,4,3,0.6666666666666666,0.3333333333333333,-0.9554491,-0.9554491,1.0
lentil,VEG,R2,KinCP,4,0,4,1.0,0.0,-1.0094295,-1.0094295,1.0
lentil,VEG,R2,KinCP,4,1,10,0.8,0.0,1.9896648,1.9137828,0.8
lentil,VEG,R2,KinCP,4,2,5,1.0,0.0,0.5462512,0.6025764,0.8
lentil,VEG,R2,KinCP,4,3,10,1.0,0.0,-0.33146098,-0.24630356,0.7
lentil,VEG,R2,KinCP,4,4,3,0.6666666666666666,0.3333333333333333,-0.9554491,-0.9554491,1.0
lentil,VEG,R2,KinCP,5,0,4,1.0,0.0,-1.0094295,-1.0094295,1.0
lentil,VEG,R2,KinCP,5,1,10,0.8,0.0,1.9896648,1.9137828,0.8
lentil,VEG,R2,KinCP,5,2,5,1.0,0.0,0.5462512,0.6025764,0.8
lentil,VEG,R2,KinCP,5,3,10,1.0,0.0,-0.33146098,-0.24630356,0.7
lentil,VEG,R2,KinCP,5,4,3,0.6666666666666666,0.3333333333333333,-0.9554491,-0.9554491,1.0
lentil,VEG,R2,KinCP-ABC,1,0,4,1.0,0.0,-1.0094295,-1.0094295,1.0
lentil,VEG,R2,KinCP-ABC,1,1,10,0.4,0.1,1.9896648,1.9896648,1.0
lentil,VEG,R2,KinCP-ABC,1,2,5,1.0,0.0,0.5462512,0.5462512,1.0
lentil,VEG,R2,KinCP-ABC,1,3,10,1.0,0.0,-0.33146098,-0.33146098,1.0
lentil,VEG,R2,KinCP-ABC,1,4,3,0.6666666666666666,0.3333333333333333,-0.9554491,-0.9554491,1.0
lentil,VEG,R2,KinCP-ABC,2,0,4,1.0,0.0,-1.0094295,-1.0094295,1.0
lentil,VEG,R2,KinCP-ABC,2,1,10,0.5,0.1,1.9896648,1.9896648,1.0
lentil,VEG,R2,KinCP-ABC,2,2,5,1.0,0.0,0.5462512,0.5462512,1.0
lentil,VEG,R2,KinCP-ABC,2,3,10,1.0,0.0,-0.33146098,-0.33146098,1.0
lentil,VEG,R2,KinCP-ABC,2,4,3,0.6666666666666666,0.3333333333333333,-0.9554491,-0.9554491,1.0
lentil,VEG,R2,KinCP-ABC,3,0,4,1.0,0.0,-1.0094295,-1.0094295,1.0
lentil,VEG,R2,KinCP-ABC,3,1,10,0.4,0.1,1.9896648,1.9896648,1.0
lentil,VEG,R2,KinCP-ABC,3,2,5,1.0,0.0,0.5462512,0.5462512,1.0
lentil,VEG,R2,KinCP-ABC,3,3,10,1.0,0.0,-0.33146098,-0.33146098,1.0
lentil,VEG,R2,KinCP-ABC,3,4,3,0.6666666666666666,0.3333333333333333,-0.9554491,-0.9554491,1.0
lentil,VEG,R2,KinCP-ABC,4,0,4,1.0,0.0,-1.0094295,-1.0094295,1.0
lentil,VEG,R2,KinCP-ABC,4,1,10,0.4,0.1,1.9896648,1.9896648,1.0
lentil,VEG,R2,KinCP-ABC,4,2,5,1.0,0.0,0.5462512,0.5462512,1.0
lentil,VEG,R2,KinCP-ABC,4,3,10,1.0,0.0,-0.33146098,-0.33146098,1.0
lentil,VEG,R2,KinCP-ABC,4,4,3,0.6666666666666666,0.3333333333333333,-0.9554491,-0.9554491,1.0
lentil,VEG,R2,KinCP-ABC,5,0,4,1.0,0.0,-1.0094295,-1.0094295,1.0
lentil,VEG,R2,KinCP-ABC,5,1,10,0.4,0.1,1.9896648,1.9896648,1.0
lentil,VEG,R2,KinCP-ABC,5,2,5,1.0,0.0,0.5462512,0.5462512,1.0
lentil,VEG,R2,KinCP-ABC,5,3,10,1.0,0.0,-0.33146098,-0.33146098,1.0
lentil,VEG,R2,KinCP-ABC,5,4,3,0.6666666666666666,0.3333333333333333,-0.9554491,-0.9554491,1.0
lentil,VEG,R2,SCP,1,0,4,0.75,0.25,-1.0094295,-1.0094295,1.0
lentil,VEG,R2,SCP,1,1,10,0.5,0.0,1.9896648,2.0586483,0.8
lentil,VEG,R2,SCP,1,2,5,1.0,0.0,0.5462512,0.5462512,1.0
lentil,VEG,R2,SCP,1,3,10,1.0,0.0,-0.33146098,-0.34648877,0.8
lentil,VEG,R2,SCP,1,4,3,0.6666666666666666,0.3333333333333333,-0.9554491,-0.9554491,1.0
lentil,VEG,R2,SCP,2,0,4,0.25,0.75,-1.0094295,-1.3268669,0.5
lentil,VEG,R2,SCP,2,1,10,0.8,0.0,1.9896648,2.1138356,0.9
lentil,VEG,R2,SCP,2,2,5,1.0,0.0,0.5462512,0.5462512,1.0
lentil,VEG,R2,SCP,2,3,10,1.0,0.0,-0.33146098,-0.19370632,0.7
lentil,VEG,R2,SCP,2,4,3,0.6666666666666666,0.3333333333333333,-0.9554491,-0.0037007332,0.6666666666666666
lentil,VEG,R2,SCP,3,0,4,0.75,0.25,-1.0094295,-0.95652324,0.75
lentil,VEG,R2,SCP,3,1,10,0.5,0.1,1.9896648,1.9896648,1.0
lentil,VEG,R2,SCP,3,2,5,1.0,0.0,0.5462512,0.5462512,1.0
lentil,VEG,R2,SCP,3,3,10,0.8,0.2,-0.33146098,-0.31142396,0.8
lentil,VEG,R2,SCP,3,4,3,0.6666666666666666,0.3333333333333333,-0.9554491,-0.9554491,1.0
lentil,VEG,R2,SCP,4,0,4,0.25,0.75,-1.0094295,-1.0774518,0.75
lentil,VEG,R2,SCP,4,1,10,0.7,0.0,1.9896648,2.0896912,0.7
lentil,VEG,R2,SCP,4,2,5,1.0,0.0,0.5462512,0.5462512,1.0
lentil,VEG,R2,SCP,4,3,10,0.9,0.1,-0.33146098,-0.41160917,0.9
lentil,VEG,R2,SCP,4,4,3,0.6666666666666666,0.3333333333333333,-0.9554491,-0.8761368,0.6666666666666666
lentil,VEG,R2,SCP,5,0,4,0.25,0.75,-1.0094295,-1.0774518,0.75
lentil,VEG,R2,SCP,5,1,10,0.6,0.0,1.9896648,2.193167,0.7
lentil,VEG,R2,SCP,5,2,5,1.0,0.0,0.5462512,0.83914244,0.8
lentil,VEG,R2,SCP,5,3,10,1.0,0.0,-0.33146098,-0.41912308,0.8
lentil,VEG,R2,SCP,5,4,3,0.3333333333333333,0.6666666666666666,-0.9554491,-0.0037007332,0.6666666666666666
maize,Grain_Moisture,R1,CV+,1,0,88,0.7613636363636364,0.07954545454545454,1.6388245,1.6414146,0.9772727272727273
maize,Grain_Moisture,R1,CV+,1,1,88,0.7727272727272727,0.03409090909090909,1.7309924,1.7327152,0.9545454545454546
maize,Grain_Moisture,R1,CV+,1,2,88,0.8522727272727273,0.07954545454545454,1.6046665,1.5963322,0.9545454545454546
maize,Grain_Moisture,R1,CV+,1,3,88,0.7954545454545454,0.10227272727272728,1.517794,1.4945512,0.9772727272727273
maize,Grain_Moisture,R1,CV+,1,4,88,0.7840909090909091,0.06818181818181818,1.5826058,1.5817504,0.9545454545454546
maize,Grain_Moisture,R1,CV+,2,0,88,0.7727272727272727,0.10227272727272728,1.6037227,1.6098908,0.9545454545454546
maize,Grain_Moisture,R1,CV+,2,1,88,0.7840909090909091,0.11363636363636363,1.4717072,1.485149,0.9545454545454546
maize,Grain_Moisture,R1,CV+,2,2,88,0.8068181818181818,0.056818181818181816,1.6845818,1.6918151,0.9886363636363636
maize,Grain_Moisture,R1,CV+,2,3,88,0.8181818181818182,0.056818181818181816,1.5584453,1.557877,0.9659090909090909
maize,Grain_Moisture,R1,CV+,2,4,88,0.8295454545454546,0.06818181818181818,1.6440442,1.6132979,0.9545454545454546
maize,Grain_Moisture,R1,CV+,3,0,88,0.7954545454545454,0.09090909090909091,1.5685252,1.5495328,0.9772727272727273
maize,Grain_Moisture,R1,CV+,3,1,88,0.7954545454545454,0.07954545454545454,1.6077659,1.5801743,0.9772727272727273
maize,Grain_Moisture,R1,CV+,3,2,88,0.8636363636363636,0.056818181818181816,1.5349796,1.5432044,0.9772727272727273
maize,Grain_Moisture,R1,CV+,3,3,88,0.8068181818181818,0.06818181818181818,1.6063416,1.5953293,0.9659090909090909
maize,Grain_Moisture,R1,CV+,3,4,88,0.7727272727272727,0.06818181818181818,1.7173733,1.710754,0.9886363636363636
maize,Grain_Moisture,R1,CV+,4,0,88,0.7840909090909091,0.10227272727272728,1.6680433,1.6565057,0.9545454545454546
maize,Grain_Moisture,R1,CV+,4,1,88,0.8068181818181818,0.09090909090909091,1.7077125,1.7147683,0.9659090909090909
maize,Grain_Moisture,R1,CV+,4,2,88,0.8409090909090909,0.045454545454545456,1.6809376,1.6613853,0.9545454545454546
maize,Grain_Moisture,R1,CV+,4,3,88,0.7613636363636364,0.07954545454545454,1.5751939,1.5394603,0.9545454545454546
maize,Grain_Moisture,R1,CV+,4,4,88,0.8181818181818182,0.06818181818181818,1.478724,1.4419467,0.9545454545454546
maize,Grain_Moisture,R1,CV+,5,0,88,0.8068181818181818,0.11363636363636363,1.5241036,1.5052133,0.9772727272727273
maize,Grain_Moisture,R1,CV+,5,1,88,0.8181818181818182,0.022727272727272728,1.724643,1.7058071,0.9659090909090909
maize,Grain_Moisture,R1,CV+,5,2,88,0.8522727272727273,0.03409090909090909,1.5777539,1.5727407,0.9659090909090909
maize,Grain_Moisture,R1,CV+,5,3,88,0.75,0.09090909090909091,1.6582322,1.6385013,0.9772727272727273
maize,Grain_Moisture,R1,CV+,5,4,88,0.7954545454545454,0.09090909090909091,1.5415324,1.514362,0.9659090909090909
maize,Grain_Moisture,R1,CalPred-style,1,0,88,0.7840909090909091,0.056818181818181816,1.6388245,1.6512418,0.9659090909090909
maize,Grain_Moisture,R1,CalPred-style,1,1,88,0.7840909090909091,0.03409090909090909,1.7309924,1.7209767,0.9431818181818182
maize,Grain_Moisture,R1,CalPred-style,1,2,88,0.8409090909090909,0.07954545454545454,1.6046665,1.5904603,0.9204545454545454
maize,Grain_Moisture,R1,CalPred-style,1,3,88,0.8068181818181818,0.10227272727272728,1.517794,1.5132824,0.9886363636363636
maize,Grain_Moisture,R1,CalPred-style,1,4,88,0.8181818181818182,0.06818181818181818,1.5826058,1.5590981,0.9545454545454546
maize,Grain_Moisture,R1,CalPred-style,2,0,88,0.7954545454545454,0.07954545454545454,1.6037227,1.6134849,0.9318181818181818
maize,Grain_Moisture,R1,CalPred-style,2,1,88,0.8295454545454546,0.09090909090909091,1.4717072,1.5022904,0.9431818181818182
maize,Grain_Moisture,R1,CalPred-style,2,2,88,0.8409090909090909,0.03409090909090909,1.6845818,1.715805,0.9659090909090909
maize,Grain_Moisture,R1,CalPred-style,2,3,88,0.8181818181818182,0.06818181818181818,1.5584453,1.5838596,0.9659090909090909
maize,Grain_Moisture,R1,CalPred-style,2,4,88,0.8636363636363636,0.056818181818181816,1.6440442,1.6314819,0.9431818181818182
maize,Grain_Moisture,R1,CalPred-style,3,0,88,0.8068181818181818,0.09090909090909091,1.5685252,1.5452014,0.9659090909090909
maize,Grain_Moisture,R1,CalPred-style,3,1,88,0.7727272727272727,0.10227272727272728,1.6077659,1.6138972,0.9318181818181818
maize,Grain_Moisture,R1,CalPred-style,3,2,88,0.9090909090909091,0.03409090909090909,1.5349796,1.5355046,0.9545454545454546
maize,Grain_Moisture,R1,CalPred-style,3,3,88,0.8409090909090909,0.06818181818181818,1.6063416,1.6078873,0.9545454545454546
maize,Grain_Moisture,R1,CalPred-style,3,4,88,0.7954545454545454,0.045454545454545456,1.7173733,1.6754667,0.9204545454545454
maize,Grain_Moisture,R1,CalPred-style,4,0,88,0.8068181818181818,0.09090909090909091,1.6680433,1.6560311,0.9318181818181818
maize,Grain_Moisture,R1,CalPred-style,4,1,88,0.7954545454545454,0.10227272727272728,1.7077125,1.7121648,0.9659090909090909
maize,Grain_Moisture,R1,CalPred-style,4,2,88,0.8409090909090909,0.045454545454545456,1.6809376,1.6538299,0.8977272727272727
maize,Grain_Moisture,R1,CalPred-style,4,3,88,0.8295454545454546,0.056818181818181816,1.5751939,1.5652306,0.9772727272727273
maize,Grain_Moisture,R1,CalPred-style,4,4,88,0.8181818181818182,0.07954545454545454,1.478724,1.4667033,0.9545454545454546
maize,Grain_Moisture,R1,CalPred-style,5,0,88,0.8068181818181818,0.11363636363636363,1.5241036,1.5072026,0.9659090909090909
maize,Grain_Moisture,R1,CalPred-style,5,1,88,0.8068181818181818,0.03409090909090909,1.724643,1.7742549,0.9545454545454546
maize,Grain_Moisture,R1,CalPred-style,5,2,88,0.8522727272727273,0.03409090909090909,1.5777539,1.5665047,0.9204545454545454
maize,Grain_Moisture,R1,CalPred-style,5,3,88,0.7840909090909091,0.07954545454545454,1.6582322,1.6184623,0.9431818181818182
maize,Grain_Moisture,R1,CalPred-style,5,4,88,0.8068181818181818,0.09090909090909091,1.5415324,1.4989865,0.9431818181818182
maize,Grain_Moisture,R1,Gauss-PEV,1,0,88,0.7727272727272727,0.06818181818181818,1.6388245,1.6589446,0.9545454545454546
maize,Grain_Moisture,R1,Gauss-PEV,1,1,88,0.7727272727272727,0.03409090909090909,1.7309924,1.725282,0.9659090909090909
maize,Grain_Moisture,R1,Gauss-PEV,1,2,88,0.8295454545454546,0.07954545454545454,1.6046665,1.5951344,0.9318181818181818
maize,Grain_Moisture,R1,Gauss-PEV,1,3,88,0.7954545454545454,0.10227272727272728,1.517794,1.5204797,0.9772727272727273
maize,Grain_Moisture,R1,Gauss-PEV,1,4,88,0.8068181818181818,0.06818181818181818,1.5826058,1.5428551,0.9545454545454546
maize,Grain_Moisture,R1,Gauss-PEV,2,0,88,0.7954545454545454,0.07954545454545454,1.6037227,1.6017754,0.9545454545454546
maize,Grain_Moisture,R1,Gauss-PEV,2,1,88,0.7954545454545454,0.10227272727272728,1.4717072,1.4575466,0.9772727272727273
maize,Grain_Moisture,R1,Gauss-PEV,2,2,88,0.8295454545454546,0.045454545454545456,1.6845818,1.7150851,0.9659090909090909
maize,Grain_Moisture,R1,Gauss-PEV,2,3,88,0.7954545454545454,0.07954545454545454,1.5584453,1.5838596,0.9659090909090909
maize,Grain_Moisture,R1,Gauss-PEV,2,4,88,0.8295454545454546,0.06818181818181818,1.6440442,1.6305786,0.9659090909090909
maize,Grain_Moisture,R1,Gauss-PEV,3,0,88,0.75,0.11363636363636363,1.5685252,1.5225178,0.9431818181818182
maize,Grain_Moisture,R1,Gauss-PEV,3,1,88,0.7840909090909091,0.10227272727272728,1.6077659,1.6130191,0.9431818181818182
maize,Grain_Moisture,R1,Gauss-PEV,3,2,88,0.8636363636363636,0.056818181818181816,1.5349796,1.5249096,0.9659090909090909
maize,Grain_Moisture,R1,Gauss-PEV,3,3,88,0.8295454545454546,0.06818181818181818,1.6063416,1.5982037,0.9659090909090909
maize,Grain_Moisture,R1,Gauss-PEV,3,4,88,0.7840909090909091,0.045454545454545456,1.7173733,1.666874,0.9318181818181818
maize,Grain_Moisture,R1,Gauss-PEV,4,0,88,0.8068181818181818,0.09090909090909091,1.6680433,1.6490864,0.9431818181818182
maize,Grain_Moisture,R1,Gauss-PEV,4,1,88,0.7954545454545454,0.10227272727272728,1.7077125,1.6899518,0.9545454545454546
maize,Grain_Moisture,R1,Gauss-PEV,4,2,88,0.8409090909090909,0.045454545454545456,1.6809376,1.6588349,0.9318181818181818
maize,Grain_Moisture,R1,Gauss-PEV,4,3,88,0.7954545454545454,0.06818181818181818,1.5751939,1.5652306,0.9772727272727273
maize,Grain_Moisture,R1,Gauss-PEV,4,4,88,0.8181818181818182,0.06818181818181818,1.478724,1.479343,0.9659090909090909
maize,Grain_Moisture,R1,Gauss-PEV,5,0,88,0.7954545454545454,0.125,1.5241036,1.5193771,0.9659090909090909
maize,Grain_Moisture,R1,Gauss-PEV,5,1,88,0.8068181818181818,0.03409090909090909,1.724643,1.7528449,0.9659090909090909
maize,Grain_Moisture,R1,Gauss-PEV,5,2,88,0.8522727272727273,0.03409090909090909,1.5777539,1.5515873,0.9204545454545454
maize,Grain_Moisture,R1,Gauss-PEV,5,3,88,0.7727272727272727,0.09090909090909091,1.6582322,1.6378822,0.9659090909090909
maize,Grain_Moisture,R1,Gauss-PEV,5,4,88,0.7840909090909091,0.09090909090909091,1.5415324,1.4922496,0.9545454545454546
maize,Grain_Moisture,R1,KinCP,1,0,88,0.7613636363636364,0.06818181818181818,1.6388245,1.6420922,0.9545454545454546
maize,Grain_Moisture,R1,KinCP,1,1,88,0.7840909090909091,0.03409090909090909,1.7309924,1.7286648,0.9659090909090909
maize,Grain_Moisture,R1,KinCP,1,2,88,0.8181818181818182,0.09090909090909091,1.6046665,1.5930016,0.9431818181818182
maize,Grain_Moisture,R1,KinCP,1,3,88,0.7840909090909091,0.11363636363636363,1.517794,1.5208862,0.9886363636363636
maize,Grain_Moisture,R1,KinCP,1,4,88,0.7840909090909091,0.06818181818181818,1.5826058,1.5656813,0.9545454545454546
maize,Grain_Moisture,R1,KinCP,2,0,88,0.7727272727272727,0.10227272727272728,1.6037227,1.5955032,0.9659090909090909
maize,Grain_Moisture,R1,KinCP,2,1,88,0.7954545454545454,0.10227272727272728,1.4717072,1.4717072,1.0
maize,Grain_Moisture,R1,KinCP,2,2,88,0.8295454545454546,0.045454545454545456,1.6845818,1.6946692,0.9772727272727273
maize,Grain_Moisture,R1,KinCP,2,3,88,0.7840909090909091,0.07954545454545454,1.5584453,1.5672684,0.9772727272727273
maize,Grain_Moisture,R1,KinCP,2,4,88,0.7954545454545454,0.10227272727272728,1.6440442,1.6322243,0.9772727272727273
maize,Grain_Moisture,R1,KinCP,3,0,88,0.7613636363636364,0.11363636363636363,1.5685252,1.5685253,1.0
maize,Grain_Moisture,R1,KinCP,3,1,88,0.7613636363636364,0.10227272727272728,1.6077659,1.6201255,0.9772727272727273
maize,Grain_Moisture,R1,KinCP,3,2,88,0.8636363636363636,0.056818181818181816,1.5349796,1.5249096,0.9659090909090909
maize,Grain_Moisture,R1,KinCP,3,3,88,0.8181818181818182,0.07954545454545454,1.6063416,1.5913037,0.9659090909090909
maize,Grain_Moisture,R1,KinCP,3,4,88,0.7840909090909091,0.045454545454545456,1.7173733,1.6834588,0.9545454545454546
maize,Grain_Moisture,R1,KinCP,4,0,88,0.7840909090909091,0.10227272727272728,1.6680433,1.6555619,0.9545454545454546
maize,Grain_Moisture,R1,KinCP,4,1,88,0.7840909090909091,0.11363636363636363,1.7077125,1.7166724,0.9772727272727273
maize,Grain_Moisture,R1,KinCP,4,2,88,0.8409090909090909,0.045454545454545456,1.6809376,1.6860981,0.9659090909090909
maize,Grain_Moisture,R1,KinCP,4,3,88,0.7840909090909091,0.06818181818181818,1.5751939,1.5396531,0.9659090909090909
maize,Grain_Moisture,R1,KinCP,4,4,88,0.8181818181818182,0.06818181818181818,1.478724,1.4715794,0.9545454545454546
maize,Grain_Moisture,R1,KinCP,5,0,88,0.8068181818181818,0.11363636363636363,1.5241036,1.529464,0.9659090909090909
maize,Grain_Moisture,R1,KinCP,5,1,88,0.8068181818181818,0.03409090909090909,1.724643,1.7403771,0.9886363636363636
maize,Grain_Moisture,R1,KinCP,5,2,88,0.8409090909090909,0.045454545454545456,1.5777539,1.5472801,0.9431818181818182
maize,Grain_Moisture,R1,KinCP,5,3,88,0.7613636363636364,0.10227272727272728,1.6582322,1.6528134,0.9659090909090909
maize,Grain_Moisture,R1,KinCP,5,4,88,0.7727272727272727,0.09090909090909091,1.5415324,1.5184165,0.9659090909090909
maize,Grain_Moisture,R1,KinCP-ABC,1,0,88,0.7159090909090909,0.10227272727272728,1.6388245,1.6388245,1.0
maize,Grain_Moisture,R1,KinCP-ABC,1,1,88,0.75,0.045454545454545456,1.7309924,1.7309924,1.0
maize,Grain_Moisture,R1,KinCP-ABC,1,2,88,0.8068181818181818,0.10227272727272728,1.6046665,1.6046665,1.0
maize,Grain_Moisture,R1,KinCP-ABC,1,3,88,0.7840909090909091,0.11363636363636363,1.517794,1.517794,1.0
maize,Grain_Moisture,R1,KinCP-ABC,1,4,88,0.7613636363636364,0.07954545454545454,1.5826058,1.5826058,1.0
maize,Grain_Moisture,R1,KinCP-ABC,2,0,88,0.7613636363636364,0.11363636363636363,1.6037227,1.6037227,1.0
maize,Grain_Moisture,R1,KinCP-ABC,2,1,88,0.7727272727272727,0.11363636363636363,1.4717072,1.4717072,1.0
maize,Grain_Moisture,R1,KinCP-ABC,2,2,88,0.8181818181818182,0.056818181818181816,1.6845818,1.6845818,1.0
maize,Grain_Moisture,R1,KinCP-ABC,2,3,88,0.7727272727272727,0.09090909090909091,1.5584453,1.5584453,1.0
maize,Grain_Moisture,R1,KinCP-ABC,2,4,88,0.7954545454545454,0.09090909090909091,1.6440442,1.6440442,1.0
maize,Grain_Moisture,R1,KinCP-ABC,3,0,88,0.7272727272727273,0.125,1.5685252,1.5685252,1.0
maize,Grain_Moisture,R1,KinCP-ABC,3,1,88,0.75,0.10227272727272728,1.6077659,1.6077659,1.0
maize,Grain_Moisture,R1,KinCP-ABC,3,2,88,0.8636363636363636,0.056818181818181816,1.5349796,1.5349796,1.0
maize,Grain_Moisture,R1,KinCP-ABC,3,3,88,0.8068181818181818,0.09090909090909091,1.6063416,1.6063416,1.0
maize,Grain_Moisture,R1,KinCP-ABC,3,4,88,0.7613636363636364,0.056818181818181816,1.7173733,1.7173733,1.0
maize,Grain_Moisture,R1,KinCP-ABC,4,0,88,0.7727272727272727,0.10227272727272728,1.6680433,1.6680433,1.0
maize,Grain_Moisture,R1,KinCP-ABC,4,1,88,0.7840909090909091,0.11363636363636363,1.7077125,1.7077125,1.0
maize,Grain_Moisture,R1,KinCP-ABC,4,2,88,0.8409090909090909,0.045454545454545456,1.6809376,1.6809376,1.0
maize,Grain_Moisture,R1,KinCP-ABC,4,3,88,0.75,0.06818181818181818,1.5751939,1.5751939,1.0
maize,Grain_Moisture,R1,KinCP-ABC,4,4,88,0.8181818181818182,0.06818181818181818,1.478724,1.478724,1.0
maize,Grain_Moisture,R1,KinCP-ABC,5,0,88,0.8068181818181818,0.11363636363636363,1.5241036,1.5241036,1.0
maize,Grain_Moisture,R1,KinCP-ABC,5,1,88,0.8068181818181818,0.03409090909090909,1.724643,1.724643,1.0
maize,Grain_Moisture,R1,KinCP-ABC,5,2,88,0.7954545454545454,0.056818181818181816,1.5777539,1.5777539,1.0
maize,Grain_Moisture,R1,KinCP-ABC,5,3,88,0.7386363636363636,0.10227272727272728,1.6582322,1.6582322,1.0
maize,Grain_Moisture,R1,KinCP-ABC,5,4,88,0.7613636363636364,0.10227272727272728,1.5415324,1.5415324,1.0
maize,Grain_Moisture,R1,SCP,1,0,88,0.75,0.09090909090909091,1.6388245,1.6207005,0.9204545454545454
maize,Grain_Moisture,R1,SCP,1,1,88,0.7613636363636364,0.045454545454545456,1.7309924,1.7377458,0.8977272727272727
maize,Grain_Moisture,R1,SCP,1,2,88,0.8068181818181818,0.09090909090909091,1.6046665,1.5968184,0.9318181818181818
maize,Grain_Moisture,R1,SCP,1,3,88,0.7727272727272727,0.125,1.517794,1.5131676,0.9318181818181818
maize,Grain_Moisture,R1,SCP,1,4,88,0.7727272727272727,0.056818181818181816,1.5826058,1.5768585,0.9204545454545454
maize,Grain_Moisture,R1,SCP,2,0,88,0.7272727272727273,0.13636363636363635,1.6037227,1.5812961,0.9204545454545454
maize,Grain_Moisture,R1,SCP,2,1,88,0.7954545454545454,0.09090909090909091,1.4717072,1.4860615,0.9204545454545454
maize,Grain_Moisture,R1,SCP,2,2,88,0.75,0.07954545454545454,1.6845818,1.6984993,0.9545454545454546
maize,Grain_Moisture,R1,SCP,2,3,88,0.7613636363636364,0.09090909090909091,1.5584453,1.5564405,0.9318181818181818
maize,Grain_Moisture,R1,SCP,2,4,88,0.75,0.125,1.6440442,1.6627711,0.9318181818181818
maize,Grain_Moisture,R1,SCP,3,0,88,0.7613636363636364,0.10227272727272728,1.5685252,1.5796382,0.9318181818181818
maize,Grain_Moisture,R1,SCP,3,1,88,0.7386363636363636,0.09090909090909091,1.6077659,1.5859218,0.8863636363636364
maize,Grain_Moisture,R1,SCP,3,2,88,0.8636363636363636,0.056818181818181816,1.5349796,1.4749871,0.9431818181818182
maize,Grain_Moisture,R1,SCP,3,3,88,0.7727272727272727,0.10227272727272728,1.6063416,1.6218413,0.9204545454545454
maize,Grain_Moisture,R1,SCP,3,4,88,0.6818181818181818,0.07954545454545454,1.7173733,1.7183032,0.9204545454545454
maize,Grain_Moisture,R1,SCP,4,0,88,0.7954545454545454,0.10227272727272728,1.6680433,1.6621286,0.9204545454545454
maize,Grain_Moisture,R1,SCP,4,1,88,0.7840909090909091,0.09090909090909091,1.7077125,1.6486052,0.9318181818181818
maize,Grain_Moisture,R1,SCP,4,2,88,0.8522727272727273,0.045454545454545456,1.6809376,1.692946,0.9090909090909091
maize,Grain_Moisture,R1,SCP,4,3,88,0.7386363636363636,0.09090909090909091,1.5751939,1.528706,0.9204545454545454
maize,Grain_Moisture,R1,SCP,4,4,88,0.7727272727272727,0.09090909090909091,1.478724,1.4194543,0.875
maize,Grain_Moisture,R1,SCP,5,0,88,0.7613636363636364,0.14772727272727273,1.5241036,1.5007077,0.9318181818181818
maize,Grain_Moisture,R1,SCP,5,1,88,0.7727272727272727,0.056818181818181816,1.724643,1.7125939,0.9545454545454546
maize,Grain_Moisture,R1,SCP,5,2,88,0.7727272727272727,0.07954545454545454,1.5777539,1.52976,0.9204545454545454
maize,Grain_Moisture,R1,SCP,5,3,88,0.7727272727272727,0.09090909090909091,1.6582322,1.6129664,0.9204545454545454
maize,Grain_Moisture,R1,SCP,5,4,88,0.7954545454545454,0.06818181818181818,1.5415324,1.5707428,0.8977272727272727
maize,Grain_Moisture,R2,CV+,1,0,155,0.6967741935483871,0.15483870967741936,1.3124695,1.30862,0.9548387096774194
maize,Grain_Moisture,R2,CV+,1,1,69,0.8260869565217391,0.11594202898550725,0.9006079,0.8896551,0.927536231884058
maize,Grain_Moisture,R2,CV+,1,2,58,0.9310344827586207,0.06896551724137931,-0.0620394,-0.082497835,0.9482758620689655
maize,Grain_Moisture,R2,CV+,1,3,38,1.0,0.0,0.20080364,0.19748577,0.9473684210526315
maize,Grain_Moisture,R2,CV+,1,4,122,0.5901639344262295,0.20491803278688525,2.7201073,2.7084043,0.9672131147540983
maize,Grain_Moisture,R2,CV+,2,0,155,0.7032258064516129,0.16129032258064516,1.3124695,1.2953757,0.9612903225806452
maize,Grain_Moisture,R2,CV+,2,1,69,0.8115942028985508,0.13043478260869565,0.9006079,0.8931208,0.927536231884058
maize,Grain_Moisture,R2,CV+,2,2,58,0.896551724137931,0.08620689655172414,-0.0620394,-0.09605921,0.9310344827586207
maize,Grain_Moisture,R2,CV+,2,3,38,1.0,0.0,0.20080364,0.2089997,0.9473684210526315
maize,Grain_Moisture,R2,CV+,2,4,122,0.6065573770491803,0.1885245901639344,2.7201073,2.7361465,0.9836065573770492
maize,Grain_Moisture,R2,CV+,3,0,155,0.6967741935483871,0.16129032258064516,1.3124695,1.284302,0.9548387096774194
maize,Grain_Moisture,R2,CV+,3,1,69,0.8260869565217391,0.11594202898550725,0.9006079,0.8835158,0.927536231884058
maize,Grain_Moisture,R2,CV+,3,2,58,0.9137931034482759,0.08620689655172414,-0.0620394,-0.089934744,0.9482758620689655
maize,Grain_Moisture,R2,CV+,3,3,38,1.0,0.0,0.20080364,0.19650884,0.9473684210526315
maize,Grain_Moisture,R2,CV+,3,4,122,0.5901639344262295,0.20491803278688525,2.7201073,2.715555,0.9590163934426229
maize,Grain_Moisture,R2,CV+,4,0,155,0.6903225806451613,0.16774193548387098,1.3124695,1.2803879,0.9419354838709677
maize,Grain_Moisture,R2,CV+,4,1,69,0.8260869565217391,0.11594202898550725,0.9006079,0.89839995,0.9420289855072463
maize,Grain_Moisture,R2,CV+,4,2,58,0.896551724137931,0.08620689655172414,-0.0620394,-0.08374005,0.9482758620689655
maize,Grain_Moisture,R2,CV+,4,3,38,1.0,0.0,0.20080364,0.20899971,0.9473684210526315
maize,Grain_Moisture,R2,CV+,4,4,122,0.5901639344262295,0.20491803278688525,2.7201073,2.711778,0.9672131147540983
maize,Grain_Moisture,R2,CV+,5,0,155,0.7161290322580646,0.14838709677419354,1.3124695,1.287364,0.9612903225806452
maize,Grain_Moisture,R2,CV+,5,1,69,0.8260869565217391,0.11594202898550725,0.9006079,0.8835158,0.927536231884058
maize,Grain_Moisture,R2,CV+,5,2,58,0.9137931034482759,0.08620689655172414,-0.0620394,-0.08240422,0.9482758620689655
maize,Grain_Moisture,R2,CV+,5,3,38,1.0,0.0,0.20080364,0.18894812,0.9473684210526315
maize,Grain_Moisture,R2,CV+,5,4,122,0.5983606557377049,0.19672131147540983,2.7201073,2.6980217,0.9672131147540983
maize,Grain_Moisture,R2,CalPred-style,1,0,155,0.7548387096774194,0.12258064516129032,1.3124695,1.2845358,0.9290322580645162
maize,Grain_Moisture,R2,CalPred-style,1,1,69,0.855072463768116,0.10144927536231885,0.9006079,0.900608,1.0
maize,Grain_Moisture,R2,CalPred-style,1,2,58,0.9137931034482759,0.06896551724137931,-0.0620394,-0.0620394,1.0
maize,Grain_Moisture,R2,CalPred-style,1,3,38,1.0,0.0,0.20080364,0.20080364,1.0
maize,Grain_Moisture,R2,CalPred-style,1,4,122,0.639344262295082,0.18032786885245902,2.7201073,2.683778,0.9672131147540983
maize,Grain_Moisture,R2,CalPred-style,2,0,155,0.7548387096774194,0.12258064516129032,1.3124695,1.28429,0.9354838709677419
maize,Grain_Moisture,R2,CalPred-style,2,1,69,0.855072463768116,0.10144927536231885,0.9006079,0.900608,1.0
maize,Grain_Moisture,R2,CalPred-style,2,2,58,0.9137931034482759,0.06896551724137931,-0.0620394,-0.06203941,1.0
maize,Grain_Moisture,R2,CalPred-style,2,3,38,1.0,0.0,0.20080364,0.20080364,1.0
maize,Grain_Moisture,R2,CalPred-style,2,4,122,0.639344262295082,0.19672131147540983,2.7201073,2.7187731,0.9918032786885246
maize,Grain_Moisture,R2,CalPred-style,3,0,155,0.7548387096774194,0.12258064516129032,1.3124695,1.28429,0.9354838709677419
maize,Grain_Moisture,R2,CalPred-style,3,1,69,0.855072463768116,0.10144927536231885,0.9006079,0.900608,1.0
maize,Grain_Moisture,R2,CalPred-style,3,2,58,0.9137931034482759,0.06896551724137931,-0.0620394,-0.0620394,1.0
maize,Grain_Moisture,R2,CalPred-style,3,3,38,1.0,0.0,0.20080364,0.20080364,1.0
maize,Grain_Moisture,R2,CalPred-style,3,4,122,0.6311475409836066,0.1885245901639344,2.7201073,2.683778,0.9672131147540983
maize,Grain_Moisture,R2,CalPred-style,4,0,155,0.7548387096774194,0.12258064516129032,1.3124695,1.28429,0.9354838709677419
maize,Grain_Moisture,R2,CalPred-style,4,1,69,0.855072463768116,0.10144927536231885,0.9006079,0.900608,1.0
maize,Grain_Moisture,R2,CalPred-style,4,2,58,0.9137931034482759,0.06896551724137931,-0.0620394,-0.0620394,1.0
maize,Grain_Moisture,R2,CalPred-style,4,3,38,1.0,0.0,0.20080364,0.20080364,1.0
maize,Grain_Moisture,R2,CalPred-style,4,4,122,0.6311475409836066,0.1885245901639344,2.7201073,2.6837783,0.9672131147540983
maize,Grain_Moisture,R2,CalPred-style,5,0,155,0.7548387096774194,0.12258064516129032,1.3124695,1.28429,0.9354838709677419
maize,Grain_Moisture,R2,CalPred-style,5,1,69,0.855072463768116,0.10144927536231885,0.9006079,0.900608,1.0
maize,Grain_Moisture,R2,CalPred-style,5,2,58,0.9137931034482759,0.06896551724137931,-0.0620394,-0.0620394,1.0
maize,Grain_Moisture,R2,CalPred-style,5,3,38,1.0,0.0,0.20080364,0.20080364,1.0
maize,Grain_Moisture,R2,CalPred-style,5,4,122,0.639344262295082,0.19672131147540983,2.7201073,2.6837783,0.9672131147540983
maize,Grain_Moisture,R2,Gauss-PEV,1,0,155,0.7161290322580646,0.16774193548387098,1.3124695,1.2920487,0.9612903225806452
maize,Grain_Moisture,R2,Gauss-PEV,1,1,69,0.8695652173913043,0.08695652173913043,0.9006079,0.88214475,0.9710144927536232
maize,Grain_Moisture,R2,Gauss-PEV,1,2,58,0.9310344827586207,0.06896551724137931,-0.0620394,-0.06203939,1.0
maize,Grain_Moisture,R2,Gauss-PEV,1,3,38,1.0,0.0,0.20080364,0.2075609,0.9736842105263158
maize,Grain_Moisture,R2,Gauss-PEV,1,4,122,0.6147540983606558,0.19672131147540983,2.7201073,2.6856167,0.9754098360655737
maize,Grain_Moisture,R2,Gauss-PEV,2,0,155,0.7161290322580646,0.16774193548387098,1.3124695,1.2920487,0.9612903225806452
maize,Grain_Moisture,R2,Gauss-PEV,2,1,69,0.8695652173913043,0.08695652173913043,0.9006079,0.88214475,0.9710144927536232
maize,Grain_Moisture,R2,Gauss-PEV,2,2,58,0.9310344827586207,0.06896551724137931,-0.0620394,-0.06203939,1.0
maize,Grain_Moisture,R2,Gauss-PEV,2,3,38,1.0,0.0,0.20080364,0.2075609,0.9736842105263158
maize,Grain_Moisture,R2,Gauss-PEV,2,4,122,0.6147540983606558,0.19672131147540983,2.7201073,2.6856167,0.9754098360655737
maize,Grain_Moisture,R2,Gauss-PEV,3,0,155,0.7161290322580646,0.16774193548387098,1.3124695,1.2920487,0.9612903225806452
maize,Grain_Moisture,R2,Gauss-PEV,3,1,69,0.8695652173913043,0.08695652173913043,0.9006079,0.88214475,0.9710144927536232
maize,Grain_Moisture,R2,Gauss-PEV,3,2,58,0.9310344827586207,0.06896551724137931,-0.0620394,-0.06203939,1.0
maize,Grain_Moisture,R2,Gauss-PEV,3,3,38,1.0,0.0,0.20080364,0.2075609,0.9736842105263158
maize,Grain_Moisture,R2,Gauss-PEV,3,4,122,0.6147540983606558,0.19672131147540983,2.7201073,2.6856167,0.9754098360655737
maize,Grain_Moisture,R2,Gauss-PEV,4,0,155,0.7161290322580646,0.16774193548387098,1.3124695,1.2920487,0.9612903225806452
maize,Grain_Moisture,R2,Gauss-PEV,4,1,69,0.8695652173913043,0.08695652173913043,0.9006079,0.88214475,0.9710144927536232
maize,Grain_Moisture,R2,Gauss-PEV,4,2,58,0.9310344827586207,0.06896551724137931,-0.0620394,-0.06203939,1.0
maize,Grain_Moisture,R2,Gauss-PEV,4,3,38,1.0,0.0,0.20080364,0.2075609,0.9736842105263158
maize,Grain_Moisture,R2,Gauss-PEV,4,4,122,0.6147540983606558,0.19672131147540983,2.7201073,2.6856167,0.9754098360655737
maize,Grain_Moisture,R2,Gauss-PEV,5,0,155,0.7161290322580646,0.16774193548387098,1.3124695,1.2920487,0.9612903225806452
maize,Grain_Moisture,R2,Gauss-PEV,5,1,69,0.8695652173913043,0.08695652173913043,0.9006079,0.88214475,0.9710144927536232
maize,Grain_Moisture,R2,Gauss-PEV,5,2,58,0.9310344827586207,0.06896551724137931,-0.0620394,-0.06203939,1.0
maize,Grain_Moisture,R2,Gauss-PEV,5,3,38,1.0,0.0,0.20080364,0.2075609,0.9736842105263158
maize,Grain_Moisture,R2,Gauss-PEV,5,4,122,0.6147540983606558,0.19672131147540983,2.7201073,2.6856167,0.9754098360655737
maize,Grain_Moisture,R2,KinCP,1,0,155,0.7548387096774194,0.13548387096774195,1.3124695,1.3223759,0.9806451612903225
maize,Grain_Moisture,R2,KinCP,1,1,69,0.855072463768116,0.10144927536231885,0.9006079,0.88214487,0.9710144927536232
maize,Grain_Moisture,R2,KinCP,1,2,58,0.9310344827586207,0.06896551724137931,-0.0620394,-0.0620394,1.0
maize,Grain_Moisture,R2,KinCP,1,3,38,1.0,0.0,0.20080364,0.20424603,0.9736842105263158
maize,Grain_Moisture,R2,KinCP,1,4,122,0.6229508196721312,0.19672131147540983,2.7201073,2.6755335,0.9672131147540983
maize,Grain_Moisture,R2,KinCP,2,0,155,0.7612903225806451,0.13548387096774195,1.3124695,1.3303908,0.9806451612903225
maize,Grain_Moisture,R2,KinCP,2,1,69,0.855072463768116,0.10144927536231885,0.9006079,0.88214487,0.9710144927536232
maize,Grain_Moisture,R2,KinCP,2,2,58,0.9310344827586207,0.06896551724137931,-0.0620394,-0.06203941,1.0
maize,Grain_Moisture,R2,KinCP,2,3,38,1.0,0.0,0.20080364,0.2045804,0.9736842105263158
maize,Grain_Moisture,R2,KinCP,2,4,122,0.6475409836065574,0.18032786885245902,2.7201073,2.6994112,0.9672131147540983
maize,Grain_Moisture,R2,KinCP,3,0,155,0.7677419354838709,0.13548387096774195,1.3124695,1.3237908,0.9870967741935484
maize,Grain_Moisture,R2,KinCP,3,1,69,0.8695652173913043,0.08695652173913043,0.9006079,0.87677974,0.9565217391304348
maize,Grain_Moisture,R2,KinCP,3,2,58,0.9310344827586207,0.06896551724137931,-0.0620394,-0.0620394,1.0
maize,Grain_Moisture,R2,KinCP,3,3,38,1.0,0.0,0.20080364,0.20854364,0.9473684210526315
maize,Grain_Moisture,R2,KinCP,3,4,122,0.6229508196721312,0.19672131147540983,2.7201073,2.6741197,0.9590163934426229
maize,Grain_Moisture,R2,KinCP,4,0,155,0.7677419354838709,0.13548387096774195,1.3124695,1.3223759,0.9806451612903225
maize,Grain_Moisture,R2,KinCP,4,1,69,0.8695652173913043,0.08695652173913043,0.9006079,0.88214487,0.9710144927536232
maize,Grain_Moisture,R2,KinCP,4,2,58,0.9310344827586207,0.06896551724137931,-0.0620394,-0.06203939,1.0
maize,Grain_Moisture,R2,KinCP,4,3,38,1.0,0.0,0.20080364,0.20424604,0.9736842105263158
maize,Grain_Moisture,R2,KinCP,4,4,122,0.6229508196721312,0.19672131147540983,2.7201073,2.6755335,0.9672131147540983
maize,Grain_Moisture,R2,KinCP,5,0,155,0.7677419354838709,0.13548387096774195,1.3124695,1.3157951,0.9870967741935484
maize,Grain_Moisture,R2,KinCP,5,1,69,0.8695652173913043,0.08695652173913043,0.9006079,0.87677974,0.9565217391304348
maize,Grain_Moisture,R2,KinCP,5,2,58,0.9310344827586207,0.06896551724137931,-0.0620394,-0.06203941,1.0
maize,Grain_Moisture,R2,KinCP,5,3,38,1.0,0.0,0.20080364,0.2045804,0.9736842105263158
maize,Grain_Moisture,R2,KinCP,5,4,122,0.6229508196721312,0.1885245901639344,2.7201073,2.6618624,0.9508196721311475
maize,Grain_Moisture,R2,KinCP-ABC,1,0,155,0.6709677419354839,0.18064516129032257,1.3124695,1.3124695,1.0
maize,Grain_Moisture,R2,KinCP-ABC,1,1,69,0.8115942028985508,0.13043478260869565,0.9006079,0.9006079,1.0
maize,Grain_Moisture,R2,KinCP-ABC,1,2,58,0.8793103448275862,0.08620689655172414,-0.0620394,-0.0620394,1.0
maize,Grain_Moisture,R2,KinCP-ABC,1,3,38,1.0,0.0,0.20080364,0.20080364,1.0
maize,Grain_Moisture,R2,KinCP-ABC,1,4,122,0.5573770491803278,0.2459016393442623,2.7201073,2.7201073,1.0
maize,Grain_Moisture,R2,KinCP-ABC,2,0,155,0.6580645161290323,0.1935483870967742,1.3124695,1.3124695,1.0
maize,Grain_Moisture,R2,KinCP-ABC,2,1,69,0.8115942028985508,0.13043478260869565,0.9006079,0.9006079,1.0
maize,Grain_Moisture,R2,KinCP-ABC,2,2,58,0.896551724137931,0.08620689655172414,-0.0620394,-0.0620394,1.0
maize,Grain_Moisture,R2,KinCP-ABC,2,3,38,1.0,0.0,0.20080364,0.20080364,1.0
maize,Grain_Moisture,R2,KinCP-ABC,2,4,122,0.5655737704918032,0.23770491803278687,2.7201073,2.7201073,1.0
maize,Grain_Moisture,R2,KinCP-ABC,3,0,155,0.6709677419354839,0.18064516129032257,1.3124695,1.3124695,1.0
maize,Grain_Moisture,R2,KinCP-ABC,3,1,69,0.8115942028985508,0.13043478260869565,0.9006079,0.9006079,1.0
maize,Grain_Moisture,R2,KinCP-ABC,3,2,58,0.8793103448275862,0.08620689655172414,-0.0620394,-0.0620394,1.0
maize,Grain_Moisture,R2,KinCP-ABC,3,3,38,1.0,0.0,0.20080364,0.20080364,1.0
maize,Grain_Moisture,R2,KinCP-ABC,3,4,122,0.5573770491803278,0.2459016393442623,2.7201073,2.7201073,1.0
maize,Grain_Moisture,R2,KinCP-ABC,4,0,155,0.6709677419354839,0.18064516129032257,1.3124695,1.3124695,1.0
maize,Grain_Moisture,R2,KinCP-ABC,4,1,69,0.8115942028985508,0.13043478260869565,0.9006079,0.9006079,1.0
maize,Grain_Moisture,R2,KinCP-ABC,4,2,58,0.8448275862068966,0.10344827586206896,-0.0620394,-0.0620394,1.0
maize,Grain_Moisture,R2,KinCP-ABC,4,3,38,1.0,0.0,0.20080364,0.20080364,1.0
maize,Grain_Moisture,R2,KinCP-ABC,4,4,122,0.5573770491803278,0.2459016393442623,2.7201073,2.7201073,1.0
maize,Grain_Moisture,R2,KinCP-ABC,5,0,155,0.6580645161290323,0.1935483870967742,1.3124695,1.3124695,1.0
maize,Grain_Moisture,R2,KinCP-ABC,5,1,69,0.8115942028985508,0.13043478260869565,0.9006079,0.9006079,1.0
maize,Grain_Moisture,R2,KinCP-ABC,5,2,58,0.8448275862068966,0.10344827586206896,-0.0620394,-0.0620394,1.0
maize,Grain_Moisture,R2,KinCP-ABC,5,3,38,1.0,0.0,0.20080364,0.20080364,1.0
maize,Grain_Moisture,R2,KinCP-ABC,5,4,122,0.5491803278688525,0.2459016393442623,2.7201073,2.7201073,1.0
maize,Grain_Moisture,R2,SCP,1,0,155,0.6387096774193548,0.1935483870967742,1.3124695,1.3144543,0.9161290322580645
maize,Grain_Moisture,R2,SCP,1,1,69,0.7971014492753623,0.14492753623188406,0.9006079,0.8965665,0.9710144927536232
maize,Grain_Moisture,R2,SCP,1,2,58,0.8448275862068966,0.08620689655172414,-0.0620394,-0.079284474,0.9137931034482759
maize,Grain_Moisture,R2,SCP,1,3,38,0.9736842105263158,0.02631578947368421,0.20080364,0.17983845,0.868421052631579
maize,Grain_Moisture,R2,SCP,1,4,122,0.5737704918032787,0.22131147540983606,2.7201073,2.727751,0.8934426229508197
maize,Grain_Moisture,R2,SCP,2,0,155,0.6903225806451613,0.1870967741935484,1.3124695,1.3335197,0.9290322580645162
maize,Grain_Moisture,R2,SCP,2,1,69,0.8115942028985508,0.13043478260869565,0.9006079,0.9074291,0.9420289855072463
maize,Grain_Moisture,R2,SCP,2,2,58,0.8793103448275862,0.1206896551724138,-0.0620394,-0.09359974,0.8275862068965517
maize,Grain_Moisture,R2,SCP,2,3,38,1.0,0.0,0.20080364,0.19126233,0.9210526315789473
maize,Grain_Moisture,R2,SCP,2,4,122,0.5655737704918032,0.18032786885245902,2.7201073,2.682688,0.9344262295081968
maize,Grain_Moisture,R2,SCP,3,0,155,0.6709677419354839,0.2,1.3124695,1.2814718,0.9032258064516129
maize,Grain_Moisture,R2,SCP,3,1,69,0.8115942028985508,0.13043478260869565,0.9006079,0.87334996,0.9130434782608695
maize,Grain_Moisture,R2,SCP,3,2,58,0.8448275862068966,0.06896551724137931,-0.0620394,-0.054372963,0.9137931034482759
maize,Grain_Moisture,R2,SCP,3,3,38,0.9210526315789473,0.07894736842105263,0.20080364,0.22384551,0.8947368421052632
maize,Grain_Moisture,R2,SCP,3,4,122,0.5901639344262295,0.21311475409836064,2.7201073,2.690464,0.9180327868852459
maize,Grain_Moisture,R2,SCP,4,0,155,0.5741935483870968,0.25806451612903225,1.3124695,1.3277038,0.9354838709677419
maize,Grain_Moisture,R2,SCP,4,1,69,0.8260869565217391,0.13043478260869565,0.9006079,0.85445106,0.9420289855072463
maize,Grain_Moisture,R2,SCP,4,2,58,0.8448275862068966,0.13793103448275862,-0.0620394,-0.1429307,0.8620689655172413
maize,Grain_Moisture,R2,SCP,4,3,38,1.0,0.0,0.20080364,0.2053388,0.8947368421052632
maize,Grain_Moisture,R2,SCP,4,4,122,0.4672131147540984,0.28688524590163933,2.7201073,2.693508,0.9016393442622951
maize,Grain_Moisture,R2,SCP,5,0,155,0.6258064516129033,0.2,1.3124695,1.3227514,0.9161290322580645
maize,Grain_Moisture,R2,SCP,5,1,69,0.8115942028985508,0.14492753623188406,0.9006079,0.87956965,0.9420289855072463
maize,Grain_Moisture,R2,SCP,5,2,58,0.9137931034482759,0.06896551724137931,-0.0620394,-0.11366111,0.8793103448275862
maize,Grain_Moisture,R2,SCP,5,3,38,1.0,0.0,0.20080364,0.19437103,0.9473684210526315
maize,Grain_Moisture,R2,SCP,5,4,122,0.5409836065573771,0.22950819672131148,2.7201073,2.66058,0.9098360655737705
maize,Plant_Height_cm,R1,CV+,1,0,88,0.9090909090909091,0.07954545454545454,1.4788028,1.4905694,0.9659090909090909
maize,Plant_Height_cm,R1,CV+,1,1,88,0.9431818181818182,0.022727272727272728,1.6064332,1.6115001,0.9772727272727273
maize,Plant_Height_cm,R1,CV+,1,2,88,0.875,0.045454545454545456,1.566521,1.5535369,0.9545454545454546
maize,Plant_Height_cm,R1,CV+,1,3,88,0.9431818181818182,0.03409090909090909,1.6586987,1.6559161,0.9659090909090909
maize,Plant_Height_cm,R1,CV+,1,4,88,0.8977272727272727,0.045454545454545456,1.634235,1.636324,0.9545454545454546
maize,Plant_Height_cm,R1,CV+,2,0,88,0.8636363636363636,0.06818181818181818,1.6553937,1.640041,0.9772727272727273
maize,Plant_Height_cm,R1,CV+,2,1,88,0.9204545454545454,0.022727272727272728,1.5044804,1.4629041,0.9659090909090909
maize,Plant_Height_cm,R1,CV+,2,2,88,0.9431818181818182,0.03409090909090909,1.5509647,1.5583737,0.9659090909090909
maize,Plant_Height_cm,R1,CV+,2,3,88,0.9204545454545454,0.022727272727272728,1.6692157,1.6749566,0.9659090909090909
maize,Plant_Height_cm,R1,CV+,2,4,88,0.9204545454545454,0.07954545454545454,1.4964356,1.4795092,0.9772727272727273
maize,Plant_Height_cm,R1,CV+,3,0,88,0.9204545454545454,0.03409090909090909,1.5838951,1.5650524,0.9659090909090909
maize,Plant_Height_cm,R1,CV+,3,1,88,0.9204545454545454,0.06818181818181818,1.4488436,1.4120946,0.9659090909090909
maize,Plant_Height_cm,R1,CV+,3,2,88,0.9431818181818182,0.045454545454545456,1.6211659,1.5983895,0.9659090909090909
maize,Plant_Height_cm,R1,CV+,3,3,88,0.8977272727272727,0.056818181818181816,1.5371548,1.5267568,0.9545454545454546
maize,Plant_Height_cm,R1,CV+,3,4,88,0.8863636363636364,0.045454545454545456,1.7373234,1.7397357,0.9772727272727273
maize,Plant_Height_cm,R1,CV+,4,0,88,0.9090909090909091,0.03409090909090909,1.6543862,1.6503735,0.9886363636363636
maize,Plant_Height_cm,R1,CV+,4,1,88,0.9204545454545454,0.056818181818181816,1.6036686,1.602049,0.9659090909090909
maize,Plant_Height_cm,R1,CV+,4,2,88,0.9204545454545454,0.022727272727272728,1.5611038,1.5638249,0.9772727272727273
maize,Plant_Height_cm,R1,CV+,4,3,88,0.9545454545454546,0.022727272727272728,1.577877,1.5789094,0.9659090909090909
maize,Plant_Height_cm,R1,CV+,4,4,88,0.9318181818181818,0.03409090909090909,1.5230151,1.5120827,0.9659090909090909
maize,Plant_Height_cm,R1,CV+,5,0,88,0.8863636363636364,0.07954545454545454,1.3991691,1.3855258,0.9886363636363636
maize,Plant_Height_cm,R1,CV+,5,1,88,0.9318181818181818,0.03409090909090909,1.7151157,1.711824,0.9772727272727273
maize,Plant_Height_cm,R1,CV+,5,2,88,0.9204545454545454,0.045454545454545456,1.6808791,1.6938205,0.9659090909090909
maize,Plant_Height_cm,R1,CV+,5,3,88,0.8863636363636364,0.045454545454545456,1.5741668,1.5705185,0.9886363636363636
maize,Plant_Height_cm,R1,CV+,5,4,88,0.9431818181818182,0.03409090909090909,1.5156881,1.5008842,0.9318181818181818
maize,Plant_Height_cm,R1,CalPred-style,1,0,88,0.9431818181818182,0.03409090909090909,1.4788028,1.471397,0.8977272727272727
maize,Plant_Height_cm,R1,CalPred-style,1,1,88,0.9545454545454546,0.011363636363636364,1.6064332,1.6042267,0.9659090909090909
maize,Plant_Height_cm,R1,CalPred-style,1,2,88,0.8977272727272727,0.03409090909090909,1.566521,1.5339484,0.9318181818181818
maize,Plant_Height_cm,R1,CalPred-style,1,3,88,0.9431818181818182,0.03409090909090909,1.6586987,1.6054146,0.9090909090909091
maize,Plant_Height_cm,R1,CalPred-style,1,4,88,0.8863636363636364,0.056818181818181816,1.634235,1.588511,0.9090909090909091
maize,Plant_Height_cm,R1,CalPred-style,2,0,88,0.875,0.06818181818181818,1.6553937,1.6067563,0.9204545454545454
maize,Plant_Height_cm,R1,CalPred-style,2,1,88,0.9431818181818182,0.011363636363636364,1.5044804,1.4860371,0.9318181818181818
maize,Plant_Height_cm,R1,CalPred-style,2,2,88,0.9431818181818182,0.03409090909090909,1.5509647,1.4953282,0.9545454545454546
maize,Plant_Height_cm,R1,CalPred-style,2,3,88,0.8977272727272727,0.022727272727272728,1.6692157,1.6672047,0.9431818181818182
maize,Plant_Height_cm,R1,CalPred-style,2,4,88,0.9545454545454546,0.045454545454545456,1.4964356,1.4954467,0.8977272727272727
maize,Plant_Height_cm,R1,CalPred-style,3,0,88,0.9431818181818182,0.03409090909090909,1.5838951,1.5524838,0.9318181818181818
maize,Plant_Height_cm,R1,CalPred-style,3,1,88,0.9318181818181818,0.056818181818181816,1.4488436,1.3950698,0.9318181818181818
maize,Plant_Height_cm,R1,CalPred-style,3,2,88,0.9659090909090909,0.022727272727272728,1.6211659,1.6041114,0.9204545454545454
maize,Plant_Height_cm,R1,CalPred-style,3,3,88,0.9090909090909091,0.045454545454545456,1.5371548,1.5082002,0.9090909090909091
maize,Plant_Height_cm,R1,CalPred-style,3,4,88,0.8977272727272727,0.045454545454545456,1.7373234,1.6960759,0.9318181818181818
maize,Plant_Height_cm,R1,CalPred-style,4,0,88,0.9204545454545454,0.03409090909090909,1.6543862,1.616165,0.9545454545454546
maize,Plant_Height_cm,R1,CalPred-style,4,1,88,0.9090909090909091,0.06818181818181818,1.6036686,1.6006054,0.9545454545454546
maize,Plant_Height_cm,R1,CalPred-style,4,2,88,0.9545454545454546,0.011363636363636364,1.5611038,1.5182575,0.9318181818181818
maize,Plant_Height_cm,R1,CalPred-style,4,3,88,0.9431818181818182,0.022727272727272728,1.577877,1.5566739,0.9318181818181818
maize,Plant_Height_cm,R1,CalPred-style,4,4,88,0.9545454545454546,0.022727272727272728,1.5230151,1.5063008,0.9204545454545454
maize,Plant_Height_cm,R1,CalPred-style,5,0,88,0.8977272727272727,0.06818181818181818,1.3991691,1.3722749,0.9090909090909091
maize,Plant_Height_cm,R1,CalPred-style,5,1,88,0.9318181818181818,0.022727272727272728,1.7151157,1.6844028,0.9318181818181818
maize,Plant_Height_cm,R1,CalPred-style,5,2,88,0.9204545454545454,0.03409090909090909,1.6808791,1.6466641,0.9318181818181818
maize,Plant_Height_cm,R1,CalPred-style,5,3,88,0.9090909090909091,0.045454545454545456,1.5741668,1.5167899,0.9318181818181818
maize,Plant_Height_cm,R1,CalPred-style,5,4,88,0.9318181818181818,0.03409090909090909,1.5156881,1.4731406,0.9204545454545454
maize,Plant_Height_cm,R1,Gauss-PEV,1,0,88,0.9204545454545454,0.056818181818181816,1.4788028,1.4834422,0.9318181818181818
maize,Plant_Height_cm,R1,Gauss-PEV,1,1,88,0.9431818181818182,0.022727272727272728,1.6064332,1.6007522,0.9772727272727273
maize,Plant_Height_cm,R1,Gauss-PEV,1,2,88,0.8863636363636364,0.045454545454545456,1.566521,1.5178254,0.9431818181818182
maize,Plant_Height_cm,R1,Gauss-PEV,1,3,88,0.9318181818181818,0.056818181818181816,1.6586987,1.6360024,0.9545454545454546
maize,Plant_Height_cm,R1,Gauss-PEV,1,4,88,0.8977272727272727,0.056818181818181816,1.634235,1.5938131,0.9318181818181818
maize,Plant_Height_cm,R1,Gauss-PEV,2,0,88,0.8636363636363636,0.09090909090909091,1.6553937,1.63009,0.9431818181818182
maize,Plant_Height_cm,R1,Gauss-PEV,2,1,88,0.9318181818181818,0.022727272727272728,1.5044804,1.4940563,0.9545454545454546
maize,Plant_Height_cm,R1,Gauss-PEV,2,2,88,0.9318181818181818,0.045454545454545456,1.5509647,1.4953282,0.9545454545454546
maize,Plant_Height_cm,R1,Gauss-PEV,2,3,88,0.8863636363636364,0.045454545454545456,1.6692157,1.6681976,0.9659090909090909
maize,Plant_Height_cm,R1,Gauss-PEV,2,4,88,0.9204545454545454,0.07954545454545454,1.4964356,1.5081334,0.9318181818181818
maize,Plant_Height_cm,R1,Gauss-PEV,3,0,88,0.9318181818181818,0.045454545454545456,1.5838951,1.5777905,0.9659090909090909
maize,Plant_Height_cm,R1,Gauss-PEV,3,1,88,0.9318181818181818,0.056818181818181816,1.4488436,1.4191101,0.9318181818181818
maize,Plant_Height_cm,R1,Gauss-PEV,3,2,88,0.9431818181818182,0.045454545454545456,1.6211659,1.6151093,0.9431818181818182
maize,Plant_Height_cm,R1,Gauss-PEV,3,3,88,0.8977272727272727,0.056818181818181816,1.5371548,1.517868,0.9318181818181818
maize,Plant_Height_cm,R1,Gauss-PEV,3,4,88,0.8863636363636364,0.056818181818181816,1.7373234,1.6990223,0.9545454545454546
maize,Plant_Height_cm,R1,Gauss-PEV,4,0,88,0.9090909090909091,0.03409090909090909,1.6543862,1.6279685,0.9772727272727273
maize,Plant_Height_cm,R1,Gauss-PEV,4,1,88,0.8977272727272727,0.07954545454545454,1.6036686,1.6088208,0.9772727272727273
maize,Plant_Height_cm,R1,Gauss-PEV,4,2,88,0.9204545454545454,0.022727272727272728,1.5611038,1.5470191,0.9772727272727273
maize,Plant_Height_cm,R1,Gauss-PEV,4,3,88,0.9204545454545454,0.03409090909090909,1.577877,1.5912598,0.9545454545454546
maize,Plant_Height_cm,R1,Gauss-PEV,4,4,88,0.9431818181818182,0.03409090909090909,1.5230151,1.496854,0.9431818181818182
maize,Plant_Height_cm,R1,Gauss-PEV,5,0,88,0.8977272727272727,0.06818181818181818,1.3991691,1.3891691,0.9545454545454546
maize,Plant_Height_cm,R1,Gauss-PEV,5,1,88,0.9318181818181818,0.03409090909090909,1.7151157,1.6995728,0.9772727272727273
maize,Plant_Height_cm,R1,Gauss-PEV,5,2,88,0.9090909090909091,0.056818181818181816,1.6808791,1.6762372,0.9772727272727273
maize,Plant_Height_cm,R1,Gauss-PEV,5,3,88,0.8863636363636364,0.056818181818181816,1.5741668,1.5853957,0.9772727272727273
maize,Plant_Height_cm,R1,Gauss-PEV,5,4,88,0.9431818181818182,0.03409090909090909,1.5156881,1.4736606,0.9431818181818182
maize,Plant_Height_cm,R1,KinCP,1,0,88,0.9318181818181818,0.056818181818181816,1.4788028,1.4747273,0.9090909090909091
maize,Plant_Height_cm,R1,KinCP,1,1,88,0.9431818181818182,0.022727272727272728,1.6064332,1.5860229,0.9659090909090909
maize,Plant_Height_cm,R1,KinCP,1,2,88,0.8863636363636364,0.045454545454545456,1.566521,1.5197483,0.9204545454545454
maize,Plant_Height_cm,R1,KinCP,1,3,88,0.9318181818181818,0.056818181818181816,1.6586987,1.6243058,0.9431818181818182
maize,Plant_Height_cm,R1,KinCP,1,4,88,0.8977272727272727,0.056818181818181816,1.634235,1.6114537,0.9318181818181818
maize,Plant_Height_cm,R1,KinCP,2,0,88,0.8863636363636364,0.07954545454545454,1.6553937,1.6133634,0.9318181818181818
maize,Plant_Height_cm,R1,KinCP,2,1,88,0.9318181818181818,0.022727272727272728,1.5044804,1.5061032,0.9431818181818182
maize,Plant_Height_cm,R1,KinCP,2,2,88,0.9318181818181818,0.045454545454545456,1.5509647,1.5204617,0.9545454545454546
maize,Plant_Height_cm,R1,KinCP,2,3,88,0.9204545454545454,0.022727272727272728,1.6692157,1.6700947,0.9545454545454546
maize,Plant_Height_cm,R1,KinCP,2,4,88,0.9318181818181818,0.06818181818181818,1.4964356,1.5063591,0.9204545454545454
maize,Plant_Height_cm,R1,KinCP,3,0,88,0.9431818181818182,0.03409090909090909,1.5838951,1.5718589,0.9545454545454546
maize,Plant_Height_cm,R1,KinCP,3,1,88,0.9431818181818182,0.056818181818181816,1.4488436,1.4287105,0.9431818181818182
maize,Plant_Height_cm,R1,KinCP,3,2,88,0.9431818181818182,0.045454545454545456,1.6211659,1.6128224,0.9318181818181818
maize,Plant_Height_cm,R1,KinCP,3,3,88,0.8977272727272727,0.056818181818181816,1.5371548,1.5147449,0.9090909090909091
maize,Plant_Height_cm,R1,KinCP,3,4,88,0.8863636363636364,0.056818181818181816,1.7373234,1.7089428,0.9431818181818182
maize,Plant_Height_cm,R1,KinCP,4,0,88,0.9318181818181818,0.03409090909090909,1.6543862,1.616165,0.9545454545454546
maize,Plant_Height_cm,R1,KinCP,4,1,88,0.8977272727272727,0.07954545454545454,1.6036686,1.5967796,0.9545454545454546
maize,Plant_Height_cm,R1,KinCP,4,2,88,0.9431818181818182,0.022727272727272728,1.5611038,1.5412796,0.9659090909090909
maize,Plant_Height_cm,R1,KinCP,4,3,88,0.9431818181818182,0.022727272727272728,1.577877,1.5912598,0.9545454545454546
maize,Plant_Height_cm,R1,KinCP,4,4,88,0.9545454545454546,0.022727272727272728,1.5230151,1.4959003,0.9431818181818182
maize,Plant_Height_cm,R1,KinCP,5,0,88,0.8977272727272727,0.06818181818181818,1.3991691,1.3861743,0.9545454545454546
maize,Plant_Height_cm,R1,KinCP,5,1,88,0.9318181818181818,0.03409090909090909,1.7151157,1.6943824,0.9659090909090909
maize,Plant_Height_cm,R1,KinCP,5,2,88,0.9090909090909091,0.056818181818181816,1.6808791,1.658992,0.9431818181818182
maize,Plant_Height_cm,R1,KinCP,5,3,88,0.8863636363636364,0.056818181818181816,1.5741668,1.5704045,0.9659090909090909
maize,Plant_Height_cm,R1,KinCP,5,4,88,0.9431818181818182,0.03409090909090909,1.5156881,1.4771583,0.9431818181818182
maize,Plant_Height_cm,R1,KinCP-ABC,1,0,88,0.9090909090909091,0.07954545454545454,1.4788028,1.4788028,1.0
maize,Plant_Height_cm,R1,KinCP-ABC,1,1,88,0.9431818181818182,0.022727272727272728,1.6064332,1.6064332,1.0
maize,Plant_Height_cm,R1,KinCP-ABC,1,2,88,0.875,0.045454545454545456,1.566521,1.566521,1.0
maize,Plant_Height_cm,R1,KinCP-ABC,1,3,88,0.9545454545454546,0.03409090909090909,1.6586987,1.6586987,1.0
maize,Plant_Height_cm,R1,KinCP-ABC,1,4,88,0.8863636363636364,0.056818181818181816,1.634235,1.634235,1.0
maize,Plant_Height_cm,R1,KinCP-ABC,2,0,88,0.8522727272727273,0.06818181818181818,1.6553937,1.6553937,1.0
maize,Plant_Height_cm,R1,KinCP-ABC,2,1,88,0.9318181818181818,0.022727272727272728,1.5044804,1.5044804,1.0
maize,Plant_Height_cm,R1,KinCP-ABC,2,2,88,0.9318181818181818,0.045454545454545456,1.5509647,1.5509647,1.0
maize,Plant_Height_cm,R1,KinCP-ABC,2,3,88,0.9204545454545454,0.022727272727272728,1.6692157,1.6692157,1.0
maize,Plant_Height_cm,R1,KinCP-ABC,2,4,88,0.9204545454545454,0.07954545454545454,1.4964356,1.4964356,1.0
maize,Plant_Height_cm,R1,KinCP-ABC,3,0,88,0.9090909090909091,0.045454545454545456,1.5838951,1.5838951,1.0
maize,Plant_Height_cm,R1,KinCP-ABC,3,1,88,0.9431818181818182,0.056818181818181816,1.4488436,1.4488436,1.0
maize,Plant_Height_cm,R1,KinCP-ABC,3,2,88,0.9431818181818182,0.045454545454545456,1.6211659,1.6211659,1.0
maize,Plant_Height_cm,R1,KinCP-ABC,3,3,88,0.8977272727272727,0.056818181818181816,1.5371548,1.5371548,1.0
maize,Plant_Height_cm,R1,KinCP-ABC,3,4,88,0.8863636363636364,0.045454545454545456,1.7373234,1.7373234,1.0
maize,Plant_Height_cm,R1,KinCP-ABC,4,0,88,0.9204545454545454,0.03409090909090909,1.6543862,1.6543862,1.0
maize,Plant_Height_cm,R1,KinCP-ABC,4,1,88,0.9090909090909091,0.06818181818181818,1.6036686,1.6036686,1.0
maize,Plant_Height_cm,R1,KinCP-ABC,4,2,88,0.8863636363636364,0.03409090909090909,1.5611038,1.5611038,1.0
maize,Plant_Height_cm,R1,KinCP-ABC,4,3,88,0.9545454545454546,0.022727272727272728,1.577877,1.577877,1.0
maize,Plant_Height_cm,R1,KinCP-ABC,4,4,88,0.9431818181818182,0.03409090909090909,1.5230151,1.5230151,1.0
maize,Plant_Height_cm,R1,KinCP-ABC,5,0,88,0.8977272727272727,0.07954545454545454,1.3991691,1.3991691,1.0
maize,Plant_Height_cm,R1,KinCP-ABC,5,1,88,0.9318181818181818,0.03409090909090909,1.7151157,1.7151157,1.0
maize,Plant_Height_cm,R1,KinCP-ABC,5,2,88,0.9090909090909091,0.056818181818181816,1.6808791,1.6808791,1.0
maize,Plant_Height_cm,R1,KinCP-ABC,5,3,88,0.8977272727272727,0.045454545454545456,1.5741668,1.5741668,1.0
maize,Plant_Height_cm,R1,KinCP-ABC,5,4,88,0.9431818181818182,0.03409090909090909,1.5156881,1.5156881,1.0
maize,Plant_Height_cm,R1,SCP,1,0,88,0.875,0.10227272727272728,1.4788028,1.4754437,0.9318181818181818
maize,Plant_Height_cm,R1,SCP,1,1,88,0.9090909090909091,0.022727272727272728,1.6064332,1.6023223,0.9431818181818182
maize,Plant_Height_cm,R1,SCP,1,2,88,0.8636363636363636,0.045454545454545456,1.566521,1.5477108,0.9318181818181818
maize,Plant_Height_cm,R1,SCP,1,3,88,0.9431818181818182,0.03409090909090909,1.6586987,1.6279515,0.9431818181818182
maize,Plant_Height_cm,R1,SCP,1,4,88,0.875,0.056818181818181816,1.634235,1.6148671,0.9431818181818182
maize,Plant_Height_cm,R1,SCP,2,0,88,0.8068181818181818,0.09090909090909091,1.6553937,1.6287304,0.9090909090909091
maize,Plant_Height_cm,R1,SCP,2,1,88,0.9090909090909091,0.03409090909090909,1.5044804,1.4721738,0.9204545454545454
maize,Plant_Height_cm,R1,SCP,2,2,88,0.8977272727272727,0.056818181818181816,1.5509647,1.5176506,0.9431818181818182
maize,Plant_Height_cm,R1,SCP,2,3,88,0.9090909090909091,0.03409090909090909,1.6692157,1.639946,0.9318181818181818
maize,Plant_Height_cm,R1,SCP,2,4,88,0.9431818181818182,0.056818181818181816,1.4964356,1.4916786,0.8863636363636364
maize,Plant_Height_cm,R1,SCP,3,0,88,0.9090909090909091,0.045454545454545456,1.5838951,1.5529507,0.9204545454545454
maize,Plant_Height_cm,R1,SCP,3,1,88,0.9318181818181818,0.056818181818181816,1.4488436,1.3989266,0.8977272727272727
maize,Plant_Height_cm,R1,SCP,3,2,88,0.9431818181818182,0.03409090909090909,1.6211659,1.6019835,0.9318181818181818
maize,Plant_Height_cm,R1,SCP,3,3,88,0.8977272727272727,0.045454545454545456,1.5371548,1.5230644,0.9431818181818182
maize,Plant_Height_cm,R1,SCP,3,4,88,0.8863636363636364,0.045454545454545456,1.7373234,1.7006946,0.9090909090909091
maize,Plant_Height_cm,R1,SCP,4,0,88,0.9204545454545454,0.03409090909090909,1.6543862,1.637838,0.9318181818181818
maize,Plant_Height_cm,R1,SCP,4,1,88,0.8636363636363636,0.07954545454545454,1.6036686,1.5733265,0.9431818181818182
maize,Plant_Height_cm,R1,SCP,4,2,88,0.8977272727272727,0.045454545454545456,1.5611038,1.520554,0.9431818181818182
maize,Plant_Height_cm,R1,SCP,4,3,88,0.9204545454545454,0.022727272727272728,1.577877,1.6037391,0.9204545454545454
maize,Plant_Height_cm,R1,SCP,4,4,88,0.9204545454545454,0.056818181818181816,1.5230151,1.5085508,0.9431818181818182
maize,Plant_Height_cm,R1,SCP,5,0,88,0.875,0.09090909090909091,1.3991691,1.3907406,0.9431818181818182
maize,Plant_Height_cm,R1,SCP,5,1,88,0.9318181818181818,0.03409090909090909,1.7151157,1.6845729,0.9318181818181818
maize,Plant_Height_cm,R1,SCP,5,2,88,0.9204545454545454,0.045454545454545456,1.6808791,1.6495812,0.9431818181818182
maize,Plant_Height_cm,R1,SCP,5,3,88,0.875,0.056818181818181816,1.5741668,1.5753853,0.9659090909090909
maize,Plant_Height_cm,R1,SCP,5,4,88,0.9204545454545454,0.045454545454545456,1.5156881,1.4945846,0.8977272727272727
maize,Plant_Height_cm,R2,CV+,1,0,155,0.6,0.38064516129032255,0.45226356,0.44360018,0.9354838709677419
maize,Plant_Height_cm,R2,CV+,1,1,69,0.9710144927536232,0.014492753623188406,2.569665,2.5159068,0.927536231884058
maize,Plant_Height_cm,R2,CV+,1,2,58,0.9482758620689655,0.034482758620689655,0.32397768,0.33311486,0.896551724137931
maize,Plant_Height_cm,R2,CV+,1,3,38,0.7894736842105263,0.21052631578947367,0.7634462,0.76985234,0.9473684210526315
maize,Plant_Height_cm,R2,CV+,1,4,122,0.7622950819672131,0.18032786885245902,1.0241852,0.99719095,0.9180327868852459
maize,Plant_Height_cm,R2,CV+,2,0,155,0.6064516129032258,0.3741935483870968,0.45226356,0.4172417,0.9354838709677419
maize,Plant_Height_cm,R2,CV+,2,1,69,0.9710144927536232,0.014492753623188406,2.569665,2.5053985,0.9420289855072463
maize,Plant_Height_cm,R2,CV+,2,2,58,0.9482758620689655,0.034482758620689655,0.32397768,0.3465674,0.8793103448275862
maize,Plant_Height_cm,R2,CV+,2,3,38,0.7894736842105263,0.21052631578947367,0.7634462,0.79138297,0.9210526315789473
maize,Plant_Height_cm,R2,CV+,2,4,122,0.7868852459016393,0.1557377049180328,1.0241852,1.0068828,0.9098360655737705
maize,Plant_Height_cm,R2,CV+,3,0,155,0.6387096774193548,0.3548387096774194,0.45226356,0.45662838,0.9419354838709677
maize,Plant_Height_cm,R2,CV+,3,1,69,0.9710144927536232,0.014492753623188406,2.569665,2.5173018,0.9420289855072463
maize,Plant_Height_cm,R2,CV+,3,2,58,0.9655172413793104,0.034482758620689655,0.32397768,0.32624257,0.8448275862068966
maize,Plant_Height_cm,R2,CV+,3,3,38,0.8157894736842105,0.18421052631578946,0.7634462,0.7950714,0.9473684210526315
maize,Plant_Height_cm,R2,CV+,3,4,122,0.7950819672131147,0.14754098360655737,1.0241852,1.0295963,0.9344262295081968
maize,Plant_Height_cm,R2,CV+,4,0,155,0.6193548387096774,0.3741935483870968,0.45226356,0.42973986,0.9161290322580645
maize,Plant_Height_cm,R2,CV+,4,1,69,0.9710144927536232,0.014492753623188406,2.569665,2.537502,0.927536231884058
maize,Plant_Height_cm,R2,CV+,4,2,58,0.9310344827586207,0.034482758620689655,0.32397768,0.35026288,0.9310344827586207
maize,Plant_Height_cm,R2,CV+,4,3,38,0.7894736842105263,0.21052631578947367,0.7634462,0.7614315,0.9473684210526315
maize,Plant_Height_cm,R2,CV+,4,4,122,0.7868852459016393,0.1557377049180328,1.0241852,1.0275248,0.9344262295081968
maize,Plant_Height_cm,R2,CV+,5,0,155,0.6258064516129033,0.36129032258064514,0.45226356,0.41093275,0.9225806451612903
maize,Plant_Height_cm,R2,CV+,5,1,69,0.9565217391304348,0.014492753623188406,2.569665,2.5017734,0.927536231884058
maize,Plant_Height_cm,R2,CV+,5,2,58,0.9310344827586207,0.034482758620689655,0.32397768,0.3478763,0.896551724137931
maize,Plant_Height_cm,R2,CV+,5,3,38,0.7894736842105263,0.21052631578947367,0.7634462,0.79583484,0.9473684210526315
maize,Plant_Height_cm,R2,CV+,5,4,122,0.7704918032786885,0.1721311475409836,1.0241852,1.0073429,0.9508196721311475
maize,Plant_Height_cm,R2,CalPred-style,1,0,155,0.7548387096774194,0.23870967741935484,0.45226356,0.45393932,0.8580645161290322
maize,Plant_Height_cm,R2,CalPred-style,1,1,69,0.9710144927536232,0.014492753623188406,2.569665,2.5421553,0.9710144927536232
maize,Plant_Height_cm,R2,CalPred-style,1,2,58,0.8620689655172413,0.034482758620689655,0.32397768,0.35018054,0.9827586206896551
maize,Plant_Height_cm,R2,CalPred-style,1,3,38,0.9210526315789473,0.07894736842105263,0.7634462,0.7634462,1.0
maize,Plant_Height_cm,R2,CalPred-style,1,4,122,0.8442622950819673,0.13114754098360656,1.0241852,0.8910647,0.7540983606557377
maize,Plant_Height_cm,R2,CalPred-style,2,0,155,0.7548387096774194,0.23870967741935484,0.45226356,0.45393932,0.8580645161290322
maize,Plant_Height_cm,R2,CalPred-style,2,1,69,0.9710144927536232,0.014492753623188406,2.569665,2.5421553,0.9710144927536232
maize,Plant_Height_cm,R2,CalPred-style,2,2,58,0.9310344827586207,0.034482758620689655,0.32397768,0.35018057,0.9827586206896551
maize,Plant_Height_cm,R2,CalPred-style,2,3,38,0.9210526315789473,0.07894736842105263,0.7634462,0.7634462,1.0
maize,Plant_Height_cm,R2,CalPred-style,2,4,122,0.8442622950819673,0.13114754098360656,1.0241852,0.88192904,0.7459016393442623
maize,Plant_Height_cm,R2,CalPred-style,3,0,155,0.7548387096774194,0.23870967741935484,0.45226356,0.45393932,0.8580645161290322
maize,Plant_Height_cm,R2,CalPred-style,3,1,69,0.9710144927536232,0.014492753623188406,2.569665,2.5421553,0.9710144927536232
maize,Plant_Height_cm,R2,CalPred-style,3,2,58,0.9137931034482759,0.034482758620689655,0.32397768,0.35018057,0.9827586206896551
maize,Plant_Height_cm,R2,CalPred-style,3,3,38,0.9210526315789473,0.07894736842105263,0.7634462,0.7634462,1.0
maize,Plant_Height_cm,R2,CalPred-style,3,4,122,0.8442622950819673,0.13114754098360656,1.0241852,0.8910647,0.7540983606557377
maize,Plant_Height_cm,R2,CalPred-style,4,0,155,0.7548387096774194,0.23870967741935484,0.45226356,0.45393932,0.8580645161290322
maize,Plant_Height_cm,R2,CalPred-style,4,1,69,0.9710144927536232,0.014492753623188406,2.569665,2.5421555,0.9710144927536232
maize,Plant_Height_cm,R2,CalPred-style,4,2,58,0.9137931034482759,0.034482758620689655,0.32397768,0.35018057,0.9827586206896551
maize,Plant_Height_cm,R2,CalPred-style,4,3,38,0.9210526315789473,0.07894736842105263,0.7634462,0.7634462,1.0
maize,Plant_Height_cm,R2,CalPred-style,4,4,122,0.8442622950819673,0.13114754098360656,1.0241852,0.8910647,0.7540983606557377
maize,Plant_Height_cm,R2,CalPred-style,5,0,155,0.7548387096774194,0.23870967741935484,0.45226356,0.45393932,0.8580645161290322
maize,Plant_Height_cm,R2,CalPred-style,5,1,69,0.9710144927536232,0.014492753623188406,2.569665,2.5421555,0.9710144927536232
maize,Plant_Height_cm,R2,CalPred-style,5,2,58,0.9137931034482759,0.034482758620689655,0.32397768,0.35018057,0.9827586206896551
maize,Plant_Height_cm,R2,CalPred-style,5,3,38,0.9210526315789473,0.07894736842105263,0.7634462,0.7634462,1.0
maize,Plant_Height_cm,R2,CalPred-style,5,4,122,0.8442622950819673,0.13114754098360656,1.0241852,0.88192904,0.7459016393442623
maize,Plant_Height_cm,R2,Gauss-PEV,1,0,155,0.5741935483870968,0.4129032258064516,0.45226356,0.42513752,0.9354838709677419
maize,Plant_Height_cm,R2,Gauss-PEV,1,1,69,0.9710144927536232,0.014492753623188406,2.569665,2.5625079,0.9565217391304348
maize,Plant_Height_cm,R2,Gauss-PEV,1,2,58,0.9482758620689655,0.034482758620689655,0.32397768,0.35018054,0.9827586206896551
maize,Plant_Height_cm,R2,Gauss-PEV,1,3,38,0.9473684210526315,0.05263157894736842,0.7634462,0.8061523,0.9736842105263158
maize,Plant_Height_cm,R2,Gauss-PEV,1,4,122,0.7540983606557377,0.1885245901639344,1.0241852,0.9699112,0.8442622950819673
maize,Plant_Height_cm,R2,Gauss-PEV,2,0,155,0.5741935483870968,0.4129032258064516,0.45226356,0.42513752,0.9354838709677419
maize,Plant_Height_cm,R2,Gauss-PEV,2,1,69,0.9710144927536232,0.014492753623188406,2.569665,2.5625079,0.9565217391304348
maize,Plant_Height_cm,R2,Gauss-PEV,2,2,58,0.9482758620689655,0.034482758620689655,0.32397768,0.35018054,0.9827586206896551
maize,Plant_Height_cm,R2,Gauss-PEV,2,3,38,0.9473684210526315,0.05263157894736842,0.7634462,0.8061523,0.9736842105263158
maize,Plant_Height_cm,R2,Gauss-PEV,2,4,122,0.7540983606557377,0.1885245901639344,1.0241852,0.9699112,0.8442622950819673
maize,Plant_Height_cm,R2,Gauss-PEV,3,0,155,0.5741935483870968,0.4129032258064516,0.45226356,0.42513752,0.9354838709677419
maize,Plant_Height_cm,R2,Gauss-PEV,3,1,69,0.9710144927536232,0.014492753623188406,2.569665,2.5625079,0.9565217391304348
maize,Plant_Height_cm,R2,Gauss-PEV,3,2,58,0.9482758620689655,0.034482758620689655,0.32397768,0.35018054,0.9827586206896551
maize,Plant_Height_cm,R2,Gauss-PEV,3,3,38,0.9473684210526315,0.05263157894736842,0.7634462,0.8061523,0.9736842105263158
maize,Plant_Height_cm,R2,Gauss-PEV,3,4,122,0.7540983606557377,0.1885245901639344,1.0241852,0.9699112,0.8442622950819673
maize,Plant_Height_cm,R2,Gauss-PEV,4,0,155,0.5741935483870968,0.4129032258064516,0.45226356,0.42513752,0.9354838709677419
maize,Plant_Height_cm,R2,Gauss-PEV,4,1,69,0.9710144927536232,0.014492753623188406,2.569665,2.5625079,0.9565217391304348
maize,Plant_Height_cm,R2,Gauss-PEV,4,2,58,0.9482758620689655,0.034482758620689655,0.32397768,0.35018054,0.9827586206896551
maize,Plant_Height_cm,R2,Gauss-PEV,4,3,38,0.9473684210526315,0.05263157894736842,0.7634462,0.8061523,0.9736842105263158
maize,Plant_Height_cm,R2,Gauss-PEV,4,4,122,0.7540983606557377,0.1885245901639344,1.0241852,0.9699112,0.8442622950819673
maize,Plant_Height_cm,R2,Gauss-PEV,5,0,155,0.5741935483870968,0.4129032258064516,0.45226356,0.42513752,0.9354838709677419
maize,Plant_Height_cm,R2,Gauss-PEV,5,1,69,0.9710144927536232,0.014492753623188406,2.569665,2.5625079,0.9565217391304348
maize,Plant_Height_cm,R2,Gauss-PEV,5,2,58,0.9482758620689655,0.034482758620689655,0.32397768,0.35018054,0.9827586206896551
maize,Plant_Height_cm,R2,Gauss-PEV,5,3,38,0.9473684210526315,0.05263157894736842,0.7634462,0.8061523,0.9736842105263158
maize,Plant_Height_cm,R2,Gauss-PEV,5,4,122,0.7540983606557377,0.1885245901639344,1.0241852,0.9699112,0.8442622950819673
maize,Plant_Height_cm,R2,KinCP,1,0,155,0.7032258064516129,0.2967741935483871,0.45226356,0.45318112,0.8580645161290322
maize,Plant_Height_cm,R2,KinCP,1,1,69,0.9710144927536232,0.014492753623188406,2.569665,2.5645077,0.9710144927536232
maize,Plant_Height_cm,R2,KinCP,1,2,58,0.9482758620689655,0.034482758620689655,0.32397768,0.35018054,0.9827586206896551
maize,Plant_Height_cm,R2,KinCP,1,3,38,0.9736842105263158,0.02631578947368421,0.7634462,0.79480654,0.9736842105263158
maize,Plant_Height_cm,R2,KinCP,1,4,122,0.8114754098360656,0.14754098360655737,1.0241852,0.90641886,0.7459016393442623
maize,Plant_Height_cm,R2,KinCP,2,0,155,0.7032258064516129,0.2967741935483871,0.45226356,0.46067593,0.8580645161290322
maize,Plant_Height_cm,R2,KinCP,2,1,69,0.9710144927536232,0.014492753623188406,2.569665,2.5645077,0.9710144927536232
maize,Plant_Height_cm,R2,KinCP,2,2,58,0.9482758620689655,0.034482758620689655,0.32397768,0.35018057,0.9827586206896551
maize,Plant_Height_cm,R2,KinCP,2,3,38,0.9736842105263158,0.02631578947368421,0.7634462,0.8061523,0.9736842105263158
maize,Plant_Height_cm,R2,KinCP,2,4,122,0.7950819672131147,0.16393442622950818,1.0241852,0.9027059,0.7377049180327869
maize,Plant_Height_cm,R2,KinCP,3,0,155,0.7032258064516129,0.2967741935483871,0.45226356,0.45975795,0.8516129032258064
maize,Plant_Height_cm,R2,KinCP,3,1,69,0.9710144927536232,0.014492753623188406,2.569665,2.5645077,0.9710144927536232
maize,Plant_Height_cm,R2,KinCP,3,2,58,0.9310344827586207,0.034482758620689655,0.32397768,0.35018057,0.9827586206896551
maize,Plant_Height_cm,R2,KinCP,3,3,38,0.9736842105263158,0.02631578947368421,0.7634462,0.8061523,0.9736842105263158
maize,Plant_Height_cm,R2,KinCP,3,4,122,0.819672131147541,0.13934426229508196,1.0241852,0.9064188,0.7459016393442623
maize,Plant_Height_cm,R2,KinCP,4,0,155,0.7032258064516129,0.2967741935483871,0.45226356,0.45918944,0.864516129032258
maize,Plant_Height_cm,R2,KinCP,4,1,69,0.9710144927536232,0.014492753623188406,2.569665,2.5645077,0.9710144927536232
maize,Plant_Height_cm,R2,KinCP,4,2,58,0.9482758620689655,0.034482758620689655,0.32397768,0.35018054,0.9827586206896551
maize,Plant_Height_cm,R2,KinCP,4,3,38,0.9736842105263158,0.02631578947368421,0.7634462,0.79480654,0.9736842105263158
maize,Plant_Height_cm,R2,KinCP,4,4,122,0.8032786885245902,0.1557377049180328,1.0241852,0.9019762,0.7377049180327869
maize,Plant_Height_cm,R2,KinCP,5,0,155,0.7032258064516129,0.2967741935483871,0.45226356,0.4635978,0.8580645161290322
maize,Plant_Height_cm,R2,KinCP,5,1,69,0.9710144927536232,0.014492753623188406,2.569665,2.564508,0.9710144927536232
maize,Plant_Height_cm,R2,KinCP,5,2,58,0.9482758620689655,0.034482758620689655,0.32397768,0.35018057,0.9827586206896551
maize,Plant_Height_cm,R2,KinCP,5,3,38,0.9736842105263158,0.02631578947368421,0.7634462,0.8061523,0.9736842105263158
maize,Plant_Height_cm,R2,KinCP,5,4,122,0.7868852459016393,0.1721311475409836,1.0241852,0.90270597,0.7377049180327869
maize,Plant_Height_cm,R2,KinCP-ABC,1,0,155,0.5483870967741935,0.43870967741935485,0.45226356,0.45226356,1.0
maize,Plant_Height_cm,R2,KinCP-ABC,1,1,69,0.9710144927536232,0.014492753623188406,2.569665,2.569665,1.0
maize,Plant_Height_cm,R2,KinCP-ABC,1,2,58,0.8620689655172413,0.034482758620689655,0.32397768,0.32397768,1.0
maize,Plant_Height_cm,R2,KinCP-ABC,1,3,38,0.7894736842105263,0.21052631578947367,0.7634462,0.7634462,1.0
maize,Plant_Height_cm,R2,KinCP-ABC,1,4,122,0.7622950819672131,0.18032786885245902,1.0241852,1.0241852,1.0
maize,Plant_Height_cm,R2,KinCP-ABC,2,0,155,0.5483870967741935,0.43870967741935485,0.45226356,0.45226356,1.0
maize,Plant_Height_cm,R2,KinCP-ABC,2,1,69,0.9710144927536232,0.014492753623188406,2.569665,2.569665,1.0
maize,Plant_Height_cm,R2,KinCP-ABC,2,2,58,0.8620689655172413,0.034482758620689655,0.32397768,0.32397768,1.0
maize,Plant_Height_cm,R2,KinCP-ABC,2,3,38,0.7894736842105263,0.21052631578947367,0.7634462,0.7634462,1.0
maize,Plant_Height_cm,R2,KinCP-ABC,2,4,122,0.7459016393442623,0.19672131147540983,1.0241852,1.0241852,1.0
maize,Plant_Height_cm,R2,KinCP-ABC,3,0,155,0.5483870967741935,0.43870967741935485,0.45226356,0.45226356,1.0
maize,Plant_Height_cm,R2,KinCP-ABC,3,1,69,0.9710144927536232,0.014492753623188406,2.569665,2.569665,1.0
maize,Plant_Height_cm,R2,KinCP-ABC,3,2,58,0.8275862068965517,0.034482758620689655,0.32397768,0.32397768,1.0
maize,Plant_Height_cm,R2,KinCP-ABC,3,3,38,0.7894736842105263,0.21052631578947367,0.7634462,0.7634462,1.0
maize,Plant_Height_cm,R2,KinCP-ABC,3,4,122,0.7622950819672131,0.18032786885245902,1.0241852,1.0241852,1.0
maize,Plant_Height_cm,R2,KinCP-ABC,4,0,155,0.5483870967741935,0.43870967741935485,0.45226356,0.45226356,1.0
maize,Plant_Height_cm,R2,KinCP-ABC,4,1,69,0.9710144927536232,0.014492753623188406,2.569665,2.569665,1.0
maize,Plant_Height_cm,R2,KinCP-ABC,4,2,58,0.8620689655172413,0.034482758620689655,0.32397768,0.32397768,1.0
maize,Plant_Height_cm,R2,KinCP-ABC,4,3,38,0.7894736842105263,0.21052631578947367,0.7634462,0.7634462,1.0
maize,Plant_Height_cm,R2,KinCP-ABC,4,4,122,0.7540983606557377,0.1885245901639344,1.0241852,1.0241852,1.0
maize,Plant_Height_cm,R2,KinCP-ABC,5,0,155,0.5483870967741935,0.43870967741935485,0.45226356,0.45226356,1.0
maize,Plant_Height_cm,R2,KinCP-ABC,5,1,69,0.9710144927536232,0.014492753623188406,2.569665,2.569665,1.0
maize,Plant_Height_cm,R2,KinCP-ABC,5,2,58,0.8620689655172413,0.034482758620689655,0.32397768,0.32397768,1.0
maize,Plant_Height_cm,R2,KinCP-ABC,5,3,38,0.7894736842105263,0.21052631578947367,0.7634462,0.7634462,1.0
maize,Plant_Height_cm,R2,KinCP-ABC,5,4,122,0.7622950819672131,0.18032786885245902,1.0241852,1.0241852,1.0
maize,Plant_Height_cm,R2,SCP,1,0,155,0.535483870967742,0.45161290322580644,0.45226356,0.42511642,0.8903225806451613
maize,Plant_Height_cm,R2,SCP,1,1,69,0.9420289855072463,0.028985507246376812,2.569665,2.505446,0.8840579710144928
maize,Plant_Height_cm,R2,SCP,1,2,58,0.8620689655172413,0.034482758620689655,0.32397768,0.33504528,0.8793103448275862
maize,Plant_Height_cm,R2,SCP,1,3,38,0.8157894736842105,0.18421052631578946,0.7634462,0.80824786,0.9210526315789473
maize,Plant_Height_cm,R2,SCP,1,4,122,0.7459016393442623,0.1885245901639344,1.0241852,0.9787224,0.8770491803278688
maize,Plant_Height_cm,R2,SCP,2,0,155,0.5806451612903226,0.3870967741935484,0.45226356,0.42001647,0.8838709677419355
maize,Plant_Height_cm,R2,SCP,2,1,69,0.9565217391304348,0.014492753623188406,2.569665,2.5370417,0.9420289855072463
maize,Plant_Height_cm,R2,SCP,2,2,58,0.9137931034482759,0.08620689655172414,0.32397768,0.35522792,0.8275862068965517
maize,Plant_Height_cm,R2,SCP,2,3,38,0.8157894736842105,0.18421052631578946,0.7634462,0.7689306,0.9210526315789473
maize,Plant_Height_cm,R2,SCP,2,4,122,0.6885245901639344,0.22950819672131148,1.0241852,0.9187096,0.8934426229508197
maize,Plant_Height_cm,R2,SCP,3,0,155,0.6129032258064516,0.36129032258064514,0.45226356,0.4579422,0.896774193548387
maize,Plant_Height_cm,R2,SCP,3,1,69,0.927536231884058,0.043478260869565216,2.569665,2.4858778,0.927536231884058
maize,Plant_Height_cm,R2,SCP,3,2,58,0.7241379310344828,0.034482758620689655,0.32397768,0.33527604,0.7931034482758621
maize,Plant_Height_cm,R2,SCP,3,3,38,0.8157894736842105,0.18421052631578946,0.7634462,0.7565787,0.9210526315789473
maize,Plant_Height_cm,R2,SCP,3,4,122,0.7622950819672131,0.1557377049180328,1.0241852,1.044997,0.8934426229508197
maize,Plant_Height_cm,R2,SCP,4,0,155,0.6,0.3741935483870968,0.45226356,0.48348206,0.8193548387096774
maize,Plant_Height_cm,R2,SCP,4,1,69,0.927536231884058,0.028985507246376812,2.569665,2.5351758,0.927536231884058
maize,Plant_Height_cm,R2,SCP,4,2,58,0.7758620689655172,0.034482758620689655,0.32397768,0.34743634,0.9137931034482759
maize,Plant_Height_cm,R2,SCP,4,3,38,0.8157894736842105,0.18421052631578946,0.7634462,0.7874179,0.8947368421052632
maize,Plant_Height_cm,R2,SCP,4,4,122,0.7049180327868853,0.19672131147540983,1.0241852,1.0051769,0.8688524590163934
maize,Plant_Height_cm,R2,SCP,5,0,155,0.5225806451612903,0.44516129032258067,0.45226356,0.43111256,0.9032258064516129
maize,Plant_Height_cm,R2,SCP,5,1,69,0.9565217391304348,0.014492753623188406,2.569665,2.5250497,0.927536231884058
maize,Plant_Height_cm,R2,SCP,5,2,58,0.896551724137931,0.08620689655172414,0.32397768,0.31268737,0.7758620689655172
maize,Plant_Height_cm,R2,SCP,5,3,38,0.7631578947368421,0.23684210526315788,0.7634462,0.77363765,0.868421052631579
maize,Plant_Height_cm,R2,SCP,5,4,122,0.7295081967213115,0.21311475409836064,1.0241852,1.023376,0.7786885245901639
maize,Yield_Mg_ha,R1,CV+,1,0,88,0.8863636363636364,0.07954545454545454,1.0748031,1.0879804,0.9659090909090909
maize,Yield_Mg_ha,R1,CV+,1,1,88,0.875,0.07954545454545454,0.9698299,1.0286419,0.9545454545454546
maize,Yield_Mg_ha,R1,CV+,1,2,88,0.8636363636363636,0.056818181818181816,1.1452047,1.1566821,0.9659090909090909
maize,Yield_Mg_ha,R1,CV+,1,3,88,0.9431818181818182,0.03409090909090909,1.071345,1.0901302,0.9431818181818182
maize,Yield_Mg_ha,R1,CV+,1,4,88,0.9090909090909091,0.011363636363636364,1.081882,1.0643486,0.9545454545454546
maize,Yield_Mg_ha,R1,CV+,2,0,88,0.8977272727272727,0.06818181818181818,1.0040294,0.99012476,0.9772727272727273
maize,Yield_Mg_ha,R1,CV+,2,1,88,0.9545454545454546,0.022727272727272728,1.0039042,1.0201482,0.9772727272727273
maize,Yield_Mg_ha,R1,CV+,2,2,88,0.875,0.056818181818181816,1.1377603,1.1421777,0.9659090909090909
maize,Yield_Mg_ha,R1,CV+,2,3,88,0.9204545454545454,0.056818181818181816,0.9570172,0.9704054,0.9431818181818182
maize,Yield_Mg_ha,R1,CV+,2,4,88,0.875,0.07954545454545454,1.1179264,1.1504159,0.9545454545454546
maize,Yield_Mg_ha,R1,CV+,3,0,88,0.9204545454545454,0.056818181818181816,0.88905334,0.88568616,0.9431818181818182
maize,Yield_Mg_ha,R1,CV+,3,1,88,0.9090909090909091,0.022727272727272728,1.2496536,1.2375678,0.9772727272727273
maize,Yield_Mg_ha,R1,CV+,3,2,88,0.875,0.06818181818181818,1.0316067,1.0247822,0.9659090909090909
maize,Yield_Mg_ha,R1,CV+,3,3,88,0.9659090909090909,0.022727272727272728,0.94530016,0.9497232,0.9545454545454546
maize,Yield_Mg_ha,R1,CV+,3,4,88,0.875,0.056818181818181816,1.1282716,1.1212865,0.9886363636363636
maize,Yield_Mg_ha,R1,CV+,4,0,88,0.9318181818181818,0.03409090909090909,1.1672157,1.179345,0.9659090909090909
maize,Yield_Mg_ha,R1,CV+,4,1,88,0.9545454545454546,0.011363636363636364,0.979891,0.972345,0.9545454545454546
maize,Yield_Mg_ha,R1,CV+,4,2,88,0.9318181818181818,0.011363636363636364,1.0893754,1.096831,0.9431818181818182
maize,Yield_Mg_ha,R1,CV+,4,3,88,0.8863636363636364,0.045454545454545456,1.0088649,1.0764183,0.9318181818181818
maize,Yield_Mg_ha,R1,CV+,4,4,88,0.8977272727272727,0.06818181818181818,1.1324617,1.1233,0.9659090909090909
maize,Yield_Mg_ha,R1,CV+,5,0,88,0.8636363636363636,0.10227272727272728,1.01347,1.0165328,0.9659090909090909
maize,Yield_Mg_ha,R1,CV+,5,1,88,0.9204545454545454,0.056818181818181816,1.2340915,1.2468802,0.9545454545454546
maize,Yield_Mg_ha,R1,CV+,5,2,88,0.8977272727272727,0.045454545454545456,1.1331451,1.1032927,0.9772727272727273
maize,Yield_Mg_ha,R1,CV+,5,3,88,0.9318181818181818,0.03409090909090909,0.8823237,0.87365514,0.9431818181818182
maize,Yield_Mg_ha,R1,CV+,5,4,88,0.9431818181818182,0.011363636363636364,1.091495,1.0699029,0.9659090909090909
maize,Yield_Mg_ha,R1,CalPred-style,1,0,88,0.9318181818181818,0.056818181818181816,1.0748031,1.1145729,0.9659090909090909
maize,Yield_Mg_ha,R1,CalPred-style,1,1,88,0.9204545454545454,0.056818181818181816,0.9698299,0.98071724,0.9090909090909091
maize,Yield_Mg_ha,R1,CalPred-style,1,2,88,0.9318181818181818,0.03409090909090909,1.1452047,1.1375557,0.8636363636363636
maize,Yield_Mg_ha,R1,CalPred-style,1,3,88,0.9545454545454546,0.022727272727272728,1.071345,1.0431987,0.9545454545454546
maize,Yield_Mg_ha,R1,CalPred-style,1,4,88,0.9204545454545454,0.011363636363636364,1.081882,1.0776585,0.8863636363636364
maize,Yield_Mg_ha,R1,CalPred-style,2,0,88,0.8977272727272727,0.06818181818181818,1.0040294,1.0168236,0.8977272727272727
maize,Yield_Mg_ha,R1,CalPred-style,2,1,88,0.9545454545454546,0.022727272727272728,1.0039042,1.009714,0.875
maize,Yield_Mg_ha,R1,CalPred-style,2,2,88,0.9090909090909091,0.045454545454545456,1.1377603,1.0794244,0.9204545454545454
maize,Yield_Mg_ha,R1,CalPred-style,2,3,88,0.9204545454545454,0.056818181818181816,0.9570172,0.96824974,0.9431818181818182
maize,Yield_Mg_ha,R1,CalPred-style,2,4,88,0.9318181818181818,0.03409090909090909,1.1179264,1.1740006,0.8295454545454546
maize,Yield_Mg_ha,R1,CalPred-style,3,0,88,0.9431818181818182,0.045454545454545456,0.88905334,0.8800125,0.9545454545454546
maize,Yield_Mg_ha,R1,CalPred-style,3,1,88,0.9545454545454546,0.011363636363636364,1.2496536,1.1953486,0.8636363636363636
maize,Yield_Mg_ha,R1,CalPred-style,3,2,88,0.9204545454545454,0.022727272727272728,1.0316067,1.0629234,0.9318181818181818
maize,Yield_Mg_ha,R1,CalPred-style,3,3,88,0.9659090909090909,0.022727272727272728,0.94530016,0.9740226,0.9659090909090909
maize,Yield_Mg_ha,R1,CalPred-style,3,4,88,0.8977272727272727,0.045454545454545456,1.1282716,1.1999284,0.8977272727272727
maize,Yield_Mg_ha,R1,CalPred-style,4,0,88,0.9431818181818182,0.03409090909090909,1.1672157,1.1619581,0.8636363636363636
maize,Yield_Mg_ha,R1,CalPred-style,4,1,88,0.9772727272727273,0.011363636363636364,0.979891,0.96849364,0.9886363636363636
maize,Yield_Mg_ha,R1,CalPred-style,4,2,88,0.9318181818181818,0.011363636363636364,1.0893754,1.1222485,0.8977272727272727
maize,Yield_Mg_ha,R1,CalPred-style,4,3,88,0.9204545454545454,0.03409090909090909,1.0088649,0.9890156,0.9659090909090909
maize,Yield_Mg_ha,R1,CalPred-style,4,4,88,0.9431818181818182,0.03409090909090909,1.1324617,1.1247004,0.9204545454545454
maize,Yield_Mg_ha,R1,CalPred-style,5,0,88,0.8863636363636364,0.07954545454545454,1.01347,0.9742939,0.8863636363636364
maize,Yield_Mg_ha,R1,CalPred-style,5,1,88,0.9431818181818182,0.045454545454545456,1.2340915,1.2179942,0.9204545454545454
maize,Yield_Mg_ha,R1,CalPred-style,5,2,88,0.9318181818181818,0.022727272727272728,1.1331451,1.0900608,0.9204545454545454
maize,Yield_Mg_ha,R1,CalPred-style,5,3,88,0.9431818181818182,0.022727272727272728,0.8823237,1.0032579,0.8977272727272727
maize,Yield_Mg_ha,R1,CalPred-style,5,4,88,0.9545454545454546,0.011363636363636364,1.091495,1.1097213,0.9204545454545454
maize,Yield_Mg_ha,R1,Gauss-PEV,1,0,88,0.875,0.09090909090909091,1.0748031,1.1003413,0.9772727272727273
maize,Yield_Mg_ha,R1,Gauss-PEV,1,1,88,0.875,0.09090909090909091,0.9698299,0.9883659,0.9318181818181818
maize,Yield_Mg_ha,R1,Gauss-PEV,1,2,88,0.875,0.056818181818181816,1.1452047,1.1408474,0.9545454545454546
maize,Yield_Mg_ha,R1,Gauss-PEV,1,3,88,0.9431818181818182,0.03409090909090909,1.071345,1.0426749,0.9659090909090909
maize,Yield_Mg_ha,R1,Gauss-PEV,1,4,88,0.8977272727272727,0.022727272727272728,1.081882,1.0981324,0.9659090909090909
maize,Yield_Mg_ha,R1,Gauss-PEV,2,0,88,0.8863636363636364,0.07954545454545454,1.0040294,0.99591327,0.9545454545454546
maize,Yield_Mg_ha,R1,Gauss-PEV,2,1,88,0.9431818181818182,0.03409090909090909,1.0039042,1.0276456,0.9318181818181818
maize,Yield_Mg_ha,R1,Gauss-PEV,2,2,88,0.875,0.056818181818181816,1.1377603,1.0976391,0.9659090909090909
maize,Yield_Mg_ha,R1,Gauss-PEV,2,3,88,0.9204545454545454,0.056818181818181816,0.9570172,0.96146816,0.9659090909090909
maize,Yield_Mg_ha,R1,Gauss-PEV,2,4,88,0.875,0.07954545454545454,1.1179264,1.1254658,0.9431818181818182
maize,Yield_Mg_ha,R1,Gauss-PEV,3,0,88,0.8977272727272727,0.07954545454545454,0.88905334,0.8716888,0.9772727272727273
maize,Yield_Mg_ha,R1,Gauss-PEV,3,1,88,0.9204545454545454,0.022727272727272728,1.2496536,1.2215184,0.9772727272727273
maize,Yield_Mg_ha,R1,Gauss-PEV,3,2,88,0.875,0.06818181818181818,1.0316067,1.046053,0.9772727272727273
maize,Yield_Mg_ha,R1,Gauss-PEV,3,3,88,0.9545454545454546,0.03409090909090909,0.94530016,0.96936727,0.9659090909090909
maize,Yield_Mg_ha,R1,Gauss-PEV,3,4,88,0.8636363636363636,0.06818181818181818,1.1282716,1.1310544,0.9886363636363636
maize,Yield_Mg_ha,R1,Gauss-PEV,4,0,88,0.9431818181818182,0.03409090909090909,1.1672157,1.1765218,0.9545454545454546
maize,Yield_Mg_ha,R1,Gauss-PEV,4,1,88,0.9545454545454546,0.011363636363636364,0.979891,0.9843651,0.9659090909090909
maize,Yield_Mg_ha,R1,Gauss-PEV,4,2,88,0.9090909090909091,0.03409090909090909,1.0893754,1.1061054,0.9318181818181818
maize,Yield_Mg_ha,R1,Gauss-PEV,4,3,88,0.875,0.056818181818181816,1.0088649,0.9998592,0.9772727272727273
maize,Yield_Mg_ha,R1,Gauss-PEV,4,4,88,0.875,0.07954545454545454,1.1324617,1.1431228,0.9772727272727273
maize,Yield_Mg_ha,R1,Gauss-PEV,5,0,88,0.8636363636363636,0.10227272727272728,1.01347,1.0085454,0.9545454545454546
maize,Yield_Mg_ha,R1,Gauss-PEV,5,1,88,0.9204545454545454,0.056818181818181816,1.2340915,1.2318959,0.9659090909090909
maize,Yield_Mg_ha,R1,Gauss-PEV,5,2,88,0.8977272727272727,0.045454545454545456,1.1331451,1.1243644,0.9886363636363636
maize,Yield_Mg_ha,R1,Gauss-PEV,5,3,88,0.9318181818181818,0.03409090909090909,0.8823237,0.9306419,0.9659090909090909
maize,Yield_Mg_ha,R1,Gauss-PEV,5,4,88,0.9545454545454546,0.011363636363636364,1.091495,1.1140839,0.9772727272727273
maize,Yield_Mg_ha,R1,KinCP,1,0,88,0.875,0.09090909090909091,1.0748031,1.0809052,0.9545454545454546
maize,Yield_Mg_ha,R1,KinCP,1,1,88,0.8977272727272727,0.06818181818181818,0.9698299,1.0070822,0.9090909090909091
maize,Yield_Mg_ha,R1,KinCP,1,2,88,0.9090909090909091,0.045454545454545456,1.1452047,1.1661394,0.875
maize,Yield_Mg_ha,R1,KinCP,1,3,88,0.9431818181818182,0.03409090909090909,1.071345,1.0751418,0.875
maize,Yield_Mg_ha,R1,KinCP,1,4,88,0.8977272727272727,0.022727272727272728,1.081882,1.0836498,0.875
maize,Yield_Mg_ha,R1,KinCP,2,0,88,0.9090909090909091,0.056818181818181816,1.0040294,1.0067258,0.875
maize,Yield_Mg_ha,R1,KinCP,2,1,88,0.9545454545454546,0.022727272727272728,1.0039042,1.0312082,0.8863636363636364
maize,Yield_Mg_ha,R1,KinCP,2,2,88,0.875,0.056818181818181816,1.1377603,1.0993406,0.9659090909090909
maize,Yield_Mg_ha,R1,KinCP,2,3,88,0.9204545454545454,0.056818181818181816,0.9570172,1.0078965,0.9204545454545454
maize,Yield_Mg_ha,R1,KinCP,2,4,88,0.8863636363636364,0.06818181818181818,1.1179264,1.123421,0.8522727272727273
maize,Yield_Mg_ha,R1,KinCP,3,0,88,0.9204545454545454,0.056818181818181816,0.88905334,0.9096409,0.9090909090909091
maize,Yield_Mg_ha,R1,KinCP,3,1,88,0.9204545454545454,0.022727272727272728,1.2496536,1.1994443,0.8636363636363636
maize,Yield_Mg_ha,R1,KinCP,3,2,88,0.8977272727272727,0.056818181818181816,1.0316067,1.0747956,0.8977272727272727
maize,Yield_Mg_ha,R1,KinCP,3,3,88,0.9545454545454546,0.03409090909090909,0.94530016,0.92492,0.9090909090909091
maize,Yield_Mg_ha,R1,KinCP,3,4,88,0.8636363636363636,0.06818181818181818,1.1282716,1.0898799,0.9204545454545454
maize,Yield_Mg_ha,R1,KinCP,4,0,88,0.9431818181818182,0.03409090909090909,1.1672157,1.168859,0.8863636363636364
maize,Yield_Mg_ha,R1,KinCP,4,1,88,0.9545454545454546,0.011363636363636364,0.979891,0.9551024,0.9318181818181818
maize,Yield_Mg_ha,R1,KinCP,4,2,88,0.9090909090909091,0.03409090909090909,1.0893754,1.0791327,0.8863636363636364
maize,Yield_Mg_ha,R1,KinCP,4,3,88,0.8863636363636364,0.056818181818181816,1.0088649,0.95018697,0.8863636363636364
maize,Yield_Mg_ha,R1,KinCP,4,4,88,0.9318181818181818,0.03409090909090909,1.1324617,1.1448711,0.9204545454545454
maize,Yield_Mg_ha,R1,KinCP,5,0,88,0.8636363636363636,0.10227272727272728,1.01347,0.9905806,0.875
maize,Yield_Mg_ha,R1,KinCP,5,1,88,0.9318181818181818,0.045454545454545456,1.2340915,1.2043494,0.8977272727272727
maize,Yield_Mg_ha,R1,KinCP,5,2,88,0.9090909090909091,0.045454545454545456,1.1331451,1.1144859,0.9204545454545454
maize,Yield_Mg_ha,R1,KinCP,5,3,88,0.9545454545454546,0.022727272727272728,0.8823237,1.0072984,0.8863636363636364
maize,Yield_Mg_ha,R1,KinCP,5,4,88,0.9545454545454546,0.011363636363636364,1.091495,1.0974239,0.8522727272727273
maize,Yield_Mg_ha,R1,KinCP-ABC,1,0,88,0.8636363636363636,0.10227272727272728,1.0748031,1.0748031,1.0
maize,Yield_Mg_ha,R1,KinCP-ABC,1,1,88,0.875,0.09090909090909091,0.9698299,0.9698299,1.0
maize,Yield_Mg_ha,R1,KinCP-ABC,1,2,88,0.875,0.056818181818181816,1.1452047,1.1452047,1.0
maize,Yield_Mg_ha,R1,KinCP-ABC,1,3,88,0.9431818181818182,0.03409090909090909,1.071345,1.071345,1.0
maize,Yield_Mg_ha,R1,KinCP-ABC,1,4,88,0.8863636363636364,0.03409090909090909,1.081882,1.081882,1.0
maize,Yield_Mg_ha,R1,KinCP-ABC,2,0,88,0.8863636363636364,0.07954545454545454,1.0040294,1.0040294,1.0
maize,Yield_Mg_ha,R1,KinCP-ABC,2,1,88,0.9431818181818182,0.03409090909090909,1.0039042,1.0039042,1.0
maize,Yield_Mg_ha,R1,KinCP-ABC,2,2,88,0.875,0.056818181818181816,1.1377603,1.1377603,1.0
maize,Yield_Mg_ha,R1,KinCP-ABC,2,3,88,0.9204545454545454,0.056818181818181816,0.9570172,0.9570172,1.0
maize,Yield_Mg_ha,R1,KinCP-ABC,2,4,88,0.875,0.07954545454545454,1.1179264,1.1179264,1.0
maize,Yield_Mg_ha,R1,KinCP-ABC,3,0,88,0.9204545454545454,0.06818181818181818,0.88905334,0.88905334,1.0
maize,Yield_Mg_ha,R1,KinCP-ABC,3,1,88,0.9090909090909091,0.022727272727272728,1.2496536,1.2496536,1.0
maize,Yield_Mg_ha,R1,KinCP-ABC,3,2,88,0.875,0.06818181818181818,1.0316067,1.0316067,1.0
maize,Yield_Mg_ha,R1,KinCP-ABC,3,3,88,0.9431818181818182,0.045454545454545456,0.94530016,0.94530016,1.0
maize,Yield_Mg_ha,R1,KinCP-ABC,3,4,88,0.8636363636363636,0.06818181818181818,1.1282716,1.1282716,1.0
maize,Yield_Mg_ha,R1,KinCP-ABC,4,0,88,0.9318181818181818,0.03409090909090909,1.1672157,1.1672157,1.0
maize,Yield_Mg_ha,R1,KinCP-ABC,4,1,88,0.9545454545454546,0.011363636363636364,0.979891,0.979891,1.0
maize,Yield_Mg_ha,R1,KinCP-ABC,4,2,88,0.9204545454545454,0.022727272727272728,1.0893754,1.0893754,1.0
maize,Yield_Mg_ha,R1,KinCP-ABC,4,3,88,0.8522727272727273,0.07954545454545454,1.0088649,1.0088649,1.0
maize,Yield_Mg_ha,R1,KinCP-ABC,4,4,88,0.8863636363636364,0.06818181818181818,1.1324617,1.1324617,1.0
maize,Yield_Mg_ha,R1,KinCP-ABC,5,0,88,0.8522727272727273,0.11363636363636363,1.01347,1.01347,1.0
maize,Yield_Mg_ha,R1,KinCP-ABC,5,1,88,0.9204545454545454,0.056818181818181816,1.2340915,1.2340915,1.0
maize,Yield_Mg_ha,R1,KinCP-ABC,5,2,88,0.8863636363636364,0.056818181818181816,1.1331451,1.1331451,1.0
maize,Yield_Mg_ha,R1,KinCP-ABC,5,3,88,0.9318181818181818,0.03409090909090909,0.8823237,0.8823237,1.0
maize,Yield_Mg_ha,R1,KinCP-ABC,5,4,88,0.9318181818181818,0.022727272727272728,1.091495,1.091495,1.0
maize,Yield_Mg_ha,R1,SCP,1,0,88,0.8522727272727273,0.09090909090909091,1.0748031,1.1032664,0.9204545454545454
maize,Yield_Mg_ha,R1,SCP,1,1,88,0.8522727272727273,0.09090909090909091,0.9698299,0.87773585,0.8977272727272727
maize,Yield_Mg_ha,R1,SCP,1,2,88,0.8522727272727273,0.056818181818181816,1.1452047,1.1234622,0.8636363636363636
maize,Yield_Mg_ha,R1,SCP,1,3,88,0.9545454545454546,0.03409090909090909,1.071345,1.0784564,0.8295454545454546
maize,Yield_Mg_ha,R1,SCP,1,4,88,0.8863636363636364,0.03409090909090909,1.081882,1.054139,0.875
maize,Yield_Mg_ha,R1,SCP,2,0,88,0.9090909090909091,0.056818181818181816,1.0040294,1.0314137,0.8977272727272727
maize,Yield_Mg_ha,R1,SCP,2,1,88,0.9318181818181818,0.03409090909090909,1.0039042,1.0037497,0.8977272727272727
maize,Yield_Mg_ha,R1,SCP,2,2,88,0.875,0.06818181818181818,1.1377603,1.0676495,0.8863636363636364
maize,Yield_Mg_ha,R1,SCP,2,3,88,0.9204545454545454,0.056818181818181816,0.9570172,0.9653134,0.8863636363636364
maize,Yield_Mg_ha,R1,SCP,2,4,88,0.8863636363636364,0.06818181818181818,1.1179264,1.136631,0.8863636363636364
maize,Yield_Mg_ha,R1,SCP,3,0,88,0.9545454545454546,0.03409090909090909,0.88905334,0.914221,0.8863636363636364
maize,Yield_Mg_ha,R1,SCP,3,1,88,0.9090909090909091,0.022727272727272728,1.2496536,1.1747918,0.875
maize,Yield_Mg_ha,R1,SCP,3,2,88,0.8977272727272727,0.045454545454545456,1.0316067,1.1056676,0.8863636363636364
maize,Yield_Mg_ha,R1,SCP,3,3,88,0.9318181818181818,0.045454545454545456,0.94530016,0.93323636,0.9204545454545454
maize,Yield_Mg_ha,R1,SCP,3,4,88,0.875,0.056818181818181816,1.1282716,1.079472,0.8863636363636364
maize,Yield_Mg_ha,R1,SCP,4,0,88,0.9318181818181818,0.03409090909090909,1.1672157,1.0960937,0.8636363636363636
maize,Yield_Mg_ha,R1,SCP,4,1,88,0.9545454545454546,0.011363636363636364,0.979891,0.9516938,0.8863636363636364
maize,Yield_Mg_ha,R1,SCP,4,2,88,0.9318181818181818,0.011363636363636364,1.0893754,1.1451945,0.9204545454545454
maize,Yield_Mg_ha,R1,SCP,4,3,88,0.8863636363636364,0.045454545454545456,1.0088649,1.0109897,0.9090909090909091
maize,Yield_Mg_ha,R1,SCP,4,4,88,0.8863636363636364,0.06818181818181818,1.1324617,1.0888507,0.9318181818181818
maize,Yield_Mg_ha,R1,SCP,5,0,88,0.9090909090909091,0.056818181818181816,1.01347,1.0531472,0.8977272727272727
maize,Yield_Mg_ha,R1,SCP,5,1,88,0.8977272727272727,0.045454545454545456,1.2340915,1.178146,0.8977272727272727
maize,Yield_Mg_ha,R1,SCP,5,2,88,0.9431818181818182,0.022727272727272728,1.1331451,1.1208991,0.9204545454545454
maize,Yield_Mg_ha,R1,SCP,5,3,88,0.9204545454545454,0.03409090909090909,0.8823237,0.89999926,0.875
maize,Yield_Mg_ha,R1,SCP,5,4,88,0.9318181818181818,0.022727272727272728,1.091495,1.0264565,0.8636363636363636
maize,Yield_Mg_ha,R2,CV+,1,0,155,0.2967741935483871,0.7032258064516129,0.75669324,0.7921624,0.9741935483870968
maize,Yield_Mg_ha,R2,CV+,1,1,69,0.8115942028985508,0.0,0.285532,0.29571766,0.9565217391304348
maize,Yield_Mg_ha,R2,CV+,1,2,58,0.9137931034482759,0.06896551724137931,0.30848417,0.30056012,0.9482758620689655
maize,Yield_Mg_ha,R2,CV+,1,3,38,0.7368421052631579,0.0,1.0263612,0.98526603,0.9210526315789473
maize,Yield_Mg_ha,R2,CV+,1,4,122,0.4426229508196721,0.5081967213114754,0.0967804,-6.111027e-05,0.9262295081967213
maize,Yield_Mg_ha,R2,CV+,2,0,155,0.2645161290322581,0.7354838709677419,0.75669324,0.74953073,0.9612903225806452
maize,Yield_Mg_ha,R2,CV+,2,1,69,0.8115942028985508,0.0,0.285532,0.2696211,0.9565217391304348
maize,Yield_Mg_ha,R2,CV+,2,2,58,0.9137931034482759,0.06896551724137931,0.30848417,0.3142681,0.9827586206896551
maize,Yield_Mg_ha,R2,CV+,2,3,38,0.7368421052631579,0.0,1.0263612,1.021575,0.9473684210526315
maize,Yield_Mg_ha,R2,CV+,2,4,122,0.4426229508196721,0.5081967213114754,0.0967804,0.072185524,0.9426229508196722
maize,Yield_Mg_ha,R2,CV+,3,0,155,0.2838709677419355,0.7161290322580646,0.75669324,0.7509991,0.9741935483870968
maize,Yield_Mg_ha,R2,CV+,3,1,69,0.8260869565217391,0.0,0.285532,0.29883054,0.9565217391304348
maize,Yield_Mg_ha,R2,CV+,3,2,58,0.9137931034482759,0.06896551724137931,0.30848417,0.32394662,0.9655172413793104
maize,Yield_Mg_ha,R2,CV+,3,3,38,0.7368421052631579,0.0,1.0263612,0.9949375,0.9210526315789473
maize,Yield_Mg_ha,R2,CV+,3,4,122,0.4426229508196721,0.5081967213114754,0.0967804,0.07577217,0.9508196721311475
maize,Yield_Mg_ha,R2,CV+,4,0,155,0.3032258064516129,0.6967741935483871,0.75669324,0.75484896,0.9612903225806452
maize,Yield_Mg_ha,R2,CV+,4,1,69,0.8115942028985508,0.0,0.285532,0.27082372,0.927536231884058
maize,Yield_Mg_ha,R2,CV+,4,2,58,0.9137931034482759,0.06896551724137931,0.30848417,0.29348493,0.9310344827586207
maize,Yield_Mg_ha,R2,CV+,4,3,38,0.7368421052631579,0.0,1.0263612,0.9568691,0.9473684210526315
maize,Yield_Mg_ha,R2,CV+,4,4,122,0.45081967213114754,0.5,0.0967804,0.032899916,0.9098360655737705
maize,Yield_Mg_ha,R2,CV+,5,0,155,0.2709677419354839,0.7290322580645161,0.75669324,0.7544084,0.9612903225806452
maize,Yield_Mg_ha,R2,CV+,5,1,69,0.8115942028985508,0.0,0.285532,0.29834476,0.9565217391304348
maize,Yield_Mg_ha,R2,CV+,5,2,58,0.9137931034482759,0.06896551724137931,0.30848417,0.3330131,0.9482758620689655
maize,Yield_Mg_ha,R2,CV+,5,3,38,0.7368421052631579,0.0,1.0263612,0.98350656,0.9736842105263158
maize,Yield_Mg_ha,R2,CV+,5,4,122,0.4426229508196721,0.5081967213114754,0.0967804,0.084590375,0.9262295081967213
maize,Yield_Mg_ha,R2,CalPred-style,1,0,155,0.4,0.6,0.75669324,0.7871957,0.9483870967741935
maize,Yield_Mg_ha,R2,CalPred-style,1,1,69,0.8985507246376812,0.0,0.285532,0.32079524,0.9565217391304348
maize,Yield_Mg_ha,R2,CalPred-style,1,2,58,0.9482758620689655,0.05172413793103448,0.30848417,0.3114487,0.9827586206896551
maize,Yield_Mg_ha,R2,CalPred-style,1,3,38,0.9736842105263158,0.0,1.0263612,1.0263612,1.0
maize,Yield_Mg_ha,R2,CalPred-style,1,4,122,0.45081967213114754,0.5081967213114754,0.0967804,0.10279342,0.9590163934426229
maize,Yield_Mg_ha,R2,CalPred-style,2,0,155,0.4,0.6,0.75669324,0.7871956,0.9483870967741935
maize,Yield_Mg_ha,R2,CalPred-style,2,1,69,0.8985507246376812,0.0,0.285532,0.32079527,0.9565217391304348
maize,Yield_Mg_ha,R2,CalPred-style,2,2,58,0.9827586206896551,0.017241379310344827,0.30848417,0.31144872,0.9827586206896551
maize,Yield_Mg_ha,R2,CalPred-style,2,3,38,0.9736842105263158,0.0,1.0263612,1.0263613,1.0
maize,Yield_Mg_ha,R2,CalPred-style,2,4,122,0.45081967213114754,0.5081967213114754,0.0967804,0.10249878,0.9508196721311475
maize,Yield_Mg_ha,R2,CalPred-style,3,0,155,0.3935483870967742,0.6064516129032258,0.75669324,0.7846048,0.9548387096774194
maize,Yield_Mg_ha,R2,CalPred-style,3,1,69,0.8985507246376812,0.0,0.285532,0.32079527,0.9565217391304348
maize,Yield_Mg_ha,R2,CalPred-style,3,2,58,0.9827586206896551,0.017241379310344827,0.30848417,0.3084842,1.0
maize,Yield_Mg_ha,R2,CalPred-style,3,3,38,0.9736842105263158,0.0,1.0263612,1.0263612,1.0
maize,Yield_Mg_ha,R2,CalPred-style,3,4,122,0.45081967213114754,0.5081967213114754,0.0967804,0.10249878,0.9508196721311475
maize,Yield_Mg_ha,R2,CalPred-style,4,0,155,0.4,0.6,0.75669324,0.7871957,0.9483870967741935
maize,Yield_Mg_ha,R2,CalPred-style,4,1,69,0.8985507246376812,0.0,0.285532,0.32079524,0.9565217391304348
maize,Yield_Mg_ha,R2,CalPred-style,4,2,58,0.9827586206896551,0.017241379310344827,0.30848417,0.31144872,0.9827586206896551
maize,Yield_Mg_ha,R2,CalPred-style,4,3,38,0.9736842105263158,0.0,1.0263612,1.0263612,1.0
maize,Yield_Mg_ha,R2,CalPred-style,4,4,122,0.45081967213114754,0.5081967213114754,0.0967804,0.102498785,0.9508196721311475
maize,Yield_Mg_ha,R2,CalPred-style,5,0,155,0.4,0.6,0.75669324,0.7871956,0.9483870967741935
maize,Yield_Mg_ha,R2,CalPred-style,5,1,69,0.8985507246376812,0.0,0.285532,0.32079524,0.9565217391304348
maize,Yield_Mg_ha,R2,CalPred-style,5,2,58,0.9827586206896551,0.017241379310344827,0.30848417,0.3084842,1.0
maize,Yield_Mg_ha,R2,CalPred-style,5,3,38,0.9736842105263158,0.0,1.0263612,1.0263613,1.0
maize,Yield_Mg_ha,R2,CalPred-style,5,4,122,0.45081967213114754,0.5081967213114754,0.0967804,0.10431896,0.9672131147540983
maize,Yield_Mg_ha,R2,Gauss-PEV,1,0,155,0.24516129032258063,0.7548387096774194,0.75669324,0.7794023,0.9806451612903225
maize,Yield_Mg_ha,R2,Gauss-PEV,1,1,69,0.855072463768116,0.0,0.285532,0.31668797,0.9420289855072463
maize,Yield_Mg_ha,R2,Gauss-PEV,1,2,58,0.9482758620689655,0.05172413793103448,0.30848417,0.31367725,0.9655172413793104
maize,Yield_Mg_ha,R2,Gauss-PEV,1,3,38,0.9210526315789473,0.0,1.0263612,1.0278355,0.9736842105263158
maize,Yield_Mg_ha,R2,Gauss-PEV,1,4,122,0.45081967213114754,0.5,0.0967804,0.099713914,0.9426229508196722
maize,Yield_Mg_ha,R2,Gauss-PEV,2,0,155,0.24516129032258063,0.7548387096774194,0.75669324,0.7794023,0.9806451612903225
maize,Yield_Mg_ha,R2,Gauss-PEV,2,1,69,0.855072463768116,0.0,0.285532,0.31668797,0.9420289855072463
maize,Yield_Mg_ha,R2,Gauss-PEV,2,2,58,0.9482758620689655,0.05172413793103448,0.30848417,0.31367725,0.9655172413793104
maize,Yield_Mg_ha,R2,Gauss-PEV,2,3,38,0.9210526315789473,0.0,1.0263612,1.0278355,0.9736842105263158
maize,Yield_Mg_ha,R2,Gauss-PEV,2,4,122,0.45081967213114754,0.5,0.0967804,0.099713914,0.9426229508196722
maize,Yield_Mg_ha,R2,Gauss-PEV,3,0,155,0.24516129032258063,0.7548387096774194,0.75669324,0.7794023,0.9806451612903225
maize,Yield_Mg_ha,R2,Gauss-PEV,3,1,69,0.855072463768116,0.0,0.285532,0.31668797,0.9420289855072463
maize,Yield_Mg_ha,R2,Gauss-PEV,3,2,58,0.9482758620689655,0.05172413793103448,0.30848417,0.31367725,0.9655172413793104
maize,Yield_Mg_ha,R2,Gauss-PEV,3,3,38,0.9210526315789473,0.0,1.0263612,1.0278355,0.9736842105263158
maize,Yield_Mg_ha,R2,Gauss-PEV,3,4,122,0.45081967213114754,0.5,0.0967804,0.099713914,0.9426229508196722
maize,Yield_Mg_ha,R2,Gauss-PEV,4,0,155,0.24516129032258063,0.7548387096774194,0.75669324,0.7794023,0.9806451612903225
maize,Yield_Mg_ha,R2,Gauss-PEV,4,1,69,0.855072463768116,0.0,0.285532,0.31668797,0.9420289855072463
maize,Yield_Mg_ha,R2,Gauss-PEV,4,2,58,0.9482758620689655,0.05172413793103448,0.30848417,0.31367725,0.9655172413793104
maize,Yield_Mg_ha,R2,Gauss-PEV,4,3,38,0.9210526315789473,0.0,1.0263612,1.0278355,0.9736842105263158
maize,Yield_Mg_ha,R2,Gauss-PEV,4,4,122,0.45081967213114754,0.5,0.0967804,0.099713914,0.9426229508196722
maize,Yield_Mg_ha,R2,Gauss-PEV,5,0,155,0.24516129032258063,0.7548387096774194,0.75669324,0.7794023,0.9806451612903225
maize,Yield_Mg_ha,R2,Gauss-PEV,5,1,69,0.855072463768116,0.0,0.285532,0.31668797,0.9420289855072463
maize,Yield_Mg_ha,R2,Gauss-PEV,5,2,58,0.9482758620689655,0.05172413793103448,0.30848417,0.31367725,0.9655172413793104
maize,Yield_Mg_ha,R2,Gauss-PEV,5,3,38,0.9210526315789473,0.0,1.0263612,1.0278355,0.9736842105263158
maize,Yield_Mg_ha,R2,Gauss-PEV,5,4,122,0.45081967213114754,0.5,0.0967804,0.099713914,0.9426229508196722
maize,Yield_Mg_ha,R2,KinCP,1,0,155,0.3935483870967742,0.6064516129032258,0.75669324,0.797034,0.9354838709677419
maize,Yield_Mg_ha,R2,KinCP,1,1,69,0.8985507246376812,0.0,0.285532,0.31668797,0.9420289855072463
maize,Yield_Mg_ha,R2,KinCP,1,2,58,1.0,0.0,0.30848417,0.31367722,0.9655172413793104
maize,Yield_Mg_ha,R2,KinCP,1,3,38,0.9736842105263158,0.0,1.0263612,1.0483322,0.9473684210526315
maize,Yield_Mg_ha,R2,KinCP,1,4,122,0.45081967213114754,0.5,0.0967804,0.05739516,0.8852459016393442
maize,Yield_Mg_ha,R2,KinCP,2,0,155,0.3935483870967742,0.6064516129032258,0.75669324,0.7838761,0.9419354838709677
maize,Yield_Mg_ha,R2,KinCP,2,1,69,0.8985507246376812,0.0,0.285532,0.31668797,0.9420289855072463
maize,Yield_Mg_ha,R2,KinCP,2,2,58,1.0,0.0,0.30848417,0.3136772,0.9655172413793104
maize,Yield_Mg_ha,R2,KinCP,2,3,38,0.9736842105263158,0.0,1.0263612,1.0483321,0.9473684210526315
maize,Yield_Mg_ha,R2,KinCP,2,4,122,0.4426229508196721,0.5081967213114754,0.0967804,0.079778254,0.9098360655737705
maize,Yield_Mg_ha,R2,KinCP,3,0,155,0.3935483870967742,0.6064516129032258,0.75669324,0.7838761,0.9419354838709677
maize,Yield_Mg_ha,R2,KinCP,3,1,69,0.8985507246376812,0.0,0.285532,0.31668797,0.9420289855072463
maize,Yield_Mg_ha,R2,KinCP,3,2,58,1.0,0.0,0.30848417,0.31367722,0.9655172413793104
maize,Yield_Mg_ha,R2,KinCP,3,3,38,0.9736842105263158,0.0,1.0263612,1.0483322,0.9473684210526315
maize,Yield_Mg_ha,R2,KinCP,3,4,122,0.45081967213114754,0.5,0.0967804,0.07219983,0.8852459016393442
maize,Yield_Mg_ha,R2,KinCP,4,0,155,0.3935483870967742,0.6064516129032258,0.75669324,0.78387606,0.9419354838709677
maize,Yield_Mg_ha,R2,KinCP,4,1,69,0.8985507246376812,0.0,0.285532,0.31668797,0.9420289855072463
maize,Yield_Mg_ha,R2,KinCP,4,2,58,1.0,0.0,0.30848417,0.3136772,0.9655172413793104
maize,Yield_Mg_ha,R2,KinCP,4,3,38,0.9736842105263158,0.0,1.0263612,1.0483321,0.9473684210526315
maize,Yield_Mg_ha,R2,KinCP,4,4,122,0.45081967213114754,0.5,0.0967804,0.063732415,0.8770491803278688
maize,Yield_Mg_ha,R2,KinCP,5,0,155,0.3935483870967742,0.6064516129032258,0.75669324,0.79703397,0.9354838709677419
maize,Yield_Mg_ha,R2,KinCP,5,1,69,0.8985507246376812,0.0,0.285532,0.3180946,0.9565217391304348
maize,Yield_Mg_ha,R2,KinCP,5,2,58,1.0,0.0,0.30848417,0.31367722,0.9655172413793104
maize,Yield_Mg_ha,R2,KinCP,5,3,38,0.9736842105263158,0.0,1.0263612,1.0483322,0.9473684210526315
maize,Yield_Mg_ha,R2,KinCP,5,4,122,0.45081967213114754,0.5,0.0967804,0.057395153,0.8852459016393442
maize,Yield_Mg_ha,R2,KinCP-ABC,1,0,155,0.22580645161290322,0.7741935483870968,0.75669324,0.75669324,1.0
maize,Yield_Mg_ha,R2,KinCP-ABC,1,1,69,0.8115942028985508,0.0,0.285532,0.285532,1.0
maize,Yield_Mg_ha,R2,KinCP-ABC,1,2,58,0.9137931034482759,0.06896551724137931,0.30848417,0.30848417,1.0
maize,Yield_Mg_ha,R2,KinCP-ABC,1,3,38,0.7368421052631579,0.0,1.0263612,1.0263612,1.0
maize,Yield_Mg_ha,R2,KinCP-ABC,1,4,122,0.4426229508196721,0.5081967213114754,0.0967804,0.0967804,1.0
maize,Yield_Mg_ha,R2,KinCP-ABC,2,0,155,0.22580645161290322,0.7741935483870968,0.75669324,0.75669324,1.0
maize,Yield_Mg_ha,R2,KinCP-ABC,2,1,69,0.8115942028985508,0.0,0.285532,0.285532,1.0
maize,Yield_Mg_ha,R2,KinCP-ABC,2,2,58,0.9137931034482759,0.06896551724137931,0.30848417,0.30848417,1.0
maize,Yield_Mg_ha,R2,KinCP-ABC,2,3,38,0.7368421052631579,0.0,1.0263612,1.0263612,1.0
maize,Yield_Mg_ha,R2,KinCP-ABC,2,4,122,0.4426229508196721,0.5081967213114754,0.0967804,0.0967804,1.0
maize,Yield_Mg_ha,R2,KinCP-ABC,3,0,155,0.22580645161290322,0.7741935483870968,0.75669324,0.75669324,1.0
maize,Yield_Mg_ha,R2,KinCP-ABC,3,1,69,0.8115942028985508,0.0,0.285532,0.285532,1.0
maize,Yield_Mg_ha,R2,KinCP-ABC,3,2,58,0.9137931034482759,0.06896551724137931,0.30848417,0.30848417,1.0
maize,Yield_Mg_ha,R2,KinCP-ABC,3,3,38,0.7368421052631579,0.0,1.0263612,1.0263612,1.0
maize,Yield_Mg_ha,R2,KinCP-ABC,3,4,122,0.4426229508196721,0.5081967213114754,0.0967804,0.0967804,1.0
maize,Yield_Mg_ha,R2,KinCP-ABC,4,0,155,0.23225806451612904,0.7677419354838709,0.75669324,0.75669324,1.0
maize,Yield_Mg_ha,R2,KinCP-ABC,4,1,69,0.8115942028985508,0.0,0.285532,0.285532,1.0
maize,Yield_Mg_ha,R2,KinCP-ABC,4,2,58,0.9137931034482759,0.06896551724137931,0.30848417,0.30848417,1.0
maize,Yield_Mg_ha,R2,KinCP-ABC,4,3,38,0.7368421052631579,0.0,1.0263612,1.0263612,1.0
maize,Yield_Mg_ha,R2,KinCP-ABC,4,4,122,0.4426229508196721,0.5081967213114754,0.0967804,0.0967804,1.0
maize,Yield_Mg_ha,R2,KinCP-ABC,5,0,155,0.22580645161290322,0.7741935483870968,0.75669324,0.75669324,1.0
maize,Yield_Mg_ha,R2,KinCP-ABC,5,1,69,0.8115942028985508,0.0,0.285532,0.285532,1.0
maize,Yield_Mg_ha,R2,KinCP-ABC,5,2,58,0.9137931034482759,0.06896551724137931,0.30848417,0.30848417,1.0
maize,Yield_Mg_ha,R2,KinCP-ABC,5,3,38,0.7368421052631579,0.0,1.0263612,1.0263612,1.0
maize,Yield_Mg_ha,R2,KinCP-ABC,5,4,122,0.4426229508196721,0.5081967213114754,0.0967804,0.0967804,1.0
maize,Yield_Mg_ha,R2,SCP,1,0,155,0.21935483870967742,0.7806451612903226,0.75669324,0.7592106,0.9354838709677419
maize,Yield_Mg_ha,R2,SCP,1,1,69,0.7971014492753623,0.0,0.285532,0.26665822,0.8405797101449275
maize,Yield_Mg_ha,R2,SCP,1,2,58,0.9482758620689655,0.05172413793103448,0.30848417,0.21359012,0.8275862068965517
maize,Yield_Mg_ha,R2,SCP,1,3,38,0.7631578947368421,0.0,1.0263612,0.9194312,0.9210526315789473
maize,Yield_Mg_ha,R2,SCP,1,4,122,0.4262295081967213,0.5163934426229508,0.0967804,0.0055506807,0.8688524590163934
maize,Yield_Mg_ha,R2,SCP,2,0,155,0.36129032258064514,0.6387096774193548,0.75669324,0.78997535,0.8451612903225807
maize,Yield_Mg_ha,R2,SCP,2,1,69,0.855072463768116,0.0,0.285532,0.21770187,0.782608695652174
maize,Yield_Mg_ha,R2,SCP,2,2,58,0.8793103448275862,0.1206896551724138,0.30848417,0.27306443,0.8103448275862069
maize,Yield_Mg_ha,R2,SCP,2,3,38,0.7368421052631579,0.0,1.0263612,0.88685507,0.868421052631579
maize,Yield_Mg_ha,R2,SCP,2,4,122,0.4016393442622951,0.5491803278688525,0.0967804,0.017227031,0.8360655737704918
maize,Yield_Mg_ha,R2,SCP,3,0,155,0.45806451612903226,0.535483870967742,0.75669324,0.8310846,0.7677419354838709
maize,Yield_Mg_ha,R2,SCP,3,1,69,0.7971014492753623,0.0,0.285532,0.24382353,0.7971014492753623
maize,Yield_Mg_ha,R2,SCP,3,2,58,0.9482758620689655,0.034482758620689655,0.30848417,0.27580878,0.8620689655172413
maize,Yield_Mg_ha,R2,SCP,3,3,38,0.7631578947368421,0.0,1.0263612,0.99832636,0.868421052631579
maize,Yield_Mg_ha,R2,SCP,3,4,122,0.4180327868852459,0.5327868852459017,0.0967804,-0.012638875,0.8852459016393442
maize,Yield_Mg_ha,R2,SCP,4,0,155,0.4967741935483871,0.4967741935483871,0.75669324,0.8453188,0.7612903225806451
maize,Yield_Mg_ha,R2,SCP,4,1,69,0.855072463768116,0.0,0.285532,0.2602686,0.8695652173913043
maize,Yield_Mg_ha,R2,SCP,4,2,58,0.9310344827586207,0.06896551724137931,0.30848417,0.3217195,0.8620689655172413
maize,Yield_Mg_ha,R2,SCP,4,3,38,0.7631578947368421,0.0,1.0263612,1.0285059,0.868421052631579
maize,Yield_Mg_ha,R2,SCP,4,4,122,0.4426229508196721,0.5081967213114754,0.0967804,0.008224382,0.9098360655737705
maize,Yield_Mg_ha,R2,SCP,5,0,155,0.3935483870967742,0.6,0.75669324,0.93152624,0.8064516129032258
maize,Yield_Mg_ha,R2,SCP,5,1,69,0.6956521739130435,0.0,0.285532,0.29100922,0.8405797101449275
maize,Yield_Mg_ha,R2,SCP,5,2,58,0.9137931034482759,0.05172413793103448,0.30848417,0.25457677,0.8275862068965517
maize,Yield_Mg_ha,R2,SCP,5,3,38,0.7631578947368421,0.0,1.0263612,0.99090004,0.8947368421052632
maize,Yield_Mg_ha,R2,SCP,5,4,122,0.39344262295081966,0.5491803278688525,0.0967804,-0.036497805,0.860655737704918
oyster,mm,R1,CV+,1,0,8,1.0,0.0,0.8709526,0.7293656,0.875
oyster,mm,R1,CV+,1,1,8,1.0,0.0,0.9403819,0.9403819,1.0
oyster,mm,R1,CV+,1,2,7,0.8571428571428571,0.0,1.4522743,1.4522743,1.0
oyster,mm,R1,CV+,1,3,7,1.0,0.0,0.7730767,0.70711666,0.7142857142857143
oyster,mm,R1,CV+,1,4,7,1.0,0.0,1.1584824,1.1584824,1.0
oyster,mm,R1,CV+,2,0,8,0.875,0.125,0.4058923,0.6698061,0.875
oyster,mm,R1,CV+,2,1,8,1.0,0.0,1.2708868,1.2708868,1.0
oyster,mm,R1,CV+,2,2,7,1.0,0.0,0.74486786,0.74486786,1.0
oyster,mm,R1,CV+,2,3,7,0.8571428571428571,0.14285714285714285,0.7667449,0.6157298,0.8571428571428571
oyster,mm,R1,CV+,2,4,7,1.0,0.0,1.0739149,1.0739149,1.0
oyster,mm,R1,CV+,3,0,8,0.875,0.0,1.34813,1.3422921,0.875
oyster,mm,R1,CV+,3,1,8,1.0,0.0,0.8019195,0.8019195,1.0
oyster,mm,R1,CV+,3,2,7,1.0,0.0,1.0523926,1.0182153,0.8571428571428571
oyster,mm,R1,CV+,3,3,7,1.0,0.0,0.5479573,0.54795724,1.0
oyster,mm,R1,CV+,3,4,7,1.0,0.0,0.7327418,0.50724584,0.8571428571428571
oyster,mm,R1,CV+,4,0,8,1.0,0.0,0.7015133,0.58655953,0.875
oyster,mm,R1,CV+,4,1,8,1.0,0.0,1.0135411,1.0135411,1.0
oyster,mm,R1,CV+,4,2,7,1.0,0.0,1.2036266,0.9399974,0.8571428571428571
oyster,mm,R1,CV+,4,3,7,1.0,0.0,0.85580444,0.9390664,0.7142857142857143
oyster,mm,R1,CV+,4,4,7,1.0,0.0,0.7321171,0.7321171,1.0
oyster,mm,R1,CV+,5,0,8,1.0,0.0,0.9085187,0.90851873,1.0
oyster,mm,R1,CV+,5,1,8,1.0,0.0,0.7934054,0.492356,0.75
oyster,mm,R1,CV+,5,2,7,1.0,0.0,1.0541247,0.8926306,0.8571428571428571
oyster,mm,R1,CV+,5,3,7,1.0,0.0,0.8273884,0.8273884,1.0
oyster,mm,R1,CV+,5,4,7,1.0,0.0,0.97712946,1.0609549,0.8571428571428571
oyster,mm,R1,CalPred-style,1,0,8,1.0,0.0,0.8709526,0.8709526,1.0
oyster,mm,R1,CalPred-style,1,1,8,1.0,0.0,0.9403819,0.9403819,1.0
oyster,mm,R1,CalPred-style,1,2,7,0.8571428571428571,0.0,1.4522743,1.4522743,1.0
oyster,mm,R1,CalPred-style,1,3,7,1.0,0.0,0.7730767,0.6909379,0.8571428571428571
oyster,mm,R1,CalPred-style,1,4,7,1.0,0.0,1.1584824,1.1584824,1.0
oyster,mm,R1,CalPred-style,2,0,8,0.875,0.125,0.4058923,0.45755205,0.875
oyster,mm,R1,CalPred-style,2,1,8,1.0,0.0,1.2708868,1.2708868,1.0
oyster,mm,R1,CalPred-style,2,2,7,1.0,0.0,0.74486786,0.74486786,1.0
oyster,mm,R1,CalPred-style,2,3,7,0.8571428571428571,0.14285714285714285,0.7667449,0.7667449,1.0
oyster,mm,R1,CalPred-style,2,4,7,1.0,0.0,1.0739149,1.0739149,1.0
oyster,mm,R1,CalPred-style,3,0,8,0.875,0.0,1.34813,1.34813,1.0
oyster,mm,R1,CalPred-style,3,1,8,1.0,0.0,0.8019195,0.8019196,1.0
oyster,mm,R1,CalPred-style,3,2,7,1.0,0.0,1.0523926,1.0523926,1.0
oyster,mm,R1,CalPred-style,3,3,7,1.0,0.0,0.5479573,0.54795724,1.0
oyster,mm,R1,CalPred-style,3,4,7,1.0,0.0,0.7327418,0.9530836,0.8571428571428571
oyster,mm,R1,CalPred-style,4,0,8,1.0,0.0,0.7015133,0.58655953,0.875
oyster,mm,R1,CalPred-style,4,1,8,1.0,0.0,1.0135411,1.0135411,1.0
oyster,mm,R1,CalPred-style,4,2,7,1.0,0.0,1.2036266,1.2036266,1.0
oyster,mm,R1,CalPred-style,4,3,7,1.0,0.0,0.85580444,0.85580444,1.0
oyster,mm,R1,CalPred-style,4,4,7,1.0,0.0,0.7321171,0.7321171,1.0
oyster,mm,R1,CalPred-style,5,0,8,1.0,0.0,0.9085187,0.9085187,1.0
oyster,mm,R1,CalPred-style,5,1,8,1.0,0.0,0.7934054,0.6637399,0.875
oyster,mm,R1,CalPred-style,5,2,7,1.0,0.0,1.0541247,1.1520385,0.8571428571428571
oyster,mm,R1,CalPred-style,5,3,7,1.0,0.0,0.8273884,0.8273884,1.0
oyster,mm,R1,CalPred-style,5,4,7,1.0,0.0,0.97712946,0.97712946,1.0
oyster,mm,R1,Gauss-PEV,1,0,8,1.0,0.0,0.8709526,0.8709526,1.0
oyster,mm,R1,Gauss-PEV,1,1,8,1.0,0.0,0.9403819,0.9403819,1.0
oyster,mm,R1,Gauss-PEV,1,2,7,0.8571428571428571,0.0,1.4522743,1.4522743,1.0
oyster,mm,R1,Gauss-PEV,1,3,7,1.0,0.0,0.7730767,0.6909379,0.8571428571428571
oyster,mm,R1,Gauss-PEV,1,4,7,1.0,0.0,1.1584824,1.1584824,1.0
oyster,mm,R1,Gauss-PEV,2,0,8,0.875,0.125,0.4058923,0.4058923,1.0
oyster,mm,R1,Gauss-PEV,2,1,8,1.0,0.0,1.2708868,1.2708868,1.0
oyster,mm,R1,Gauss-PEV,2,2,7,1.0,0.0,0.74486786,1.0450451,0.8571428571428571
oyster,mm,R1,Gauss-PEV,2,3,7,0.8571428571428571,0.14285714285714285,0.7667449,0.7667449,1.0
oyster,mm,R1,Gauss-PEV,2,4,7,1.0,0.0,1.0739149,1.0739149,1.0
oyster,mm,R1,Gauss-PEV,3,0,8,0.875,0.0,1.34813,1.34813,1.0
oyster,mm,R1,Gauss-PEV,3,1,8,1.0,0.0,0.8019195,0.8019195,1.0
oyster,mm,R1,Gauss-PEV,3,2,7,1.0,0.0,1.0523926,1.0523926,1.0
oyster,mm,R1,Gauss-PEV,3,3,7,1.0,0.0,0.5479573,0.54795724,1.0
oyster,mm,R1,Gauss-PEV,3,4,7,1.0,0.0,0.7327418,0.9530836,0.8571428571428571
oyster,mm,R1,Gauss-PEV,4,0,8,1.0,0.0,0.7015133,0.5865595,0.875
oyster,mm,R1,Gauss-PEV,4,1,8,0.875,0.0,1.0135411,1.0135411,1.0
oyster,mm,R1,Gauss-PEV,4,2,7,1.0,0.0,1.2036266,1.2036266,1.0
oyster,mm,R1,Gauss-PEV,4,3,7,1.0,0.0,0.85580444,0.9429093,0.8571428571428571
oyster,mm,R1,Gauss-PEV,4,4,7,1.0,0.0,0.7321171,0.7321171,1.0
oyster,mm,R1,Gauss-PEV,5,0,8,1.0,0.0,0.9085187,0.9085187,1.0
oyster,mm,R1,Gauss-PEV,5,1,8,1.0,0.0,0.7934054,0.7934054,1.0
oyster,mm,R1,Gauss-PEV,5,2,7,1.0,0.0,1.0541247,1.1520385,0.8571428571428571
oyster,mm,R1,Gauss-PEV,5,3,7,1.0,0.0,0.8273884,0.8273884,1.0
oyster,mm,R1,Gauss-PEV,5,4,7,1.0,0.0,0.97712946,1.0609549,0.8571428571428571
oyster,mm,R1,KinCP,1,0,8,1.0,0.0,0.8709526,0.8709526,1.0
oyster,mm,R1,KinCP,1,1,8,1.0,0.0,0.9403819,0.9403819,1.0
oyster,mm,R1,KinCP,1,2,7,0.8571428571428571,0.0,1.4522743,1.4522743,1.0
oyster,mm,R1,KinCP,1,3,7,1.0,0.0,0.7730767,0.6909379,0.8571428571428571
oyster,mm,R1,KinCP,1,4,7,1.0,0.0,1.1584824,1.1584824,1.0
oyster,mm,R1,KinCP,2,0,8,0.875,0.125,0.4058923,0.4058923,1.0
oyster,mm,R1,KinCP,2,1,8,1.0,0.0,1.2708868,1.2708868,1.0
oyster,mm,R1,KinCP,2,2,7,1.0,0.0,0.74486786,0.74486786,1.0
oyster,mm,R1,KinCP,2,3,7,0.7142857142857143,0.14285714285714285,0.7667449,0.7667449,1.0
oyster,mm,R1,KinCP,2,4,7,1.0,0.0,1.0739149,1.0739149,1.0
oyster,mm,R1,KinCP,3,0,8,0.875,0.0,1.34813,1.2302017,0.875
oyster,mm,R1,KinCP,3,1,8,1.0,0.0,0.8019195,0.8019196,1.0
oyster,mm,R1,KinCP,3,2,7,1.0,0.0,1.0523926,1.0523926,1.0
oyster,mm,R1,KinCP,3,3,7,1.0,0.0,0.5479573,0.5479573,1.0
oyster,mm,R1,KinCP,3,4,7,1.0,0.0,0.7327418,0.9530836,0.8571428571428571
oyster,mm,R1,KinCP,4,0,8,1.0,0.0,0.7015133,0.7015133,1.0
oyster,mm,R1,KinCP,4,1,8,0.875,0.0,1.0135411,1.0135411,1.0
oyster,mm,R1,KinCP,4,2,7,1.0,0.0,1.2036266,1.2036266,1.0
oyster,mm,R1,KinCP,4,3,7,1.0,0.0,0.85580444,0.9429093,0.8571428571428571
oyster,mm,R1,KinCP,4,4,7,1.0,0.0,0.7321171,0.7321171,1.0
oyster,mm,R1,KinCP,5,0,8,1.0,0.0,0.9085187,0.9085187,1.0
oyster,mm,R1,KinCP,5,1,8,1.0,0.0,0.7934054,0.7934054,1.0
oyster,mm,R1,KinCP,5,2,7,1.0,0.0,1.0541247,1.1520385,0.8571428571428571
oyster,mm,R1,KinCP,5,3,7,1.0,0.0,0.8273884,0.8273884,1.0
oyster,mm,R1,KinCP,5,4,7,1.0,0.0,0.97712946,0.97712946,1.0
oyster,mm,R1,KinCP-ABC,1,0,8,1.0,0.0,0.8709526,0.8709526,1.0
oyster,mm,R1,KinCP-ABC,1,1,8,1.0,0.0,0.9403819,0.9403819,1.0
oyster,mm,R1,KinCP-ABC,1,2,7,0.8571428571428571,0.0,1.4522743,1.4522743,1.0
oyster,mm,R1,KinCP-ABC,1,3,7,1.0,0.0,0.7730767,0.7730767,1.0
oyster,mm,R1,KinCP-ABC,1,4,7,1.0,0.0,1.1584824,1.1584824,1.0
oyster,mm,R1,KinCP-ABC,2,0,8,0.875,0.125,0.4058923,0.4058923,1.0
oyster,mm,R1,KinCP-ABC,2,1,8,1.0,0.0,1.2708868,1.2708868,1.0
oyster,mm,R1,KinCP-ABC,2,2,7,1.0,0.0,0.74486786,0.74486786,1.0
oyster,mm,R1,KinCP-ABC,2,3,7,0.8571428571428571,0.14285714285714285,0.7667449,0.7667449,1.0
oyster,mm,R1,KinCP-ABC,2,4,7,1.0,0.0,1.0739149,1.0739149,1.0
oyster,mm,R1,KinCP-ABC,3,0,8,0.875,0.0,1.34813,1.34813,1.0
oyster,mm,R1,KinCP-ABC,3,1,8,1.0,0.0,0.8019195,0.8019195,1.0
oyster,mm,R1,KinCP-ABC,3,2,7,1.0,0.0,1.0523926,1.0523926,1.0
oyster,mm,R1,KinCP-ABC,3,3,7,1.0,0.0,0.5479573,0.5479573,1.0
oyster,mm,R1,KinCP-ABC,3,4,7,1.0,0.0,0.7327418,0.7327418,1.0
oyster,mm,R1,KinCP-ABC,4,0,8,1.0,0.0,0.7015133,0.7015133,1.0
oyster,mm,R1,KinCP-ABC,4,1,8,1.0,0.0,1.0135411,1.0135411,1.0
oyster,mm,R1,KinCP-ABC,4,2,7,1.0,0.0,1.2036266,1.2036266,1.0
oyster,mm,R1,KinCP-ABC,4,3,7,1.0,0.0,0.85580444,0.85580444,1.0
oyster,mm,R1,KinCP-ABC,4,4,7,1.0,0.0,0.7321171,0.7321171,1.0
oyster,mm,R1,KinCP-ABC,5,0,8,1.0,0.0,0.9085187,0.9085187,1.0
oyster,mm,R1,KinCP-ABC,5,1,8,1.0,0.0,0.7934054,0.7934054,1.0
oyster,mm,R1,KinCP-ABC,5,2,7,1.0,0.0,1.0541247,1.0541247,1.0
oyster,mm,R1,KinCP-ABC,5,3,7,1.0,0.0,0.8273884,0.8273884,1.0
oyster,mm,R1,KinCP-ABC,5,4,7,1.0,0.0,0.97712946,0.97712946,1.0
oyster,mm,R1,SCP,1,0,8,1.0,0.0,0.8709526,0.87095267,0.75
oyster,mm,R1,SCP,1,1,8,1.0,0.0,0.9403819,0.77060866,0.875
oyster,mm,R1,SCP,1,2,7,0.8571428571428571,0.0,1.4522743,1.4522742,1.0
oyster,mm,R1,SCP,1,3,7,1.0,0.0,0.7730767,0.6523574,0.7142857142857143
oyster,mm,R1,SCP,1,4,7,1.0,0.0,1.1584824,1.2212962,0.8571428571428571
oyster,mm,R1,SCP,2,0,8,0.875,0.125,0.4058923,0.5125809,0.875
oyster,mm,R1,SCP,2,1,8,1.0,0.0,1.2708868,0.7398617,0.75
oyster,mm,R1,SCP,2,2,7,1.0,0.0,0.74486786,0.63387805,0.7142857142857143
oyster,mm,R1,SCP,2,3,7,0.8571428571428571,0.14285714285714285,0.7667449,0.9886713,0.8571428571428571
oyster,mm,R1,SCP,2,4,7,1.0,0.0,1.0739149,1.0438946,0.7142857142857143
oyster,mm,R1,SCP,3,0,8,1.0,0.0,1.34813,1.21152,0.75
oyster,mm,R1,SCP,3,1,8,1.0,0.0,0.8019195,0.6646231,0.875
oyster,mm,R1,SCP,3,2,7,1.0,0.0,1.0523926,1.00507,0.5714285714285714
oyster,mm,R1,SCP,3,3,7,1.0,0.0,0.5479573,0.68908656,0.8571428571428571
oyster,mm,R1,SCP,3,4,7,1.0,0.0,0.7327418,0.5690961,0.8571428571428571
oyster,mm,R1,SCP,4,0,8,1.0,0.0,0.7015133,0.8048556,0.875
oyster,mm,R1,SCP,4,1,8,0.875,0.0,1.0135411,1.0441068,0.875
oyster,mm,R1,SCP,4,2,7,1.0,0.0,1.2036266,0.6673221,0.5714285714285714
oyster,mm,R1,SCP,4,3,7,1.0,0.0,0.85580444,0.8852664,0.7142857142857143
oyster,mm,R1,SCP,4,4,7,1.0,0.0,0.7321171,0.5663702,0.8571428571428571
oyster,mm,R1,SCP,5,0,8,1.0,0.0,0.9085187,0.9085187,1.0
oyster,mm,R1,SCP,5,1,8,1.0,0.0,0.7934054,0.6502096,0.875
oyster,mm,R1,SCP,5,2,7,1.0,0.0,1.0541247,0.7947169,0.5714285714285714
oyster,mm,R1,SCP,5,3,7,1.0,0.0,0.8273884,0.75533193,0.5714285714285714
oyster,mm,R1,SCP,5,4,7,1.0,0.0,0.97712946,0.8778286,0.7142857142857143
oyster,mm,R2,CV+,1,0,9,1.0,0.0,-0.31453767,-0.31453767,1.0
oyster,mm,R2,CV+,1,1,4,1.0,0.0,1.4133396,1.229688,0.75
oyster,mm,R2,CV+,1,2,10,0.8,0.1,-0.6105485,-0.61716,0.9
oyster,mm,R2,CV+,1,3,8,1.0,0.0,0.42105877,0.43407837,0.875
oyster,mm,R2,CV+,1,4,6,0.6666666666666666,0.3333333333333333,-0.5144204,-0.51442045,1.0
oyster,mm,R2,CV+,2,0,9,1.0,0.0,-0.31453767,-0.22244832,0.7777777777777778
oyster,mm,R2,CV+,2,1,4,1.0,0.0,1.4133396,1.4133396,1.0
oyster,mm,R2,CV+,2,2,10,0.8,0.1,-0.6105485,-0.70499784,0.9
oyster,mm,R2,CV+,2,3,8,1.0,0.0,0.42105877,0.5143661,0.875
oyster,mm,R2,CV+,2,4,6,0.8333333333333334,0.16666666666666666,-0.5144204,-0.5144204,1.0
oyster,mm,R2,CV+,3,0,9,1.0,0.0,-0.31453767,-0.22838956,0.7777777777777778
oyster,mm,R2,CV+,3,1,4,1.0,0.0,1.4133396,1.4133396,1.0
oyster,mm,R2,CV+,3,2,10,0.8,0.1,-0.6105485,-0.67760766,0.9
oyster,mm,R2,CV+,3,3,8,1.0,0.0,0.42105877,0.42105877,1.0
oyster,mm,R2,CV+,3,4,6,0.8333333333333334,0.16666666666666666,-0.5144204,-0.03462836,0.8333333333333334
oyster,mm,R2,CV+,4,0,9,1.0,0.0,-0.31453767,-0.1610554,0.7777777777777778
oyster,mm,R2,CV+,4,1,4,1.0,0.0,1.4133396,1.1860708,0.75
oyster,mm,R2,CV+,4,2,10,0.8,0.1,-0.6105485,-0.7049979,0.9
oyster,mm,R2,CV+,4,3,8,1.0,0.0,0.42105877,0.52521574,0.875
oyster,mm,R2,CV+,4,4,6,0.8333333333333334,0.16666666666666666,-0.5144204,-0.03462835,0.8333333333333334
oyster,mm,R2,CV+,5,0,9,1.0,0.0,-0.31453767,-0.12837853,0.7777777777777778
oyster,mm,R2,CV+,5,1,4,1.0,0.0,1.4133396,1.4133396,1.0
oyster,mm,R2,CV+,5,2,10,0.8,0.1,-0.6105485,-0.65871775,0.9
oyster,mm,R2,CV+,5,3,8,1.0,0.0,0.42105877,0.4991765,0.875
oyster,mm,R2,CV+,5,4,6,1.0,0.0,-0.5144204,-0.51442045,1.0
oyster,mm,R2,CalPred-style,1,0,9,1.0,0.0,-0.31453767,-0.31453767,1.0
oyster,mm,R2,CalPred-style,1,1,4,1.0,0.0,1.4133396,1.6614987,0.75
oyster,mm,R2,CalPred-style,1,2,10,0.9,0.1,-0.6105485,-0.61054856,1.0
oyster,mm,R2,CalPred-style,1,3,8,0.875,0.125,0.42105877,0.42105877,1.0
oyster,mm,R2,CalPred-style,1,4,6,1.0,0.0,-0.5144204,-0.12936436,0.8333333333333334
oyster,mm,R2,CalPred-style,2,0,9,1.0,0.0,-0.31453767,-0.31453767,1.0
oyster,mm,R2,CalPred-style,2,1,4,1.0,0.0,1.4133396,1.6614987,0.75
oyster,mm,R2,CalPred-style,2,2,10,0.9,0.1,-0.6105485,-0.61054856,1.0
oyster,mm,R2,CalPred-style,2,3,8,0.875,0.125,0.42105877,0.42105877,1.0
oyster,mm,R2,CalPred-style,2,4,6,1.0,0.0,-0.5144204,-0.12936436,0.8333333333333334
oyster,mm,R2,CalPred-style,3,0,9,1.0,0.0,-0.31453767,-0.31453767,1.0
oyster,mm,R2,CalPred-style,3,1,4,1.0,0.0,1.4133396,1.6614987,0.75
oyster,mm,R2,CalPred-style,3,2,10,0.9,0.1,-0.6105485,-0.61054856,1.0
oyster,mm,R2,CalPred-style,3,3,8,0.875,0.125,0.42105877,0.42105877,1.0
oyster,mm,R2,CalPred-style,3,4,6,1.0,0.0,-0.5144204,-0.12936436,0.8333333333333334
oyster,mm,R2,CalPred-style,4,0,9,1.0,0.0,-0.31453767,-0.31453767,1.0
oyster,mm,R2,CalPred-style,4,1,4,1.0,0.0,1.4133396,1.6614987,0.75
oyster,mm,R2,CalPred-style,4,2,10,0.9,0.1,-0.6105485,-0.61054856,1.0
oyster,mm,R2,CalPred-style,4,3,8,0.875,0.125,0.42105877,0.42105877,1.0
oyster,mm,R2,CalPred-style,4,4,6,1.0,0.0,-0.5144204,-0.12936436,0.8333333333333334
oyster,mm,R2,CalPred-style,5,0,9,1.0,0.0,-0.31453767,-0.31453767,1.0
oyster,mm,R2,CalPred-style,5,1,4,1.0,0.0,1.4133396,1.468435,0.75
oyster,mm,R2,CalPred-style,5,2,10,0.9,0.1,-0.6105485,-0.61054856,1.0
oyster,mm,R2,CalPred-style,5,3,8,0.875,0.125,0.42105877,0.42105877,1.0
oyster,mm,R2,CalPred-style,5,4,6,1.0,0.0,-0.5144204,-0.12936436,0.8333333333333334
oyster,mm,R2,Gauss-PEV,1,0,9,1.0,0.0,-0.31453767,-0.15313374,0.7777777777777778
oyster,mm,R2,Gauss-PEV,1,1,4,1.0,0.0,1.4133396,1.4133396,1.0
oyster,mm,R2,Gauss-PEV,1,2,10,1.0,0.0,-0.6105485,-0.7097204,0.9
oyster,mm,R2,Gauss-PEV,1,3,8,0.875,0.125,0.42105877,0.4340784,0.875
oyster,mm,R2,Gauss-PEV,1,4,6,1.0,0.0,-0.5144204,-0.12936437,0.8333333333333334
oyster,mm,R2,Gauss-PEV,2,0,9,1.0,0.0,-0.31453767,-0.15313374,0.7777777777777778
oyster,mm,R2,Gauss-PEV,2,1,4,1.0,0.0,1.4133396,1.4133396,1.0
oyster,mm,R2,Gauss-PEV,2,2,10,1.0,0.0,-0.6105485,-0.7097204,0.9
oyster,mm,R2,Gauss-PEV,2,3,8,0.875,0.125,0.42105877,0.4340784,0.875
oyster,mm,R2,Gauss-PEV,2,4,6,1.0,0.0,-0.5144204,-0.12936437,0.8333333333333334
oyster,mm,R2,Gauss-PEV,3,0,9,1.0,0.0,-0.31453767,-0.15313374,0.7777777777777778
oyster,mm,R2,Gauss-PEV,3,1,4,1.0,0.0,1.4133396,1.4133396,1.0
oyster,mm,R2,Gauss-PEV,3,2,10,1.0,0.0,-0.6105485,-0.7097204,0.9
oyster,mm,R2,Gauss-PEV,3,3,8,0.875,0.125,0.42105877,0.4340784,0.875
oyster,mm,R2,Gauss-PEV,3,4,6,1.0,0.0,-0.5144204,-0.12936437,0.8333333333333334
oyster,mm,R2,Gauss-PEV,4,0,9,1.0,0.0,-0.31453767,-0.15313374,0.7777777777777778
oyster,mm,R2,Gauss-PEV,4,1,4,1.0,0.0,1.4133396,1.4133396,1.0
oyster,mm,R2,Gauss-PEV,4,2,10,1.0,0.0,-0.6105485,-0.7097204,0.9
oyster,mm,R2,Gauss-PEV,4,3,8,0.875,0.125,0.42105877,0.4340784,0.875
oyster,mm,R2,Gauss-PEV,4,4,6,1.0,0.0,-0.5144204,-0.12936437,0.8333333333333334
oyster,mm,R2,Gauss-PEV,5,0,9,1.0,0.0,-0.31453767,-0.15313374,0.7777777777777778
oyster,mm,R2,Gauss-PEV,5,1,4,1.0,0.0,1.4133396,1.4133396,1.0
oyster,mm,R2,Gauss-PEV,5,2,10,1.0,0.0,-0.6105485,-0.7097204,0.9
oyster,mm,R2,Gauss-PEV,5,3,8,0.875,0.125,0.42105877,0.4340784,0.875
oyster,mm,R2,Gauss-PEV,5,4,6,1.0,0.0,-0.5144204,-0.12936437,0.8333333333333334
oyster,mm,R2,KinCP,1,0,9,1.0,0.0,-0.31453767,-0.28879225,0.6666666666666666
oyster,mm,R2,KinCP,1,1,4,1.0,0.0,1.4133396,1.4133396,1.0
oyster,mm,R2,KinCP,1,2,10,0.9,0.1,-0.6105485,-0.72388774,0.9
oyster,mm,R2,KinCP,1,3,8,0.875,0.125,0.42105877,0.4340784,0.875
oyster,mm,R2,KinCP,1,4,6,0.8333333333333334,0.16666666666666666,-0.5144204,-0.62902045,0.8333333333333334
oyster,mm,R2,KinCP,2,0,9,1.0,0.0,-0.31453767,-0.3224593,0.6666666666666666
oyster,mm,R2,KinCP,2,1,4,1.0,0.0,1.4133396,1.4133396,1.0
oyster,mm,R2,KinCP,2,2,10,0.9,0.1,-0.6105485,-0.72388774,0.9
oyster,mm,R2,KinCP,2,3,8,1.0,0.0,0.42105877,0.4991765,0.875
oyster,mm,R2,KinCP,2,4,6,1.0,0.0,-0.5144204,-0.5144204,1.0
oyster,mm,R2,KinCP,3,0,9,1.0,0.0,-0.31453767,-0.28879225,0.6666666666666666
oyster,mm,R2,KinCP,3,1,4,1.0,0.0,1.4133396,1.4133396,1.0
oyster,mm,R2,KinCP,3,2,10,0.9,0.1,-0.6105485,-0.72388774,0.9
oyster,mm,R2,KinCP,3,3,8,1.0,0.0,0.42105877,0.4340784,0.875
oyster,mm,R2,KinCP,3,4,6,0.8333333333333334,0.16666666666666666,-0.5144204,-0.51442045,1.0
oyster,mm,R2,KinCP,4,0,9,1.0,0.0,-0.31453767,-0.15313374,0.7777777777777778
oyster,mm,R2,KinCP,4,1,4,1.0,0.0,1.4133396,1.6614987,0.75
oyster,mm,R2,KinCP,4,2,10,0.9,0.1,-0.6105485,-0.72388774,0.9
oyster,mm,R2,KinCP,4,3,8,0.875,0.125,0.42105877,0.4991765,0.875
oyster,mm,R2,KinCP,4,4,6,0.8333333333333334,0.16666666666666666,-0.5144204,-0.1629804,0.8333333333333334
oyster,mm,R2,KinCP,5,0,9,1.0,0.0,-0.31453767,-0.28186083,0.2222222222222222
oyster,mm,R2,KinCP,5,1,4,1.0,0.0,1.4133396,1.4133396,1.0
oyster,mm,R2,KinCP,5,2,10,0.9,0.1,-0.6105485,-0.72388774,0.9
oyster,mm,R2,KinCP,5,3,8,0.875,0.125,0.42105877,0.4340784,0.875
oyster,mm,R2,KinCP,5,4,6,0.8333333333333334,0.16666666666666666,-0.5144204,-0.51442045,1.0
oyster,mm,R2,KinCP-ABC,1,0,9,1.0,0.0,-0.31453767,-0.31453767,1.0
oyster,mm,R2,KinCP-ABC,1,1,4,1.0,0.0,1.4133396,1.4133396,1.0
oyster,mm,R2,KinCP-ABC,1,2,10,0.8,0.1,-0.6105485,-0.6105485,1.0
oyster,mm,R2,KinCP-ABC,1,3,8,0.875,0.125,0.42105877,0.42105877,1.0
oyster,mm,R2,KinCP-ABC,1,4,6,0.8333333333333334,0.16666666666666666,-0.5144204,-0.5144204,1.0
oyster,mm,R2,KinCP-ABC,2,0,9,1.0,0.0,-0.31453767,-0.31453767,1.0
oyster,mm,R2,KinCP-ABC,2,1,4,1.0,0.0,1.4133396,1.4133396,1.0
oyster,mm,R2,KinCP-ABC,2,2,10,0.8,0.1,-0.6105485,-0.6105485,1.0
oyster,mm,R2,KinCP-ABC,2,3,8,0.875,0.125,0.42105877,0.42105877,1.0
oyster,mm,R2,KinCP-ABC,2,4,6,0.8333333333333334,0.16666666666666666,-0.5144204,-0.5144204,1.0
oyster,mm,R2,KinCP-ABC,3,0,9,1.0,0.0,-0.31453767,-0.31453767,1.0
oyster,mm,R2,KinCP-ABC,3,1,4,1.0,0.0,1.4133396,1.4133396,1.0
oyster,mm,R2,KinCP-ABC,3,2,10,0.8,0.1,-0.6105485,-0.6105485,1.0
oyster,mm,R2,KinCP-ABC,3,3,8,0.875,0.125,0.42105877,0.42105877,1.0
oyster,mm,R2,KinCP-ABC,3,4,6,0.8333333333333334,0.16666666666666666,-0.5144204,-0.5144204,1.0
oyster,mm,R2,KinCP-ABC,4,0,9,1.0,0.0,-0.31453767,-0.31453767,1.0
oyster,mm,R2,KinCP-ABC,4,1,4,1.0,0.0,1.4133396,1.4133396,1.0
oyster,mm,R2,KinCP-ABC,4,2,10,0.8,0.1,-0.6105485,-0.6105485,1.0
oyster,mm,R2,KinCP-ABC,4,3,8,0.875,0.125,0.42105877,0.42105877,1.0
oyster,mm,R2,KinCP-ABC,4,4,6,0.8333333333333334,0.16666666666666666,-0.5144204,-0.5144204,1.0
oyster,mm,R2,KinCP-ABC,5,0,9,1.0,0.0,-0.31453767,-0.31453767,1.0
oyster,mm,R2,KinCP-ABC,5,1,4,1.0,0.0,1.4133396,1.4133396,1.0
oyster,mm,R2,KinCP-ABC,5,2,10,0.8,0.1,-0.6105485,-0.6105485,1.0
oyster,mm,R2,KinCP-ABC,5,3,8,0.875,0.125,0.42105877,0.42105877,1.0
oyster,mm,R2,KinCP-ABC,5,4,6,1.0,0.0,-0.5144204,-0.5144204,1.0
oyster,mm,R2,SCP,1,0,9,0.8888888888888888,0.0,-0.31453767,-0.28384125,0.8888888888888888
oyster,mm,R2,SCP,1,1,4,1.0,0.0,1.4133396,1.0738138,0.5
oyster,mm,R2,SCP,1,2,10,0.8,0.1,-0.6105485,-0.8863406,0.8
oyster,mm,R2,SCP,1,3,8,1.0,0.0,0.42105877,0.7346148,0.5
oyster,mm,R2,SCP,1,4,6,1.0,0.0,-0.5144204,-0.03462835,0.8333333333333334
oyster,mm,R2,SCP,2,0,9,1.0,0.0,-0.31453767,-0.2917629,0.8888888888888888
oyster,mm,R2,SCP,2,1,4,1.0,0.0,1.4133396,1.4454786,0.5
oyster,mm,R2,SCP,2,2,10,0.8,0.1,-0.6105485,-0.6502173,0.8
oyster,mm,R2,SCP,2,3,8,1.0,0.0,0.42105877,0.7834383,0.375
oyster,mm,R2,SCP,2,4,6,1.0,0.0,-0.5144204,-0.034628373,0.8333333333333334
oyster,mm,R2,SCP,3,0,9,1.0,0.0,-0.31453767,-0.16105542,0.7777777777777778
oyster,mm,R2,SCP,3,1,4,1.0,0.0,1.4133396,0.51597226,0.25
oyster,mm,R2,SCP,3,2,10,0.9,0.1,-0.6105485,-0.41503835,0.7
oyster,mm,R2,SCP,3,3,8,1.0,0.0,0.42105877,0.48832682,0.875
oyster,mm,R2,SCP,3,4,6,0.6666666666666666,0.3333333333333333,-0.5144204,-0.51442045,1.0
oyster,mm,R2,SCP,4,0,9,1.0,0.0,-0.31453767,-0.17293791,0.8888888888888888
oyster,mm,R2,SCP,4,1,4,0.75,0.0,1.4133396,1.1378622,0.75
oyster,mm,R2,SCP,4,2,10,0.8,0.1,-0.6105485,-0.68138564,0.8
oyster,mm,R2,SCP,4,3,8,0.875,0.125,0.42105877,0.6988107,0.75
oyster,mm,R2,SCP,4,4,6,0.6666666666666666,0.3333333333333333,-0.5144204,-0.5144204,1.0
oyster,mm,R2,SCP,5,0,9,1.0,0.0,-0.31453767,-0.1739281,0.8888888888888888
oyster,mm,R2,SCP,5,1,4,1.0,0.0,1.4133396,1.5901041,0.75
oyster,mm,R2,SCP,5,2,10,0.8,0.1,-0.6105485,-0.6587177,0.9
oyster,mm,R2,SCP,5,3,8,0.875,0.125,0.42105877,0.3603005,0.75
oyster,mm,R2,SCP,5,4,6,1.0,0.0,-0.5144204,-0.5144204,1.0
pig,PFAI,R1,CV+,1,0,34,0.7941176470588235,0.08823529411764706,0.59829694,0.59829694,1.0
pig,PFAI,R1,CV+,1,1,34,0.7941176470588235,0.058823529411764705,0.5882247,0.60866207,0.9411764705882353
pig,PFAI,R1,CV+,1,2,34,0.7941176470588235,0.0,1.1327162,1.1466402,0.9411764705882353
pig,PFAI,R1,CV+,1,3,34,0.7941176470588235,0.11764705882352941,0.64283264,0.6275769,0.9705882352941176
pig,PFAI,R1,CV+,1,4,34,0.7647058823529411,0.029411764705882353,0.822875,0.8892407,0.9411764705882353
pig,PFAI,R1,CV+,2,0,34,0.8235294117647058,0.08823529411764706,0.5458699,0.5408527,0.9705882352941176
pig,PFAI,R1,CV+,2,1,34,0.5588235294117647,0.20588235294117646,0.7906752,0.7564462,0.9411764705882353
pig,PFAI,R1,CV+,2,2,34,0.6764705882352942,0.08823529411764706,0.8351391,0.85460824,0.9705882352941176
pig,PFAI,R1,CV+,2,3,34,0.8529411764705882,0.029411764705882353,0.7320232,0.7545605,0.9411764705882353
pig,PFAI,R1,CV+,2,4,34,0.7941176470588235,0.0,0.9032504,0.9032504,1.0
pig,PFAI,R1,CV+,3,0,34,0.8235294117647058,0.029411764705882353,0.8219947,0.8219948,1.0
pig,PFAI,R1,CV+,3,1,34,0.7352941176470589,0.20588235294117646,0.19705011,0.24570325,0.9411764705882353
pig,PFAI,R1,CV+,3,2,34,0.8235294117647058,0.029411764705882353,0.6705997,0.7195174,0.9411764705882353
pig,PFAI,R1,CV+,3,3,34,0.6176470588235294,0.08823529411764706,1.2187449,1.2187449,1.0
pig,PFAI,R1,CV+,3,4,34,0.7352941176470589,0.08823529411764706,0.62514716,0.58804435,0.9705882352941176
pig,PFAI,R1,CV+,4,0,34,0.7941176470588235,0.08823529411764706,0.80806345,0.7814681,0.9705882352941176
pig,PFAI,R1,CV+,4,1,34,0.5882352941176471,0.11764705882352941,0.9553379,0.93969893,0.9411764705882353
pig,PFAI,R1,CV+,4,2,34,0.7058823529411765,0.11764705882352941,0.67573404,0.6797053,0.9705882352941176
pig,PFAI,R1,CV+,4,3,34,0.6764705882352942,0.08823529411764706,0.9225083,0.803739,0.9117647058823529
pig,PFAI,R1,CV+,4,4,34,0.7941176470588235,0.11764705882352941,0.4541415,0.4270424,0.9411764705882353
pig,PFAI,R1,CV+,5,0,34,0.7647058823529411,0.08823529411764706,0.6697243,0.6637812,0.9705882352941176
pig,PFAI,R1,CV+,5,1,34,0.7352941176470589,0.08823529411764706,0.7798006,0.77980053,1.0
pig,PFAI,R1,CV+,5,2,34,0.8529411764705882,0.029411764705882353,0.65450907,0.6254052,0.9411764705882353
pig,PFAI,R1,CV+,5,3,34,0.7352941176470589,0.058823529411764705,0.8594663,0.7353709,0.9117647058823529
pig,PFAI,R1,CV+,5,4,34,0.6764705882352942,0.17647058823529413,0.6346308,0.6534087,0.9117647058823529
pig,PFAI,R1,CalPred-style,1,0,34,0.7941176470588235,0.08823529411764706,0.59829694,0.51387054,0.9705882352941176
pig,PFAI,R1,CalPred-style,1,1,34,0.8235294117647058,0.058823529411764705,0.5882247,0.5857417,0.9411764705882353
pig,PFAI,R1,CalPred-style,1,2,34,0.7941176470588235,0.0,1.1327162,1.1327162,1.0
pig,PFAI,R1,CalPred-style,1,3,34,0.7941176470588235,0.11764705882352941,0.64283264,0.645121,0.9705882352941176
pig,PFAI,R1,CalPred-style,1,4,34,0.7647058823529411,0.029411764705882353,0.822875,0.8220942,0.9411764705882353
pig,PFAI,R1,CalPred-style,2,0,34,0.8529411764705882,0.058823529411764705,0.5458699,0.6072336,0.9705882352941176
pig,PFAI,R1,CalPred-style,2,1,34,0.6470588235294118,0.17647058823529413,0.7906752,0.78676337,0.9411764705882353
pig,PFAI,R1,CalPred-style,2,2,34,0.6764705882352942,0.08823529411764706,0.8351391,0.82014775,0.9705882352941176
pig,PFAI,R1,CalPred-style,2,3,34,0.8823529411764706,0.0,0.7320232,0.66656744,0.9411764705882353
pig,PFAI,R1,CalPred-style,2,4,34,0.8235294117647058,0.0,0.9032504,0.8661068,0.9411764705882353
pig,PFAI,R1,CalPred-style,3,0,34,0.8235294117647058,0.029411764705882353,0.8219947,0.7978976,0.9411764705882353
pig,PFAI,R1,CalPred-style,3,1,34,0.7941176470588235,0.14705882352941177,0.19705011,0.1744475,0.9705882352941176
pig,PFAI,R1,CalPred-style,3,2,34,0.8235294117647058,0.029411764705882353,0.6705997,0.65871143,0.9705882352941176
pig,PFAI,R1,CalPred-style,3,3,34,0.6764705882352942,0.058823529411764705,1.2187449,1.2015079,0.9705882352941176
pig,PFAI,R1,CalPred-style,3,4,34,0.7941176470588235,0.058823529411764705,0.62514716,0.59823316,0.9411764705882353
pig,PFAI,R1,CalPred-style,4,0,34,0.7941176470588235,0.08823529411764706,0.80806345,0.8080635,0.9411764705882353
pig,PFAI,R1,CalPred-style,4,1,34,0.6764705882352942,0.058823529411764705,0.9553379,0.96248156,0.9705882352941176
pig,PFAI,R1,CalPred-style,4,2,34,0.7941176470588235,0.029411764705882353,0.67573404,0.6757339,1.0
pig,PFAI,R1,CalPred-style,4,3,34,0.7352941176470589,0.08823529411764706,0.9225083,0.8402224,0.9117647058823529
pig,PFAI,R1,CalPred-style,4,4,34,0.8529411764705882,0.058823529411764705,0.4541415,0.37726468,0.8823529411764706
pig,PFAI,R1,CalPred-style,5,0,34,0.8235294117647058,0.029411764705882353,0.6697243,0.73668367,0.9411764705882353
pig,PFAI,R1,CalPred-style,5,1,34,0.7647058823529411,0.08823529411764706,0.7798006,0.7970653,0.9705882352941176
pig,PFAI,R1,CalPred-style,5,2,34,0.9117647058823529,0.0,0.65450907,0.6195467,0.9411764705882353
pig,PFAI,R1,CalPred-style,5,3,34,0.7352941176470589,0.058823529411764705,0.8594663,0.8561177,0.8823529411764706
pig,PFAI,R1,CalPred-style,5,4,34,0.7058823529411765,0.14705882352941177,0.6346308,0.6306775,0.9117647058823529
pig,PFAI,R1,Gauss-PEV,1,0,34,0.8235294117647058,0.058823529411764705,0.59829694,0.51387054,0.9705882352941176
pig,PFAI,R1,Gauss-PEV,1,1,34,0.8529411764705882,0.058823529411764705,0.5882247,0.5882247,1.0
pig,PFAI,R1,Gauss-PEV,1,2,34,0.8235294117647058,0.0,1.1327162,1.145833,0.9705882352941176
pig,PFAI,R1,Gauss-PEV,1,3,34,0.7941176470588235,0.11764705882352941,0.64283264,0.6451211,0.9705882352941176
pig,PFAI,R1,Gauss-PEV,1,4,34,0.8235294117647058,0.029411764705882353,0.822875,0.82287514,1.0
pig,PFAI,R1,Gauss-PEV,2,0,34,0.8823529411764706,0.029411764705882353,0.5458699,0.5458699,1.0
pig,PFAI,R1,Gauss-PEV,2,1,34,0.7647058823529411,0.08823529411764706,0.7906752,0.7906752,1.0
pig,PFAI,R1,Gauss-PEV,2,2,34,0.7352941176470589,0.058823529411764705,0.8351391,0.8201479,0.9705882352941176
pig,PFAI,R1,Gauss-PEV,2,3,34,0.8823529411764706,0.0,0.7320232,0.69274974,0.9705882352941176
pig,PFAI,R1,Gauss-PEV,2,4,34,0.8529411764705882,0.0,0.9032504,0.90325046,1.0
pig,PFAI,R1,Gauss-PEV,3,0,34,0.8235294117647058,0.029411764705882353,0.8219947,0.8219947,1.0
pig,PFAI,R1,Gauss-PEV,3,1,34,0.8235294117647058,0.11764705882352941,0.19705011,0.22156823,0.9705882352941176
pig,PFAI,R1,Gauss-PEV,3,2,34,0.8529411764705882,0.029411764705882353,0.6705997,0.6452639,0.9705882352941176
pig,PFAI,R1,Gauss-PEV,3,3,34,0.7647058823529411,0.058823529411764705,1.2187449,1.2552233,0.9705882352941176
pig,PFAI,R1,Gauss-PEV,3,4,34,0.7941176470588235,0.058823529411764705,0.62514716,0.6251471,1.0
pig,PFAI,R1,Gauss-PEV,4,0,34,0.8823529411764706,0.029411764705882353,0.80806345,0.80806357,1.0
pig,PFAI,R1,Gauss-PEV,4,1,34,0.7352941176470589,0.029411764705882353,0.9553379,0.9553379,1.0
pig,PFAI,R1,Gauss-PEV,4,2,34,0.7941176470588235,0.029411764705882353,0.67573404,0.675734,1.0
pig,PFAI,R1,Gauss-PEV,4,3,34,0.7352941176470589,0.08823529411764706,0.9225083,0.9225085,1.0
pig,PFAI,R1,Gauss-PEV,4,4,34,0.8823529411764706,0.029411764705882353,0.4541415,0.46029162,0.9705882352941176
pig,PFAI,R1,Gauss-PEV,5,0,34,0.8235294117647058,0.029411764705882353,0.6697243,0.6697243,1.0
pig,PFAI,R1,Gauss-PEV,5,1,34,0.8235294117647058,0.058823529411764705,0.7798006,0.77980053,1.0
pig,PFAI,R1,Gauss-PEV,5,2,34,0.9117647058823529,0.0,0.65450907,0.65450907,1.0
pig,PFAI,R1,Gauss-PEV,5,3,34,0.7941176470588235,0.029411764705882353,0.8594663,0.7808726,0.9411764705882353
pig,PFAI,R1,Gauss-PEV,5,4,34,0.7647058823529411,0.08823529411764706,0.6346308,0.63463074,1.0
pig,PFAI,R1,KinCP,1,0,34,0.7647058823529411,0.11764705882352941,0.59829694,0.5267392,0.9411764705882353
pig,PFAI,R1,KinCP,1,1,34,0.7647058823529411,0.08823529411764706,0.5882247,0.58822477,1.0
pig,PFAI,R1,KinCP,1,2,34,0.7941176470588235,0.0,1.1327162,1.1708564,0.9705882352941176
pig,PFAI,R1,KinCP,1,3,34,0.7941176470588235,0.11764705882352941,0.64283264,0.5921074,0.9411764705882353
pig,PFAI,R1,KinCP,1,4,34,0.7647058823529411,0.029411764705882353,0.822875,0.8861175,0.9117647058823529
pig,PFAI,R1,KinCP,2,0,34,0.7941176470588235,0.11764705882352941,0.5458699,0.5605355,0.9411764705882353
pig,PFAI,R1,KinCP,2,1,34,0.5294117647058824,0.23529411764705882,0.7906752,0.7986946,0.9705882352941176
pig,PFAI,R1,KinCP,2,2,34,0.6764705882352942,0.08823529411764706,0.8351391,0.8084663,0.9705882352941176
pig,PFAI,R1,KinCP,2,3,34,0.8529411764705882,0.029411764705882353,0.7320232,0.6929451,0.9411764705882353
pig,PFAI,R1,KinCP,2,4,34,0.8235294117647058,0.0,0.9032504,0.87621915,0.9705882352941176
pig,PFAI,R1,KinCP,3,0,34,0.8235294117647058,0.029411764705882353,0.8219947,0.8219947,1.0
pig,PFAI,R1,KinCP,3,1,34,0.7352941176470589,0.20588235294117646,0.19705011,0.22156823,0.9705882352941176
pig,PFAI,R1,KinCP,3,2,34,0.8235294117647058,0.029411764705882353,0.6705997,0.67059976,1.0
pig,PFAI,R1,KinCP,3,3,34,0.6176470588235294,0.08823529411764706,1.2187449,1.2187449,1.0
pig,PFAI,R1,KinCP,3,4,34,0.7352941176470589,0.08823529411764706,0.62514716,0.63014543,0.9117647058823529
pig,PFAI,R1,KinCP,4,0,34,0.7941176470588235,0.08823529411764706,0.80806345,0.8233702,0.9705882352941176
pig,PFAI,R1,KinCP,4,1,34,0.5882352941176471,0.11764705882352941,0.9553379,0.960937,0.9705882352941176
pig,PFAI,R1,KinCP,4,2,34,0.7058823529411765,0.11764705882352941,0.67573404,0.5696991,0.9117647058823529
pig,PFAI,R1,KinCP,4,3,34,0.6764705882352942,0.08823529411764706,0.9225083,0.8796801,0.9411764705882353
pig,PFAI,R1,KinCP,4,4,34,0.7941176470588235,0.11764705882352941,0.4541415,0.46605742,0.9117647058823529
pig,PFAI,R1,KinCP,5,0,34,0.7647058823529411,0.08823529411764706,0.6697243,0.6697243,1.0
pig,PFAI,R1,KinCP,5,1,34,0.7352941176470589,0.08823529411764706,0.7798006,0.7796088,0.9705882352941176
pig,PFAI,R1,KinCP,5,2,34,0.8529411764705882,0.029411764705882353,0.65450907,0.63390964,0.9705882352941176
pig,PFAI,R1,KinCP,5,3,34,0.7058823529411765,0.08823529411764706,0.8594663,0.78540295,0.9411764705882353
pig,PFAI,R1,KinCP,5,4,34,0.6470588235294118,0.20588235294117646,0.6346308,0.6543971,0.9705882352941176
pig,PFAI,R1,KinCP-ABC,1,0,34,0.7647058823529411,0.11764705882352941,0.59829694,0.59829694,1.0
pig,PFAI,R1,KinCP-ABC,1,1,34,0.7647058823529411,0.08823529411764706,0.5882247,0.5882247,1.0
pig,PFAI,R1,KinCP-ABC,1,2,34,0.7941176470588235,0.0,1.1327162,1.1327162,1.0
pig,PFAI,R1,KinCP-ABC,1,3,34,0.7941176470588235,0.11764705882352941,0.64283264,0.64283264,1.0
pig,PFAI,R1,KinCP-ABC,1,4,34,0.7647058823529411,0.029411764705882353,0.822875,0.822875,1.0
pig,PFAI,R1,KinCP-ABC,2,0,34,0.7941176470588235,0.11764705882352941,0.5458699,0.5458699,1.0
pig,PFAI,R1,KinCP-ABC,2,1,34,0.5294117647058824,0.23529411764705882,0.7906752,0.7906752,1.0
pig,PFAI,R1,KinCP-ABC,2,2,34,0.6764705882352942,0.08823529411764706,0.8351391,0.8351391,1.0
pig,PFAI,R1,KinCP-ABC,2,3,34,0.8529411764705882,0.029411764705882353,0.7320232,0.7320232,1.0
pig,PFAI,R1,KinCP-ABC,2,4,34,0.8235294117647058,0.0,0.9032504,0.9032504,1.0
pig,PFAI,R1,KinCP-ABC,3,0,34,0.8235294117647058,0.029411764705882353,0.8219947,0.8219947,1.0
pig,PFAI,R1,KinCP-ABC,3,1,34,0.7352941176470589,0.20588235294117646,0.19705011,0.19705011,1.0
pig,PFAI,R1,KinCP-ABC,3,2,34,0.8235294117647058,0.029411764705882353,0.6705997,0.6705997,1.0
pig,PFAI,R1,KinCP-ABC,3,3,34,0.6176470588235294,0.08823529411764706,1.2187449,1.2187449,1.0
pig,PFAI,R1,KinCP-ABC,3,4,34,0.7352941176470589,0.08823529411764706,0.62514716,0.62514716,1.0
pig,PFAI,R1,KinCP-ABC,4,0,34,0.7941176470588235,0.08823529411764706,0.80806345,0.80806345,1.0
pig,PFAI,R1,KinCP-ABC,4,1,34,0.5882352941176471,0.11764705882352941,0.9553379,0.9553379,1.0
pig,PFAI,R1,KinCP-ABC,4,2,34,0.7058823529411765,0.11764705882352941,0.67573404,0.67573404,1.0
pig,PFAI,R1,KinCP-ABC,4,3,34,0.6764705882352942,0.08823529411764706,0.9225083,0.9225083,1.0
pig,PFAI,R1,KinCP-ABC,4,4,34,0.7941176470588235,0.11764705882352941,0.4541415,0.4541415,1.0
pig,PFAI,R1,KinCP-ABC,5,0,34,0.7647058823529411,0.08823529411764706,0.6697243,0.6697243,1.0
pig,PFAI,R1,KinCP-ABC,5,1,34,0.7352941176470589,0.08823529411764706,0.7798006,0.7798006,1.0
pig,PFAI,R1,KinCP-ABC,5,2,34,0.8235294117647058,0.058823529411764705,0.65450907,0.65450907,1.0
pig,PFAI,R1,KinCP-ABC,5,3,34,0.7058823529411765,0.08823529411764706,0.8594663,0.8594663,1.0
pig,PFAI,R1,KinCP-ABC,5,4,34,0.6470588235294118,0.20588235294117646,0.6346308,0.6346308,1.0
pig,PFAI,R1,SCP,1,0,34,0.7941176470588235,0.08823529411764706,0.59829694,0.5724318,0.8823529411764706
pig,PFAI,R1,SCP,1,1,34,0.7941176470588235,0.058823529411764705,0.5882247,0.57084346,0.9117647058823529
pig,PFAI,R1,SCP,1,2,34,0.7941176470588235,0.0,1.1327162,1.1704527,0.9117647058823529
pig,PFAI,R1,SCP,1,3,34,0.7647058823529411,0.11764705882352941,0.64283264,0.67486966,0.8823529411764706
pig,PFAI,R1,SCP,1,4,34,0.7941176470588235,0.029411764705882353,0.822875,0.874406,0.8235294117647058
pig,PFAI,R1,SCP,2,0,34,0.8235294117647058,0.08823529411764706,0.5458699,0.5246434,0.9411764705882353
pig,PFAI,R1,SCP,2,1,34,0.7647058823529411,0.08823529411764706,0.7906752,0.45444813,0.8823529411764706
pig,PFAI,R1,SCP,2,2,34,0.7352941176470589,0.058823529411764705,0.8351391,0.7597933,0.9411764705882353
pig,PFAI,R1,SCP,2,3,34,0.8529411764705882,0.029411764705882353,0.7320232,0.71072567,0.9411764705882353
pig,PFAI,R1,SCP,2,4,34,0.8235294117647058,0.0,0.9032504,0.9401998,0.9411764705882353
pig,PFAI,R1,SCP,3,0,34,0.7352941176470589,0.11764705882352941,0.8219947,0.8958408,0.9117647058823529
pig,PFAI,R1,SCP,3,1,34,0.6764705882352942,0.2647058823529412,0.19705011,0.2801818,0.9411764705882353
pig,PFAI,R1,SCP,3,2,34,0.7352941176470589,0.08823529411764706,0.6705997,0.859839,0.8823529411764706
pig,PFAI,R1,SCP,3,3,34,0.6176470588235294,0.08823529411764706,1.2187449,1.219747,0.8823529411764706
pig,PFAI,R1,SCP,3,4,34,0.7058823529411765,0.08823529411764706,0.62514716,0.66590255,0.8823529411764706
pig,PFAI,R1,SCP,4,0,34,0.7941176470588235,0.08823529411764706,0.80806345,0.7579341,0.9117647058823529
pig,PFAI,R1,SCP,4,1,34,0.6176470588235294,0.08823529411764706,0.9553379,0.97367996,0.8529411764705882
pig,PFAI,R1,SCP,4,2,34,0.7647058823529411,0.058823529411764705,0.67573404,0.63343924,0.9411764705882353
pig,PFAI,R1,SCP,4,3,34,0.6764705882352942,0.08823529411764706,0.9225083,0.8094891,0.8823529411764706
pig,PFAI,R1,SCP,4,4,34,0.8235294117647058,0.08823529411764706,0.4541415,0.45260394,0.8823529411764706
pig,PFAI,R1,SCP,5,0,34,0.7647058823529411,0.08823529411764706,0.6697243,0.7543149,0.9117647058823529
pig,PFAI,R1,SCP,5,1,34,0.7352941176470589,0.08823529411764706,0.7798006,0.75524634,0.9117647058823529
pig,PFAI,R1,SCP,5,2,34,0.8235294117647058,0.058823529411764705,0.65450907,0.71441746,0.8823529411764706
pig,PFAI,R1,SCP,5,3,34,0.7352941176470589,0.058823529411764705,0.8594663,0.7412802,0.8529411764705882
pig,PFAI,R1,SCP,5,4,34,0.5588235294117647,0.29411764705882354,0.6346308,0.687802,0.8529411764705882
pig,PFAI,R2,CV+,1,0,71,0.9436619718309859,0.0,-0.07836549,-0.15732111,0.8732394366197183
pig,PFAI,R2,CV+,1,1,24,0.7083333333333334,0.0,0.8700264,0.9695268,0.9166666666666666
pig,PFAI,R2,CV+,1,2,13,0.9230769230769231,0.0,0.43777514,0.43777514,1.0
pig,PFAI,R2,CV+,1,3,49,0.7551020408163265,0.1836734693877551,-0.099291004,-0.06563322,0.9387755102040817
pig,PFAI,R2,CV+,1,4,13,0.8461538461538461,0.0,0.53233093,0.47201866,0.8461538461538461
pig,PFAI,R2,CV+,2,0,71,0.9436619718309859,0.0,-0.07836549,-0.17032251,0.9436619718309859
pig,PFAI,R2,CV+,2,1,24,0.7083333333333334,0.0,0.8700264,0.913933,0.9583333333333334
pig,PFAI,R2,CV+,2,2,13,0.9230769230769231,0.0,0.43777514,0.40045136,0.9230769230769231
pig,PFAI,R2,CV+,2,3,49,0.7551020408163265,0.1836734693877551,-0.099291004,-0.066680945,0.9591836734693877
pig,PFAI,R2,CV+,2,4,13,0.8461538461538461,0.0,0.53233093,0.49162012,0.8461538461538461
pig,PFAI,R2,CV+,3,0,71,0.9436619718309859,0.0,-0.07836549,-0.1451807,0.9577464788732394
pig,PFAI,R2,CV+,3,1,24,0.7083333333333334,0.0,0.8700264,0.913933,0.9583333333333334
pig,PFAI,R2,CV+,3,2,13,0.9230769230769231,0.0,0.43777514,0.40852138,0.9230769230769231
pig,PFAI,R2,CV+,3,3,49,0.7551020408163265,0.1836734693877551,-0.099291004,-0.08737326,0.8979591836734694
pig,PFAI,R2,CV+,3,4,13,0.8461538461538461,0.0,0.53233093,0.49162012,0.8461538461538461
pig,PFAI,R2,CV+,4,0,71,0.9436619718309859,0.0,-0.07836549,-0.14552511,0.9436619718309859
pig,PFAI,R2,CV+,4,1,24,0.7083333333333334,0.0,0.8700264,0.8614978,0.9583333333333334
pig,PFAI,R2,CV+,4,2,13,0.9230769230769231,0.0,0.43777514,0.40045136,0.9230769230769231
pig,PFAI,R2,CV+,4,3,49,0.7551020408163265,0.1836734693877551,-0.099291004,-0.15403397,0.9183673469387755
pig,PFAI,R2,CV+,4,4,13,0.8461538461538461,0.0,0.53233093,0.4770447,0.7692307692307693
pig,PFAI,R2,CV+,5,0,71,0.9436619718309859,0.0,-0.07836549,-0.11943617,0.9436619718309859
pig,PFAI,R2,CV+,5,1,24,0.7083333333333334,0.0,0.8700264,0.96163005,0.9166666666666666
pig,PFAI,R2,CV+,5,2,13,0.9230769230769231,0.0,0.43777514,0.54772884,0.9230769230769231
pig,PFAI,R2,CV+,5,3,49,0.7551020408163265,0.1836734693877551,-0.099291004,-0.06301395,0.9387755102040817
pig,PFAI,R2,CV+,5,4,13,0.8461538461538461,0.0,0.53233093,0.5634923,0.7692307692307693
pig,PFAI,R2,CalPred-style,1,0,71,0.9577464788732394,0.0,-0.07836549,-0.17970765,0.8873239436619719
pig,PFAI,R2,CalPred-style,1,1,24,0.875,0.0,0.8700264,0.7443085,0.8333333333333334
pig,PFAI,R2,CalPred-style,1,2,13,0.9230769230769231,0.0,0.43777514,0.3984339,0.9230769230769231
pig,PFAI,R2,CalPred-style,1,3,49,0.9183673469387755,0.04081632653061224,-0.099291004,-0.07820578,0.6938775510204082
pig,PFAI,R2,CalPred-style,1,4,13,1.0,0.0,0.53233093,0.3745137,0.6153846153846154
pig,PFAI,R2,CalPred-style,2,0,71,0.9577464788732394,0.0,-0.07836549,-0.17970765,0.8873239436619719
pig,PFAI,R2,CalPred-style,2,1,24,0.875,0.0,0.8700264,0.7443085,0.8333333333333334
pig,PFAI,R2,CalPred-style,2,2,13,0.9230769230769231,0.0,0.43777514,0.3984339,0.9230769230769231
pig,PFAI,R2,CalPred-style,2,3,49,0.9183673469387755,0.04081632653061224,-0.099291004,-0.08632555,0.7346938775510204
pig,PFAI,R2,CalPred-style,2,4,13,1.0,0.0,0.53233093,0.3745137,0.6153846153846154
pig,PFAI,R2,CalPred-style,3,0,71,0.9577464788732394,0.0,-0.07836549,-0.19331178,0.8591549295774648
pig,PFAI,R2,CalPred-style,3,1,24,0.875,0.0,0.8700264,0.7721054,0.9583333333333334
pig,PFAI,R2,CalPred-style,3,2,13,0.9230769230769231,0.0,0.43777514,0.3984339,0.9230769230769231
pig,PFAI,R2,CalPred-style,3,3,49,0.9183673469387755,0.04081632653061224,-0.099291004,-0.07820577,0.7142857142857143
pig,PFAI,R2,CalPred-style,3,4,13,1.0,0.0,0.53233093,0.3745137,0.6153846153846154
pig,PFAI,R2,CalPred-style,4,0,71,0.9577464788732394,0.0,-0.07836549,-0.13605386,0.9154929577464789
pig,PFAI,R2,CalPred-style,4,1,24,0.875,0.0,0.8700264,0.8397024,0.875
pig,PFAI,R2,CalPred-style,4,2,13,0.9230769230769231,0.0,0.43777514,0.3984339,0.9230769230769231
pig,PFAI,R2,CalPred-style,4,3,49,0.9183673469387755,0.04081632653061224,-0.099291004,-0.0913022,0.673469387755102
pig,PFAI,R2,CalPred-style,4,4,13,1.0,0.0,0.53233093,0.58811986,0.9230769230769231
pig,PFAI,R2,CalPred-style,5,0,71,0.9577464788732394,0.0,-0.07836549,-0.17970765,0.8873239436619719
pig,PFAI,R2,CalPred-style,5,1,24,0.875,0.0,0.8700264,0.7443085,0.8333333333333334
pig,PFAI,R2,CalPred-style,5,2,13,0.9230769230769231,0.0,0.43777514,0.3984339,0.9230769230769231
pig,PFAI,R2,CalPred-style,5,3,49,0.9183673469387755,0.04081632653061224,-0.099291004,-0.07820579,0.6938775510204082
pig,PFAI,R2,CalPred-style,5,4,13,1.0,0.0,0.53233093,0.3745137,0.6153846153846154
pig,PFAI,R2,Gauss-PEV,1,0,71,0.971830985915493,0.0,-0.07836549,-0.14035898,0.9436619718309859
pig,PFAI,R2,Gauss-PEV,1,1,24,0.7916666666666666,0.0,0.8700264,0.9126695,0.9166666666666666
pig,PFAI,R2,Gauss-PEV,1,2,13,0.9230769230769231,0.0,0.43777514,0.43777514,1.0
pig,PFAI,R2,Gauss-PEV,1,3,49,0.8775510204081632,0.061224489795918366,-0.099291004,-0.13111529,0.9591836734693877
pig,PFAI,R2,Gauss-PEV,1,4,13,1.0,0.0,0.53233093,0.58811986,0.9230769230769231
pig,PFAI,R2,Gauss-PEV,2,0,71,0.971830985915493,0.0,-0.07836549,-0.14035898,0.9436619718309859
pig,PFAI,R2,Gauss-PEV,2,1,24,0.7916666666666666,0.0,0.8700264,0.9126695,0.9166666666666666
pig,PFAI,R2,Gauss-PEV,2,2,13,0.9230769230769231,0.0,0.43777514,0.43777514,1.0
pig,PFAI,R2,Gauss-PEV,2,3,49,0.8775510204081632,0.061224489795918366,-0.099291004,-0.13111529,0.9591836734693877
pig,PFAI,R2,Gauss-PEV,2,4,13,1.0,0.0,0.53233093,0.58811986,0.9230769230769231
pig,PFAI,R2,Gauss-PEV,3,0,71,0.971830985915493,0.0,-0.07836549,-0.14035898,0.9436619718309859
pig,PFAI,R2,Gauss-PEV,3,1,24,0.7916666666666666,0.0,0.8700264,0.9126695,0.9166666666666666
pig,PFAI,R2,Gauss-PEV,3,2,13,0.9230769230769231,0.0,0.43777514,0.43777514,1.0
pig,PFAI,R2,Gauss-PEV,3,3,49,0.8775510204081632,0.061224489795918366,-0.099291004,-0.13111529,0.9591836734693877
pig,PFAI,R2,Gauss-PEV,3,4,13,1.0,0.0,0.53233093,0.58811986,0.9230769230769231
pig,PFAI,R2,Gauss-PEV,4,0,71,0.971830985915493,0.0,-0.07836549,-0.14035898,0.9436619718309859
pig,PFAI,R2,Gauss-PEV,4,1,24,0.7916666666666666,0.0,0.8700264,0.9126695,0.9166666666666666
pig,PFAI,R2,Gauss-PEV,4,2,13,0.9230769230769231,0.0,0.43777514,0.43777514,1.0
pig,PFAI,R2,Gauss-PEV,4,3,49,0.8775510204081632,0.061224489795918366,-0.099291004,-0.13111529,0.9591836734693877
pig,PFAI,R2,Gauss-PEV,4,4,13,1.0,0.0,0.53233093,0.58811986,0.9230769230769231
pig,PFAI,R2,Gauss-PEV,5,0,71,0.971830985915493,0.0,-0.07836549,-0.14035898,0.9436619718309859
pig,PFAI,R2,Gauss-PEV,5,1,24,0.7916666666666666,0.0,0.8700264,0.9126695,0.9166666666666666
pig,PFAI,R2,Gauss-PEV,5,2,13,0.9230769230769231,0.0,0.43777514,0.43777514,1.0
pig,PFAI,R2,Gauss-PEV,5,3,49,0.8775510204081632,0.061224489795918366,-0.099291004,-0.13111529,0.9591836734693877
pig,PFAI,R2,Gauss-PEV,5,4,13,1.0,0.0,0.53233093,0.58811986,0.9230769230769231
pig,PFAI,R2,KinCP,1,0,71,0.9577464788732394,0.0,-0.07836549,-0.12821856,0.9014084507042254
pig,PFAI,R2,KinCP,1,1,24,0.7083333333333334,0.0,0.8700264,0.70292884,0.7916666666666666
pig,PFAI,R2,KinCP,1,2,13,0.9230769230769231,0.0,0.43777514,0.2501477,0.8461538461538461
pig,PFAI,R2,KinCP,1,3,49,0.7346938775510204,0.20408163265306123,-0.099291004,-0.18769173,0.7959183673469388
pig,PFAI,R2,KinCP,1,4,13,0.8461538461538461,0.0,0.53233093,0.39009443,0.8461538461538461
pig,PFAI,R2,KinCP,2,0,71,0.9577464788732394,0.0,-0.07836549,-0.13665658,0.8873239436619719
pig,PFAI,R2,KinCP,2,1,24,0.7083333333333334,0.0,0.8700264,0.70292884,0.7916666666666666
pig,PFAI,R2,KinCP,2,2,13,0.9230769230769231,0.0,0.43777514,0.25014767,0.8461538461538461
pig,PFAI,R2,KinCP,2,3,49,0.7346938775510204,0.20408163265306123,-0.099291004,-0.1962044,0.7959183673469388
pig,PFAI,R2,KinCP,2,4,13,0.8461538461538461,0.0,0.53233093,0.39009443,0.8461538461538461
pig,PFAI,R2,KinCP,3,0,71,0.9577464788732394,0.0,-0.07836549,-0.10230186,0.8873239436619719
pig,PFAI,R2,KinCP,3,1,24,0.7083333333333334,0.0,0.8700264,1.0200669,0.875
pig,PFAI,R2,KinCP,3,2,13,0.9230769230769231,0.0,0.43777514,0.40045136,0.9230769230769231
pig,PFAI,R2,KinCP,3,3,49,0.7346938775510204,0.20408163265306123,-0.099291004,-0.1962044,0.7959183673469388
pig,PFAI,R2,KinCP,3,4,13,0.8461538461538461,0.0,0.53233093,0.39009443,0.8461538461538461
pig,PFAI,R2,KinCP,4,0,71,0.9577464788732394,0.0,-0.07836549,-0.12821858,0.9014084507042254
pig,PFAI,R2,KinCP,4,1,24,0.7083333333333334,0.0,0.8700264,0.8662359,0.875
pig,PFAI,R2,KinCP,4,2,13,0.9230769230769231,0.0,0.43777514,0.40045136,0.9230769230769231
pig,PFAI,R2,KinCP,4,3,49,0.7346938775510204,0.20408163265306123,-0.099291004,-0.17786942,0.7959183673469388
pig,PFAI,R2,KinCP,4,4,13,0.8461538461538461,0.0,0.53233093,0.5363518,0.8461538461538461
pig,PFAI,R2,KinCP,5,0,71,0.9577464788732394,0.0,-0.07836549,-0.13613997,0.8873239436619719
pig,PFAI,R2,KinCP,5,1,24,0.7083333333333334,0.0,0.8700264,0.7515735,0.8333333333333334
pig,PFAI,R2,KinCP,5,2,13,0.9230769230769231,0.0,0.43777514,0.31369892,0.7692307692307693
pig,PFAI,R2,KinCP,5,3,49,0.7346938775510204,0.20408163265306123,-0.099291004,-0.19947852,0.7959183673469388
pig,PFAI,R2,KinCP,5,4,13,0.8461538461538461,0.0,0.53233093,0.39009443,0.8461538461538461
pig,PFAI,R2,KinCP-ABC,1,0,71,0.9436619718309859,0.0,-0.07836549,-0.07836549,1.0
pig,PFAI,R2,KinCP-ABC,1,1,24,0.7083333333333334,0.0,0.8700264,0.8700264,1.0
pig,PFAI,R2,KinCP-ABC,1,2,13,0.9230769230769231,0.0,0.43777514,0.43777514,1.0
pig,PFAI,R2,KinCP-ABC,1,3,49,0.7346938775510204,0.20408163265306123,-0.099291004,-0.099291004,1.0
pig,PFAI,R2,KinCP-ABC,1,4,13,0.8461538461538461,0.0,0.53233093,0.53233093,1.0
pig,PFAI,R2,KinCP-ABC,2,0,71,0.9436619718309859,0.0,-0.07836549,-0.07836549,1.0
pig,PFAI,R2,KinCP-ABC,2,1,24,0.7083333333333334,0.0,0.8700264,0.8700264,1.0
pig,PFAI,R2,KinCP-ABC,2,2,13,0.9230769230769231,0.0,0.43777514,0.43777514,1.0
pig,PFAI,R2,KinCP-ABC,2,3,49,0.7346938775510204,0.20408163265306123,-0.099291004,-0.099291004,1.0
pig,PFAI,R2,KinCP-ABC,2,4,13,0.8461538461538461,0.0,0.53233093,0.53233093,1.0
pig,PFAI,R2,KinCP-ABC,3,0,71,0.9436619718309859,0.0,-0.07836549,-0.07836549,1.0
pig,PFAI,R2,KinCP-ABC,3,1,24,0.7083333333333334,0.0,0.8700264,0.8700264,1.0
pig,PFAI,R2,KinCP-ABC,3,2,13,0.9230769230769231,0.0,0.43777514,0.43777514,1.0
pig,PFAI,R2,KinCP-ABC,3,3,49,0.7346938775510204,0.20408163265306123,-0.099291004,-0.099291004,1.0
pig,PFAI,R2,KinCP-ABC,3,4,13,0.8461538461538461,0.0,0.53233093,0.53233093,1.0
pig,PFAI,R2,KinCP-ABC,4,0,71,0.9436619718309859,0.0,-0.07836549,-0.07836549,1.0
pig,PFAI,R2,KinCP-ABC,4,1,24,0.7083333333333334,0.0,0.8700264,0.8700264,1.0
pig,PFAI,R2,KinCP-ABC,4,2,13,0.9230769230769231,0.0,0.43777514,0.43777514,1.0
pig,PFAI,R2,KinCP-ABC,4,3,49,0.7346938775510204,0.20408163265306123,-0.099291004,-0.099291004,1.0
pig,PFAI,R2,KinCP-ABC,4,4,13,0.8461538461538461,0.0,0.53233093,0.53233093,1.0
pig,PFAI,R2,KinCP-ABC,5,0,71,0.9436619718309859,0.0,-0.07836549,-0.07836549,1.0
pig,PFAI,R2,KinCP-ABC,5,1,24,0.7083333333333334,0.0,0.8700264,0.8700264,1.0
pig,PFAI,R2,KinCP-ABC,5,2,13,0.9230769230769231,0.0,0.43777514,0.43777514,1.0
pig,PFAI,R2,KinCP-ABC,5,3,49,0.7346938775510204,0.20408163265306123,-0.099291004,-0.099291004,1.0
pig,PFAI,R2,KinCP-ABC,5,4,13,0.8461538461538461,0.0,0.53233093,0.53233093,1.0
pig,PFAI,R2,SCP,1,0,71,0.9436619718309859,0.0,-0.07836549,-0.044355158,0.7464788732394366
pig,PFAI,R2,SCP,1,1,24,0.75,0.0,0.8700264,1.2740299,0.5416666666666666
pig,PFAI,R2,SCP,1,2,13,0.9230769230769231,0.0,0.43777514,-0.0660953,0.6923076923076923
pig,PFAI,R2,SCP,1,3,49,0.7142857142857143,0.22448979591836735,-0.099291004,-0.2151942,0.7551020408163265
pig,PFAI,R2,SCP,1,4,13,0.8461538461538461,0.0,0.53233093,0.19960795,0.5384615384615384
pig,PFAI,R2,SCP,2,0,71,0.9436619718309859,0.0,-0.07836549,-0.2038162,0.7605633802816901
pig,PFAI,R2,SCP,2,1,24,0.6666666666666666,0.041666666666666664,0.8700264,0.7727371,0.7083333333333334
pig,PFAI,R2,SCP,2,2,13,0.9230769230769231,0.0,0.43777514,0.77167124,0.6153846153846154
pig,PFAI,R2,SCP,2,3,49,0.7346938775510204,0.20408163265306123,-0.099291004,-0.16149893,0.6530612244897959
pig,PFAI,R2,SCP,2,4,13,0.8461538461538461,0.0,0.53233093,0.5087086,0.6923076923076923
pig,PFAI,R2,SCP,3,0,71,0.9295774647887324,0.0,-0.07836549,-0.14259765,0.676056338028169
pig,PFAI,R2,SCP,3,1,24,0.7083333333333334,0.0,0.8700264,1.2980362,0.75
pig,PFAI,R2,SCP,3,2,13,0.9230769230769231,0.0,0.43777514,0.5537813,0.7692307692307693
pig,PFAI,R2,SCP,3,3,49,0.7755102040816326,0.16326530612244897,-0.099291004,-0.14106853,0.8163265306122449
pig,PFAI,R2,SCP,3,4,13,0.9230769230769231,0.0,0.53233093,0.5016722,0.8461538461538461
pig,PFAI,R2,SCP,4,0,71,0.9436619718309859,0.0,-0.07836549,-0.15146616,0.7183098591549296
pig,PFAI,R2,SCP,4,1,24,0.7083333333333334,0.0,0.8700264,0.9123536,0.5416666666666666
pig,PFAI,R2,SCP,4,2,13,0.9230769230769231,0.0,0.43777514,0.2940283,0.6153846153846154
pig,PFAI,R2,SCP,4,3,49,0.7551020408163265,0.1836734693877551,-0.099291004,0.040578607,0.7959183673469388
pig,PFAI,R2,SCP,4,4,13,0.8461538461538461,0.0,0.53233093,0.48156813,0.7692307692307693
pig,PFAI,R2,SCP,5,0,71,0.9295774647887324,0.014084507042253521,-0.07836549,-0.16722284,0.6338028169014085
pig,PFAI,R2,SCP,5,1,24,0.7083333333333334,0.0,0.8700264,1.2749774,0.625
pig,PFAI,R2,SCP,5,2,13,0.9230769230769231,0.0,0.43777514,0.123549625,0.8461538461538461
pig,PFAI,R2,SCP,5,3,49,0.7959183673469388,0.14285714285714285,-0.099291004,0.052889246,0.7142857142857143
pig,PFAI,R2,SCP,5,4,13,0.8461538461538461,0.0,0.53233093,0.52479196,0.6153846153846154
pine,c5c6,R1,CV+,1,0,18,0.8333333333333334,0.05555555555555555,1.6485233,1.6637001,0.9444444444444444
pine,c5c6,R1,CV+,1,1,18,0.8888888888888888,0.05555555555555555,1.6242231,1.686386,0.9444444444444444
pine,c5c6,R1,CV+,1,2,18,1.0,0.0,1.533149,1.5331491,1.0
pine,c5c6,R1,CV+,1,3,18,0.9444444444444444,0.0,1.6933842,1.7227169,0.9444444444444444
pine,c5c6,R1,CV+,1,4,18,0.8333333333333334,0.16666666666666666,1.1286349,1.1308135,0.9444444444444444
pine,c5c6,R1,CV+,2,0,18,0.8333333333333334,0.16666666666666666,1.3562019,1.3562016,1.0
pine,c5c6,R1,CV+,2,1,18,0.9444444444444444,0.05555555555555555,1.5155412,1.5155413,1.0
pine,c5c6,R1,CV+,2,2,18,0.8888888888888888,0.0,1.6967115,1.6664673,0.8888888888888888
pine,c5c6,R1,CV+,2,3,18,0.9444444444444444,0.05555555555555555,1.4668887,1.4953854,0.9444444444444444
pine,c5c6,R1,CV+,2,4,18,0.9444444444444444,0.0,1.5585834,1.5473962,0.8888888888888888
pine,c5c6,R1,CV+,3,0,18,0.7777777777777778,0.1111111111111111,1.6825995,1.7619884,0.9444444444444444
pine,c5c6,R1,CV+,3,1,18,0.8333333333333334,0.1111111111111111,1.5606791,1.5962819,0.9444444444444444
pine,c5c6,R1,CV+,3,2,18,0.8888888888888888,0.05555555555555555,1.5227842,1.5230281,0.9444444444444444
pine,c5c6,R1,CV+,3,3,18,1.0,0.0,1.4708879,1.4941598,0.9444444444444444
pine,c5c6,R1,CV+,3,4,18,0.9444444444444444,0.05555555555555555,1.2397109,1.266404,0.9444444444444444
pine,c5c6,R1,CV+,4,0,18,0.8888888888888888,0.05555555555555555,1.9609454,1.9609454,1.0
pine,c5c6,R1,CV+,4,1,18,0.9444444444444444,0.05555555555555555,1.5839565,1.5839565,1.0
pine,c5c6,R1,CV+,4,2,18,0.8333333333333334,0.05555555555555555,1.3258184,1.2943528,0.9444444444444444
pine,c5c6,R1,CV+,4,3,18,0.8333333333333334,0.05555555555555555,1.4065048,1.453785,0.9444444444444444
pine,c5c6,R1,CV+,4,4,18,0.8888888888888888,0.05555555555555555,1.3434875,1.358851,0.9444444444444444
pine,c5c6,R1,CV+,5,0,18,0.7777777777777778,0.1111111111111111,1.289304,1.289304,1.0
pine,c5c6,R1,CV+,5,1,18,0.7777777777777778,0.1111111111111111,1.4878081,1.5073285,0.8888888888888888
pine,c5c6,R1,CV+,5,2,18,1.0,0.0,1.6847758,1.6850774,0.9444444444444444
pine,c5c6,R1,CV+,5,3,18,0.8888888888888888,0.1111111111111111,1.709561,1.7909627,0.9444444444444444
pine,c5c6,R1,CV+,5,4,18,0.9444444444444444,0.05555555555555555,1.5686498,1.5686498,1.0
pine,c5c6,R1,CalPred-style,1,0,18,0.8333333333333334,0.05555555555555555,1.6485233,1.628577,0.9444444444444444
pine,c5c6,R1,CalPred-style,1,1,18,0.7777777777777778,0.1111111111111111,1.6242231,1.6876032,0.9444444444444444
pine,c5c6,R1,CalPred-style,1,2,18,0.9444444444444444,0.05555555555555555,1.533149,1.533149,1.0
pine,c5c6,R1,CalPred-style,1,3,18,0.9444444444444444,0.05555555555555555,1.6933842,1.7432692,0.9444444444444444
pine,c5c6,R1,CalPred-style,1,4,18,0.8888888888888888,0.1111111111111111,1.1286349,1.1208364,0.8333333333333334
pine,c5c6,R1,CalPred-style,2,0,18,0.7777777777777778,0.2222222222222222,1.3562019,1.3562018,1.0
pine,c5c6,R1,CalPred-style,2,1,18,0.9444444444444444,0.05555555555555555,1.5155412,1.5904803,0.9444444444444444
pine,c5c6,R1,CalPred-style,2,2,18,0.8888888888888888,0.0,1.6967115,1.5685085,0.8888888888888888
pine,c5c6,R1,CalPred-style,2,3,18,0.8333333333333334,0.1111111111111111,1.4668887,1.4324951,0.8333333333333334
pine,c5c6,R1,CalPred-style,2,4,18,0.8333333333333334,0.05555555555555555,1.5585834,1.580817,0.8888888888888888
pine,c5c6,R1,CalPred-style,3,0,18,0.7777777777777778,0.1111111111111111,1.6825995,1.6825997,1.0
pine,c5c6,R1,CalPred-style,3,1,18,0.8333333333333334,0.16666666666666666,1.5606791,1.5022047,0.8888888888888888
pine,c5c6,R1,CalPred-style,3,2,18,0.8333333333333334,0.05555555555555555,1.5227842,1.5707866,0.9444444444444444
pine,c5c6,R1,CalPred-style,3,3,18,1.0,0.0,1.4708879,1.398111,0.8888888888888888
pine,c5c6,R1,CalPred-style,3,4,18,0.8888888888888888,0.1111111111111111,1.2397109,1.252379,0.8888888888888888
pine,c5c6,R1,CalPred-style,4,0,18,0.8888888888888888,0.05555555555555555,1.9609454,1.8817232,0.8888888888888888
pine,c5c6,R1,CalPred-style,4,1,18,0.8333333333333334,0.16666666666666666,1.5839565,1.5543208,0.9444444444444444
pine,c5c6,R1,CalPred-style,4,2,18,0.7777777777777778,0.1111111111111111,1.3258184,1.2324405,0.7777777777777778
pine,c5c6,R1,CalPred-style,4,3,18,0.7777777777777778,0.05555555555555555,1.4065048,1.4065048,1.0
pine,c5c6,R1,CalPred-style,4,4,18,0.8888888888888888,0.05555555555555555,1.3434875,1.3162352,0.8888888888888888
pine,c5c6,R1,CalPred-style,5,0,18,0.7777777777777778,0.1111111111111111,1.289304,1.2558045,0.8888888888888888
pine,c5c6,R1,CalPred-style,5,1,18,0.7777777777777778,0.05555555555555555,1.4878081,1.3761423,0.8888888888888888
pine,c5c6,R1,CalPred-style,5,2,18,0.9444444444444444,0.05555555555555555,1.6847758,1.6518286,0.8888888888888888
pine,c5c6,R1,CalPred-style,5,3,18,0.8888888888888888,0.1111111111111111,1.709561,1.709561,1.0
pine,c5c6,R1,CalPred-style,5,4,18,0.8888888888888888,0.1111111111111111,1.5686498,1.5686499,1.0
pine,c5c6,R1,Gauss-PEV,1,0,18,0.8888888888888888,0.05555555555555555,1.6485233,1.6485234,1.0
pine,c5c6,R1,Gauss-PEV,1,1,18,0.7777777777777778,0.1111111111111111,1.6242231,1.6242231,1.0
pine,c5c6,R1,Gauss-PEV,1,2,18,0.9444444444444444,0.05555555555555555,1.533149,1.533149,1.0
pine,c5c6,R1,Gauss-PEV,1,3,18,1.0,0.0,1.6933842,1.7432693,0.9444444444444444
pine,c5c6,R1,Gauss-PEV,1,4,18,0.8888888888888888,0.1111111111111111,1.1286349,1.1929648,0.9444444444444444
pine,c5c6,R1,Gauss-PEV,2,0,18,0.7777777777777778,0.2222222222222222,1.3562019,1.3562019,1.0
pine,c5c6,R1,Gauss-PEV,2,1,18,0.9444444444444444,0.05555555555555555,1.5155412,1.5155412,1.0
pine,c5c6,R1,Gauss-PEV,2,2,18,0.8888888888888888,0.0,1.6967115,1.7049886,0.9444444444444444
pine,c5c6,R1,Gauss-PEV,2,3,18,0.8333333333333334,0.1111111111111111,1.4668887,1.4665961,0.9444444444444444
pine,c5c6,R1,Gauss-PEV,2,4,18,0.8333333333333334,0.05555555555555555,1.5585834,1.5713422,0.9444444444444444
pine,c5c6,R1,Gauss-PEV,3,0,18,0.7777777777777778,0.1111111111111111,1.6825995,1.6825997,1.0
pine,c5c6,R1,Gauss-PEV,3,1,18,0.8333333333333334,0.16666666666666666,1.5606791,1.5251318,0.8888888888888888
pine,c5c6,R1,Gauss-PEV,3,2,18,0.8888888888888888,0.05555555555555555,1.5227842,1.5227842,1.0
pine,c5c6,R1,Gauss-PEV,3,3,18,1.0,0.0,1.4708879,1.4708878,1.0
pine,c5c6,R1,Gauss-PEV,3,4,18,0.9444444444444444,0.05555555555555555,1.2397109,1.2397108,1.0
pine,c5c6,R1,Gauss-PEV,4,0,18,0.8888888888888888,0.05555555555555555,1.9609454,1.9248251,0.9444444444444444
pine,c5c6,R1,Gauss-PEV,4,1,18,0.8888888888888888,0.1111111111111111,1.5839565,1.5543209,0.9444444444444444
pine,c5c6,R1,Gauss-PEV,4,2,18,0.8333333333333334,0.05555555555555555,1.3258184,1.306042,0.8888888888888888
pine,c5c6,R1,Gauss-PEV,4,3,18,0.7777777777777778,0.05555555555555555,1.4065048,1.4065048,1.0
pine,c5c6,R1,Gauss-PEV,4,4,18,0.8888888888888888,0.05555555555555555,1.3434875,1.3434874,1.0
pine,c5c6,R1,Gauss-PEV,5,0,18,0.7777777777777778,0.1111111111111111,1.289304,1.289304,1.0
pine,c5c6,R1,Gauss-PEV,5,1,18,0.8333333333333334,0.05555555555555555,1.4878081,1.4827173,0.9444444444444444
pine,c5c6,R1,Gauss-PEV,5,2,18,1.0,0.0,1.6847758,1.6611465,0.9444444444444444
pine,c5c6,R1,Gauss-PEV,5,3,18,0.8888888888888888,0.1111111111111111,1.709561,1.709561,1.0
pine,c5c6,R1,Gauss-PEV,5,4,18,0.8888888888888888,0.1111111111111111,1.5686498,1.5686499,1.0
pine,c5c6,R1,KinCP,1,0,18,0.8888888888888888,0.05555555555555555,1.6485233,1.628577,0.9444444444444444
pine,c5c6,R1,KinCP,1,1,18,0.7777777777777778,0.1111111111111111,1.6242231,1.6242231,1.0
pine,c5c6,R1,KinCP,1,2,18,0.9444444444444444,0.05555555555555555,1.533149,1.533149,1.0
pine,c5c6,R1,KinCP,1,3,18,1.0,0.0,1.6933842,1.7432693,0.9444444444444444
pine,c5c6,R1,KinCP,1,4,18,0.8888888888888888,0.1111111111111111,1.1286349,1.0752777,0.8333333333333334
pine,c5c6,R1,KinCP,2,0,18,0.7777777777777778,0.2222222222222222,1.3562019,1.3562019,1.0
pine,c5c6,R1,KinCP,2,1,18,0.9444444444444444,0.05555555555555555,1.5155412,1.5904802,0.9444444444444444
pine,c5c6,R1,KinCP,2,2,18,0.8888888888888888,0.0,1.6967115,1.7049886,0.9444444444444444
pine,c5c6,R1,KinCP,2,3,18,0.8333333333333334,0.1111111111111111,1.4668887,1.367393,0.8888888888888888
pine,c5c6,R1,KinCP,2,4,18,0.8888888888888888,0.05555555555555555,1.5585834,1.5713423,0.9444444444444444
pine,c5c6,R1,KinCP,3,0,18,0.7777777777777778,0.1111111111111111,1.6825995,1.6825997,1.0
pine,c5c6,R1,KinCP,3,1,18,0.8333333333333334,0.16666666666666666,1.5606791,1.5251318,0.8888888888888888
pine,c5c6,R1,KinCP,3,2,18,0.8888888888888888,0.05555555555555555,1.5227842,1.5707866,0.9444444444444444
pine,c5c6,R1,KinCP,3,3,18,1.0,0.0,1.4708879,1.3847886,0.8888888888888888
pine,c5c6,R1,KinCP,3,4,18,0.9444444444444444,0.05555555555555555,1.2397109,1.2397108,1.0
pine,c5c6,R1,KinCP,4,0,18,0.8888888888888888,0.05555555555555555,1.9609454,1.8817232,0.8888888888888888
pine,c5c6,R1,KinCP,4,1,18,0.8888888888888888,0.1111111111111111,1.5839565,1.5543209,0.9444444444444444
pine,c5c6,R1,KinCP,4,2,18,0.8333333333333334,0.05555555555555555,1.3258184,1.306042,0.8888888888888888
pine,c5c6,R1,KinCP,4,3,18,0.8333333333333334,0.05555555555555555,1.4065048,1.4065048,1.0
pine,c5c6,R1,KinCP,4,4,18,0.8888888888888888,0.05555555555555555,1.3434875,1.3516837,0.9444444444444444
pine,c5c6,R1,KinCP,5,0,18,0.7777777777777778,0.1111111111111111,1.289304,1.1861525,0.8888888888888888
pine,c5c6,R1,KinCP,5,1,18,0.8333333333333334,0.05555555555555555,1.4878081,1.4720306,0.9444444444444444
pine,c5c6,R1,KinCP,5,2,18,1.0,0.0,1.6847758,1.6611465,0.9444444444444444
pine,c5c6,R1,KinCP,5,3,18,0.8888888888888888,0.1111111111111111,1.709561,1.6816075,0.9444444444444444
pine,c5c6,R1,KinCP,5,4,18,0.8888888888888888,0.1111111111111111,1.5686498,1.5686499,1.0
pine,c5c6,R1,KinCP-ABC,1,0,18,0.8888888888888888,0.05555555555555555,1.6485233,1.6485233,1.0
pine,c5c6,R1,KinCP-ABC,1,1,18,0.7777777777777778,0.1111111111111111,1.6242231,1.6242231,1.0
pine,c5c6,R1,KinCP-ABC,1,2,18,0.9444444444444444,0.05555555555555555,1.533149,1.533149,1.0
pine,c5c6,R1,KinCP-ABC,1,3,18,0.9444444444444444,0.0,1.6933842,1.6933842,1.0
pine,c5c6,R1,KinCP-ABC,1,4,18,0.8333333333333334,0.16666666666666666,1.1286349,1.1286349,1.0
pine,c5c6,R1,KinCP-ABC,2,0,18,0.7777777777777778,0.2222222222222222,1.3562019,1.3562019,1.0
pine,c5c6,R1,KinCP-ABC,2,1,18,0.8888888888888888,0.1111111111111111,1.5155412,1.5155412,1.0
pine,c5c6,R1,KinCP-ABC,2,2,18,0.8888888888888888,0.0,1.6967115,1.6967115,1.0
pine,c5c6,R1,KinCP-ABC,2,3,18,0.8888888888888888,0.1111111111111111,1.4668887,1.4668887,1.0
pine,c5c6,R1,KinCP-ABC,2,4,18,0.8888888888888888,0.05555555555555555,1.5585834,1.5585834,1.0
pine,c5c6,R1,KinCP-ABC,3,0,18,0.7777777777777778,0.1111111111111111,1.6825995,1.6825995,1.0
pine,c5c6,R1,KinCP-ABC,3,1,18,0.8333333333333334,0.16666666666666666,1.5606791,1.5606791,1.0
pine,c5c6,R1,KinCP-ABC,3,2,18,0.8333333333333334,0.1111111111111111,1.5227842,1.5227842,1.0
pine,c5c6,R1,KinCP-ABC,3,3,18,1.0,0.0,1.4708879,1.4708879,1.0
pine,c5c6,R1,KinCP-ABC,3,4,18,0.9444444444444444,0.05555555555555555,1.2397109,1.2397109,1.0
pine,c5c6,R1,KinCP-ABC,4,0,18,0.8888888888888888,0.05555555555555555,1.9609454,1.9609454,1.0
pine,c5c6,R1,KinCP-ABC,4,1,18,0.8888888888888888,0.1111111111111111,1.5839565,1.5839565,1.0
pine,c5c6,R1,KinCP-ABC,4,2,18,0.8333333333333334,0.05555555555555555,1.3258184,1.3258184,1.0
pine,c5c6,R1,KinCP-ABC,4,3,18,0.8333333333333334,0.05555555555555555,1.4065048,1.4065048,1.0
pine,c5c6,R1,KinCP-ABC,4,4,18,0.8888888888888888,0.05555555555555555,1.3434875,1.3434875,1.0
pine,c5c6,R1,KinCP-ABC,5,0,18,0.7777777777777778,0.1111111111111111,1.289304,1.289304,1.0
pine,c5c6,R1,KinCP-ABC,5,1,18,0.7777777777777778,0.1111111111111111,1.4878081,1.4878081,1.0
pine,c5c6,R1,KinCP-ABC,5,2,18,1.0,0.0,1.6847758,1.6847758,1.0
pine,c5c6,R1,KinCP-ABC,5,3,18,0.8888888888888888,0.1111111111111111,1.709561,1.709561,1.0
pine,c5c6,R1,KinCP-ABC,5,4,18,0.8888888888888888,0.1111111111111111,1.5686498,1.5686498,1.0
pine,c5c6,R1,SCP,1,0,18,0.8333333333333334,0.05555555555555555,1.6485233,1.7745936,0.8333333333333334
pine,c5c6,R1,SCP,1,1,18,0.7777777777777778,0.1111111111111111,1.6242231,1.6633959,0.9444444444444444
pine,c5c6,R1,SCP,1,2,18,1.0,0.0,1.533149,1.5301565,0.9444444444444444
pine,c5c6,R1,SCP,1,3,18,1.0,0.0,1.6933842,1.6565061,0.8888888888888888
pine,c5c6,R1,SCP,1,4,18,0.9444444444444444,0.05555555555555555,1.1286349,1.192246,0.8888888888888888
pine,c5c6,R1,SCP,2,0,18,0.8333333333333334,0.16666666666666666,1.3562019,1.359842,0.9444444444444444
pine,c5c6,R1,SCP,2,1,18,0.9444444444444444,0.05555555555555555,1.5155412,1.5714388,0.8888888888888888
pine,c5c6,R1,SCP,2,2,18,0.8888888888888888,0.0,1.6967115,1.719758,0.8888888888888888
pine,c5c6,R1,SCP,2,3,18,0.8333333333333334,0.1111111111111111,1.4668887,1.4040313,0.8888888888888888
pine,c5c6,R1,SCP,2,4,18,0.6666666666666666,0.1111111111111111,1.5585834,1.5502058,0.8888888888888888
pine,c5c6,R1,SCP,3,0,18,0.8333333333333334,0.1111111111111111,1.6825995,1.6327307,0.9444444444444444
pine,c5c6,R1,SCP,3,1,18,0.7777777777777778,0.16666666666666666,1.5606791,1.5809455,0.8888888888888888
pine,c5c6,R1,SCP,3,2,18,0.8888888888888888,0.05555555555555555,1.5227842,1.4994259,0.8888888888888888
pine,c5c6,R1,SCP,3,3,18,1.0,0.0,1.4708879,1.4519571,0.9444444444444444
pine,c5c6,R1,SCP,3,4,18,0.8888888888888888,0.1111111111111111,1.2397109,1.3166013,0.7777777777777778
pine,c5c6,R1,SCP,4,0,18,0.8888888888888888,0.05555555555555555,1.9609454,1.8976008,0.9444444444444444
pine,c5c6,R1,SCP,4,1,18,0.9444444444444444,0.05555555555555555,1.5839565,1.5839565,1.0
pine,c5c6,R1,SCP,4,2,18,0.8333333333333334,0.05555555555555555,1.3258184,1.3128457,0.8888888888888888
pine,c5c6,R1,SCP,4,3,18,0.8333333333333334,0.05555555555555555,1.4065048,1.4811488,0.8888888888888888
pine,c5c6,R1,SCP,4,4,18,0.8888888888888888,0.05555555555555555,1.3434875,1.3670474,0.8888888888888888
pine,c5c6,R1,SCP,5,0,18,0.8333333333333334,0.05555555555555555,1.289304,1.211655,0.9444444444444444
pine,c5c6,R1,SCP,5,1,18,0.7222222222222222,0.1111111111111111,1.4878081,1.3619175,0.8333333333333334
pine,c5c6,R1,SCP,5,2,18,1.0,0.0,1.6847758,1.644842,0.8888888888888888
pine,c5c6,R1,SCP,5,3,18,0.8888888888888888,0.1111111111111111,1.709561,1.7777591,0.9444444444444444
pine,c5c6,R1,SCP,5,4,18,0.9444444444444444,0.05555555555555555,1.5686498,1.6057067,0.9444444444444444
pine,c5c6,R2,CV+,1,0,17,0.5294117647058824,0.0,2.3519392,1.6618586,0.7058823529411765
pine,c5c6,R2,CV+,1,1,50,0.92,0.08,0.900112,0.8923086,0.9
pine,c5c6,R2,CV+,1,2,22,0.6363636363636364,0.36363636363636365,0.25754502,0.37749985,0.8181818181818182
pine,c5c6,R2,CV+,1,4,2,1.0,0.0,2.0566626,2.0566626,1.0
pine,c5c6,R2,CV+,2,0,17,0.5294117647058824,0.0,2.3519392,1.7020471,0.7058823529411765
pine,c5c6,R2,CV+,2,1,50,0.9,0.1,0.900112,0.9104453,0.96
pine,c5c6,R2,CV+,2,2,22,0.6818181818181818,0.3181818181818182,0.25754502,0.37095216,0.8636363636363636
pine,c5c6,R2,CV+,2,4,2,1.0,0.0,2.0566626,2.0566626,1.0
pine,c5c6,R2,CV+,3,0,17,0.5294117647058824,0.0,2.3519392,1.7209573,0.7058823529411765
pine,c5c6,R2,CV+,3,1,50,0.88,0.1,0.900112,0.88402426,0.94
pine,c5c6,R2,CV+,3,2,22,0.6818181818181818,0.3181818181818182,0.25754502,0.33271328,0.9090909090909091
pine,c5c6,R2,CV+,3,4,2,1.0,0.0,2.0566626,2.0566626,1.0
pine,c5c6,R2,CV+,4,0,17,0.5294117647058824,0.0,2.3519392,1.8309295,0.7647058823529411
pine,c5c6,R2,CV+,4,1,50,0.92,0.08,0.900112,0.9019102,0.94
pine,c5c6,R2,CV+,4,2,22,0.6818181818181818,0.3181818181818182,0.25754502,0.30003777,0.8636363636363636
pine,c5c6,R2,CV+,4,4,2,1.0,0.0,2.0566626,2.0566626,1.0
pine,c5c6,R2,CV+,5,0,17,0.5294117647058824,0.0,2.3519392,1.7209572,0.7058823529411765
pine,c5c6,R2,CV+,5,1,50,0.92,0.08,0.900112,0.8906465,0.94
pine,c5c6,R2,CV+,5,2,22,0.6363636363636364,0.36363636363636365,0.25754502,0.32736346,0.9090909090909091
pine,c5c6,R2,CV+,5,4,2,1.0,0.0,2.0566626,2.0566626,1.0
pine,c5c6,R2,CalPred-style,1,0,17,0.5294117647058824,0.0,2.3519392,1.48795,0.5882352941176471
pine,c5c6,R2,CalPred-style,1,1,50,1.0,0.0,0.900112,0.95232236,0.82
pine,c5c6,R2,CalPred-style,1,2,22,0.8636363636363636,0.13636363636363635,0.25754502,0.24682473,0.9090909090909091
pine,c5c6,R2,CalPred-style,1,4,2,1.0,0.0,2.0566626,2.0566626,1.0
pine,c5c6,R2,CalPred-style,2,0,17,0.5294117647058824,0.0,2.3519392,1.9689733,0.8235294117647058
pine,c5c6,R2,CalPred-style,2,1,50,1.0,0.0,0.900112,0.95232236,0.82
pine,c5c6,R2,CalPred-style,2,2,22,0.8636363636363636,0.13636363636363635,0.25754502,0.24682473,0.9090909090909091
pine,c5c6,R2,CalPred-style,2,4,2,1.0,0.0,2.0566626,1.9230256,0.5
pine,c5c6,R2,CalPred-style,3,0,17,0.5294117647058824,0.0,2.3519392,1.48795,0.5882352941176471
pine,c5c6,R2,CalPred-style,3,1,50,1.0,0.0,0.900112,0.95232236,0.82
pine,c5c6,R2,CalPred-style,3,2,22,0.8636363636363636,0.13636363636363635,0.25754502,0.24682476,0.9090909090909091
pine,c5c6,R2,CalPred-style,3,4,2,1.0,0.0,2.0566626,1.9230256,0.5
pine,c5c6,R2,CalPred-style,4,0,17,0.5294117647058824,0.0,2.3519392,1.5355557,0.6470588235294118
pine,c5c6,R2,CalPred-style,4,1,50,1.0,0.0,0.900112,0.95232236,0.82
pine,c5c6,R2,CalPred-style,4,2,22,0.9090909090909091,0.09090909090909091,0.25754502,0.24682473,0.9090909090909091
pine,c5c6,R2,CalPred-style,4,4,2,1.0,0.0,2.0566626,2.0566626,1.0
pine,c5c6,R2,CalPred-style,5,0,17,0.5294117647058824,0.0,2.3519392,1.6184847,0.6470588235294118
pine,c5c6,R2,CalPred-style,5,1,50,1.0,0.0,0.900112,0.95232236,0.82
pine,c5c6,R2,CalPred-style,5,2,22,0.8636363636363636,0.13636363636363635,0.25754502,0.24682476,0.9090909090909091
pine,c5c6,R2,CalPred-style,5,4,2,1.0,0.0,2.0566626,1.9230256,0.5
pine,c5c6,R2,Gauss-PEV,1,0,17,0.5294117647058824,0.0,2.3519392,1.9689733,0.8235294117647058
pine,c5c6,R2,Gauss-PEV,1,1,50,0.92,0.08,0.900112,0.9234363,0.94
pine,c5c6,R2,Gauss-PEV,1,2,22,0.7727272727272727,0.22727272727272727,0.25754502,0.28994983,0.9545454545454546
pine,c5c6,R2,Gauss-PEV,1,4,2,1.0,0.0,2.0566626,2.0566626,1.0
pine,c5c6,R2,Gauss-PEV,2,0,17,0.5294117647058824,0.0,2.3519392,1.9689733,0.8235294117647058
pine,c5c6,R2,Gauss-PEV,2,1,50,0.92,0.08,0.900112,0.9234363,0.94
pine,c5c6,R2,Gauss-PEV,2,2,22,0.7727272727272727,0.22727272727272727,0.25754502,0.28994983,0.9545454545454546
pine,c5c6,R2,Gauss-PEV,2,4,2,1.0,0.0,2.0566626,2.0566626,1.0
pine,c5c6,R2,Gauss-PEV,3,0,17,0.5294117647058824,0.0,2.3519392,1.9689733,0.8235294117647058
pine,c5c6,R2,Gauss-PEV,3,1,50,0.92,0.08,0.900112,0.9234363,0.94
pine,c5c6,R2,Gauss-PEV,3,2,22,0.7727272727272727,0.22727272727272727,0.25754502,0.28994983,0.9545454545454546
pine,c5c6,R2,Gauss-PEV,3,4,2,1.0,0.0,2.0566626,2.0566626,1.0
pine,c5c6,R2,Gauss-PEV,4,0,17,0.5294117647058824,0.0,2.3519392,1.9689733,0.8235294117647058
pine,c5c6,R2,Gauss-PEV,4,1,50,0.92,0.08,0.900112,0.9234363,0.94
pine,c5c6,R2,Gauss-PEV,4,2,22,0.7727272727272727,0.22727272727272727,0.25754502,0.28994983,0.9545454545454546
pine,c5c6,R2,Gauss-PEV,4,4,2,1.0,0.0,2.0566626,2.0566626,1.0
pine,c5c6,R2,Gauss-PEV,5,0,17,0.5294117647058824,0.0,2.3519392,1.9689733,0.8235294117647058
pine,c5c6,R2,Gauss-PEV,5,1,50,0.92,0.08,0.900112,0.9234363,0.94
pine,c5c6,R2,Gauss-PEV,5,2,22,0.7727272727272727,0.22727272727272727,0.25754502,0.28994983,0.9545454545454546
pine,c5c6,R2,Gauss-PEV,5,4,2,1.0,0.0,2.0566626,2.0566626,1.0
pine,c5c6,R2,KinCP,1,0,17,0.5294117647058824,0.0,2.3519392,1.4879501,0.5882352941176471
pine,c5c6,R2,KinCP,1,1,50,1.0,0.0,0.900112,0.93800473,0.7
pine,c5c6,R2,KinCP,1,2,22,0.8636363636363636,0.13636363636363635,0.25754502,0.17690374,0.8181818181818182
pine,c5c6,R2,KinCP,1,4,2,1.0,0.0,2.0566626,1.9230256,0.5
pine,c5c6,R2,KinCP,2,0,17,0.5294117647058824,0.0,2.3519392,1.8073378,0.7647058823529411
pine,c5c6,R2,KinCP,2,1,50,1.0,0.0,0.900112,0.9380047,0.7
pine,c5c6,R2,KinCP,2,2,22,0.8636363636363636,0.13636363636363635,0.25754502,0.1930861,0.8636363636363636
pine,c5c6,R2,KinCP,2,4,2,1.0,0.0,2.0566626,1.9230256,0.5
pine,c5c6,R2,KinCP,3,0,17,0.5294117647058824,0.0,2.3519392,1.6184847,0.6470588235294118
pine,c5c6,R2,KinCP,3,1,50,1.0,0.0,0.900112,0.92666566,0.68
pine,c5c6,R2,KinCP,3,2,22,0.8636363636363636,0.13636363636363635,0.25754502,0.17681088,0.8636363636363636
pine,c5c6,R2,KinCP,3,4,2,1.0,0.0,2.0566626,1.9230256,0.5
pine,c5c6,R2,KinCP,4,0,17,0.5294117647058824,0.0,2.3519392,1.6184847,0.6470588235294118
pine,c5c6,R2,KinCP,4,1,50,1.0,0.0,0.900112,0.93800473,0.7
pine,c5c6,R2,KinCP,4,2,22,0.9090909090909091,0.09090909090909091,0.25754502,0.24147429,0.8181818181818182
pine,c5c6,R2,KinCP,4,4,2,1.0,0.0,2.0566626,1.9230256,0.5
pine,c5c6,R2,KinCP,5,0,17,0.5294117647058824,0.0,2.3519392,1.6184847,0.6470588235294118
pine,c5c6,R2,KinCP,5,1,50,1.0,0.0,0.900112,0.9569921,0.76
pine,c5c6,R2,KinCP,5,2,22,0.9545454545454546,0.045454545454545456,0.25754502,0.28069744,0.8181818181818182
pine,c5c6,R2,KinCP,5,4,2,1.0,0.0,2.0566626,1.9230256,0.5
pine,c5c6,R2,KinCP-ABC,1,0,17,0.5294117647058824,0.0,2.3519392,2.3519392,1.0
pine,c5c6,R2,KinCP-ABC,1,1,50,0.9,0.1,0.900112,0.900112,1.0
pine,c5c6,R2,KinCP-ABC,1,2,22,0.6363636363636364,0.36363636363636365,0.25754502,0.25754502,1.0
pine,c5c6,R2,KinCP-ABC,1,4,2,1.0,0.0,2.0566626,2.0566626,1.0
pine,c5c6,R2,KinCP-ABC,2,0,17,0.5294117647058824,0.0,2.3519392,2.3519392,1.0
pine,c5c6,R2,KinCP-ABC,2,1,50,0.9,0.1,0.900112,0.900112,1.0
pine,c5c6,R2,KinCP-ABC,2,2,22,0.6363636363636364,0.36363636363636365,0.25754502,0.25754502,1.0
pine,c5c6,R2,KinCP-ABC,2,4,2,1.0,0.0,2.0566626,2.0566626,1.0
pine,c5c6,R2,KinCP-ABC,3,0,17,0.5294117647058824,0.0,2.3519392,2.3519392,1.0
pine,c5c6,R2,KinCP-ABC,3,1,50,0.9,0.1,0.900112,0.900112,1.0
pine,c5c6,R2,KinCP-ABC,3,2,22,0.6363636363636364,0.36363636363636365,0.25754502,0.25754502,1.0
pine,c5c6,R2,KinCP-ABC,3,4,2,1.0,0.0,2.0566626,2.0566626,1.0
pine,c5c6,R2,KinCP-ABC,4,0,17,0.5294117647058824,0.0,2.3519392,2.3519392,1.0
pine,c5c6,R2,KinCP-ABC,4,1,50,0.9,0.1,0.900112,0.900112,1.0
pine,c5c6,R2,KinCP-ABC,4,2,22,0.6363636363636364,0.36363636363636365,0.25754502,0.25754502,1.0
pine,c5c6,R2,KinCP-ABC,4,4,2,1.0,0.0,2.0566626,2.0566626,1.0
pine,c5c6,R2,KinCP-ABC,5,0,17,0.5294117647058824,0.0,2.3519392,2.3519392,1.0
pine,c5c6,R2,KinCP-ABC,5,1,50,0.9,0.1,0.900112,0.900112,1.0
pine,c5c6,R2,KinCP-ABC,5,2,22,0.6363636363636364,0.36363636363636365,0.25754502,0.25754502,1.0
pine,c5c6,R2,KinCP-ABC,5,4,2,1.0,0.0,2.0566626,2.0566626,1.0
pine,c5c6,R2,SCP,1,0,17,0.5294117647058824,0.0,2.3519392,2.3664153,0.9411764705882353
pine,c5c6,R2,SCP,1,1,50,0.88,0.1,0.900112,0.917912,0.88
pine,c5c6,R2,SCP,1,2,22,0.6818181818181818,0.3181818181818182,0.25754502,0.31322426,0.7272727272727273
pine,c5c6,R2,SCP,1,4,2,1.0,0.0,2.0566626,2.0566626,1.0
pine,c5c6,R2,SCP,2,0,17,0.47058823529411764,0.0,2.3519392,2.3574743,0.8823529411764706
pine,c5c6,R2,SCP,2,1,50,0.88,0.1,0.900112,0.89916646,0.86
pine,c5c6,R2,SCP,2,2,22,0.7272727272727273,0.2727272727272727,0.25754502,0.091943026,0.7727272727272727
pine,c5c6,R2,SCP,2,4,2,1.0,0.0,2.0566626,2.0566626,1.0
pine,c5c6,R2,SCP,3,0,17,0.5294117647058824,0.0,2.3519392,2.0960472,0.7647058823529411
pine,c5c6,R2,SCP,3,1,50,0.9,0.1,0.900112,0.8776581,0.9
pine,c5c6,R2,SCP,3,2,22,0.7272727272727273,0.2727272727272727,0.25754502,0.42102185,0.8181818181818182
pine,c5c6,R2,SCP,3,4,2,1.0,0.0,2.0566626,2.0566626,1.0
pine,c5c6,R2,SCP,4,0,17,0.5294117647058824,0.0,2.3519392,1.415394,0.5294117647058824
pine,c5c6,R2,SCP,4,1,50,0.94,0.06,0.900112,0.95936316,0.84
pine,c5c6,R2,SCP,4,2,22,0.6818181818181818,0.3181818181818182,0.25754502,0.38276112,0.8181818181818182
pine,c5c6,R2,SCP,4,4,2,1.0,0.0,2.0566626,2.0566626,1.0
pine,c5c6,R2,SCP,5,0,17,0.5294117647058824,0.0,2.3519392,2.384215,0.8235294117647058
pine,c5c6,R2,SCP,5,1,50,0.9,0.06,0.900112,0.9381149,0.82
pine,c5c6,R2,SCP,5,2,22,0.6818181818181818,0.3181818181818182,0.25754502,0.28135774,0.8181818181818182
pine,c5c6,R2,SCP,5,4,2,1.0,0.0,2.0566626,2.0566626,1.0
pine,rootnum,R1,CV+,1,0,18,0.8333333333333334,0.0,1.401437,1.3891288,0.8333333333333334
pine,rootnum,R1,CV+,1,1,18,1.0,0.0,1.2285552,1.2285552,1.0
pine,rootnum,R1,CV+,1,2,18,1.0,0.0,1.3844821,1.4002465,0.9444444444444444
pine,rootnum,R1,CV+,1,3,18,0.9444444444444444,0.0,1.3113145,1.310778,0.9444444444444444
pine,rootnum,R1,CV+,1,4,18,0.8888888888888888,0.05555555555555555,1.4519002,1.4519002,1.0
pine,rootnum,R1,CV+,2,0,18,0.9444444444444444,0.0,1.454729,1.454729,1.0
pine,rootnum,R1,CV+,2,1,18,1.0,0.0,1.3096888,1.3096886,1.0
pine,rootnum,R1,CV+,2,2,18,1.0,0.0,1.4024268,1.4954922,0.8888888888888888
pine,rootnum,R1,CV+,2,3,18,0.9444444444444444,0.0,1.0374825,1.0291616,0.9444444444444444
pine,rootnum,R1,CV+,2,4,18,0.8333333333333334,0.1111111111111111,1.2332487,1.2800081,0.9444444444444444
pine,rootnum,R1,CV+,3,0,18,0.9444444444444444,0.05555555555555555,1.1553693,1.1905112,0.9444444444444444
pine,rootnum,R1,CV+,3,1,18,0.9444444444444444,0.05555555555555555,1.3073723,1.3159457,0.9444444444444444
pine,rootnum,R1,CV+,3,2,18,1.0,0.0,1.2091706,1.255515,0.9444444444444444
pine,rootnum,R1,CV+,3,3,18,0.8333333333333334,0.05555555555555555,1.369149,1.4152623,0.9444444444444444
pine,rootnum,R1,CV+,3,4,18,0.9444444444444444,0.05555555555555555,1.4137058,1.4137058,1.0
pine,rootnum,R1,CV+,4,0,18,1.0,0.0,1.4072597,1.394288,0.9444444444444444
pine,rootnum,R1,CV+,4,1,18,0.9444444444444444,0.05555555555555555,1.2361614,1.1642102,0.8888888888888888
pine,rootnum,R1,CV+,4,2,18,0.9444444444444444,0.05555555555555555,1.2319368,1.2152715,0.9444444444444444
pine,rootnum,R1,CV+,4,3,18,1.0,0.0,1.2042155,1.1925397,0.8888888888888888
pine,rootnum,R1,CV+,4,4,18,0.7777777777777778,0.05555555555555555,1.4816251,1.4263618,0.8888888888888888
pine,rootnum,R1,CV+,5,0,18,0.8333333333333334,0.05555555555555555,1.2837993,1.3372856,0.9444444444444444
pine,rootnum,R1,CV+,5,1,18,0.8333333333333334,0.05555555555555555,1.3329242,1.3989081,0.9444444444444444
pine,rootnum,R1,CV+,5,2,18,0.8888888888888888,0.1111111111111111,1.1896964,1.1552029,0.9444444444444444
pine,rootnum,R1,CV+,5,3,18,0.9444444444444444,0.0,1.4043196,1.4043195,1.0
pine,rootnum,R1,CV+,5,4,18,1.0,0.0,1.425016,1.3720161,0.9444444444444444
pine,rootnum,R1,CalPred-style,1,0,18,0.8888888888888888,0.0,1.401437,1.3392798,0.8333333333333334
pine,rootnum,R1,CalPred-style,1,1,18,0.9444444444444444,0.05555555555555555,1.2285552,1.1745819,0.8888888888888888
pine,rootnum,R1,CalPred-style,1,2,18,1.0,0.0,1.3844821,1.3672928,0.9444444444444444
pine,rootnum,R1,CalPred-style,1,3,18,0.9444444444444444,0.0,1.3113145,1.310778,0.9444444444444444
pine,rootnum,R1,CalPred-style,1,4,18,0.8333333333333334,0.1111111111111111,1.4519002,1.4519002,1.0
pine,rootnum,R1,CalPred-style,2,0,18,0.9444444444444444,0.0,1.454729,1.4547288,1.0
pine,rootnum,R1,CalPred-style,2,1,18,0.8888888888888888,0.1111111111111111,1.3096888,1.2493982,0.9444444444444444
pine,rootnum,R1,CalPred-style,2,2,18,1.0,0.0,1.4024268,1.4430594,0.9444444444444444
pine,rootnum,R1,CalPred-style,2,3,18,0.9444444444444444,0.0,1.0374825,1.061824,0.8888888888888888
pine,rootnum,R1,CalPred-style,2,4,18,0.8333333333333334,0.16666666666666666,1.2332487,1.2332487,1.0
pine,rootnum,R1,CalPred-style,3,0,18,0.8333333333333334,0.16666666666666666,1.1553693,1.1553693,1.0
pine,rootnum,R1,CalPred-style,3,1,18,0.9444444444444444,0.05555555555555555,1.3073723,1.3073722,1.0
pine,rootnum,R1,CalPred-style,3,2,18,0.9444444444444444,0.0,1.2091706,1.2850989,0.9444444444444444
pine,rootnum,R1,CalPred-style,3,3,18,0.7777777777777778,0.05555555555555555,1.369149,1.3593675,0.9444444444444444
pine,rootnum,R1,CalPred-style,3,4,18,0.8888888888888888,0.1111111111111111,1.4137058,1.4137057,1.0
pine,rootnum,R1,CalPred-style,4,0,18,0.9444444444444444,0.05555555555555555,1.4072597,1.4072597,1.0
pine,rootnum,R1,CalPred-style,4,1,18,0.8888888888888888,0.05555555555555555,1.2361614,1.2361614,1.0
pine,rootnum,R1,CalPred-style,4,2,18,0.9444444444444444,0.05555555555555555,1.2319368,1.2152715,0.9444444444444444
pine,rootnum,R1,CalPred-style,4,3,18,1.0,0.0,1.2042155,1.2042155,1.0
pine,rootnum,R1,CalPred-style,4,4,18,0.7777777777777778,0.05555555555555555,1.4816251,1.5037123,0.9444444444444444
pine,rootnum,R1,CalPred-style,5,0,18,0.7777777777777778,0.1111111111111111,1.2837993,1.1818175,0.9444444444444444
pine,rootnum,R1,CalPred-style,5,1,18,0.7777777777777778,0.1111111111111111,1.3329242,1.3329242,1.0
pine,rootnum,R1,CalPred-style,5,2,18,0.8888888888888888,0.1111111111111111,1.1896964,1.161294,0.9444444444444444
pine,rootnum,R1,CalPred-style,5,3,18,0.9444444444444444,0.0,1.4043196,1.4043195,1.0
pine,rootnum,R1,CalPred-style,5,4,18,1.0,0.0,1.425016,1.3565576,0.8888888888888888
pine,rootnum,R1,Gauss-PEV,1,0,18,0.8888888888888888,0.0,1.401437,1.3884438,0.9444444444444444
pine,rootnum,R1,Gauss-PEV,1,1,18,0.9444444444444444,0.05555555555555555,1.2285552,1.2085776,0.9444444444444444
pine,rootnum,R1,Gauss-PEV,1,2,18,1.0,0.0,1.3844821,1.3672928,0.9444444444444444
pine,rootnum,R1,Gauss-PEV,1,3,18,0.9444444444444444,0.0,1.3113145,1.310778,0.9444444444444444
pine,rootnum,R1,Gauss-PEV,1,4,18,0.8888888888888888,0.05555555555555555,1.4519002,1.4519002,1.0
pine,rootnum,R1,Gauss-PEV,2,0,18,0.9444444444444444,0.0,1.454729,1.4547288,1.0
pine,rootnum,R1,Gauss-PEV,2,1,18,0.9444444444444444,0.05555555555555555,1.3096888,1.2493981,0.9444444444444444
pine,rootnum,R1,Gauss-PEV,2,2,18,1.0,0.0,1.4024268,1.4430594,0.9444444444444444
pine,rootnum,R1,Gauss-PEV,2,3,18,0.9444444444444444,0.0,1.0374825,1.0457591,0.9444444444444444
pine,rootnum,R1,Gauss-PEV,2,4,18,0.8333333333333334,0.16666666666666666,1.2332487,1.2332487,1.0
pine,rootnum,R1,Gauss-PEV,3,0,18,0.8888888888888888,0.1111111111111111,1.1553693,1.1553693,1.0
pine,rootnum,R1,Gauss-PEV,3,1,18,0.9444444444444444,0.05555555555555555,1.3073723,1.3073723,1.0
pine,rootnum,R1,Gauss-PEV,3,2,18,1.0,0.0,1.2091706,1.2850989,0.9444444444444444
pine,rootnum,R1,Gauss-PEV,3,3,18,0.7777777777777778,0.05555555555555555,1.369149,1.3593674,0.9444444444444444
pine,rootnum,R1,Gauss-PEV,3,4,18,0.8888888888888888,0.1111111111111111,1.4137058,1.4137057,1.0
pine,rootnum,R1,Gauss-PEV,4,0,18,1.0,0.0,1.4072597,1.4072597,1.0
pine,rootnum,R1,Gauss-PEV,4,1,18,0.9444444444444444,0.05555555555555555,1.2361614,1.1839038,0.9444444444444444
pine,rootnum,R1,Gauss-PEV,4,2,18,0.9444444444444444,0.05555555555555555,1.2319368,1.2152715,0.9444444444444444
pine,rootnum,R1,Gauss-PEV,4,3,18,1.0,0.0,1.2042155,1.2042155,1.0
pine,rootnum,R1,Gauss-PEV,4,4,18,0.7777777777777778,0.05555555555555555,1.4816251,1.4816251,1.0
pine,rootnum,R1,Gauss-PEV,5,0,18,0.8333333333333334,0.05555555555555555,1.2837993,1.2837994,1.0
pine,rootnum,R1,Gauss-PEV,5,1,18,0.8333333333333334,0.1111111111111111,1.3329242,1.3329242,1.0
pine,rootnum,R1,Gauss-PEV,5,2,18,0.8888888888888888,0.1111111111111111,1.1896964,1.1896964,1.0
pine,rootnum,R1,Gauss-PEV,5,3,18,0.9444444444444444,0.0,1.4043196,1.4043194,1.0
pine,rootnum,R1,Gauss-PEV,5,4,18,1.0,0.0,1.425016,1.3720161,0.9444444444444444
pine,rootnum,R1,KinCP,1,0,18,0.8888888888888888,0.0,1.401437,1.3651748,0.9444444444444444
pine,rootnum,R1,KinCP,1,1,18,0.9444444444444444,0.05555555555555555,1.2285552,1.2085776,0.9444444444444444
pine,rootnum,R1,KinCP,1,2,18,1.0,0.0,1.3844821,1.3672928,0.9444444444444444
pine,rootnum,R1,KinCP,1,3,18,0.9444444444444444,0.0,1.3113145,1.310778,0.9444444444444444
pine,rootnum,R1,KinCP,1,4,18,0.8888888888888888,0.05555555555555555,1.4519002,1.4519002,1.0
pine,rootnum,R1,KinCP,2,0,18,0.9444444444444444,0.0,1.454729,1.454729,1.0
pine,rootnum,R1,KinCP,2,1,18,0.9444444444444444,0.05555555555555555,1.3096888,1.2493981,0.9444444444444444
pine,rootnum,R1,KinCP,2,2,18,1.0,0.0,1.4024268,1.4430594,0.9444444444444444
pine,rootnum,R1,KinCP,2,3,18,0.9444444444444444,0.0,1.0374825,1.0457591,0.9444444444444444
pine,rootnum,R1,KinCP,2,4,18,0.8333333333333334,0.16666666666666666,1.2332487,1.2332487,1.0
pine,rootnum,R1,KinCP,3,0,18,0.7777777777777778,0.16666666666666666,1.1553693,1.1553693,1.0
pine,rootnum,R1,KinCP,3,1,18,0.9444444444444444,0.05555555555555555,1.3073723,1.3073723,1.0
pine,rootnum,R1,KinCP,3,2,18,1.0,0.0,1.2091706,1.2850989,0.9444444444444444
pine,rootnum,R1,KinCP,3,3,18,0.7777777777777778,0.05555555555555555,1.369149,1.3593674,0.9444444444444444
pine,rootnum,R1,KinCP,3,4,18,0.8888888888888888,0.1111111111111111,1.4137058,1.4137057,1.0
pine,rootnum,R1,KinCP,4,0,18,1.0,0.0,1.4072597,1.4072597,1.0
pine,rootnum,R1,KinCP,4,1,18,0.9444444444444444,0.05555555555555555,1.2361614,1.1839038,0.9444444444444444
pine,rootnum,R1,KinCP,4,2,18,0.9444444444444444,0.05555555555555555,1.2319368,1.2152715,0.9444444444444444
pine,rootnum,R1,KinCP,4,3,18,1.0,0.0,1.2042155,1.2042155,1.0
pine,rootnum,R1,KinCP,4,4,18,0.7777777777777778,0.05555555555555555,1.4816251,1.4816251,1.0
pine,rootnum,R1,KinCP,5,0,18,0.8333333333333334,0.05555555555555555,1.2837993,1.2837993,1.0
pine,rootnum,R1,KinCP,5,1,18,0.8333333333333334,0.1111111111111111,1.3329242,1.3329242,1.0
pine,rootnum,R1,KinCP,5,2,18,0.8888888888888888,0.1111111111111111,1.1896964,1.1896964,1.0
pine,rootnum,R1,KinCP,5,3,18,0.9444444444444444,0.0,1.4043196,1.4043194,1.0
pine,rootnum,R1,KinCP,5,4,18,1.0,0.0,1.425016,1.372016,0.9444444444444444
pine,rootnum,R1,KinCP-ABC,1,0,18,0.8888888888888888,0.0,1.401437,1.401437,1.0
pine,rootnum,R1,KinCP-ABC,1,1,18,0.9444444444444444,0.05555555555555555,1.2285552,1.2285552,1.0
pine,rootnum,R1,KinCP-ABC,1,2,18,1.0,0.0,1.3844821,1.3844821,1.0
pine,rootnum,R1,KinCP-ABC,1,3,18,0.9444444444444444,0.0,1.3113145,1.3113145,1.0
pine,rootnum,R1,KinCP-ABC,1,4,18,0.8888888888888888,0.05555555555555555,1.4519002,1.4519002,1.0
pine,rootnum,R1,KinCP-ABC,2,0,18,0.9444444444444444,0.0,1.454729,1.454729,1.0
pine,rootnum,R1,KinCP-ABC,2,1,18,0.9444444444444444,0.05555555555555555,1.3096888,1.3096888,1.0
pine,rootnum,R1,KinCP-ABC,2,2,18,1.0,0.0,1.4024268,1.4024268,1.0
pine,rootnum,R1,KinCP-ABC,2,3,18,0.9444444444444444,0.0,1.0374825,1.0374825,1.0
pine,rootnum,R1,KinCP-ABC,2,4,18,0.8333333333333334,0.16666666666666666,1.2332487,1.2332487,1.0
pine,rootnum,R1,KinCP-ABC,3,0,18,0.8333333333333334,0.16666666666666666,1.1553693,1.1553693,1.0
pine,rootnum,R1,KinCP-ABC,3,1,18,0.9444444444444444,0.05555555555555555,1.3073723,1.3073723,1.0
pine,rootnum,R1,KinCP-ABC,3,2,18,1.0,0.0,1.2091706,1.2091706,1.0
pine,rootnum,R1,KinCP-ABC,3,3,18,0.7777777777777778,0.05555555555555555,1.369149,1.369149,1.0
pine,rootnum,R1,KinCP-ABC,3,4,18,0.8888888888888888,0.1111111111111111,1.4137058,1.4137058,1.0
pine,rootnum,R1,KinCP-ABC,4,0,18,1.0,0.0,1.4072597,1.4072597,1.0
pine,rootnum,R1,KinCP-ABC,4,1,18,0.9444444444444444,0.05555555555555555,1.2361614,1.2361614,1.0
pine,rootnum,R1,KinCP-ABC,4,2,18,0.9444444444444444,0.05555555555555555,1.2319368,1.2319368,1.0
pine,rootnum,R1,KinCP-ABC,4,3,18,1.0,0.0,1.2042155,1.2042155,1.0
pine,rootnum,R1,KinCP-ABC,4,4,18,0.7777777777777778,0.05555555555555555,1.4816251,1.4816251,1.0
pine,rootnum,R1,KinCP-ABC,5,0,18,0.8333333333333334,0.05555555555555555,1.2837993,1.2837993,1.0
pine,rootnum,R1,KinCP-ABC,5,1,18,0.8333333333333334,0.1111111111111111,1.3329242,1.3329242,1.0
pine,rootnum,R1,KinCP-ABC,5,2,18,0.8888888888888888,0.1111111111111111,1.1896964,1.1896964,1.0
pine,rootnum,R1,KinCP-ABC,5,3,18,0.9444444444444444,0.0,1.4043196,1.4043196,1.0
pine,rootnum,R1,KinCP-ABC,5,4,18,1.0,0.0,1.425016,1.425016,1.0
pine,rootnum,R1,SCP,1,0,18,0.8888888888888888,0.0,1.401437,1.4282911,0.8888888888888888
pine,rootnum,R1,SCP,1,1,18,0.8888888888888888,0.05555555555555555,1.2285552,1.0845138,0.8333333333333334
pine,rootnum,R1,SCP,1,2,18,0.8888888888888888,0.05555555555555555,1.3844821,1.426958,0.8888888888888888
pine,rootnum,R1,SCP,1,3,18,1.0,0.0,1.3113145,1.274314,0.9444444444444444
pine,rootnum,R1,SCP,1,4,18,0.8888888888888888,0.05555555555555555,1.4519002,1.4925286,0.9444444444444444
pine,rootnum,R1,SCP,2,0,18,0.9444444444444444,0.0,1.454729,1.4092994,0.8888888888888888
pine,rootnum,R1,SCP,2,1,18,1.0,0.0,1.3096888,1.4351585,0.8333333333333334
pine,rootnum,R1,SCP,2,2,18,0.9444444444444444,0.0,1.4024268,1.5195767,0.8888888888888888
pine,rootnum,R1,SCP,2,3,18,0.9444444444444444,0.0,1.0374825,1.017144,0.8333333333333334
pine,rootnum,R1,SCP,2,4,18,0.8888888888888888,0.1111111111111111,1.2332487,1.216376,0.7777777777777778
pine,rootnum,R1,SCP,3,0,18,0.8888888888888888,0.05555555555555555,1.1553693,1.2251375,0.8888888888888888
pine,rootnum,R1,SCP,3,1,18,0.9444444444444444,0.0,1.3073723,1.4092675,0.9444444444444444
pine,rootnum,R1,SCP,3,2,18,0.9444444444444444,0.0,1.2091706,1.1873931,0.8333333333333334
pine,rootnum,R1,SCP,3,3,18,0.7777777777777778,0.05555555555555555,1.369149,1.3954929,0.8333333333333334
pine,rootnum,R1,SCP,3,4,18,0.8888888888888888,0.1111111111111111,1.4137058,1.4455334,0.9444444444444444
pine,rootnum,R1,SCP,4,0,18,1.0,0.0,1.4072597,1.4503033,0.8888888888888888
pine,rootnum,R1,SCP,4,1,18,1.0,0.0,1.2361614,1.264875,0.9444444444444444
pine,rootnum,R1,SCP,4,2,18,0.9444444444444444,0.05555555555555555,1.2319368,1.2177588,0.8888888888888888
pine,rootnum,R1,SCP,4,3,18,0.9444444444444444,0.05555555555555555,1.2042155,1.1396269,0.7777777777777778
pine,rootnum,R1,SCP,4,4,18,0.7222222222222222,0.05555555555555555,1.4816251,1.4677016,0.8888888888888888
pine,rootnum,R1,SCP,5,0,18,0.8333333333333334,0.05555555555555555,1.2837993,1.2309284,0.8888888888888888
pine,rootnum,R1,SCP,5,1,18,0.9444444444444444,0.0,1.3329242,1.3733326,0.9444444444444444
pine,rootnum,R1,SCP,5,2,18,0.8888888888888888,0.1111111111111111,1.1896964,1.1521801,0.8888888888888888
pine,rootnum,R1,SCP,5,3,18,0.9444444444444444,0.0,1.4043196,1.4002413,0.8888888888888888
pine,rootnum,R1,SCP,5,4,18,1.0,0.0,1.425016,1.3692555,0.8888888888888888
pine,rootnum,R2,CV+,1,0,18,0.7777777777777778,0.1111111111111111,0.8049683,0.75736016,0.8888888888888888
pine,rootnum,R2,CV+,1,1,51,0.9019607843137255,0.0392156862745098,0.957469,1.0281223,0.9019607843137255
pine,rootnum,R2,CV+,1,2,22,0.8636363636363636,0.0,1.384844,1.4341258,0.9090909090909091
pine,rootnum,R2,CV+,1,4,2,1.0,0.0,0.8080804,0.8080804,1.0
pine,rootnum,R2,CV+,2,0,18,0.7777777777777778,0.1111111111111111,0.8049683,0.7489272,0.8888888888888888
pine,rootnum,R2,CV+,2,1,51,0.8823529411764706,0.058823529411764705,0.957469,0.98993444,0.8627450980392157
pine,rootnum,R2,CV+,2,2,22,0.8636363636363636,0.0,1.384844,1.4341258,0.9090909090909091
pine,rootnum,R2,CV+,2,4,2,1.0,0.0,0.8080804,0.8080804,1.0
pine,rootnum,R2,CV+,3,0,18,0.7777777777777778,0.1111111111111111,0.8049683,0.80632365,0.8888888888888888
pine,rootnum,R2,CV+,3,1,51,0.9019607843137255,0.0392156862745098,0.957469,1.0116901,0.8431372549019608
pine,rootnum,R2,CV+,3,2,22,0.8636363636363636,0.0,1.384844,1.4341258,0.9090909090909091
pine,rootnum,R2,CV+,3,4,2,1.0,0.0,0.8080804,0.8080804,1.0
pine,rootnum,R2,CV+,4,0,18,0.7777777777777778,0.1111111111111111,0.8049683,0.68537486,0.8888888888888888
pine,rootnum,R2,CV+,4,1,51,0.8823529411764706,0.058823529411764705,0.957469,0.965225,0.9607843137254902
pine,rootnum,R2,CV+,4,2,22,0.8636363636363636,0.0,1.384844,1.4341258,0.9090909090909091
pine,rootnum,R2,CV+,4,4,2,1.0,0.0,0.8080804,0.8080804,1.0
pine,rootnum,R2,CV+,5,0,18,0.7777777777777778,0.1111111111111111,0.8049683,0.7567499,0.8333333333333334
pine,rootnum,R2,CV+,5,1,51,0.8823529411764706,0.058823529411764705,0.957469,0.9199632,0.8823529411764706
pine,rootnum,R2,CV+,5,2,22,0.8636363636363636,0.0,1.384844,1.4341258,0.9090909090909091
pine,rootnum,R2,CV+,5,4,2,1.0,0.0,0.8080804,0.8080804,1.0
pine,rootnum,R2,CalPred-style,1,0,18,0.9444444444444444,0.0,0.8049683,0.609125,0.8333333333333334
pine,rootnum,R2,CalPred-style,1,1,51,0.9019607843137255,0.0392156862745098,0.957469,0.96581966,0.9215686274509803
pine,rootnum,R2,CalPred-style,1,2,22,0.9090909090909091,0.0,1.384844,1.3883096,0.9545454545454546
pine,rootnum,R2,CalPred-style,1,4,2,1.0,0.0,0.8080804,0.638538,0.5
pine,rootnum,R2,CalPred-style,2,0,18,0.9444444444444444,0.05555555555555555,0.8049683,0.6252719,0.8888888888888888
pine,rootnum,R2,CalPred-style,2,1,51,0.9019607843137255,0.0392156862745098,0.957469,0.96581966,0.9215686274509803
pine,rootnum,R2,CalPred-style,2,2,22,0.9090909090909091,0.0,1.384844,1.3883096,0.9545454545454546
pine,rootnum,R2,CalPred-style,2,4,2,1.0,0.0,0.8080804,0.638538,0.5
pine,rootnum,R2,CalPred-style,3,0,18,0.9444444444444444,0.0,0.8049683,0.625272,0.8888888888888888
pine,rootnum,R2,CalPred-style,3,1,51,0.9019607843137255,0.0392156862745098,0.957469,0.96581966,0.9215686274509803
pine,rootnum,R2,CalPred-style,3,2,22,0.9090909090909091,0.0,1.384844,1.3883096,0.9545454545454546
pine,rootnum,R2,CalPred-style,3,4,2,1.0,0.0,0.8080804,0.638538,0.5
pine,rootnum,R2,CalPred-style,4,0,18,1.0,0.0,0.8049683,0.625272,0.8888888888888888
pine,rootnum,R2,CalPred-style,4,1,51,0.9019607843137255,0.0392156862745098,0.957469,0.96581966,0.9215686274509803
pine,rootnum,R2,CalPred-style,4,2,22,0.9090909090909091,0.0,1.384844,1.3883096,0.9545454545454546
pine,rootnum,R2,CalPred-style,4,4,2,1.0,0.0,0.8080804,0.638538,0.5
pine,rootnum,R2,CalPred-style,5,0,18,1.0,0.0,0.8049683,0.6252719,0.8888888888888888
pine,rootnum,R2,CalPred-style,5,1,51,0.9019607843137255,0.0392156862745098,0.957469,0.96581966,0.9215686274509803
pine,rootnum,R2,CalPred-style,5,2,22,0.9090909090909091,0.0,1.384844,1.384844,1.0
pine,rootnum,R2,CalPred-style,5,4,2,1.0,0.0,0.8080804,0.638538,0.5
pine,rootnum,R2,Gauss-PEV,1,0,18,0.9444444444444444,0.0,0.8049683,0.6252719,0.8888888888888888
pine,rootnum,R2,Gauss-PEV,1,1,51,0.9019607843137255,0.0392156862745098,0.957469,0.9566557,0.9411764705882353
pine,rootnum,R2,Gauss-PEV,1,2,22,0.9090909090909091,0.0,1.384844,1.3883096,0.9545454545454546
pine,rootnum,R2,Gauss-PEV,1,4,2,1.0,0.0,0.8080804,0.638538,0.5
pine,rootnum,R2,Gauss-PEV,2,0,18,0.9444444444444444,0.0,0.8049683,0.6252719,0.8888888888888888
pine,rootnum,R2,Gauss-PEV,2,1,51,0.9019607843137255,0.0392156862745098,0.957469,0.9566557,0.9411764705882353
pine,rootnum,R2,Gauss-PEV,2,2,22,0.9090909090909091,0.0,1.384844,1.3883096,0.9545454545454546
pine,rootnum,R2,Gauss-PEV,2,4,2,1.0,0.0,0.8080804,0.638538,0.5
pine,rootnum,R2,Gauss-PEV,3,0,18,0.9444444444444444,0.0,0.8049683,0.6252719,0.8888888888888888
pine,rootnum,R2,Gauss-PEV,3,1,51,0.9019607843137255,0.0392156862745098,0.957469,0.9566557,0.9411764705882353
pine,rootnum,R2,Gauss-PEV,3,2,22,0.9090909090909091,0.0,1.384844,1.3883096,0.9545454545454546
pine,rootnum,R2,Gauss-PEV,3,4,2,1.0,0.0,0.8080804,0.638538,0.5
pine,rootnum,R2,Gauss-PEV,4,0,18,0.9444444444444444,0.0,0.8049683,0.6252719,0.8888888888888888
pine,rootnum,R2,Gauss-PEV,4,1,51,0.9019607843137255,0.0392156862745098,0.957469,0.9566557,0.9411764705882353
pine,rootnum,R2,Gauss-PEV,4,2,22,0.9090909090909091,0.0,1.384844,1.3883096,0.9545454545454546
pine,rootnum,R2,Gauss-PEV,4,4,2,1.0,0.0,0.8080804,0.638538,0.5
pine,rootnum,R2,Gauss-PEV,5,0,18,0.9444444444444444,0.0,0.8049683,0.6252719,0.8888888888888888
pine,rootnum,R2,Gauss-PEV,5,1,51,0.9019607843137255,0.0392156862745098,0.957469,0.9566557,0.9411764705882353
pine,rootnum,R2,Gauss-PEV,5,2,22,0.9090909090909091,0.0,1.384844,1.3883096,0.9545454545454546
pine,rootnum,R2,Gauss-PEV,5,4,2,1.0,0.0,0.8080804,0.638538,0.5
pine,rootnum,R2,KinCP,1,0,18,0.9444444444444444,0.0,0.8049683,0.609125,0.8333333333333334
pine,rootnum,R2,KinCP,1,1,51,0.9019607843137255,0.0392156862745098,0.957469,0.9219166,0.8627450980392157
pine,rootnum,R2,KinCP,1,2,22,0.9090909090909091,0.0,1.384844,1.3883096,0.9545454545454546
pine,rootnum,R2,KinCP,1,4,2,1.0,0.0,0.8080804,0.638538,0.5
pine,rootnum,R2,KinCP,2,0,18,0.9444444444444444,0.0,0.8049683,0.5031529,0.7777777777777778
pine,rootnum,R2,KinCP,2,1,51,0.9019607843137255,0.0392156862745098,0.957469,0.9083543,0.8235294117647058
pine,rootnum,R2,KinCP,2,2,22,0.9090909090909091,0.0,1.384844,1.3883096,0.9545454545454546
pine,rootnum,R2,KinCP,2,4,2,1.0,0.0,0.8080804,0.638538,0.5
pine,rootnum,R2,KinCP,3,0,18,0.9444444444444444,0.0,0.8049683,0.625272,0.8888888888888888
pine,rootnum,R2,KinCP,3,1,51,0.9019607843137255,0.0392156862745098,0.957469,0.9138369,0.8627450980392157
pine,rootnum,R2,KinCP,3,2,22,0.9090909090909091,0.0,1.384844,1.3883096,0.9545454545454546
pine,rootnum,R2,KinCP,3,4,2,1.0,0.0,0.8080804,0.638538,0.5
pine,rootnum,R2,KinCP,4,0,18,0.9444444444444444,0.0,0.8049683,0.609125,0.8333333333333334
pine,rootnum,R2,KinCP,4,1,51,0.9019607843137255,0.0392156862745098,0.957469,0.9285779,0.8823529411764706
pine,rootnum,R2,KinCP,4,2,22,0.9090909090909091,0.0,1.384844,1.3883096,0.9545454545454546
pine,rootnum,R2,KinCP,4,4,2,1.0,0.0,0.8080804,0.638538,0.5
pine,rootnum,R2,KinCP,5,0,18,1.0,0.0,0.8049683,0.58000624,0.5555555555555556
pine,rootnum,R2,KinCP,5,1,51,0.9019607843137255,0.0392156862745098,0.957469,0.9083542,0.8235294117647058
pine,rootnum,R2,KinCP,5,2,22,0.9090909090909091,0.0,1.384844,1.3883096,0.9545454545454546
pine,rootnum,R2,KinCP,5,4,2,1.0,0.0,0.8080804,0.638538,0.5
pine,rootnum,R2,KinCP-ABC,1,0,18,0.7222222222222222,0.16666666666666666,0.8049683,0.8049683,1.0
pine,rootnum,R2,KinCP-ABC,1,1,51,0.8823529411764706,0.058823529411764705,0.957469,0.957469,1.0
pine,rootnum,R2,KinCP-ABC,1,2,22,0.8636363636363636,0.045454545454545456,1.384844,1.384844,1.0
pine,rootnum,R2,KinCP-ABC,1,4,2,1.0,0.0,0.8080804,0.8080804,1.0
pine,rootnum,R2,KinCP-ABC,2,0,18,0.7222222222222222,0.16666666666666666,0.8049683,0.8049683,1.0
pine,rootnum,R2,KinCP-ABC,2,1,51,0.8823529411764706,0.058823529411764705,0.957469,0.957469,1.0
pine,rootnum,R2,KinCP-ABC,2,2,22,0.8636363636363636,0.045454545454545456,1.384844,1.384844,1.0
pine,rootnum,R2,KinCP-ABC,2,4,2,1.0,0.0,0.8080804,0.8080804,1.0
pine,rootnum,R2,KinCP-ABC,3,0,18,0.7222222222222222,0.16666666666666666,0.8049683,0.8049683,1.0
pine,rootnum,R2,KinCP-ABC,3,1,51,0.8823529411764706,0.058823529411764705,0.957469,0.957469,1.0
pine,rootnum,R2,KinCP-ABC,3,2,22,0.8636363636363636,0.045454545454545456,1.384844,1.384844,1.0
pine,rootnum,R2,KinCP-ABC,3,4,2,1.0,0.0,0.8080804,0.8080804,1.0
pine,rootnum,R2,KinCP-ABC,4,0,18,0.6666666666666666,0.2222222222222222,0.8049683,0.8049683,1.0
pine,rootnum,R2,KinCP-ABC,4,1,51,0.8823529411764706,0.058823529411764705,0.957469,0.957469,1.0
pine,rootnum,R2,KinCP-ABC,4,2,22,0.8636363636363636,0.045454545454545456,1.384844,1.384844,1.0
pine,rootnum,R2,KinCP-ABC,4,4,2,1.0,0.0,0.8080804,0.8080804,1.0
pine,rootnum,R2,KinCP-ABC,5,0,18,0.6666666666666666,0.2222222222222222,0.8049683,0.8049683,1.0
pine,rootnum,R2,KinCP-ABC,5,1,51,0.8823529411764706,0.058823529411764705,0.957469,0.957469,1.0
pine,rootnum,R2,KinCP-ABC,5,2,22,0.8636363636363636,0.045454545454545456,1.384844,1.384844,1.0
pine,rootnum,R2,KinCP-ABC,5,4,2,1.0,0.0,0.8080804,0.8080804,1.0
pine,rootnum,R2,SCP,1,0,18,0.7222222222222222,0.16666666666666666,0.8049683,0.71663785,0.8333333333333334
pine,rootnum,R2,SCP,1,1,51,0.8823529411764706,0.058823529411764705,0.957469,0.8974572,0.8431372549019608
pine,rootnum,R2,SCP,1,2,22,0.7727272727272727,0.09090909090909091,1.384844,1.4210461,0.9090909090909091
pine,rootnum,R2,SCP,1,4,2,1.0,0.0,0.8080804,0.8080804,1.0
pine,rootnum,R2,SCP,2,0,18,0.6666666666666666,0.16666666666666666,0.8049683,0.74368,0.7777777777777778
pine,rootnum,R2,SCP,2,1,51,0.8431372549019608,0.0784313725490196,0.957469,0.9173766,0.8235294117647058
pine,rootnum,R2,SCP,2,2,22,0.9090909090909091,0.0,1.384844,1.4232632,0.9090909090909091
pine,rootnum,R2,SCP,2,4,2,1.0,0.0,0.8080804,0.638538,0.5
pine,rootnum,R2,SCP,3,0,18,0.7777777777777778,0.05555555555555555,0.8049683,0.56973416,0.7777777777777778
pine,rootnum,R2,SCP,3,1,51,0.9019607843137255,0.0392156862745098,0.957469,0.9714535,0.803921568627451
pine,rootnum,R2,SCP,3,2,22,0.8636363636363636,0.045454545454545456,1.384844,1.4341257,0.9090909090909091
pine,rootnum,R2,SCP,3,4,2,1.0,0.0,0.8080804,0.8080804,1.0
pine,rootnum,R2,SCP,4,0,18,0.8333333333333334,0.0,0.8049683,0.60956526,0.7777777777777778
pine,rootnum,R2,SCP,4,1,51,0.8627450980392157,0.0784313725490196,0.957469,0.9284119,0.8823529411764706
pine,rootnum,R2,SCP,4,2,22,0.8636363636363636,0.0,1.384844,1.3934706,0.8636363636363636
pine,rootnum,R2,SCP,4,4,2,1.0,0.0,0.8080804,0.638538,0.5
pine,rootnum,R2,SCP,5,0,18,0.7222222222222222,0.1111111111111111,0.8049683,0.5277262,0.7222222222222222
pine,rootnum,R2,SCP,5,1,51,0.9019607843137255,0.0392156862745098,0.957469,0.9509002,0.8235294117647058
pine,rootnum,R2,SCP,5,2,22,0.8181818181818182,0.0,1.384844,1.4628003,0.8636363636363636
pine,rootnum,R2,SCP,5,4,2,1.0,0.0,0.8080804,0.8080804,1.0
pine,rootnumbin,R1,CV+,1,0,18,1.0,0.0,1.2957463,1.2957463,1.0
pine,rootnumbin,R1,CV+,1,1,18,0.9444444444444444,0.05555555555555555,1.0387249,1.1398271,0.9444444444444444
pine,rootnumbin,R1,CV+,1,2,18,0.9444444444444444,0.05555555555555555,1.0197583,1.1029714,0.8333333333333334
pine,rootnumbin,R1,CV+,1,3,18,1.0,0.0,1.2500715,1.2397515,0.9444444444444444
pine,rootnumbin,R1,CV+,1,4,18,1.0,0.0,1.2596564,1.2990843,0.8888888888888888
pine,rootnumbin,R1,CV+,2,0,18,1.0,0.0,1.3112755,1.3112755,1.0
pine,rootnumbin,R1,CV+,2,1,18,1.0,0.0,1.060128,1.1010897,0.8888888888888888
pine,rootnumbin,R1,CV+,2,2,18,1.0,0.0,1.3834478,1.4056623,0.8888888888888888
pine,rootnumbin,R1,CV+,2,3,18,1.0,0.0,1.1511832,1.2027191,0.8888888888888888
pine,rootnumbin,R1,CV+,2,4,18,0.9444444444444444,0.05555555555555555,1.0849613,1.0381218,0.9444444444444444
pine,rootnumbin,R1,CV+,3,0,18,1.0,0.0,1.1225115,1.1225115,1.0
pine,rootnumbin,R1,CV+,3,1,18,1.0,0.0,1.3089335,1.3021696,0.9444444444444444
pine,rootnumbin,R1,CV+,3,2,18,0.9444444444444444,0.05555555555555555,1.1136776,1.1724726,0.9444444444444444
pine,rootnumbin,R1,CV+,3,3,18,0.9444444444444444,0.05555555555555555,1.1550928,1.1364348,0.8888888888888888
pine,rootnumbin,R1,CV+,3,4,18,1.0,0.0,1.2520717,1.2042212,0.9444444444444444
pine,rootnumbin,R1,CV+,4,0,18,1.0,0.0,1.2865028,1.2541019,0.9444444444444444
pine,rootnumbin,R1,CV+,4,1,18,1.0,0.0,1.2204827,1.2204827,1.0
pine,rootnumbin,R1,CV+,4,2,18,1.0,0.0,1.1684731,1.1283529,0.9444444444444444
pine,rootnumbin,R1,CV+,4,3,18,0.9444444444444444,0.05555555555555555,1.1710446,1.1710447,1.0
pine,rootnumbin,R1,CV+,4,4,18,1.0,0.0,1.1731361,1.137636,0.9444444444444444
pine,rootnumbin,R1,CV+,5,0,18,1.0,0.0,1.2361326,1.2205273,0.9444444444444444
pine,rootnumbin,R1,CV+,5,1,18,0.9444444444444444,0.05555555555555555,1.1704072,1.1704072,1.0
pine,rootnumbin,R1,CV+,5,2,18,1.0,0.0,1.1263328,1.1263328,1.0
pine,rootnumbin,R1,CV+,5,3,18,1.0,0.0,1.3453954,1.3297377,0.9444444444444444
pine,rootnumbin,R1,CV+,5,4,18,0.9444444444444444,0.05555555555555555,1.1423396,1.260568,0.8888888888888888
pine,rootnumbin,R1,CalPred-style,1,0,18,1.0,0.0,1.2957463,1.3318027,0.8333333333333334
pine,rootnumbin,R1,CalPred-style,1,1,18,0.9444444444444444,0.05555555555555555,1.0387249,1.0762279,0.9444444444444444
pine,rootnumbin,R1,CalPred-style,1,2,18,0.9444444444444444,0.05555555555555555,1.0197583,1.0637221,0.8888888888888888
pine,rootnumbin,R1,CalPred-style,1,3,18,1.0,0.0,1.2500715,1.2397513,0.9444444444444444
pine,rootnumbin,R1,CalPred-style,1,4,18,0.9444444444444444,0.05555555555555555,1.2596564,1.303823,0.8888888888888888
pine,rootnumbin,R1,CalPred-style,2,0,18,1.0,0.0,1.3112755,1.3112756,1.0
pine,rootnumbin,R1,CalPred-style,2,1,18,1.0,0.0,1.060128,1.0364432,0.9444444444444444
pine,rootnumbin,R1,CalPred-style,2,2,18,1.0,0.0,1.3834478,1.3939705,0.9444444444444444
pine,rootnumbin,R1,CalPred-style,2,3,18,1.0,0.0,1.1511832,1.1511832,1.0
pine,rootnumbin,R1,CalPred-style,2,4,18,0.9444444444444444,0.05555555555555555,1.0849613,1.0849613,1.0
pine,rootnumbin,R1,CalPred-style,3,0,18,1.0,0.0,1.1225115,1.0510256,0.9444444444444444
pine,rootnumbin,R1,CalPred-style,3,1,18,1.0,0.0,1.3089335,1.3089335,1.0
pine,rootnumbin,R1,CalPred-style,3,2,18,0.9444444444444444,0.05555555555555555,1.1136776,1.1499923,0.9444444444444444
pine,rootnumbin,R1,CalPred-style,3,3,18,0.9444444444444444,0.05555555555555555,1.1550928,1.1519831,0.9444444444444444
pine,rootnumbin,R1,CalPred-style,3,4,18,1.0,0.0,1.2520717,1.2520717,1.0
pine,rootnumbin,R1,CalPred-style,4,0,18,1.0,0.0,1.2865028,1.254102,0.9444444444444444
pine,rootnumbin,R1,CalPred-style,4,1,18,1.0,0.0,1.2204827,1.2204827,1.0
pine,rootnumbin,R1,CalPred-style,4,2,18,1.0,0.0,1.1684731,1.1684731,1.0
pine,rootnumbin,R1,CalPred-style,4,3,18,0.9444444444444444,0.05555555555555555,1.1710446,1.1890769,0.9444444444444444
pine,rootnumbin,R1,CalPred-style,4,4,18,0.8888888888888888,0.1111111111111111,1.1731361,1.1731361,1.0
pine,rootnumbin,R1,CalPred-style,5,0,18,1.0,0.0,1.2361326,1.2361325,1.0
pine,rootnumbin,R1,CalPred-style,5,1,18,0.9444444444444444,0.05555555555555555,1.1704072,1.1704072,1.0
pine,rootnumbin,R1,CalPred-style,5,2,18,0.8888888888888888,0.1111111111111111,1.1263328,1.0763669,0.9444444444444444
pine,rootnumbin,R1,CalPred-style,5,3,18,1.0,0.0,1.3453954,1.3453953,1.0
pine,rootnumbin,R1,CalPred-style,5,4,18,0.9444444444444444,0.05555555555555555,1.1423396,1.1529744,0.9444444444444444
pine,rootnumbin,R1,Gauss-PEV,1,0,18,1.0,0.0,1.2957463,1.2832087,0.9444444444444444
pine,rootnumbin,R1,Gauss-PEV,1,1,18,0.9444444444444444,0.05555555555555555,1.0387249,1.038725,1.0
pine,rootnumbin,R1,Gauss-PEV,1,2,18,0.9444444444444444,0.05555555555555555,1.0197583,1.0637223,0.8888888888888888
pine,rootnumbin,R1,Gauss-PEV,1,3,18,1.0,0.0,1.2500715,1.2397515,0.9444444444444444
pine,rootnumbin,R1,Gauss-PEV,1,4,18,0.9444444444444444,0.05555555555555555,1.2596564,1.303823,0.8888888888888888
pine,rootnumbin,R1,Gauss-PEV,2,0,18,1.0,0.0,1.3112755,1.3112756,1.0
pine,rootnumbin,R1,Gauss-PEV,2,1,18,1.0,0.0,1.060128,1.0364432,0.9444444444444444
pine,rootnumbin,R1,Gauss-PEV,2,2,18,1.0,0.0,1.3834478,1.3939705,0.9444444444444444
pine,rootnumbin,R1,Gauss-PEV,2,3,18,1.0,0.0,1.1511832,1.1511832,1.0
pine,rootnumbin,R1,Gauss-PEV,2,4,18,0.9444444444444444,0.05555555555555555,1.0849613,1.0849613,1.0
pine,rootnumbin,R1,Gauss-PEV,3,0,18,1.0,0.0,1.1225115,1.1225116,1.0
pine,rootnumbin,R1,Gauss-PEV,3,1,18,1.0,0.0,1.3089335,1.3089335,1.0
pine,rootnumbin,R1,Gauss-PEV,3,2,18,0.9444444444444444,0.05555555555555555,1.1136776,1.1499922,0.9444444444444444
pine,rootnumbin,R1,Gauss-PEV,3,3,18,0.9444444444444444,0.05555555555555555,1.1550928,1.1519833,0.9444444444444444
pine,rootnumbin,R1,Gauss-PEV,3,4,18,1.0,0.0,1.2520717,1.2520717,1.0
pine,rootnumbin,R1,Gauss-PEV,4,0,18,1.0,0.0,1.2865028,1.254102,0.9444444444444444
pine,rootnumbin,R1,Gauss-PEV,4,1,18,1.0,0.0,1.2204827,1.2204827,1.0
pine,rootnumbin,R1,Gauss-PEV,4,2,18,1.0,0.0,1.1684731,1.1684731,1.0
pine,rootnumbin,R1,Gauss-PEV,4,3,18,0.9444444444444444,0.05555555555555555,1.1710446,1.1890769,0.9444444444444444
pine,rootnumbin,R1,Gauss-PEV,4,4,18,1.0,0.0,1.1731361,1.1731361,1.0
pine,rootnumbin,R1,Gauss-PEV,5,0,18,1.0,0.0,1.2361326,1.2361326,1.0
pine,rootnumbin,R1,Gauss-PEV,5,1,18,0.9444444444444444,0.05555555555555555,1.1704072,1.1704073,1.0
pine,rootnumbin,R1,Gauss-PEV,5,2,18,0.9444444444444444,0.05555555555555555,1.1263328,1.1242667,0.9444444444444444
pine,rootnumbin,R1,Gauss-PEV,5,3,18,1.0,0.0,1.3453954,1.3453954,1.0
pine,rootnumbin,R1,Gauss-PEV,5,4,18,0.9444444444444444,0.05555555555555555,1.1423396,1.1423396,1.0
pine,rootnumbin,R1,KinCP,1,0,18,1.0,0.0,1.2957463,1.3347765,0.9444444444444444
pine,rootnumbin,R1,KinCP,1,1,18,0.9444444444444444,0.05555555555555555,1.0387249,1.038725,1.0
pine,rootnumbin,R1,KinCP,1,2,18,0.9444444444444444,0.05555555555555555,1.0197583,1.0637223,0.8888888888888888
pine,rootnumbin,R1,KinCP,1,3,18,1.0,0.0,1.2500715,1.2397513,0.9444444444444444
pine,rootnumbin,R1,KinCP,1,4,18,1.0,0.0,1.2596564,1.303823,0.8888888888888888
pine,rootnumbin,R1,KinCP,2,0,18,1.0,0.0,1.3112755,1.3112756,1.0
pine,rootnumbin,R1,KinCP,2,1,18,1.0,0.0,1.060128,1.0364432,0.9444444444444444
pine,rootnumbin,R1,KinCP,2,2,18,1.0,0.0,1.3834478,1.3939704,0.9444444444444444
pine,rootnumbin,R1,KinCP,2,3,18,1.0,0.0,1.1511832,1.1511832,1.0
pine,rootnumbin,R1,KinCP,2,4,18,0.9444444444444444,0.05555555555555555,1.0849613,1.0849613,1.0
pine,rootnumbin,R1,KinCP,3,0,18,1.0,0.0,1.1225115,1.0510256,0.9444444444444444
pine,rootnumbin,R1,KinCP,3,1,18,1.0,0.0,1.3089335,1.3089335,1.0
pine,rootnumbin,R1,KinCP,3,2,18,0.9444444444444444,0.05555555555555555,1.1136776,1.1499922,0.9444444444444444
pine,rootnumbin,R1,KinCP,3,3,18,0.9444444444444444,0.05555555555555555,1.1550928,1.1408601,0.9444444444444444
pine,rootnumbin,R1,KinCP,3,4,18,1.0,0.0,1.2520717,1.2520717,1.0
pine,rootnumbin,R1,KinCP,4,0,18,1.0,0.0,1.2865028,1.254102,0.9444444444444444
pine,rootnumbin,R1,KinCP,4,1,18,1.0,0.0,1.2204827,1.2204827,1.0
pine,rootnumbin,R1,KinCP,4,2,18,1.0,0.0,1.1684731,1.1684731,1.0
pine,rootnumbin,R1,KinCP,4,3,18,0.9444444444444444,0.05555555555555555,1.1710446,1.1890769,0.9444444444444444
pine,rootnumbin,R1,KinCP,4,4,18,1.0,0.0,1.1731361,1.173136,1.0
pine,rootnumbin,R1,KinCP,5,0,18,1.0,0.0,1.2361326,1.2361325,1.0
pine,rootnumbin,R1,KinCP,5,1,18,0.9444444444444444,0.05555555555555555,1.1704072,1.1704073,1.0
pine,rootnumbin,R1,KinCP,5,2,18,0.9444444444444444,0.05555555555555555,1.1263328,1.1242667,0.9444444444444444
pine,rootnumbin,R1,KinCP,5,3,18,1.0,0.0,1.3453954,1.3453954,1.0
pine,rootnumbin,R1,KinCP,5,4,18,0.9444444444444444,0.05555555555555555,1.1423396,1.1529744,0.9444444444444444
pine,rootnumbin,R1,KinCP-ABC,1,0,18,1.0,0.0,1.2957463,1.2957463,1.0
pine,rootnumbin,R1,KinCP-ABC,1,1,18,0.9444444444444444,0.05555555555555555,1.0387249,1.0387249,1.0
pine,rootnumbin,R1,KinCP-ABC,1,2,18,0.9444444444444444,0.05555555555555555,1.0197583,1.0197583,1.0
pine,rootnumbin,R1,KinCP-ABC,1,3,18,1.0,0.0,1.2500715,1.2500715,1.0
pine,rootnumbin,R1,KinCP-ABC,1,4,18,1.0,0.0,1.2596564,1.2596564,1.0
pine,rootnumbin,R1,KinCP-ABC,2,0,18,1.0,0.0,1.3112755,1.3112755,1.0
pine,rootnumbin,R1,KinCP-ABC,2,1,18,1.0,0.0,1.060128,1.060128,1.0
pine,rootnumbin,R1,KinCP-ABC,2,2,18,1.0,0.0,1.3834478,1.3834478,1.0
pine,rootnumbin,R1,KinCP-ABC,2,3,18,1.0,0.0,1.1511832,1.1511832,1.0
pine,rootnumbin,R1,KinCP-ABC,2,4,18,0.9444444444444444,0.05555555555555555,1.0849613,1.0849613,1.0
pine,rootnumbin,R1,KinCP-ABC,3,0,18,1.0,0.0,1.1225115,1.1225115,1.0
pine,rootnumbin,R1,KinCP-ABC,3,1,18,1.0,0.0,1.3089335,1.3089335,1.0
pine,rootnumbin,R1,KinCP-ABC,3,2,18,0.9444444444444444,0.05555555555555555,1.1136776,1.1136776,1.0
pine,rootnumbin,R1,KinCP-ABC,3,3,18,0.9444444444444444,0.05555555555555555,1.1550928,1.1550928,1.0
pine,rootnumbin,R1,KinCP-ABC,3,4,18,1.0,0.0,1.2520717,1.2520717,1.0
pine,rootnumbin,R1,KinCP-ABC,4,0,18,1.0,0.0,1.2865028,1.2865028,1.0
pine,rootnumbin,R1,KinCP-ABC,4,1,18,1.0,0.0,1.2204827,1.2204827,1.0
pine,rootnumbin,R1,KinCP-ABC,4,2,18,1.0,0.0,1.1684731,1.1684731,1.0
pine,rootnumbin,R1,KinCP-ABC,4,3,18,0.9444444444444444,0.05555555555555555,1.1710446,1.1710446,1.0
pine,rootnumbin,R1,KinCP-ABC,4,4,18,1.0,0.0,1.1731361,1.1731361,1.0
pine,rootnumbin,R1,KinCP-ABC,5,0,18,1.0,0.0,1.2361326,1.2361326,1.0
pine,rootnumbin,R1,KinCP-ABC,5,1,18,0.9444444444444444,0.05555555555555555,1.1704072,1.1704072,1.0
pine,rootnumbin,R1,KinCP-ABC,5,2,18,1.0,0.0,1.1263328,1.1263328,1.0
pine,rootnumbin,R1,KinCP-ABC,5,3,18,1.0,0.0,1.3453954,1.3453954,1.0
pine,rootnumbin,R1,KinCP-ABC,5,4,18,0.9444444444444444,0.05555555555555555,1.1423396,1.1423396,1.0
pine,rootnumbin,R1,SCP,1,0,18,1.0,0.0,1.2957463,1.2707317,0.8888888888888888
pine,rootnumbin,R1,SCP,1,1,18,0.9444444444444444,0.05555555555555555,1.0387249,1.0604935,0.7777777777777778
pine,rootnumbin,R1,SCP,1,2,18,0.9444444444444444,0.05555555555555555,1.0197583,1.0443922,0.8888888888888888
pine,rootnumbin,R1,SCP,1,3,18,1.0,0.0,1.2500715,1.2517601,0.8333333333333334
pine,rootnumbin,R1,SCP,1,4,18,0.9444444444444444,0.05555555555555555,1.2596564,1.2696197,0.8888888888888888
pine,rootnumbin,R1,SCP,2,0,18,1.0,0.0,1.3112755,1.3357841,0.8888888888888888
pine,rootnumbin,R1,SCP,2,1,18,1.0,0.0,1.060128,1.0294784,0.7222222222222222
pine,rootnumbin,R1,SCP,2,2,18,1.0,0.0,1.3834478,1.3867635,0.8888888888888888
pine,rootnumbin,R1,SCP,2,3,18,1.0,0.0,1.1511832,0.98984706,0.7222222222222222
pine,rootnumbin,R1,SCP,2,4,18,0.9444444444444444,0.05555555555555555,1.0849613,1.108095,0.8333333333333334
pine,rootnumbin,R1,SCP,3,0,18,1.0,0.0,1.1225115,1.0510256,0.9444444444444444
pine,rootnumbin,R1,SCP,3,1,18,1.0,0.0,1.3089335,1.2851102,0.9444444444444444
pine,rootnumbin,R1,SCP,3,2,18,0.9444444444444444,0.05555555555555555,1.1136776,1.1709819,0.8333333333333334
pine,rootnumbin,R1,SCP,3,3,18,0.9444444444444444,0.05555555555555555,1.1550928,1.1685482,0.9444444444444444
pine,rootnumbin,R1,SCP,3,4,18,1.0,0.0,1.2520717,1.321404,0.8888888888888888
pine,rootnumbin,R1,SCP,4,0,18,1.0,0.0,1.2865028,1.3337374,0.8888888888888888
pine,rootnumbin,R1,SCP,4,1,18,1.0,0.0,1.2204827,1.2606465,0.9444444444444444
pine,rootnumbin,R1,SCP,4,2,18,1.0,0.0,1.1684731,1.1733397,0.8888888888888888
pine,rootnumbin,R1,SCP,4,3,18,0.9444444444444444,0.05555555555555555,1.1710446,1.1434671,0.7777777777777778
pine,rootnumbin,R1,SCP,4,4,18,1.0,0.0,1.1731361,1.1652821,0.8888888888888888
pine,rootnumbin,R1,SCP,5,0,18,1.0,0.0,1.2361326,1.2127872,0.7777777777777778
pine,rootnumbin,R1,SCP,5,1,18,0.9444444444444444,0.05555555555555555,1.1704072,1.1927752,0.8333333333333334
pine,rootnumbin,R1,SCP,5,2,18,0.9444444444444444,0.05555555555555555,1.1263328,1.0644615,0.8333333333333334
pine,rootnumbin,R1,SCP,5,3,18,1.0,0.0,1.3453954,1.1875353,0.7777777777777778
pine,rootnumbin,R1,SCP,5,4,18,0.9444444444444444,0.05555555555555555,1.1423396,1.2231579,0.8888888888888888
pine,rootnumbin,R2,CV+,1,0,18,0.9444444444444444,0.05555555555555555,0.8554647,0.9108041,0.8888888888888888
pine,rootnumbin,R2,CV+,1,1,51,0.9607843137254902,0.0392156862745098,0.8072729,0.8073836,0.9803921568627451
pine,rootnumbin,R2,CV+,1,2,22,0.9090909090909091,0.0,1.29324,1.3317705,0.9545454545454546
pine,rootnumbin,R2,CV+,1,4,2,1.0,0.0,0.50261474,0.50261474,1.0
pine,rootnumbin,R2,CV+,2,0,18,0.9444444444444444,0.05555555555555555,0.8554647,0.8554647,1.0
pine,rootnumbin,R2,CV+,2,1,51,0.9607843137254902,0.0392156862745098,0.8072729,0.8397979,0.9411764705882353
pine,rootnumbin,R2,CV+,2,2,22,0.9090909090909091,0.0,1.29324,1.3317708,0.9545454545454546
pine,rootnumbin,R2,CV+,2,4,2,1.0,0.0,0.50261474,0.50261474,1.0
pine,rootnumbin,R2,CV+,3,0,18,0.9444444444444444,0.05555555555555555,0.8554647,0.8727636,0.8888888888888888
pine,rootnumbin,R2,CV+,3,1,51,0.9607843137254902,0.0392156862745098,0.8072729,0.82329124,0.9411764705882353
pine,rootnumbin,R2,CV+,3,2,22,0.9090909090909091,0.0,1.29324,1.334194,0.9545454545454546
pine,rootnumbin,R2,CV+,3,4,2,1.0,0.0,0.50261474,0.50261474,1.0
pine,rootnumbin,R2,CV+,4,0,18,0.9444444444444444,0.05555555555555555,0.8554647,0.82233423,0.9444444444444444
pine,rootnumbin,R2,CV+,4,1,51,0.9607843137254902,0.0392156862745098,0.8072729,0.8090137,0.9803921568627451
pine,rootnumbin,R2,CV+,4,2,22,0.9090909090909091,0.0,1.29324,1.334194,0.9545454545454546
pine,rootnumbin,R2,CV+,4,4,2,1.0,0.0,0.50261474,0.50261474,1.0
pine,rootnumbin,R2,CV+,5,0,18,1.0,0.0,0.8554647,0.8554647,1.0
pine,rootnumbin,R2,CV+,5,1,51,0.9607843137254902,0.0392156862745098,0.8072729,0.81817484,0.9607843137254902
pine,rootnumbin,R2,CV+,5,2,22,0.9090909090909091,0.0,1.29324,1.3317705,0.9545454545454546
pine,rootnumbin,R2,CV+,5,4,2,1.0,0.0,0.50261474,0.50261474,1.0
pine,rootnumbin,R2,CalPred-style,1,0,18,1.0,0.0,0.8554647,0.8554647,1.0
pine,rootnumbin,R2,CalPred-style,1,1,51,0.9803921568627451,0.0196078431372549,0.8072729,0.77634186,0.9215686274509803
pine,rootnumbin,R2,CalPred-style,1,2,22,1.0,0.0,1.29324,1.2183543,0.9545454545454546
pine,rootnumbin,R2,CalPred-style,1,4,2,1.0,0.0,0.50261474,-0.0354622,0.5
pine,rootnumbin,R2,CalPred-style,2,0,18,0.9444444444444444,0.05555555555555555,0.8554647,0.8554647,1.0
pine,rootnumbin,R2,CalPred-style,2,1,51,0.9803921568627451,0.0196078431372549,0.8072729,0.77565217,0.9019607843137255
pine,rootnumbin,R2,CalPred-style,2,2,22,1.0,0.0,1.29324,1.2251297,0.9545454545454546
pine,rootnumbin,R2,CalPred-style,2,4,2,1.0,0.0,0.50261474,-0.0354622,0.5
pine,rootnumbin,R2,CalPred-style,3,0,18,0.9444444444444444,0.05555555555555555,0.8554647,0.8554647,1.0
pine,rootnumbin,R2,CalPred-style,3,1,51,0.9803921568627451,0.0196078431372549,0.8072729,0.77565217,0.9019607843137255
pine,rootnumbin,R2,CalPred-style,3,2,22,1.0,0.0,1.29324,1.2183543,0.9545454545454546
pine,rootnumbin,R2,CalPred-style,3,4,2,1.0,0.0,0.50261474,-0.0354622,0.5
pine,rootnumbin,R2,CalPred-style,4,0,18,0.9444444444444444,0.05555555555555555,0.8554647,0.8554647,1.0
pine,rootnumbin,R2,CalPred-style,4,1,51,0.9803921568627451,0.0196078431372549,0.8072729,0.77634174,0.9215686274509803
pine,rootnumbin,R2,CalPred-style,4,2,22,1.0,0.0,1.29324,1.2251297,0.9545454545454546
pine,rootnumbin,R2,CalPred-style,4,4,2,1.0,0.0,0.50261474,-0.0354622,0.5
pine,rootnumbin,R2,CalPred-style,5,0,18,0.9444444444444444,0.05555555555555555,0.8554647,0.8554647,1.0
pine,rootnumbin,R2,CalPred-style,5,1,51,0.9803921568627451,0.0196078431372549,0.8072729,0.77565217,0.9019607843137255
pine,rootnumbin,R2,CalPred-style,5,2,22,1.0,0.0,1.29324,1.2932398,1.0
pine,rootnumbin,R2,CalPred-style,5,4,2,1.0,0.0,0.50261474,0.9793241,0.5
pine,rootnumbin,R2,Gauss-PEV,1,0,18,0.9444444444444444,0.05555555555555555,0.8554647,0.8554647,1.0
pine,rootnumbin,R2,Gauss-PEV,1,1,51,0.9607843137254902,0.0392156862745098,0.8072729,0.79548025,0.9411764705882353
pine,rootnumbin,R2,Gauss-PEV,1,2,22,1.0,0.0,1.29324,1.2183543,0.9545454545454546
pine,rootnumbin,R2,Gauss-PEV,1,4,2,1.0,0.0,0.50261474,0.9793241,0.5
pine,rootnumbin,R2,Gauss-PEV,2,0,18,0.9444444444444444,0.05555555555555555,0.8554647,0.8554647,1.0
pine,rootnumbin,R2,Gauss-PEV,2,1,51,0.9607843137254902,0.0392156862745098,0.8072729,0.79548025,0.9411764705882353
pine,rootnumbin,R2,Gauss-PEV,2,2,22,1.0,0.0,1.29324,1.2183543,0.9545454545454546
pine,rootnumbin,R2,Gauss-PEV,2,4,2,1.0,0.0,0.50261474,0.9793241,0.5
pine,rootnumbin,R2,Gauss-PEV,3,0,18,0.9444444444444444,0.05555555555555555,0.8554647,0.8554647,1.0
pine,rootnumbin,R2,Gauss-PEV,3,1,51,0.9607843137254902,0.0392156862745098,0.8072729,0.79548025,0.9411764705882353
pine,rootnumbin,R2,Gauss-PEV,3,2,22,1.0,0.0,1.29324,1.2183543,0.9545454545454546
pine,rootnumbin,R2,Gauss-PEV,3,4,2,1.0,0.0,0.50261474,0.9793241,0.5
pine,rootnumbin,R2,Gauss-PEV,4,0,18,0.9444444444444444,0.05555555555555555,0.8554647,0.8554647,1.0
pine,rootnumbin,R2,Gauss-PEV,4,1,51,0.9607843137254902,0.0392156862745098,0.8072729,0.79548025,0.9411764705882353
pine,rootnumbin,R2,Gauss-PEV,4,2,22,1.0,0.0,1.29324,1.2183543,0.9545454545454546
pine,rootnumbin,R2,Gauss-PEV,4,4,2,1.0,0.0,0.50261474,0.9793241,0.5
pine,rootnumbin,R2,Gauss-PEV,5,0,18,0.9444444444444444,0.05555555555555555,0.8554647,0.8554647,1.0
pine,rootnumbin,R2,Gauss-PEV,5,1,51,0.9607843137254902,0.0392156862745098,0.8072729,0.79548025,0.9411764705882353
pine,rootnumbin,R2,Gauss-PEV,5,2,22,1.0,0.0,1.29324,1.2183543,0.9545454545454546
pine,rootnumbin,R2,Gauss-PEV,5,4,2,1.0,0.0,0.50261474,0.9793241,0.5
pine,rootnumbin,R2,KinCP,1,0,18,1.0,0.0,0.8554647,0.6950705,0.8888888888888888
pine,rootnumbin,R2,KinCP,1,1,51,1.0,0.0,0.8072729,0.7822156,0.7843137254901961
pine,rootnumbin,R2,KinCP,1,2,22,1.0,0.0,1.29324,1.2251297,0.9545454545454546
pine,rootnumbin,R2,KinCP,1,4,2,1.0,0.0,0.50261474,-0.0354622,0.5
pine,rootnumbin,R2,KinCP,2,0,18,1.0,0.0,0.8554647,0.6713202,0.8333333333333334
pine,rootnumbin,R2,KinCP,2,1,51,1.0,0.0,0.8072729,0.7563849,0.7843137254901961
pine,rootnumbin,R2,KinCP,2,2,22,1.0,0.0,1.29324,1.1905109,0.9090909090909091
pine,rootnumbin,R2,KinCP,2,4,2,1.0,0.0,0.50261474,-0.0354622,0.5
pine,rootnumbin,R2,KinCP,3,0,18,1.0,0.0,0.8554647,0.6950705,0.8888888888888888
pine,rootnumbin,R2,KinCP,3,1,51,1.0,0.0,0.8072729,0.7591116,0.803921568627451
pine,rootnumbin,R2,KinCP,3,2,22,1.0,0.0,1.29324,1.2251297,0.9545454545454546
pine,rootnumbin,R2,KinCP,3,4,2,1.0,0.0,0.50261474,-0.0354622,0.5
pine,rootnumbin,R2,KinCP,4,0,18,1.0,0.0,0.8554647,0.69507045,0.8888888888888888
pine,rootnumbin,R2,KinCP,4,1,51,1.0,0.0,0.8072729,0.79246855,0.803921568627451
pine,rootnumbin,R2,KinCP,4,2,22,1.0,0.0,1.29324,1.2251297,0.9545454545454546
pine,rootnumbin,R2,KinCP,4,4,2,1.0,0.0,0.50261474,-0.0354622,0.5
pine,rootnumbin,R2,KinCP,5,0,18,1.0,0.0,0.8554647,0.67132014,0.8333333333333334
pine,rootnumbin,R2,KinCP,5,1,51,1.0,0.0,0.8072729,0.75638497,0.7843137254901961
pine,rootnumbin,R2,KinCP,5,2,22,1.0,0.0,1.29324,1.2251297,0.9545454545454546
pine,rootnumbin,R2,KinCP,5,4,2,1.0,0.0,0.50261474,-0.0354622,0.5
pine,rootnumbin,R2,KinCP-ABC,1,0,18,0.9444444444444444,0.05555555555555555,0.8554647,0.8554647,1.0
pine,rootnumbin,R2,KinCP-ABC,1,1,51,0.9607843137254902,0.0392156862745098,0.8072729,0.8072729,1.0
pine,rootnumbin,R2,KinCP-ABC,1,2,22,0.9090909090909091,0.0,1.29324,1.29324,1.0
pine,rootnumbin,R2,KinCP-ABC,1,4,2,1.0,0.0,0.50261474,0.50261474,1.0
pine,rootnumbin,R2,KinCP-ABC,2,0,18,0.9444444444444444,0.05555555555555555,0.8554647,0.8554647,1.0
pine,rootnumbin,R2,KinCP-ABC,2,1,51,0.9607843137254902,0.0392156862745098,0.8072729,0.8072729,1.0
pine,rootnumbin,R2,KinCP-ABC,2,2,22,0.9090909090909091,0.0,1.29324,1.29324,1.0
pine,rootnumbin,R2,KinCP-ABC,2,4,2,1.0,0.0,0.50261474,0.50261474,1.0
pine,rootnumbin,R2,KinCP-ABC,3,0,18,0.9444444444444444,0.05555555555555555,0.8554647,0.8554647,1.0
pine,rootnumbin,R2,KinCP-ABC,3,1,51,0.9607843137254902,0.0392156862745098,0.8072729,0.8072729,1.0
pine,rootnumbin,R2,KinCP-ABC,3,2,22,0.9090909090909091,0.0,1.29324,1.29324,1.0
pine,rootnumbin,R2,KinCP-ABC,3,4,2,1.0,0.0,0.50261474,0.50261474,1.0
pine,rootnumbin,R2,KinCP-ABC,4,0,18,0.9444444444444444,0.05555555555555555,0.8554647,0.8554647,1.0
pine,rootnumbin,R2,KinCP-ABC,4,1,51,0.9607843137254902,0.0392156862745098,0.8072729,0.8072729,1.0
pine,rootnumbin,R2,KinCP-ABC,4,2,22,0.9090909090909091,0.0,1.29324,1.29324,1.0
pine,rootnumbin,R2,KinCP-ABC,4,4,2,1.0,0.0,0.50261474,0.50261474,1.0
pine,rootnumbin,R2,KinCP-ABC,5,0,18,0.9444444444444444,0.05555555555555555,0.8554647,0.8554647,1.0
pine,rootnumbin,R2,KinCP-ABC,5,1,51,0.9607843137254902,0.0392156862745098,0.8072729,0.8072729,1.0
pine,rootnumbin,R2,KinCP-ABC,5,2,22,0.9090909090909091,0.0,1.29324,1.29324,1.0
pine,rootnumbin,R2,KinCP-ABC,5,4,2,1.0,0.0,0.50261474,0.50261474,1.0
pine,rootnumbin,R2,SCP,1,0,18,0.9444444444444444,0.05555555555555555,0.8554647,0.8776735,0.8333333333333334
pine,rootnumbin,R2,SCP,1,1,51,0.9411764705882353,0.0392156862745098,0.8072729,0.81525385,0.9607843137254902
pine,rootnumbin,R2,SCP,1,2,22,0.9090909090909091,0.0,1.29324,1.3109498,0.9090909090909091
pine,rootnumbin,R2,SCP,1,4,2,1.0,0.0,0.50261474,0.91640484,0.5
pine,rootnumbin,R2,SCP,2,0,18,0.8888888888888888,0.05555555555555555,0.8554647,0.7181641,0.8333333333333334
pine,rootnumbin,R2,SCP,2,1,51,0.9215686274509803,0.0392156862745098,0.8072729,0.81240964,0.9215686274509803
pine,rootnumbin,R2,SCP,2,2,22,1.0,0.0,1.29324,1.3317707,0.9545454545454546
pine,rootnumbin,R2,SCP,2,4,2,1.0,0.0,0.50261474,0.50261474,1.0
pine,rootnumbin,R2,SCP,3,0,18,0.9444444444444444,0.0,0.8554647,0.6029353,0.7222222222222222
pine,rootnumbin,R2,SCP,3,1,51,0.9607843137254902,0.0392156862745098,0.8072729,0.8311592,0.8627450980392157
pine,rootnumbin,R2,SCP,3,2,22,1.0,0.0,1.29324,1.3436401,0.9545454545454546
pine,rootnumbin,R2,SCP,3,4,2,1.0,0.0,0.50261474,0.91640484,0.5
pine,rootnumbin,R2,SCP,4,0,18,0.8888888888888888,0.05555555555555555,0.8554647,0.6342617,0.7777777777777778
pine,rootnumbin,R2,SCP,4,1,51,0.9411764705882353,0.0392156862745098,0.8072729,0.8223304,0.9215686274509803
pine,rootnumbin,R2,SCP,4,2,22,0.8636363636363636,0.0,1.29324,1.2805297,0.9545454545454546
pine,rootnumbin,R2,SCP,4,4,2,1.0,0.0,0.50261474,0.50261474,1.0
pine,rootnumbin,R2,SCP,5,0,18,0.8888888888888888,0.05555555555555555,0.8554647,0.584095,0.7222222222222222
pine,rootnumbin,R2,SCP,5,1,51,0.9803921568627451,0.0196078431372549,0.8072729,0.79641163,0.9411764705882353
pine,rootnumbin,R2,SCP,5,2,22,0.9090909090909091,0.0,1.29324,1.2605498,0.9545454545454546
pine,rootnumbin,R2,SCP,5,4,2,1.0,0.0,0.50261474,0.91640484,0.5
rice,Culm_habit,R1,CV+,1,0,7,1.0,0.0,1.0270568,0.9361492,0.8571428571428571
rice,Culm_habit,R1,CV+,1,1,7,1.0,0.0,1.0316855,1.1083357,0.8571428571428571
rice,Culm_habit,R1,CV+,1,2,7,0.8571428571428571,0.14285714285714285,0.68558025,0.88377345,0.8571428571428571
rice,Culm_habit,R1,CV+,1,3,7,1.0,0.0,1.1501787,1.0343878,0.8571428571428571
rice,Culm_habit,R1,CV+,1,4,7,1.0,0.0,1.2426828,1.0608561,0.8571428571428571
rice,Culm_habit,R1,CV+,2,0,7,1.0,0.0,1.5708922,1.4799417,0.8571428571428571
rice,Culm_habit,R1,CV+,2,1,7,1.0,0.0,0.94096845,0.86464435,0.8571428571428571
rice,Culm_habit,R1,CV+,2,2,7,1.0,0.0,1.4507864,1.4507864,1.0
rice,Culm_habit,R1,CV+,2,3,7,1.0,0.0,1.1440828,1.1829898,0.8571428571428571
rice,Culm_habit,R1,CV+,2,4,7,1.0,0.0,0.95918053,0.95918053,1.0
rice,Culm_habit,R1,CV+,3,0,7,1.0,0.0,1.0532161,1.1692064,0.8571428571428571
rice,Culm_habit,R1,CV+,3,1,7,0.8571428571428571,0.14285714285714285,0.79955906,0.74662083,0.7142857142857143
rice,Culm_habit,R1,CV+,3,2,7,1.0,0.0,1.0606927,1.0606927,1.0
rice,Culm_habit,R1,CV+,3,3,7,1.0,0.0,0.7693804,0.8852858,0.8571428571428571
rice,Culm_habit,R1,CV+,3,4,7,1.0,0.0,1.120964,1.3020202,0.8571428571428571
rice,Culm_habit,R1,CV+,4,0,7,1.0,0.0,1.3549232,1.3549232,1.0
rice,Culm_habit,R1,CV+,4,1,7,0.8571428571428571,0.14285714285714285,0.6179978,0.6179978,1.0
rice,Culm_habit,R1,CV+,4,2,7,1.0,0.0,0.9381898,0.9381898,0.8571428571428571
rice,Culm_habit,R1,CV+,4,3,7,1.0,0.0,1.0177499,1.0177499,1.0
rice,Culm_habit,R1,CV+,4,4,7,1.0,0.0,1.1710014,1.1710014,1.0
rice,Culm_habit,R1,CV+,5,0,7,1.0,0.0,0.5852482,0.70295995,0.8571428571428571
rice,Culm_habit,R1,CV+,5,1,7,1.0,0.0,1.208064,1.208064,1.0
rice,Culm_habit,R1,CV+,5,2,7,0.8571428571428571,0.14285714285714285,0.86478966,0.86478966,1.0
rice,Culm_habit,R1,CV+,5,3,7,1.0,0.0,0.8226038,1.0947161,0.8571428571428571
rice,Culm_habit,R1,CV+,5,4,7,0.8571428571428571,0.14285714285714285,1.2503079,1.3289052,0.8571428571428571
rice,Culm_habit,R1,CalPred-style,1,0,7,1.0,0.0,1.0270568,1.0270568,1.0
rice,Culm_habit,R1,CalPred-style,1,1,7,1.0,0.0,1.0316855,0.95503515,0.8571428571428571
rice,Culm_habit,R1,CalPred-style,1,2,7,0.8571428571428571,0.14285714285714285,0.68558025,0.68558025,1.0
rice,Culm_habit,R1,CalPred-style,1,3,7,1.0,0.0,1.1501787,1.2273724,0.7142857142857143
rice,Culm_habit,R1,CalPred-style,1,4,7,1.0,0.0,1.2426828,1.0608561,0.8571428571428571
rice,Culm_habit,R1,CalPred-style,2,0,7,1.0,0.0,1.5708922,1.5708922,1.0
rice,Culm_habit,R1,CalPred-style,2,1,7,1.0,0.0,0.94096845,0.94096845,1.0
rice,Culm_habit,R1,CalPred-style,2,2,7,1.0,0.0,1.4507864,1.4507864,1.0
rice,Culm_habit,R1,CalPred-style,2,3,7,1.0,0.0,1.1440828,1.1829898,0.8571428571428571
rice,Culm_habit,R1,CalPred-style,2,4,7,1.0,0.0,0.95918053,1.0767947,0.8571428571428571
rice,Culm_habit,R1,CalPred-style,3,0,7,1.0,0.0,1.0532161,1.1692064,0.8571428571428571
rice,Culm_habit,R1,CalPred-style,3,1,7,0.8571428571428571,0.14285714285714285,0.79955906,0.9054354,0.7142857142857143
rice,Culm_habit,R1,CalPred-style,3,2,7,0.8571428571428571,0.0,1.0606927,0.82878727,0.8571428571428571
rice,Culm_habit,R1,CalPred-style,3,3,7,1.0,0.0,0.7693804,0.7693804,1.0
rice,Culm_habit,R1,CalPred-style,3,4,7,1.0,0.0,1.120964,1.120964,1.0
rice,Culm_habit,R1,CalPred-style,4,0,7,1.0,0.0,1.3549232,1.3549232,1.0
rice,Culm_habit,R1,CalPred-style,4,1,7,0.8571428571428571,0.14285714285714285,0.6179978,0.6179978,1.0
rice,Culm_habit,R1,CalPred-style,4,2,7,1.0,0.0,0.9381898,0.9381898,1.0
rice,Culm_habit,R1,CalPred-style,4,3,7,1.0,0.0,1.0177499,0.9290457,0.8571428571428571
rice,Culm_habit,R1,CalPred-style,4,4,7,1.0,0.0,1.1710014,1.1710014,1.0
rice,Culm_habit,R1,CalPred-style,5,0,7,1.0,0.0,0.5852482,0.5852482,1.0
rice,Culm_habit,R1,CalPred-style,5,1,7,1.0,0.0,1.208064,1.208064,1.0
rice,Culm_habit,R1,CalPred-style,5,2,7,0.8571428571428571,0.14285714285714285,0.86478966,0.8647898,1.0
rice,Culm_habit,R1,CalPred-style,5,3,7,1.0,0.0,0.8226038,0.8226038,1.0
rice,Culm_habit,R1,CalPred-style,5,4,7,0.8571428571428571,0.14285714285714285,1.2503079,1.250308,1.0
rice,Culm_habit,R1,Gauss-PEV,1,0,7,1.0,0.0,1.0270568,0.58550537,0.7142857142857143
rice,Culm_habit,R1,Gauss-PEV,1,1,7,1.0,0.0,1.0316855,1.2233112,0.7142857142857143
rice,Culm_habit,R1,Gauss-PEV,1,2,7,0.8571428571428571,0.14285714285714285,0.68558025,0.68558025,1.0
rice,Culm_habit,R1,Gauss-PEV,1,3,7,1.0,0.0,1.1501787,1.2273724,0.7142857142857143
rice,Culm_habit,R1,Gauss-PEV,1,4,7,1.0,0.0,1.2426828,1.0608561,0.8571428571428571
rice,Culm_habit,R1,Gauss-PEV,2,0,7,1.0,0.0,1.5708922,1.4799417,0.8571428571428571
rice,Culm_habit,R1,Gauss-PEV,2,1,7,1.0,0.0,0.94096845,0.9409684,1.0
rice,Culm_habit,R1,Gauss-PEV,2,2,7,1.0,0.0,1.4507864,1.0913002,0.8571428571428571
rice,Culm_habit,R1,Gauss-PEV,2,3,7,1.0,0.0,1.1440828,1.1829898,0.8571428571428571
rice,Culm_habit,R1,Gauss-PEV,2,4,7,1.0,0.0,0.95918053,0.9199759,0.5714285714285714
rice,Culm_habit,R1,Gauss-PEV,3,0,7,1.0,0.0,1.0532161,1.1692064,0.8571428571428571
rice,Culm_habit,R1,Gauss-PEV,3,1,7,0.8571428571428571,0.14285714285714285,0.79955906,0.6275098,0.7142857142857143
rice,Culm_habit,R1,Gauss-PEV,3,2,7,1.0,0.0,1.0606927,0.82878727,0.8571428571428571
rice,Culm_habit,R1,Gauss-PEV,3,3,7,1.0,0.0,0.7693804,0.9239209,0.8571428571428571
rice,Culm_habit,R1,Gauss-PEV,3,4,7,1.0,0.0,1.120964,1.2390442,0.8571428571428571
rice,Culm_habit,R1,Gauss-PEV,4,0,7,1.0,0.0,1.3549232,1.3549232,1.0
rice,Culm_habit,R1,Gauss-PEV,4,1,7,0.8571428571428571,0.14285714285714285,0.6179978,0.6179978,1.0
rice,Culm_habit,R1,Gauss-PEV,4,2,7,1.0,0.0,0.9381898,1.0162791,0.8571428571428571
rice,Culm_habit,R1,Gauss-PEV,4,3,7,1.0,0.0,1.0177499,0.9290457,0.8571428571428571
rice,Culm_habit,R1,Gauss-PEV,4,4,7,1.0,0.0,1.1710014,1.1710014,1.0
rice,Culm_habit,R1,Gauss-PEV,5,0,7,1.0,0.0,0.5852482,0.5852482,1.0
rice,Culm_habit,R1,Gauss-PEV,5,1,7,1.0,0.0,1.208064,1.208064,1.0
rice,Culm_habit,R1,Gauss-PEV,5,2,7,0.8571428571428571,0.14285714285714285,0.86478966,0.8647898,1.0
rice,Culm_habit,R1,Gauss-PEV,5,3,7,1.0,0.0,0.8226038,0.861477,0.8571428571428571
rice,Culm_habit,R1,Gauss-PEV,5,4,7,0.8571428571428571,0.14285714285714285,1.2503079,1.250308,1.0
rice,Culm_habit,R1,KinCP,1,0,7,1.0,0.0,1.0270568,0.6634262,0.5714285714285714
rice,Culm_habit,R1,KinCP,1,1,7,1.0,0.0,1.0316855,1.2616365,0.5714285714285714
rice,Culm_habit,R1,KinCP,1,2,7,0.8571428571428571,0.14285714285714285,0.68558025,0.6855803,1.0
rice,Culm_habit,R1,KinCP,1,3,7,1.0,0.0,1.1501787,1.2273724,0.7142857142857143
rice,Culm_habit,R1,KinCP,1,4,7,1.0,0.0,1.2426828,1.0608561,0.8571428571428571
rice,Culm_habit,R1,KinCP,2,0,7,1.0,0.0,1.5708922,1.5578992,0.8571428571428571
rice,Culm_habit,R1,KinCP,2,1,7,1.0,0.0,0.94096845,0.9409684,1.0
rice,Culm_habit,R1,KinCP,2,2,7,1.0,0.0,1.4507864,1.2510719,0.7142857142857143
rice,Culm_habit,R1,KinCP,2,3,7,1.0,0.0,1.1440828,0.94954723,0.8571428571428571
rice,Culm_habit,R1,KinCP,2,4,7,1.0,0.0,0.95918053,0.9199759,0.5714285714285714
rice,Culm_habit,R1,KinCP,3,0,7,1.0,0.0,1.0532161,1.1692064,0.8571428571428571
rice,Culm_habit,R1,KinCP,3,1,7,0.8571428571428571,0.14285714285714285,0.79955906,0.6275098,0.7142857142857143
rice,Culm_habit,R1,KinCP,3,2,7,1.0,0.0,1.0606927,0.82878727,0.8571428571428571
rice,Culm_habit,R1,KinCP,3,3,7,1.0,0.0,0.7693804,0.8852858,0.8571428571428571
rice,Culm_habit,R1,KinCP,3,4,7,1.0,0.0,1.120964,1.120964,0.8571428571428571
rice,Culm_habit,R1,KinCP,4,0,7,1.0,0.0,1.3549232,1.3549232,1.0
rice,Culm_habit,R1,KinCP,4,1,7,0.8571428571428571,0.14285714285714285,0.6179978,0.6179978,1.0
rice,Culm_habit,R1,KinCP,4,2,7,1.0,0.0,0.9381898,1.0162791,0.8571428571428571
rice,Culm_habit,R1,KinCP,4,3,7,1.0,0.0,1.0177499,1.0177499,1.0
rice,Culm_habit,R1,KinCP,4,4,7,1.0,0.0,1.1710014,1.1710014,1.0
rice,Culm_habit,R1,KinCP,5,0,7,1.0,0.0,0.5852482,0.70295995,0.8571428571428571
rice,Culm_habit,R1,KinCP,5,1,7,1.0,0.0,1.208064,1.208064,1.0
rice,Culm_habit,R1,KinCP,5,2,7,0.8571428571428571,0.14285714285714285,0.86478966,0.71134967,0.8571428571428571
rice,Culm_habit,R1,KinCP,5,3,7,1.0,0.0,0.8226038,0.93922335,0.8571428571428571
rice,Culm_habit,R1,KinCP,5,4,7,0.8571428571428571,0.14285714285714285,1.2503079,1.250308,1.0
rice,Culm_habit,R1,KinCP-ABC,1,0,7,1.0,0.0,1.0270568,1.0270568,1.0
rice,Culm_habit,R1,KinCP-ABC,1,1,7,1.0,0.0,1.0316855,1.0316855,1.0
rice,Culm_habit,R1,KinCP-ABC,1,2,7,0.8571428571428571,0.14285714285714285,0.68558025,0.68558025,1.0
rice,Culm_habit,R1,KinCP-ABC,1,3,7,1.0,0.0,1.1501787,1.1501787,1.0
rice,Culm_habit,R1,KinCP-ABC,1,4,7,1.0,0.0,1.2426828,1.2426828,1.0
rice,Culm_habit,R1,KinCP-ABC,2,0,7,1.0,0.0,1.5708922,1.5708922,1.0
rice,Culm_habit,R1,KinCP-ABC,2,1,7,1.0,0.0,0.94096845,0.94096845,1.0
rice,Culm_habit,R1,KinCP-ABC,2,2,7,0.8571428571428571,0.0,1.4507864,1.4507864,1.0
rice,Culm_habit,R1,KinCP-ABC,2,3,7,1.0,0.0,1.1440828,1.1440828,1.0
rice,Culm_habit,R1,KinCP-ABC,2,4,7,1.0,0.0,0.95918053,0.95918053,1.0
rice,Culm_habit,R1,KinCP-ABC,3,0,7,1.0,0.0,1.0532161,1.0532161,1.0
rice,Culm_habit,R1,KinCP-ABC,3,1,7,0.8571428571428571,0.14285714285714285,0.79955906,0.79955906,1.0
rice,Culm_habit,R1,KinCP-ABC,3,2,7,0.8571428571428571,0.0,1.0606927,1.0606927,1.0
rice,Culm_habit,R1,KinCP-ABC,3,3,7,1.0,0.0,0.7693804,0.7693804,1.0
rice,Culm_habit,R1,KinCP-ABC,3,4,7,1.0,0.0,1.120964,1.120964,1.0
rice,Culm_habit,R1,KinCP-ABC,4,0,7,1.0,0.0,1.3549232,1.3549232,1.0
rice,Culm_habit,R1,KinCP-ABC,4,1,7,0.8571428571428571,0.14285714285714285,0.6179978,0.6179978,1.0
rice,Culm_habit,R1,KinCP-ABC,4,2,7,1.0,0.0,0.9381898,0.9381898,1.0
rice,Culm_habit,R1,KinCP-ABC,4,3,7,1.0,0.0,1.0177499,1.0177499,1.0
rice,Culm_habit,R1,KinCP-ABC,4,4,7,1.0,0.0,1.1710014,1.1710014,1.0
rice,Culm_habit,R1,KinCP-ABC,5,0,7,1.0,0.0,0.5852482,0.5852482,1.0
rice,Culm_habit,R1,KinCP-ABC,5,1,7,1.0,0.0,1.208064,1.208064,1.0
rice,Culm_habit,R1,KinCP-ABC,5,2,7,0.8571428571428571,0.14285714285714285,0.86478966,0.86478966,1.0
rice,Culm_habit,R1,KinCP-ABC,5,3,7,1.0,0.0,0.8226038,0.8226038,1.0
rice,Culm_habit,R1,KinCP-ABC,5,4,7,0.8571428571428571,0.14285714285714285,1.2503079,1.2503079,1.0
rice,Culm_habit,R1,SCP,1,0,7,1.0,0.0,1.0270568,0.7932943,0.8571428571428571
rice,Culm_habit,R1,SCP,1,1,7,1.0,0.0,1.0316855,0.8656097,0.7142857142857143
rice,Culm_habit,R1,SCP,1,2,7,0.8571428571428571,0.14285714285714285,0.68558025,0.7252189,0.8571428571428571
rice,Culm_habit,R1,SCP,1,3,7,1.0,0.0,1.1501787,1.0343878,0.8571428571428571
rice,Culm_habit,R1,SCP,1,4,7,1.0,0.0,1.2426828,1.4007931,0.8571428571428571
rice,Culm_habit,R1,SCP,2,0,7,1.0,0.0,1.5708922,1.5708922,1.0
rice,Culm_habit,R1,SCP,2,1,7,1.0,0.0,0.94096845,0.6738342,0.8571428571428571
rice,Culm_habit,R1,SCP,2,2,7,1.0,0.0,1.4507864,1.4507864,1.0
rice,Culm_habit,R1,SCP,2,3,7,1.0,0.0,1.1440828,1.1829897,0.8571428571428571
rice,Culm_habit,R1,SCP,2,4,7,1.0,0.0,0.95918053,0.88077116,0.8571428571428571
rice,Culm_habit,R1,SCP,3,0,7,1.0,0.0,1.0532161,1.1692065,0.8571428571428571
rice,Culm_habit,R1,SCP,3,1,7,0.8571428571428571,0.14285714285714285,0.79955906,1.0377809,0.7142857142857143
rice,Culm_habit,R1,SCP,3,2,7,1.0,0.0,1.0606927,0.94473994,0.8571428571428571
rice,Culm_habit,R1,SCP,3,3,7,1.0,0.0,0.7693804,0.7693804,1.0
rice,Culm_habit,R1,SCP,3,4,7,1.0,0.0,1.120964,1.18394,0.8571428571428571
rice,Culm_habit,R1,SCP,4,0,7,1.0,0.0,1.3549232,1.3934008,0.8571428571428571
rice,Culm_habit,R1,SCP,4,1,7,0.8571428571428571,0.14285714285714285,0.6179978,0.73907375,0.8571428571428571
rice,Culm_habit,R1,SCP,4,2,7,1.0,0.0,0.9381898,1.0162791,0.8571428571428571
rice,Culm_habit,R1,SCP,4,3,7,1.0,0.0,1.0177499,1.0430939,0.5714285714285714
rice,Culm_habit,R1,SCP,4,4,7,1.0,0.0,1.1710014,1.3673145,0.8571428571428571
rice,Culm_habit,R1,SCP,5,0,7,1.0,0.0,0.5852482,0.70295995,0.8571428571428571
rice,Culm_habit,R1,SCP,5,1,7,1.0,0.0,1.208064,0.9725483,0.8571428571428571
rice,Culm_habit,R1,SCP,5,2,7,1.0,0.0,0.86478966,0.74970967,0.7142857142857143
rice,Culm_habit,R1,SCP,5,3,7,1.0,0.0,0.8226038,0.8226038,1.0
rice,Culm_habit,R1,SCP,5,4,7,0.8571428571428571,0.14285714285714285,1.2503079,1.2241088,0.7142857142857143
rice,Culm_habit,R2,CV+,1,0,5,1.0,0.0,0.86501426,0.86501426,1.0
rice,Culm_habit,R2,CV+,1,1,6,1.0,0.0,0.8006409,0.8006409,1.0
rice,Culm_habit,R2,CV+,1,2,8,1.0,0.0,1.1338356,1.1684971,0.875
rice,Culm_habit,R2,CV+,1,3,9,1.0,0.0,1.2540897,1.1927133,0.8888888888888888
rice,Culm_habit,R2,CV+,1,4,8,0.75,0.25,-0.45701575,-0.45701572,1.0
rice,Culm_habit,R2,CV+,2,0,5,1.0,0.0,0.86501426,0.86501426,1.0
rice,Culm_habit,R2,CV+,2,1,6,1.0,0.0,0.8006409,0.8006409,1.0
rice,Culm_habit,R2,CV+,2,2,8,1.0,0.0,1.1338356,1.1684971,0.875
rice,Culm_habit,R2,CV+,2,3,9,1.0,0.0,1.2540897,1.2234015,0.8888888888888888
rice,Culm_habit,R2,CV+,2,4,8,0.75,0.25,-0.45701575,-0.45701575,1.0
rice,Culm_habit,R2,CV+,3,0,5,1.0,0.0,0.86501426,0.8650142,1.0
rice,Culm_habit,R2,CV+,3,1,6,1.0,0.0,0.8006409,0.8006409,1.0
rice,Culm_habit,R2,CV+,3,2,8,1.0,0.0,1.1338356,1.1684971,0.875
rice,Culm_habit,R2,CV+,3,3,9,1.0,0.0,1.2540897,1.1313367,0.8888888888888888
rice,Culm_habit,R2,CV+,3,4,8,0.75,0.25,-0.45701575,-0.45701575,1.0
rice,Culm_habit,R2,CV+,4,0,5,1.0,0.0,0.86501426,1.0197238,0.8
rice,Culm_habit,R2,CV+,4,1,6,1.0,0.0,0.8006409,0.8006409,1.0
rice,Culm_habit,R2,CV+,4,2,8,1.0,0.0,1.1338356,1.1338356,1.0
rice,Culm_habit,R2,CV+,4,3,9,1.0,0.0,1.2540897,1.2234015,0.8888888888888888
rice,Culm_habit,R2,CV+,4,4,8,0.75,0.25,-0.45701575,-0.45701575,1.0
rice,Culm_habit,R2,CV+,5,0,5,1.0,0.0,0.86501426,0.8650142,0.8
rice,Culm_habit,R2,CV+,5,1,6,1.0,0.0,0.8006409,0.8006409,1.0
rice,Culm_habit,R2,CV+,5,2,8,1.0,0.0,1.1338356,1.1684971,0.875
rice,Culm_habit,R2,CV+,5,3,9,1.0,0.0,1.2540897,1.2234015,0.8888888888888888
rice,Culm_habit,R2,CV+,5,4,8,0.75,0.25,-0.45701575,-0.45701575,1.0
rice,Culm_habit,R2,CalPred-style,1,0,5,1.0,0.0,0.86501426,0.86501426,1.0
rice,Culm_habit,R2,CalPred-style,1,1,6,0.8333333333333334,0.16666666666666666,0.8006409,0.8006409,1.0
rice,Culm_habit,R2,CalPred-style,1,2,8,1.0,0.0,1.1338356,1.1338356,1.0
rice,Culm_habit,R2,CalPred-style,1,3,9,1.0,0.0,1.2540897,1.2540897,1.0
rice,Culm_habit,R2,CalPred-style,1,4,8,0.75,0.25,-0.45701575,-0.45701575,1.0
rice,Culm_habit,R2,CalPred-style,2,0,5,1.0,0.0,0.86501426,0.86501426,1.0
rice,Culm_habit,R2,CalPred-style,2,1,6,0.8333333333333334,0.16666666666666666,0.8006409,0.8006409,1.0
rice,Culm_habit,R2,CalPred-style,2,2,8,1.0,0.0,1.1338356,1.1338356,1.0
rice,Culm_habit,R2,CalPred-style,2,3,9,1.0,0.0,1.2540897,1.2540897,1.0
rice,Culm_habit,R2,CalPred-style,2,4,8,0.75,0.25,-0.45701575,-0.45701575,1.0
rice,Culm_habit,R2,CalPred-style,3,0,5,1.0,0.0,0.86501426,0.86501426,1.0
rice,Culm_habit,R2,CalPred-style,3,1,6,0.8333333333333334,0.16666666666666666,0.8006409,0.8006409,1.0
rice,Culm_habit,R2,CalPred-style,3,2,8,1.0,0.0,1.1338356,1.1338356,1.0
rice,Culm_habit,R2,CalPred-style,3,3,9,1.0,0.0,1.2540897,1.2540897,1.0
rice,Culm_habit,R2,CalPred-style,3,4,8,0.75,0.25,-0.45701575,-0.45701575,1.0
rice,Culm_habit,R2,CalPred-style,4,0,5,1.0,0.0,0.86501426,0.86501426,1.0
rice,Culm_habit,R2,CalPred-style,4,1,6,0.8333333333333334,0.16666666666666666,0.8006409,0.8006409,1.0
rice,Culm_habit,R2,CalPred-style,4,2,8,1.0,0.0,1.1338356,1.1338356,1.0
rice,Culm_habit,R2,CalPred-style,4,3,9,1.0,0.0,1.2540897,1.2540897,1.0
rice,Culm_habit,R2,CalPred-style,4,4,8,0.75,0.25,-0.45701575,-0.45701575,1.0
rice,Culm_habit,R2,CalPred-style,5,0,5,1.0,0.0,0.86501426,0.86501426,1.0
rice,Culm_habit,R2,CalPred-style,5,1,6,0.8333333333333334,0.16666666666666666,0.8006409,0.8006409,1.0
rice,Culm_habit,R2,CalPred-style,5,2,8,1.0,0.0,1.1338356,1.1338356,1.0
rice,Culm_habit,R2,CalPred-style,5,3,9,1.0,0.0,1.2540897,1.2540897,1.0
rice,Culm_habit,R2,CalPred-style,5,4,8,0.75,0.25,-0.45701575,-0.45701575,1.0
rice,Culm_habit,R2,Gauss-PEV,1,0,5,1.0,0.0,0.86501426,0.86501426,0.8
rice,Culm_habit,R2,Gauss-PEV,1,1,6,1.0,0.0,0.8006409,0.8006409,1.0
rice,Culm_habit,R2,Gauss-PEV,1,2,8,1.0,0.0,1.1338356,1.1338356,1.0
rice,Culm_habit,R2,Gauss-PEV,1,3,9,1.0,0.0,1.2540897,1.2540897,1.0
rice,Culm_habit,R2,Gauss-PEV,1,4,8,0.75,0.25,-0.45701575,-0.39148593,0.875
rice,Culm_habit,R2,Gauss-PEV,2,0,5,1.0,0.0,0.86501426,0.86501426,0.8
rice,Culm_habit,R2,Gauss-PEV,2,1,6,1.0,0.0,0.8006409,0.8006409,1.0
rice,Culm_habit,R2,Gauss-PEV,2,2,8,1.0,0.0,1.1338356,1.1338356,1.0
rice,Culm_habit,R2,Gauss-PEV,2,3,9,1.0,0.0,1.2540897,1.2540897,1.0
rice,Culm_habit,R2,Gauss-PEV,2,4,8,0.75,0.25,-0.45701575,-0.39148593,0.875
rice,Culm_habit,R2,Gauss-PEV,3,0,5,1.0,0.0,0.86501426,0.86501426,0.8
rice,Culm_habit,R2,Gauss-PEV,3,1,6,1.0,0.0,0.8006409,0.8006409,1.0
rice,Culm_habit,R2,Gauss-PEV,3,2,8,1.0,0.0,1.1338356,1.1338356,1.0
rice,Culm_habit,R2,Gauss-PEV,3,3,9,1.0,0.0,1.2540897,1.2540897,1.0
rice,Culm_habit,R2,Gauss-PEV,3,4,8,0.75,0.25,-0.45701575,-0.39148593,0.875
rice,Culm_habit,R2,Gauss-PEV,4,0,5,1.0,0.0,0.86501426,0.86501426,0.8
rice,Culm_habit,R2,Gauss-PEV,4,1,6,1.0,0.0,0.8006409,0.8006409,1.0
rice,Culm_habit,R2,Gauss-PEV,4,2,8,1.0,0.0,1.1338356,1.1338356,1.0
rice,Culm_habit,R2,Gauss-PEV,4,3,9,1.0,0.0,1.2540897,1.2540897,1.0
rice,Culm_habit,R2,Gauss-PEV,4,4,8,0.75,0.25,-0.45701575,-0.39148593,0.875
rice,Culm_habit,R2,Gauss-PEV,5,0,5,1.0,0.0,0.86501426,0.86501426,0.8
rice,Culm_habit,R2,Gauss-PEV,5,1,6,1.0,0.0,0.8006409,0.8006409,1.0
rice,Culm_habit,R2,Gauss-PEV,5,2,8,1.0,0.0,1.1338356,1.1338356,1.0
rice,Culm_habit,R2,Gauss-PEV,5,3,9,1.0,0.0,1.2540897,1.2540897,1.0
rice,Culm_habit,R2,Gauss-PEV,5,4,8,0.75,0.25,-0.45701575,-0.39148593,0.875
rice,Culm_habit,R2,KinCP,1,0,5,1.0,0.0,0.86501426,1.4026301,0.6
rice,Culm_habit,R2,KinCP,1,1,6,1.0,0.0,0.8006409,0.8006409,1.0
rice,Culm_habit,R2,KinCP,1,2,8,1.0,0.0,1.1338356,1.2378199,0.875
rice,Culm_habit,R2,KinCP,1,3,9,1.0,0.0,1.2540897,1.2540897,1.0
rice,Culm_habit,R2,KinCP,1,4,8,0.75,0.25,-0.45701575,-0.45701575,1.0
rice,Culm_habit,R2,KinCP,2,0,5,1.0,0.0,0.86501426,0.9036916,0.8
rice,Culm_habit,R2,KinCP,2,1,6,0.8333333333333334,0.16666666666666666,0.8006409,0.8006409,1.0
rice,Culm_habit,R2,KinCP,2,2,8,1.0,0.0,1.1338356,1.2378199,0.875
rice,Culm_habit,R2,KinCP,2,3,9,1.0,0.0,1.2540897,1.2540897,1.0
rice,Culm_habit,R2,KinCP,2,4,8,0.75,0.25,-0.45701575,-0.45701575,1.0
rice,Culm_habit,R2,KinCP,3,0,5,1.0,0.0,0.86501426,1.0197238,0.8
rice,Culm_habit,R2,KinCP,3,1,6,0.8333333333333334,0.16666666666666666,0.8006409,1.0662493,0.8333333333333334
rice,Culm_habit,R2,KinCP,3,2,8,1.0,0.0,1.1338356,1.1338356,1.0
rice,Culm_habit,R2,KinCP,3,3,9,1.0,0.0,1.2540897,1.2540897,1.0
rice,Culm_habit,R2,KinCP,3,4,8,0.75,0.25,-0.45701575,-0.45701575,1.0
rice,Culm_habit,R2,KinCP,4,0,5,1.0,0.0,0.86501426,1.7507267,0.4
rice,Culm_habit,R2,KinCP,4,1,6,0.8333333333333334,0.16666666666666666,0.8006409,1.0662493,0.8333333333333334
rice,Culm_habit,R2,KinCP,4,2,8,1.0,0.0,1.1338356,1.1338356,1.0
rice,Culm_habit,R2,KinCP,4,3,9,1.0,0.0,1.2540897,1.2540897,1.0
rice,Culm_habit,R2,KinCP,4,4,8,0.75,0.25,-0.45701575,-0.45701575,1.0
rice,Culm_habit,R2,KinCP,5,0,5,1.0,0.0,0.86501426,0.86501426,1.0
rice,Culm_habit,R2,KinCP,5,1,6,1.0,0.0,0.8006409,0.8006409,1.0
rice,Culm_habit,R2,KinCP,5,2,8,1.0,0.0,1.1338356,1.1338356,1.0
rice,Culm_habit,R2,KinCP,5,3,9,1.0,0.0,1.2540897,1.2540897,1.0
rice,Culm_habit,R2,KinCP,5,4,8,0.75,0.25,-0.45701575,-0.45701575,1.0
rice,Culm_habit,R2,KinCP-ABC,1,0,5,1.0,0.0,0.86501426,0.86501426,1.0
rice,Culm_habit,R2,KinCP-ABC,1,1,6,0.8333333333333334,0.16666666666666666,0.8006409,0.8006409,1.0
rice,Culm_habit,R2,KinCP-ABC,1,2,8,1.0,0.0,1.1338356,1.1338356,1.0
rice,Culm_habit,R2,KinCP-ABC,1,3,9,1.0,0.0,1.2540897,1.2540897,1.0
rice,Culm_habit,R2,KinCP-ABC,1,4,8,0.75,0.25,-0.45701575,-0.45701575,1.0
rice,Culm_habit,R2,KinCP-ABC,2,0,5,1.0,0.0,0.86501426,0.86501426,1.0
rice,Culm_habit,R2,KinCP-ABC,2,1,6,1.0,0.0,0.8006409,0.8006409,1.0
rice,Culm_habit,R2,KinCP-ABC,2,2,8,1.0,0.0,1.1338356,1.1338356,1.0
rice,Culm_habit,R2,KinCP-ABC,2,3,9,1.0,0.0,1.2540897,1.2540897,1.0
rice,Culm_habit,R2,KinCP-ABC,2,4,8,0.75,0.25,-0.45701575,-0.45701575,1.0
rice,Culm_habit,R2,KinCP-ABC,3,0,5,1.0,0.0,0.86501426,0.86501426,1.0
rice,Culm_habit,R2,KinCP-ABC,3,1,6,0.8333333333333334,0.16666666666666666,0.8006409,0.8006409,1.0
rice,Culm_habit,R2,KinCP-ABC,3,2,8,1.0,0.0,1.1338356,1.1338356,1.0
rice,Culm_habit,R2,KinCP-ABC,3,3,9,1.0,0.0,1.2540897,1.2540897,1.0
rice,Culm_habit,R2,KinCP-ABC,3,4,8,0.75,0.25,-0.45701575,-0.45701575,1.0
rice,Culm_habit,R2,KinCP-ABC,4,0,5,1.0,0.0,0.86501426,0.86501426,1.0
rice,Culm_habit,R2,KinCP-ABC,4,1,6,0.8333333333333334,0.16666666666666666,0.8006409,0.8006409,1.0
rice,Culm_habit,R2,KinCP-ABC,4,2,8,1.0,0.0,1.1338356,1.1338356,1.0
rice,Culm_habit,R2,KinCP-ABC,4,3,9,1.0,0.0,1.2540897,1.2540897,1.0
rice,Culm_habit,R2,KinCP-ABC,4,4,8,0.75,0.25,-0.45701575,-0.45701575,1.0
rice,Culm_habit,R2,KinCP-ABC,5,0,5,1.0,0.0,0.86501426,0.86501426,1.0
rice,Culm_habit,R2,KinCP-ABC,5,1,6,0.8333333333333334,0.16666666666666666,0.8006409,0.8006409,1.0
rice,Culm_habit,R2,KinCP-ABC,5,2,8,1.0,0.0,1.1338356,1.1338356,1.0
rice,Culm_habit,R2,KinCP-ABC,5,3,9,1.0,0.0,1.2540897,1.2540897,1.0
rice,Culm_habit,R2,KinCP-ABC,5,4,8,0.75,0.25,-0.45701575,-0.45701575,1.0
rice,Culm_habit,R2,SCP,1,0,5,1.0,0.0,0.86501426,1.1937721,0.6
rice,Culm_habit,R2,SCP,1,1,6,1.0,0.0,0.8006409,0.8006409,1.0
rice,Culm_habit,R2,SCP,1,2,8,1.0,0.0,1.1338356,1.2378199,0.875
rice,Culm_habit,R2,SCP,1,3,9,1.0,0.0,1.2540897,1.284778,0.8888888888888888
rice,Culm_habit,R2,SCP,1,4,8,0.75,0.25,-0.45701575,-0.5493532,0.875
rice,Culm_habit,R2,SCP,2,0,5,1.0,0.0,0.86501426,1.1937721,0.6
rice,Culm_habit,R2,SCP,2,1,6,0.8333333333333334,0.16666666666666666,0.8006409,0.8006409,1.0
rice,Culm_habit,R2,SCP,2,2,8,1.0,0.0,1.1338356,1.1684971,0.875
rice,Culm_habit,R2,SCP,2,3,9,1.0,0.0,1.2540897,1.2540897,1.0
rice,Culm_habit,R2,SCP,2,4,8,0.75,0.25,-0.45701575,-0.22766143,0.875
rice,Culm_habit,R2,SCP,3,0,5,1.0,0.0,0.86501426,0.86501426,1.0
rice,Culm_habit,R2,SCP,3,1,6,0.8333333333333334,0.16666666666666666,0.8006409,0.8006409,1.0
rice,Culm_habit,R2,SCP,3,2,8,1.0,0.0,1.1338356,1.1684971,0.875
rice,Culm_habit,R2,SCP,3,3,9,1.0,0.0,1.2540897,1.1108779,0.7777777777777778
rice,Culm_habit,R2,SCP,3,4,8,0.75,0.25,-0.45701575,-0.45701575,1.0
rice,Culm_habit,R2,SCP,4,0,5,1.0,0.0,0.86501426,1.0197238,0.8
rice,Culm_habit,R2,SCP,4,1,6,1.0,0.0,0.8006409,0.8006409,1.0
rice,Culm_habit,R2,SCP,4,2,8,1.0,0.0,1.1338356,1.1338356,1.0
rice,Culm_habit,R2,SCP,4,3,9,0.8888888888888888,0.1111111111111111,1.2540897,1.1313367,0.8888888888888888
rice,Culm_habit,R2,SCP,4,4,8,0.75,0.25,-0.45701575,-0.45701575,1.0
rice,Culm_habit,R2,SCP,5,0,5,1.0,0.0,0.86501426,1.0738722,0.6
rice,Culm_habit,R2,SCP,5,1,6,0.8333333333333334,0.16666666666666666,0.8006409,0.8006409,1.0
rice,Culm_habit,R2,SCP,5,2,8,1.0,0.0,1.1338356,1.1338356,1.0
rice,Culm_habit,R2,SCP,5,3,9,1.0,0.0,1.2540897,1.0699602,0.7777777777777778
rice,Culm_habit,R2,SCP,5,4,8,0.75,0.25,-0.45701575,-0.45701575,1.0
rice,Flag_leaf_length,R1,CV+,1,0,7,0.8571428571428571,0.0,0.7395603,0.70504445,0.8571428571428571
rice,Flag_leaf_length,R1,CV+,1,1,7,0.7142857142857143,0.0,1.2707175,1.2942879,0.8571428571428571
rice,Flag_leaf_length,R1,CV+,1,2,7,1.0,0.0,0.3091989,0.3091989,1.0
rice,Flag_leaf_length,R1,CV+,1,3,7,0.7142857142857143,0.2857142857142857,-0.41736874,-0.41736874,1.0
rice,Flag_leaf_length,R1,CV+,1,4,7,0.8571428571428571,0.0,0.6748783,0.28886193,0.8571428571428571
rice,Flag_leaf_length,R1,CV+,2,0,7,1.0,0.0,0.082570635,-0.0987918,0.8571428571428571
rice,Flag_leaf_length,R1,CV+,2,1,7,1.0,0.0,0.42105564,0.34991303,0.8571428571428571
rice,Flag_leaf_length,R1,CV+,2,2,7,0.7142857142857143,0.2857142857142857,0.06737619,0.07801146,0.5714285714285714
rice,Flag_leaf_length,R1,CV+,2,3,7,0.8571428571428571,0.0,0.5223561,0.7098239,0.7142857142857143
rice,Flag_leaf_length,R1,CV+,2,4,7,1.0,0.0,0.44653538,0.1979303,0.8571428571428571
rice,Flag_leaf_length,R1,CV+,3,0,7,0.8571428571428571,0.14285714285714285,-0.025049563,-0.025049554,1.0
rice,Flag_leaf_length,R1,CV+,3,1,7,0.8571428571428571,0.14285714285714285,-0.11519823,-0.11519825,1.0
rice,Flag_leaf_length,R1,CV+,3,2,7,0.8571428571428571,0.0,0.7547864,0.7547864,1.0
rice,Flag_leaf_length,R1,CV+,3,3,7,0.8571428571428571,0.0,0.70067585,0.70067585,1.0
rice,Flag_leaf_length,R1,CV+,3,4,7,0.8571428571428571,0.0,0.7988506,0.6453086,0.8571428571428571
rice,Flag_leaf_length,R1,CV+,4,0,7,0.8571428571428571,0.14285714285714285,-0.09797323,-0.09797323,1.0
rice,Flag_leaf_length,R1,CV+,4,1,7,1.0,0.0,0.3966749,0.6049506,0.7142857142857143
rice,Flag_leaf_length,R1,CV+,4,2,7,1.0,0.0,0.44163537,0.17301382,0.8571428571428571
rice,Flag_leaf_length,R1,CV+,4,3,7,0.8571428571428571,0.0,0.4930098,1.1063174,0.7142857142857143
rice,Flag_leaf_length,R1,CV+,4,4,7,1.0,0.0,0.11079816,0.11079814,1.0
rice,Flag_leaf_length,R1,CV+,5,0,7,0.8571428571428571,0.0,0.91826165,0.5889041,0.8571428571428571
rice,Flag_leaf_length,R1,CV+,5,1,7,0.8571428571428571,0.14285714285714285,-0.11001885,0.19319132,0.8571428571428571
rice,Flag_leaf_length,R1,CV+,5,2,7,0.8571428571428571,0.0,0.9126323,0.75524026,0.8571428571428571
rice,Flag_leaf_length,R1,CV+,5,3,7,1.0,0.0,0.057935357,-0.04097412,0.8571428571428571
rice,Flag_leaf_length,R1,CV+,5,4,7,1.0,0.0,0.5431091,0.54310906,1.0
rice,Flag_leaf_length,R1,CalPred-style,1,0,7,1.0,0.0,0.7395603,0.5368319,0.8571428571428571
rice,Flag_leaf_length,R1,CalPred-style,1,1,7,0.7142857142857143,0.0,1.2707175,1.1991413,0.8571428571428571
rice,Flag_leaf_length,R1,CalPred-style,1,2,7,1.0,0.0,0.3091989,0.3091989,1.0
rice,Flag_leaf_length,R1,CalPred-style,1,3,7,0.7142857142857143,0.2857142857142857,-0.41736874,-0.41736874,1.0
rice,Flag_leaf_length,R1,CalPred-style,1,4,7,0.8571428571428571,0.0,0.6748783,-0.014038205,0.8571428571428571
rice,Flag_leaf_length,R1,CalPred-style,2,0,7,1.0,0.0,0.082570635,0.082570635,1.0
rice,Flag_leaf_length,R1,CalPred-style,2,1,7,1.0,0.0,0.42105564,0.29748127,0.8571428571428571
rice,Flag_leaf_length,R1,CalPred-style,2,2,7,0.7142857142857143,0.2857142857142857,0.06737619,0.05605032,0.42857142857142855
rice,Flag_leaf_length,R1,CalPred-style,2,3,7,0.8571428571428571,0.0,0.5223561,1.4787508,0.5714285714285714
rice,Flag_leaf_length,R1,CalPred-style,2,4,7,1.0,0.0,0.44653538,0.28445464,0.8571428571428571
rice,Flag_leaf_length,R1,CalPred-style,3,0,7,0.8571428571428571,0.14285714285714285,-0.025049563,0.23748004,0.8571428571428571
rice,Flag_leaf_length,R1,CalPred-style,3,1,7,0.8571428571428571,0.14285714285714285,-0.11519823,-0.15894052,0.8571428571428571
rice,Flag_leaf_length,R1,CalPred-style,3,2,7,0.8571428571428571,0.0,0.7547864,0.7547864,1.0
rice,Flag_leaf_length,R1,CalPred-style,3,3,7,1.0,0.0,0.70067585,0.7006758,1.0
rice,Flag_leaf_length,R1,CalPred-style,3,4,7,0.8571428571428571,0.0,0.7988506,0.7988506,1.0
rice,Flag_leaf_length,R1,CalPred-style,4,0,7,0.8571428571428571,0.14285714285714285,-0.09797323,0.06869821,0.7142857142857143
rice,Flag_leaf_length,R1,CalPred-style,4,1,7,1.0,0.0,0.3966749,0.8125196,0.8571428571428571
rice,Flag_leaf_length,R1,CalPred-style,4,2,7,1.0,0.0,0.44163537,0.44163537,1.0
rice,Flag_leaf_length,R1,CalPred-style,4,3,7,0.8571428571428571,0.0,0.4930098,0.49300984,1.0
rice,Flag_leaf_length,R1,CalPred-style,4,4,7,1.0,0.0,0.11079816,0.15056995,0.8571428571428571
rice,Flag_leaf_length,R1,CalPred-style,5,0,7,1.0,0.0,0.91826165,0.91826165,1.0
rice,Flag_leaf_length,R1,CalPred-style,5,1,7,0.8571428571428571,0.14285714285714285,-0.11001885,0.10763824,0.8571428571428571
rice,Flag_leaf_length,R1,CalPred-style,5,2,7,0.8571428571428571,0.0,0.9126323,0.9126323,1.0
rice,Flag_leaf_length,R1,CalPred-style,5,3,7,1.0,0.0,0.057935357,0.057935357,1.0
rice,Flag_leaf_length,R1,CalPred-style,5,4,7,1.0,0.0,0.5431091,0.5431091,1.0
rice,Flag_leaf_length,R1,Gauss-PEV,1,0,7,0.8571428571428571,0.0,0.7395603,0.80900776,0.7142857142857143
rice,Flag_leaf_length,R1,Gauss-PEV,1,1,7,0.7142857142857143,0.0,1.2707175,0.88299453,0.7142857142857143
rice,Flag_leaf_length,R1,Gauss-PEV,1,2,7,1.0,0.0,0.3091989,0.16539875,0.7142857142857143
rice,Flag_leaf_length,R1,Gauss-PEV,1,3,7,0.7142857142857143,0.2857142857142857,-0.41736874,-0.40922254,0.8571428571428571
rice,Flag_leaf_length,R1,Gauss-PEV,1,4,7,0.8571428571428571,0.0,0.6748783,0.6748783,1.0
rice,Flag_leaf_length,R1,Gauss-PEV,2,0,7,0.8571428571428571,0.14285714285714285,0.082570635,0.03857883,0.8571428571428571
rice,Flag_leaf_length,R1,Gauss-PEV,2,1,7,1.0,0.0,0.42105564,0.5547051,0.7142857142857143
rice,Flag_leaf_length,R1,Gauss-PEV,2,2,7,0.7142857142857143,0.2857142857142857,0.06737619,0.067376204,1.0
rice,Flag_leaf_length,R1,Gauss-PEV,2,3,7,0.8571428571428571,0.0,0.5223561,1.4787508,0.5714285714285714
rice,Flag_leaf_length,R1,Gauss-PEV,2,4,7,1.0,0.0,0.44653538,0.14295554,0.8571428571428571
rice,Flag_leaf_length,R1,Gauss-PEV,3,0,7,0.8571428571428571,0.14285714285714285,-0.025049563,-0.098101296,0.8571428571428571
rice,Flag_leaf_length,R1,Gauss-PEV,3,1,7,0.8571428571428571,0.14285714285714285,-0.11519823,-0.15894052,0.8571428571428571
rice,Flag_leaf_length,R1,Gauss-PEV,3,2,7,0.8571428571428571,0.0,0.7547864,0.37632424,0.5714285714285714
rice,Flag_leaf_length,R1,Gauss-PEV,3,3,7,0.8571428571428571,0.0,0.70067585,0.8418179,0.8571428571428571
rice,Flag_leaf_length,R1,Gauss-PEV,3,4,7,0.8571428571428571,0.0,0.7988506,0.79885066,1.0
rice,Flag_leaf_length,R1,Gauss-PEV,4,0,7,0.8571428571428571,0.14285714285714285,-0.09797323,-0.09797323,1.0
rice,Flag_leaf_length,R1,Gauss-PEV,4,1,7,1.0,0.0,0.3966749,0.5515212,0.7142857142857143
rice,Flag_leaf_length,R1,Gauss-PEV,4,2,7,1.0,0.0,0.44163537,0.35106325,0.7142857142857143
rice,Flag_leaf_length,R1,Gauss-PEV,4,3,7,0.8571428571428571,0.0,0.4930098,0.5383921,0.5714285714285714
rice,Flag_leaf_length,R1,Gauss-PEV,4,4,7,1.0,0.0,0.11079816,0.24909869,0.7142857142857143
rice,Flag_leaf_length,R1,Gauss-PEV,5,0,7,0.8571428571428571,0.0,0.91826165,0.61147434,0.8571428571428571
rice,Flag_leaf_length,R1,Gauss-PEV,5,1,7,0.8571428571428571,0.14285714285714285,-0.11001885,-0.2602959,0.8571428571428571
rice,Flag_leaf_length,R1,Gauss-PEV,5,2,7,0.8571428571428571,0.0,0.9126323,1.2193376,0.8571428571428571
rice,Flag_leaf_length,R1,Gauss-PEV,5,3,7,1.0,0.0,0.057935357,0.33616906,0.8571428571428571
rice,Flag_leaf_length,R1,Gauss-PEV,5,4,7,1.0,0.0,0.5431091,0.5431091,1.0
rice,Flag_leaf_length,R1,KinCP,1,0,7,0.8571428571428571,0.0,0.7395603,0.47237465,0.8571428571428571
rice,Flag_leaf_length,R1,KinCP,1,1,7,0.7142857142857143,0.0,1.2707175,1.2707175,1.0
rice,Flag_leaf_length,R1,KinCP,1,2,7,1.0,0.0,0.3091989,0.3091989,1.0
rice,Flag_leaf_length,R1,KinCP,1,3,7,0.7142857142857143,0.2857142857142857,-0.41736874,-0.41736874,1.0
rice,Flag_leaf_length,R1,KinCP,1,4,7,0.8571428571428571,0.0,0.6748783,0.6748783,1.0
rice,Flag_leaf_length,R1,KinCP,2,0,7,1.0,0.0,0.082570635,-0.0987918,0.8571428571428571
rice,Flag_leaf_length,R1,KinCP,2,1,7,1.0,0.0,0.42105564,0.5707431,0.8571428571428571
rice,Flag_leaf_length,R1,KinCP,2,2,7,0.7142857142857143,0.2857142857142857,0.06737619,0.06530438,0.8571428571428571
rice,Flag_leaf_length,R1,KinCP,2,3,7,0.8571428571428571,0.0,0.5223561,0.99609506,0.7142857142857143
rice,Flag_leaf_length,R1,KinCP,2,4,7,1.0,0.0,0.44653538,0.3401064,0.8571428571428571
rice,Flag_leaf_length,R1,KinCP,3,0,7,0.8571428571428571,0.14285714285714285,-0.025049563,0.011476287,0.7142857142857143
rice,Flag_leaf_length,R1,KinCP,3,1,7,0.8571428571428571,0.14285714285714285,-0.11519823,-0.11519823,1.0
rice,Flag_leaf_length,R1,KinCP,3,2,7,0.8571428571428571,0.0,0.7547864,0.59673744,0.7142857142857143
rice,Flag_leaf_length,R1,KinCP,3,3,7,0.8571428571428571,0.0,0.70067585,1.2078925,0.8571428571428571
rice,Flag_leaf_length,R1,KinCP,3,4,7,0.8571428571428571,0.0,0.7988506,0.8464219,0.8571428571428571
rice,Flag_leaf_length,R1,KinCP,4,0,7,0.8571428571428571,0.14285714285714285,-0.09797323,-0.13000455,0.8571428571428571
rice,Flag_leaf_length,R1,KinCP,4,1,7,1.0,0.0,0.3966749,0.5515213,0.7142857142857143
rice,Flag_leaf_length,R1,KinCP,4,2,7,1.0,0.0,0.44163537,0.38279444,0.8571428571428571
rice,Flag_leaf_length,R1,KinCP,4,3,7,0.8571428571428571,0.0,0.4930098,0.86710465,0.8571428571428571
rice,Flag_leaf_length,R1,KinCP,4,4,7,1.0,0.0,0.11079816,0.36467248,0.7142857142857143
rice,Flag_leaf_length,R1,KinCP,5,0,7,0.8571428571428571,0.0,0.91826165,0.91826165,1.0
rice,Flag_leaf_length,R1,KinCP,5,1,7,0.8571428571428571,0.14285714285714285,-0.11001885,-0.110018834,1.0
rice,Flag_leaf_length,R1,KinCP,5,2,7,0.8571428571428571,0.0,0.9126323,0.9126323,1.0
rice,Flag_leaf_length,R1,KinCP,5,3,7,1.0,0.0,0.057935357,0.10637389,0.8571428571428571
rice,Flag_leaf_length,R1,KinCP,5,4,7,1.0,0.0,0.5431091,0.5225434,0.8571428571428571
rice,Flag_leaf_length,R1,KinCP-ABC,1,0,7,0.8571428571428571,0.0,0.7395603,0.7395603,1.0
rice,Flag_leaf_length,R1,KinCP-ABC,1,1,7,0.7142857142857143,0.0,1.2707175,1.2707175,1.0
rice,Flag_leaf_length,R1,KinCP-ABC,1,2,7,1.0,0.0,0.3091989,0.3091989,1.0
rice,Flag_leaf_length,R1,KinCP-ABC,1,3,7,0.7142857142857143,0.2857142857142857,-0.41736874,-0.41736874,1.0
rice,Flag_leaf_length,R1,KinCP-ABC,1,4,7,0.8571428571428571,0.0,0.6748783,0.6748783,1.0
rice,Flag_leaf_length,R1,KinCP-ABC,2,0,7,1.0,0.0,0.082570635,0.082570635,1.0
rice,Flag_leaf_length,R1,KinCP-ABC,2,1,7,1.0,0.0,0.42105564,0.42105564,1.0
rice,Flag_leaf_length,R1,KinCP-ABC,2,2,7,0.7142857142857143,0.2857142857142857,0.06737619,0.06737619,1.0
rice,Flag_leaf_length,R1,KinCP-ABC,2,3,7,0.8571428571428571,0.0,0.5223561,0.5223561,1.0
rice,Flag_leaf_length,R1,KinCP-ABC,2,4,7,1.0,0.0,0.44653538,0.44653538,1.0
rice,Flag_leaf_length,R1,KinCP-ABC,3,0,7,0.8571428571428571,0.14285714285714285,-0.025049563,-0.025049563,1.0
rice,Flag_leaf_length,R1,KinCP-ABC,3,1,7,0.8571428571428571,0.14285714285714285,-0.11519823,-0.11519823,1.0
rice,Flag_leaf_length,R1,KinCP-ABC,3,2,7,0.8571428571428571,0.0,0.7547864,0.7547864,1.0
rice,Flag_leaf_length,R1,KinCP-ABC,3,3,7,0.8571428571428571,0.0,0.70067585,0.70067585,1.0
rice,Flag_leaf_length,R1,KinCP-ABC,3,4,7,0.8571428571428571,0.0,0.7988506,0.7988506,1.0
rice,Flag_leaf_length,R1,KinCP-ABC,4,0,7,0.8571428571428571,0.14285714285714285,-0.09797323,-0.09797323,1.0
rice,Flag_leaf_length,R1,KinCP-ABC,4,1,7,1.0,0.0,0.3966749,0.3966749,1.0
rice,Flag_leaf_length,R1,KinCP-ABC,4,2,7,1.0,0.0,0.44163537,0.44163537,1.0
rice,Flag_leaf_length,R1,KinCP-ABC,4,3,7,0.8571428571428571,0.0,0.4930098,0.4930098,1.0
rice,Flag_leaf_length,R1,KinCP-ABC,4,4,7,1.0,0.0,0.11079816,0.11079816,1.0
rice,Flag_leaf_length,R1,KinCP-ABC,5,0,7,0.8571428571428571,0.0,0.91826165,0.91826165,1.0
rice,Flag_leaf_length,R1,KinCP-ABC,5,1,7,0.8571428571428571,0.14285714285714285,-0.11001885,-0.11001885,1.0
rice,Flag_leaf_length,R1,KinCP-ABC,5,2,7,0.8571428571428571,0.0,0.9126323,0.9126323,1.0
rice,Flag_leaf_length,R1,KinCP-ABC,5,3,7,1.0,0.0,0.057935357,0.057935357,1.0
rice,Flag_leaf_length,R1,KinCP-ABC,5,4,7,1.0,0.0,0.5431091,0.5431091,1.0
rice,Flag_leaf_length,R1,SCP,1,0,7,0.8571428571428571,0.0,0.7395603,0.71724284,0.5714285714285714
rice,Flag_leaf_length,R1,SCP,1,1,7,0.7142857142857143,0.0,1.2707175,1.2707175,1.0
rice,Flag_leaf_length,R1,SCP,1,2,7,1.0,0.0,0.3091989,0.45037344,0.7142857142857143
rice,Flag_leaf_length,R1,SCP,1,3,7,0.8571428571428571,0.14285714285714285,-0.41736874,-0.41736874,1.0
rice,Flag_leaf_length,R1,SCP,1,4,7,0.8571428571428571,0.0,0.6748783,0.6984326,0.42857142857142855
rice,Flag_leaf_length,R1,SCP,2,0,7,0.7142857142857143,0.2857142857142857,0.082570635,-0.009978167,0.7142857142857143
rice,Flag_leaf_length,R1,SCP,2,1,7,1.0,0.0,0.42105564,0.696497,0.7142857142857143
rice,Flag_leaf_length,R1,SCP,2,2,7,0.7142857142857143,0.2857142857142857,0.06737619,0.05680998,0.7142857142857143
rice,Flag_leaf_length,R1,SCP,2,3,7,0.8571428571428571,0.0,0.5223561,0.429593,0.7142857142857143
rice,Flag_leaf_length,R1,SCP,2,4,7,1.0,0.0,0.44653538,0.41566283,0.8571428571428571
rice,Flag_leaf_length,R1,SCP,3,0,7,0.8571428571428571,0.14285714285714285,-0.025049563,0.07982993,0.7142857142857143
rice,Flag_leaf_length,R1,SCP,3,1,7,1.0,0.0,-0.11519823,0.043470655,0.5714285714285714
rice,Flag_leaf_length,R1,SCP,3,2,7,0.8571428571428571,0.0,0.7547864,1.0990385,0.7142857142857143
rice,Flag_leaf_length,R1,SCP,3,3,7,0.8571428571428571,0.0,0.70067585,1.2148073,0.7142857142857143
rice,Flag_leaf_length,R1,SCP,3,4,7,0.8571428571428571,0.0,0.7988506,0.925539,0.8571428571428571
rice,Flag_leaf_length,R1,SCP,4,0,7,0.8571428571428571,0.14285714285714285,-0.09797323,0.082406536,0.8571428571428571
rice,Flag_leaf_length,R1,SCP,4,1,7,1.0,0.0,0.3966749,0.010159807,0.7142857142857143
rice,Flag_leaf_length,R1,SCP,4,2,7,1.0,0.0,0.44163537,0.17301382,0.8571428571428571
rice,Flag_leaf_length,R1,SCP,4,3,7,0.8571428571428571,0.0,0.4930098,0.8608637,0.7142857142857143
rice,Flag_leaf_length,R1,SCP,4,4,7,1.0,0.0,0.11079816,0.30168894,0.5714285714285714
rice,Flag_leaf_length,R1,SCP,5,0,7,1.0,0.0,0.91826165,0.45557284,0.7142857142857143
rice,Flag_leaf_length,R1,SCP,5,1,7,0.8571428571428571,0.14285714285714285,-0.11001885,0.07625482,0.42857142857142855
rice,Flag_leaf_length,R1,SCP,5,2,7,0.8571428571428571,0.0,0.9126323,0.63726586,0.5714285714285714
rice,Flag_leaf_length,R1,SCP,5,3,7,1.0,0.0,0.057935357,0.22845258,0.8571428571428571
rice,Flag_leaf_length,R1,SCP,5,4,7,1.0,0.0,0.5431091,0.6469765,0.7142857142857143
rice,Flag_leaf_length,R2,CV+,1,0,5,0.6,0.0,1.6165978,1.6165978,1.0
rice,Flag_leaf_length,R2,CV+,1,1,5,1.0,0.0,0.44377723,0.58125556,0.8
rice,Flag_leaf_length,R2,CV+,1,2,8,1.0,0.0,0.8511814,0.74280334,0.875
rice,Flag_leaf_length,R2,CV+,1,3,8,0.875,0.0,0.5196704,0.6552421,0.875
rice,Flag_leaf_length,R2,CV+,1,4,8,0.625,0.125,0.7529766,0.60973346,0.875
rice,Flag_leaf_length,R2,CV+,2,0,5,0.6,0.0,1.6165978,0.97211015,0.6
rice,Flag_leaf_length,R2,CV+,2,1,5,1.0,0.0,0.44377723,0.44377723,1.0
rice,Flag_leaf_length,R2,CV+,2,2,8,1.0,0.0,0.8511814,0.6661724,0.875
rice,Flag_leaf_length,R2,CV+,2,3,8,0.875,0.0,0.5196704,0.4085695,0.875
rice,Flag_leaf_length,R2,CV+,2,4,8,0.625,0.125,0.7529766,0.7529766,1.0
rice,Flag_leaf_length,R2,CV+,3,0,5,0.6,0.0,1.6165978,1.4622886,0.8
rice,Flag_leaf_length,R2,CV+,3,1,5,1.0,0.0,0.44377723,0.5812555,0.8
rice,Flag_leaf_length,R2,CV+,3,2,8,1.0,0.0,0.8511814,0.7860451,0.875
rice,Flag_leaf_length,R2,CV+,3,3,8,0.875,0.0,0.5196704,0.4662634,0.75
rice,Flag_leaf_length,R2,CV+,3,4,8,0.625,0.125,0.7529766,0.6407914,0.875
rice,Flag_leaf_length,R2,CV+,4,0,5,0.6,0.0,1.6165978,0.70949394,0.6
rice,Flag_leaf_length,R2,CV+,4,1,5,1.0,0.0,0.44377723,0.44377723,1.0
rice,Flag_leaf_length,R2,CV+,4,2,8,0.875,0.0,0.8511814,0.6661724,0.875
rice,Flag_leaf_length,R2,CV+,4,3,8,0.875,0.0,0.5196704,0.56736165,0.875
rice,Flag_leaf_length,R2,CV+,4,4,8,0.625,0.125,0.7529766,0.6407914,0.875
rice,Flag_leaf_length,R2,CV+,5,0,5,0.6,0.0,1.6165978,0.6201111,0.6
rice,Flag_leaf_length,R2,CV+,5,1,5,1.0,0.0,0.44377723,0.58125556,0.8
rice,Flag_leaf_length,R2,CV+,5,2,8,1.0,0.0,0.8511814,0.669639,0.875
rice,Flag_leaf_length,R2,CV+,5,3,8,0.875,0.0,0.5196704,0.5196704,1.0
rice,Flag_leaf_length,R2,CV+,5,4,8,0.625,0.125,0.7529766,0.60973346,0.875
rice,Flag_leaf_length,R2,CalPred-style,1,0,5,0.6,0.0,1.6165978,1.2102702,0.8
rice,Flag_leaf_length,R2,CalPred-style,1,1,5,1.0,0.0,0.44377723,0.44377723,1.0
rice,Flag_leaf_length,R2,CalPred-style,1,2,8,1.0,0.0,0.8511814,0.8511814,1.0
rice,Flag_leaf_length,R2,CalPred-style,1,3,8,0.875,0.0,0.5196704,0.5196704,1.0
rice,Flag_leaf_length,R2,CalPred-style,1,4,8,0.625,0.125,0.7529766,0.7529766,1.0
rice,Flag_leaf_length,R2,CalPred-style,2,0,5,0.6,0.0,1.6165978,1.2102702,0.8
rice,Flag_leaf_length,R2,CalPred-style,2,1,5,1.0,0.0,0.44377723,0.44377723,1.0
rice,Flag_leaf_length,R2,CalPred-style,2,2,8,1.0,0.0,0.8511814,0.8511814,1.0
rice,Flag_leaf_length,R2,CalPred-style,2,3,8,0.875,0.0,0.5196704,0.5196704,1.0
rice,Flag_leaf_length,R2,CalPred-style,2,4,8,0.625,0.125,0.7529766,0.7529766,1.0
rice,Flag_leaf_length,R2,CalPred-style,3,0,5,0.6,0.0,1.6165978,1.2102702,0.8
rice,Flag_leaf_length,R2,CalPred-style,3,1,5,1.0,0.0,0.44377723,0.44377723,1.0
rice,Flag_leaf_length,R2,CalPred-style,3,2,8,1.0,0.0,0.8511814,0.8511814,1.0
rice,Flag_leaf_length,R2,CalPred-style,3,3,8,0.875,0.0,0.5196704,0.5196704,1.0
rice,Flag_leaf_length,R2,CalPred-style,3,4,8,0.625,0.125,0.7529766,0.7529766,1.0
rice,Flag_leaf_length,R2,CalPred-style,4,0,5,0.6,0.0,1.6165978,1.2102702,0.8
rice,Flag_leaf_length,R2,CalPred-style,4,1,5,1.0,0.0,0.44377723,0.44377723,1.0
rice,Flag_leaf_length,R2,CalPred-style,4,2,8,1.0,0.0,0.8511814,0.8511814,1.0
rice,Flag_leaf_length,R2,CalPred-style,4,3,8,0.875,0.0,0.5196704,0.5196704,1.0
rice,Flag_leaf_length,R2,CalPred-style,4,4,8,0.625,0.125,0.7529766,0.7529766,1.0
rice,Flag_leaf_length,R2,CalPred-style,5,0,5,0.6,0.0,1.6165978,1.4622887,0.8
rice,Flag_leaf_length,R2,CalPred-style,5,1,5,1.0,0.0,0.44377723,0.44377723,1.0
rice,Flag_leaf_length,R2,CalPred-style,5,2,8,1.0,0.0,0.8511814,0.8511814,1.0
rice,Flag_leaf_length,R2,CalPred-style,5,3,8,0.875,0.0,0.5196704,0.5196704,1.0
rice,Flag_leaf_length,R2,CalPred-style,5,4,8,0.625,0.125,0.7529766,0.7529766,1.0
rice,Flag_leaf_length,R2,Gauss-PEV,1,0,5,0.6,0.0,1.6165978,0.8882593,0.6
rice,Flag_leaf_length,R2,Gauss-PEV,1,1,5,1.0,0.0,0.44377723,0.44377717,1.0
rice,Flag_leaf_length,R2,Gauss-PEV,1,2,8,1.0,0.0,0.8511814,0.8511814,1.0
rice,Flag_leaf_length,R2,Gauss-PEV,1,3,8,0.875,0.0,0.5196704,0.5773643,0.875
rice,Flag_leaf_length,R2,Gauss-PEV,1,4,8,0.625,0.125,0.7529766,1.0048286,0.75
rice,Flag_leaf_length,R2,Gauss-PEV,2,0,5,0.6,0.0,1.6165978,0.8882593,0.6
rice,Flag_leaf_length,R2,Gauss-PEV,2,1,5,1.0,0.0,0.44377723,0.44377717,1.0
rice,Flag_leaf_length,R2,Gauss-PEV,2,2,8,1.0,0.0,0.8511814,0.8511814,1.0
rice,Flag_leaf_length,R2,Gauss-PEV,2,3,8,0.875,0.0,0.5196704,0.5773643,0.875
rice,Flag_leaf_length,R2,Gauss-PEV,2,4,8,0.625,0.125,0.7529766,1.0048286,0.75
rice,Flag_leaf_length,R2,Gauss-PEV,3,0,5,0.6,0.0,1.6165978,0.8882593,0.6
rice,Flag_leaf_length,R2,Gauss-PEV,3,1,5,1.0,0.0,0.44377723,0.44377717,1.0
rice,Flag_leaf_length,R2,Gauss-PEV,3,2,8,1.0,0.0,0.8511814,0.8511814,1.0
rice,Flag_leaf_length,R2,Gauss-PEV,3,3,8,0.875,0.0,0.5196704,0.5773643,0.875
rice,Flag_leaf_length,R2,Gauss-PEV,3,4,8,0.625,0.125,0.7529766,1.0048286,0.75
rice,Flag_leaf_length,R2,Gauss-PEV,4,0,5,0.6,0.0,1.6165978,0.8882593,0.6
rice,Flag_leaf_length,R2,Gauss-PEV,4,1,5,1.0,0.0,0.44377723,0.44377717,1.0
rice,Flag_leaf_length,R2,Gauss-PEV,4,2,8,1.0,0.0,0.8511814,0.8511814,1.0
rice,Flag_leaf_length,R2,Gauss-PEV,4,3,8,0.875,0.0,0.5196704,0.5773643,0.875
rice,Flag_leaf_length,R2,Gauss-PEV,4,4,8,0.625,0.125,0.7529766,1.0048286,0.75
rice,Flag_leaf_length,R2,Gauss-PEV,5,0,5,0.6,0.0,1.6165978,0.8882593,0.6
rice,Flag_leaf_length,R2,Gauss-PEV,5,1,5,1.0,0.0,0.44377723,0.44377717,1.0
rice,Flag_leaf_length,R2,Gauss-PEV,5,2,8,1.0,0.0,0.8511814,0.8511814,1.0
rice,Flag_leaf_length,R2,Gauss-PEV,5,3,8,0.875,0.0,0.5196704,0.5773643,0.875
rice,Flag_leaf_length,R2,Gauss-PEV,5,4,8,0.625,0.125,0.7529766,1.0048286,0.75
rice,Flag_leaf_length,R2,KinCP,1,0,5,0.6,0.0,1.6165978,1.2102702,0.8
rice,Flag_leaf_length,R2,KinCP,1,1,5,1.0,0.0,0.44377723,0.44377717,1.0
rice,Flag_leaf_length,R2,KinCP,1,2,8,0.875,0.0,0.8511814,0.62116694,0.875
rice,Flag_leaf_length,R2,KinCP,1,3,8,0.875,0.0,0.5196704,0.5196704,1.0
rice,Flag_leaf_length,R2,KinCP,1,4,8,0.625,0.125,0.7529766,0.90597004,0.75
rice,Flag_leaf_length,R2,KinCP,2,0,5,0.6,0.0,1.6165978,0.6428208,0.6
rice,Flag_leaf_length,R2,KinCP,2,1,5,1.0,0.0,0.44377723,0.44377723,1.0
rice,Flag_leaf_length,R2,KinCP,2,2,8,0.875,0.0,0.8511814,0.7730908,0.5
rice,Flag_leaf_length,R2,KinCP,2,3,8,0.875,0.0,0.5196704,0.43161136,0.875
rice,Flag_leaf_length,R2,KinCP,2,4,8,0.625,0.125,0.7529766,0.9059701,0.75
rice,Flag_leaf_length,R2,KinCP,3,0,5,0.6,0.0,1.6165978,0.55896986,0.6
rice,Flag_leaf_length,R2,KinCP,3,1,5,1.0,0.0,0.44377723,0.78970253,0.8
rice,Flag_leaf_length,R2,KinCP,3,2,8,0.875,0.0,0.8511814,0.6211669,0.875
rice,Flag_leaf_length,R2,KinCP,3,3,8,0.875,0.0,0.5196704,0.63220024,0.875
rice,Flag_leaf_length,R2,KinCP,3,4,8,0.625,0.125,0.7529766,0.90597004,0.75
rice,Flag_leaf_length,R2,KinCP,4,0,5,0.6,0.0,1.6165978,0.8882593,0.6
rice,Flag_leaf_length,R2,KinCP,4,1,5,1.0,0.0,0.44377723,0.5812555,0.8
rice,Flag_leaf_length,R2,KinCP,4,2,8,0.875,0.0,0.8511814,0.74815536,0.625
rice,Flag_leaf_length,R2,KinCP,4,3,8,0.875,0.0,0.5196704,0.63220024,0.875
rice,Flag_leaf_length,R2,KinCP,4,4,8,0.625,0.125,0.7529766,0.9059701,0.75
rice,Flag_leaf_length,R2,KinCP,5,0,5,0.6,0.0,1.6165978,0.8882594,0.6
rice,Flag_leaf_length,R2,KinCP,5,1,5,1.0,0.0,0.44377723,0.44377723,1.0
rice,Flag_leaf_length,R2,KinCP,5,2,8,0.875,0.0,0.8511814,0.53285885,0.625
rice,Flag_leaf_length,R2,KinCP,5,3,8,0.875,0.0,0.5196704,0.5196704,1.0
rice,Flag_leaf_length,R2,KinCP,5,4,8,0.625,0.125,0.7529766,0.90597004,0.75
rice,Flag_leaf_length,R2,KinCP-ABC,1,0,5,0.6,0.0,1.6165978,1.6165978,1.0
rice,Flag_leaf_length,R2,KinCP-ABC,1,1,5,1.0,0.0,0.44377723,0.44377723,1.0
rice,Flag_leaf_length,R2,KinCP-ABC,1,2,8,1.0,0.0,0.8511814,0.8511814,1.0
rice,Flag_leaf_length,R2,KinCP-ABC,1,3,8,0.875,0.0,0.5196704,0.5196704,1.0
rice,Flag_leaf_length,R2,KinCP-ABC,1,4,8,0.625,0.125,0.7529766,0.7529766,1.0
rice,Flag_leaf_length,R2,KinCP-ABC,2,0,5,0.6,0.0,1.6165978,1.6165978,1.0
rice,Flag_leaf_length,R2,KinCP-ABC,2,1,5,1.0,0.0,0.44377723,0.44377723,1.0
rice,Flag_leaf_length,R2,KinCP-ABC,2,2,8,1.0,0.0,0.8511814,0.8511814,1.0
rice,Flag_leaf_length,R2,KinCP-ABC,2,3,8,0.875,0.0,0.5196704,0.5196704,1.0
rice,Flag_leaf_length,R2,KinCP-ABC,2,4,8,0.75,0.125,0.7529766,0.7529766,1.0
rice,Flag_leaf_length,R2,KinCP-ABC,3,0,5,0.6,0.0,1.6165978,1.6165978,1.0
rice,Flag_leaf_length,R2,KinCP-ABC,3,1,5,1.0,0.0,0.44377723,0.44377723,1.0
rice,Flag_leaf_length,R2,KinCP-ABC,3,2,8,1.0,0.0,0.8511814,0.8511814,1.0
rice,Flag_leaf_length,R2,KinCP-ABC,3,3,8,0.875,0.0,0.5196704,0.5196704,1.0
rice,Flag_leaf_length,R2,KinCP-ABC,3,4,8,0.625,0.125,0.7529766,0.7529766,1.0
rice,Flag_leaf_length,R2,KinCP-ABC,4,0,5,0.6,0.0,1.6165978,1.6165978,1.0
rice,Flag_leaf_length,R2,KinCP-ABC,4,1,5,1.0,0.0,0.44377723,0.44377723,1.0
rice,Flag_leaf_length,R2,KinCP-ABC,4,2,8,1.0,0.0,0.8511814,0.8511814,1.0
rice,Flag_leaf_length,R2,KinCP-ABC,4,3,8,0.875,0.0,0.5196704,0.5196704,1.0
rice,Flag_leaf_length,R2,KinCP-ABC,4,4,8,0.625,0.125,0.7529766,0.7529766,1.0
rice,Flag_leaf_length,R2,KinCP-ABC,5,0,5,0.6,0.0,1.6165978,1.6165978,1.0
rice,Flag_leaf_length,R2,KinCP-ABC,5,1,5,1.0,0.0,0.44377723,0.44377723,1.0
rice,Flag_leaf_length,R2,KinCP-ABC,5,2,8,1.0,0.0,0.8511814,0.8511814,1.0
rice,Flag_leaf_length,R2,KinCP-ABC,5,3,8,0.875,0.0,0.5196704,0.5196704,1.0
rice,Flag_leaf_length,R2,KinCP-ABC,5,4,8,0.625,0.125,0.7529766,0.7529766,1.0
rice,Flag_leaf_length,R2,SCP,1,0,5,0.6,0.0,1.6165978,1.2945869,0.8
rice,Flag_leaf_length,R2,SCP,1,1,5,1.0,0.0,0.44377723,0.6120909,0.6
rice,Flag_leaf_length,R2,SCP,1,2,8,0.875,0.0,0.8511814,0.66963905,0.875
rice,Flag_leaf_length,R2,SCP,1,3,8,0.875,0.0,0.5196704,0.4085695,0.875
rice,Flag_leaf_length,R2,SCP,1,4,8,0.625,0.125,0.7529766,0.6407914,0.875
rice,Flag_leaf_length,R2,SCP,2,0,5,0.6,0.0,1.6165978,0.54565465,0.6
rice,Flag_leaf_length,R2,SCP,2,1,5,1.0,0.0,0.44377723,0.78970253,0.8
rice,Flag_leaf_length,R2,SCP,2,2,8,1.0,0.0,0.8511814,0.47775757,0.625
rice,Flag_leaf_length,R2,SCP,2,3,8,0.625,0.0,0.5196704,0.4251811,0.75
rice,Flag_leaf_length,R2,SCP,2,4,8,0.75,0.125,0.7529766,0.81565726,0.875
rice,Flag_leaf_length,R2,SCP,3,0,5,0.6,0.0,1.6165978,0.92217815,0.2
rice,Flag_leaf_length,R2,SCP,3,1,5,1.0,0.0,0.44377723,0.44377717,1.0
rice,Flag_leaf_length,R2,SCP,3,2,8,0.875,0.0,0.8511814,0.5967788,0.75
rice,Flag_leaf_length,R2,SCP,3,3,8,0.75,0.0,0.5196704,0.20077631,0.75
rice,Flag_leaf_length,R2,SCP,3,4,8,0.625,0.125,0.7529766,0.5574055,0.75
rice,Flag_leaf_length,R2,SCP,4,0,5,0.6,0.0,1.6165978,0.55809635,0.4
rice,Flag_leaf_length,R2,SCP,4,1,5,1.0,0.0,0.44377723,0.6120909,0.6
rice,Flag_leaf_length,R2,SCP,4,2,8,1.0,0.0,0.8511814,0.59483266,0.75
rice,Flag_leaf_length,R2,SCP,4,3,8,0.75,0.0,0.5196704,0.40672377,0.625
rice,Flag_leaf_length,R2,SCP,4,4,8,0.625,0.125,0.7529766,0.75297666,1.0
rice,Flag_leaf_length,R2,SCP,5,0,5,0.6,0.0,1.6165978,0.858271,0.8
rice,Flag_leaf_length,R2,SCP,5,1,5,1.0,0.0,0.44377723,0.56133115,0.6
rice,Flag_leaf_length,R2,SCP,5,2,8,0.875,0.0,0.8511814,0.7271122,0.875
rice,Flag_leaf_length,R2,SCP,5,3,8,0.875,0.0,0.5196704,0.46709692,0.875
rice,Flag_leaf_length,R2,SCP,5,4,8,0.75,0.125,0.7529766,0.6778728,0.875
rice,Plant_height,R1,CV+,1,0,7,1.0,0.0,1.295266,1.2952662,1.0
rice,Plant_height,R1,CV+,1,1,7,1.0,0.0,1.538953,1.5121881,0.8571428571428571
rice,Plant_height,R1,CV+,1,2,7,1.0,0.0,0.69224274,0.6926311,0.8571428571428571
rice,Plant_height,R1,CV+,1,3,7,0.8571428571428571,0.0,1.2892567,1.2892565,1.0
rice,Plant_height,R1,CV+,1,4,7,1.0,0.0,0.77304494,0.72026193,0.8571428571428571
rice,Plant_height,R1,CV+,2,0,7,1.0,0.0,0.74342245,0.6283588,0.8571428571428571
rice,Plant_height,R1,CV+,2,1,7,0.8571428571428571,0.0,1.378796,1.44647,0.8571428571428571
rice,Plant_height,R1,CV+,2,2,7,0.8571428571428571,0.14285714285714285,0.47992817,0.46885014,0.8571428571428571
rice,Plant_height,R1,CV+,2,3,7,1.0,0.0,0.874692,0.87582743,0.8571428571428571
rice,Plant_height,R1,CV+,2,4,7,1.0,0.0,1.2993025,1.357782,0.8571428571428571
rice,Plant_height,R1,CV+,3,0,7,0.8571428571428571,0.14285714285714285,0.6430692,0.68233687,0.8571428571428571
rice,Plant_height,R1,CV+,3,1,7,1.0,0.0,1.0148813,1.0917982,0.8571428571428571
rice,Plant_height,R1,CV+,3,2,7,1.0,0.0,1.1885244,1.062276,0.8571428571428571
rice,Plant_height,R1,CV+,3,3,7,0.8571428571428571,0.14285714285714285,0.464416,0.4124406,0.8571428571428571
rice,Plant_height,R1,CV+,3,4,7,0.8571428571428571,0.0,1.4343556,1.639809,0.8571428571428571
rice,Plant_height,R1,CV+,4,0,7,1.0,0.0,1.0253551,0.9661822,0.8571428571428571
rice,Plant_height,R1,CV+,4,1,7,1.0,0.0,1.0594456,1.0594456,1.0
rice,Plant_height,R1,CV+,4,2,7,1.0,0.0,0.7891025,0.7891025,1.0
rice,Plant_height,R1,CV+,4,3,7,0.8571428571428571,0.14285714285714285,0.9434245,0.914534,0.8571428571428571
rice,Plant_height,R1,CV+,4,4,7,0.8571428571428571,0.0,1.5428685,1.3639336,0.8571428571428571
rice,Plant_height,R1,CV+,5,0,7,0.8571428571428571,0.0,1.0328552,1.2514322,0.7142857142857143
rice,Plant_height,R1,CV+,5,1,7,1.0,0.0,0.7283519,1.0478098,0.7142857142857143
rice,Plant_height,R1,CV+,5,2,7,1.0,0.0,0.79500437,0.79500437,1.0
rice,Plant_height,R1,CV+,5,3,7,0.8571428571428571,0.14285714285714285,0.5908186,0.47796422,0.8571428571428571
rice,Plant_height,R1,CV+,5,4,7,1.0,0.0,1.2248304,1.2248305,0.8571428571428571
rice,Plant_height,R1,CalPred-style,1,0,7,1.0,0.0,1.295266,1.2952662,1.0
rice,Plant_height,R1,CalPred-style,1,1,7,1.0,0.0,1.538953,1.5195911,0.8571428571428571
rice,Plant_height,R1,CalPred-style,1,2,7,1.0,0.0,0.69224274,0.69224274,1.0
rice,Plant_height,R1,CalPred-style,1,3,7,0.8571428571428571,0.0,1.2892567,1.2892567,1.0
rice,Plant_height,R1,CalPred-style,1,4,7,1.0,0.0,0.77304494,0.77304494,1.0
rice,Plant_height,R1,CalPred-style,2,0,7,1.0,0.0,0.74342245,0.74342245,1.0
rice,Plant_height,R1,CalPred-style,2,1,7,0.8571428571428571,0.0,1.378796,1.378796,1.0
rice,Plant_height,R1,CalPred-style,2,2,7,0.8571428571428571,0.14285714285714285,0.47992817,0.47992817,1.0
rice,Plant_height,R1,CalPred-style,2,3,7,1.0,0.0,0.874692,0.874692,1.0
rice,Plant_height,R1,CalPred-style,2,4,7,1.0,0.0,1.2993025,1.2993025,1.0
rice,Plant_height,R1,CalPred-style,3,0,7,0.8571428571428571,0.14285714285714285,0.6430692,0.6823368,0.8571428571428571
rice,Plant_height,R1,CalPred-style,3,1,7,1.0,0.0,1.0148813,1.0148813,1.0
rice,Plant_height,R1,CalPred-style,3,2,7,1.0,0.0,1.1885244,1.062276,0.8571428571428571
rice,Plant_height,R1,CalPred-style,3,3,7,0.8571428571428571,0.14285714285714285,0.464416,0.464416,1.0
rice,Plant_height,R1,CalPred-style,3,4,7,0.8571428571428571,0.0,1.4343556,1.4343556,1.0
rice,Plant_height,R1,CalPred-style,4,0,7,0.8571428571428571,0.14285714285714285,1.0253551,1.0253551,1.0
rice,Plant_height,R1,CalPred-style,4,1,7,1.0,0.0,1.0594456,1.0594456,1.0
rice,Plant_height,R1,CalPred-style,4,2,7,1.0,0.0,0.7891025,0.7891025,1.0
rice,Plant_height,R1,CalPred-style,4,3,7,0.8571428571428571,0.14285714285714285,0.9434245,0.914534,0.8571428571428571
rice,Plant_height,R1,CalPred-style,4,4,7,0.8571428571428571,0.0,1.5428685,1.5428685,1.0
rice,Plant_height,R1,CalPred-style,5,0,7,0.8571428571428571,0.14285714285714285,1.0328552,1.0328552,1.0
rice,Plant_height,R1,CalPred-style,5,1,7,0.8571428571428571,0.14285714285714285,0.7283519,0.7283519,1.0
rice,Plant_height,R1,CalPred-style,5,2,7,1.0,0.0,0.79500437,0.79500437,1.0
rice,Plant_height,R1,CalPred-style,5,3,7,0.8571428571428571,0.14285714285714285,0.5908186,0.5908186,1.0
rice,Plant_height,R1,CalPred-style,5,4,7,1.0,0.0,1.2248304,1.2248304,1.0
rice,Plant_height,R1,Gauss-PEV,1,0,7,1.0,0.0,1.295266,0.93424,0.8571428571428571
rice,Plant_height,R1,Gauss-PEV,1,1,7,1.0,0.0,1.538953,1.5195911,0.8571428571428571
rice,Plant_height,R1,Gauss-PEV,1,2,7,1.0,0.0,0.69224274,0.6922427,1.0
rice,Plant_height,R1,Gauss-PEV,1,3,7,0.8571428571428571,0.0,1.2892567,1.2809864,0.8571428571428571
rice,Plant_height,R1,Gauss-PEV,1,4,7,1.0,0.0,0.77304494,0.3524306,0.7142857142857143
rice,Plant_height,R1,Gauss-PEV,2,0,7,1.0,0.0,0.74342245,1.3775254,0.7142857142857143
rice,Plant_height,R1,Gauss-PEV,2,1,7,0.8571428571428571,0.0,1.378796,1.3350073,0.8571428571428571
rice,Plant_height,R1,Gauss-PEV,2,2,7,0.8571428571428571,0.14285714285714285,0.47992817,0.4350622,0.7142857142857143
rice,Plant_height,R1,Gauss-PEV,2,3,7,1.0,0.0,0.874692,0.90705174,0.8571428571428571
rice,Plant_height,R1,Gauss-PEV,2,4,7,1.0,0.0,1.2993025,1.2018367,0.8571428571428571
rice,Plant_height,R1,Gauss-PEV,3,0,7,0.8571428571428571,0.14285714285714285,0.6430692,0.6128125,0.7142857142857143
rice,Plant_height,R1,Gauss-PEV,3,1,7,1.0,0.0,1.0148813,0.9281612,0.8571428571428571
rice,Plant_height,R1,Gauss-PEV,3,2,7,1.0,0.0,1.1885244,1.1648496,0.7142857142857143
rice,Plant_height,R1,Gauss-PEV,3,3,7,0.8571428571428571,0.14285714285714285,0.464416,0.8248539,0.8571428571428571
rice,Plant_height,R1,Gauss-PEV,3,4,7,0.8571428571428571,0.0,1.4343556,1.4343556,1.0
rice,Plant_height,R1,Gauss-PEV,4,0,7,1.0,0.0,1.0253551,0.86121,0.7142857142857143
rice,Plant_height,R1,Gauss-PEV,4,1,7,1.0,0.0,1.0594456,1.069048,0.8571428571428571
rice,Plant_height,R1,Gauss-PEV,4,2,7,1.0,0.0,0.7891025,0.8576046,0.8571428571428571
rice,Plant_height,R1,Gauss-PEV,4,3,7,0.8571428571428571,0.14285714285714285,0.9434245,0.73609245,0.8571428571428571
rice,Plant_height,R1,Gauss-PEV,4,4,7,0.8571428571428571,0.0,1.5428685,1.6217928,0.8571428571428571
rice,Plant_height,R1,Gauss-PEV,5,0,7,0.7142857142857143,0.14285714285714285,1.0328552,1.2066449,0.7142857142857143
rice,Plant_height,R1,Gauss-PEV,5,1,7,0.8571428571428571,0.14285714285714285,0.7283519,0.80064344,0.8571428571428571
rice,Plant_height,R1,Gauss-PEV,5,2,7,1.0,0.0,0.79500437,0.7014818,0.7142857142857143
rice,Plant_height,R1,Gauss-PEV,5,3,7,0.8571428571428571,0.14285714285714285,0.5908186,0.562605,0.7142857142857143
rice,Plant_height,R1,Gauss-PEV,5,4,7,1.0,0.0,1.2248304,1.3288133,0.7142857142857143
rice,Plant_height,R1,KinCP,1,0,7,1.0,0.0,1.295266,1.1706789,0.8571428571428571
rice,Plant_height,R1,KinCP,1,1,7,1.0,0.0,1.538953,1.3111671,0.7142857142857143
rice,Plant_height,R1,KinCP,1,2,7,1.0,0.0,0.69224274,0.7256826,0.7142857142857143
rice,Plant_height,R1,KinCP,1,3,7,0.8571428571428571,0.0,1.2892567,1.2721255,0.8571428571428571
rice,Plant_height,R1,KinCP,1,4,7,1.0,0.0,0.77304494,0.40751284,0.5714285714285714
rice,Plant_height,R1,KinCP,2,0,7,1.0,0.0,0.74342245,1.062594,0.8571428571428571
rice,Plant_height,R1,KinCP,2,1,7,0.8571428571428571,0.0,1.378796,1.3350073,0.8571428571428571
rice,Plant_height,R1,KinCP,2,2,7,0.8571428571428571,0.14285714285714285,0.47992817,0.22181046,0.7142857142857143
rice,Plant_height,R1,KinCP,2,3,7,1.0,0.0,0.874692,0.90705174,0.8571428571428571
rice,Plant_height,R1,KinCP,2,4,7,1.0,0.0,1.2993025,0.9811056,0.8571428571428571
rice,Plant_height,R1,KinCP,3,0,7,0.8571428571428571,0.14285714285714285,0.6430692,0.8536229,0.7142857142857143
rice,Plant_height,R1,KinCP,3,1,7,1.0,0.0,1.0148813,0.561109,0.7142857142857143
rice,Plant_height,R1,KinCP,3,2,7,1.0,0.0,1.1885244,1.1648496,0.7142857142857143
rice,Plant_height,R1,KinCP,3,3,7,0.8571428571428571,0.14285714285714285,0.464416,0.46441603,1.0
rice,Plant_height,R1,KinCP,3,4,7,0.8571428571428571,0.0,1.4343556,1.0369583,0.7142857142857143
rice,Plant_height,R1,KinCP,4,0,7,1.0,0.0,1.0253551,1.0590135,0.7142857142857143
rice,Plant_height,R1,KinCP,4,1,7,1.0,0.0,1.0594456,1.1015484,0.8571428571428571
rice,Plant_height,R1,KinCP,4,2,7,1.0,0.0,0.7891025,0.8357064,0.8571428571428571
rice,Plant_height,R1,KinCP,4,3,7,0.8571428571428571,0.14285714285714285,0.9434245,0.73609245,0.8571428571428571
rice,Plant_height,R1,KinCP,4,4,7,0.8571428571428571,0.0,1.5428685,1.5428685,1.0
rice,Plant_height,R1,KinCP,5,0,7,1.0,0.0,1.0328552,1.2066449,0.7142857142857143
rice,Plant_height,R1,KinCP,5,1,7,0.8571428571428571,0.14285714285714285,0.7283519,0.677432,0.7142857142857143
rice,Plant_height,R1,KinCP,5,2,7,1.0,0.0,0.79500437,0.70148176,0.7142857142857143
rice,Plant_height,R1,KinCP,5,3,7,0.8571428571428571,0.14285714285714285,0.5908186,0.42266563,0.8571428571428571
rice,Plant_height,R1,KinCP,5,4,7,1.0,0.0,1.2248304,1.3288133,0.7142857142857143
rice,Plant_height,R1,KinCP-ABC,1,0,7,1.0,0.0,1.295266,1.295266,1.0
rice,Plant_height,R1,KinCP-ABC,1,1,7,1.0,0.0,1.538953,1.538953,1.0
rice,Plant_height,R1,KinCP-ABC,1,2,7,1.0,0.0,0.69224274,0.69224274,1.0
rice,Plant_height,R1,KinCP-ABC,1,3,7,0.8571428571428571,0.0,1.2892567,1.2892567,1.0
rice,Plant_height,R1,KinCP-ABC,1,4,7,1.0,0.0,0.77304494,0.77304494,1.0
rice,Plant_height,R1,KinCP-ABC,2,0,7,1.0,0.0,0.74342245,0.74342245,1.0
rice,Plant_height,R1,KinCP-ABC,2,1,7,0.8571428571428571,0.0,1.378796,1.378796,1.0
rice,Plant_height,R1,KinCP-ABC,2,2,7,0.8571428571428571,0.14285714285714285,0.47992817,0.47992817,1.0
rice,Plant_height,R1,KinCP-ABC,2,3,7,1.0,0.0,0.874692,0.874692,1.0
rice,Plant_height,R1,KinCP-ABC,2,4,7,1.0,0.0,1.2993025,1.2993025,1.0
rice,Plant_height,R1,KinCP-ABC,3,0,7,0.8571428571428571,0.14285714285714285,0.6430692,0.6430692,1.0
rice,Plant_height,R1,KinCP-ABC,3,1,7,1.0,0.0,1.0148813,1.0148813,1.0
rice,Plant_height,R1,KinCP-ABC,3,2,7,1.0,0.0,1.1885244,1.1885244,1.0
rice,Plant_height,R1,KinCP-ABC,3,3,7,0.8571428571428571,0.14285714285714285,0.464416,0.464416,1.0
rice,Plant_height,R1,KinCP-ABC,3,4,7,0.8571428571428571,0.0,1.4343556,1.4343556,1.0
rice,Plant_height,R1,KinCP-ABC,4,0,7,1.0,0.0,1.0253551,1.0253551,1.0
rice,Plant_height,R1,KinCP-ABC,4,1,7,1.0,0.0,1.0594456,1.0594456,1.0
rice,Plant_height,R1,KinCP-ABC,4,2,7,1.0,0.0,0.7891025,0.7891025,1.0
rice,Plant_height,R1,KinCP-ABC,4,3,7,0.8571428571428571,0.14285714285714285,0.9434245,0.9434245,1.0
rice,Plant_height,R1,KinCP-ABC,4,4,7,0.8571428571428571,0.0,1.5428685,1.5428685,1.0
rice,Plant_height,R1,KinCP-ABC,5,0,7,0.7142857142857143,0.14285714285714285,1.0328552,1.0328552,1.0
rice,Plant_height,R1,KinCP-ABC,5,1,7,0.8571428571428571,0.14285714285714285,0.7283519,0.7283519,1.0
rice,Plant_height,R1,KinCP-ABC,5,2,7,1.0,0.0,0.79500437,0.79500437,1.0
rice,Plant_height,R1,KinCP-ABC,5,3,7,0.7142857142857143,0.14285714285714285,0.5908186,0.5908186,1.0
rice,Plant_height,R1,KinCP-ABC,5,4,7,1.0,0.0,1.2248304,1.2248304,1.0
rice,Plant_height,R1,SCP,1,0,7,1.0,0.0,1.295266,0.9021242,0.8571428571428571
rice,Plant_height,R1,SCP,1,1,7,1.0,0.0,1.538953,0.9191856,0.5714285714285714
rice,Plant_height,R1,SCP,1,2,7,1.0,0.0,0.69224274,0.80176693,0.8571428571428571
rice,Plant_height,R1,SCP,1,3,7,0.8571428571428571,0.0,1.2892567,1.1581146,0.8571428571428571
rice,Plant_height,R1,SCP,1,4,7,1.0,0.0,0.77304494,0.7054168,0.8571428571428571
rice,Plant_height,R1,SCP,2,0,7,1.0,0.0,0.74342245,0.95157784,0.8571428571428571
rice,Plant_height,R1,SCP,2,1,7,0.8571428571428571,0.0,1.378796,1.3787962,1.0
rice,Plant_height,R1,SCP,2,2,7,0.8571428571428571,0.14285714285714285,0.47992817,0.5209168,0.8571428571428571
rice,Plant_height,R1,SCP,2,3,7,1.0,0.0,0.874692,1.0713106,0.7142857142857143
rice,Plant_height,R1,SCP,2,4,7,1.0,0.0,1.2993025,0.8905198,0.7142857142857143
rice,Plant_height,R1,SCP,3,0,7,1.0,0.0,0.6430692,0.6430692,1.0
rice,Plant_height,R1,SCP,3,1,7,1.0,0.0,1.0148813,1.137232,0.5714285714285714
rice,Plant_height,R1,SCP,3,2,7,1.0,0.0,1.1885244,1.4591376,0.8571428571428571
rice,Plant_height,R1,SCP,3,3,7,0.8571428571428571,0.14285714285714285,0.464416,0.39266732,0.7142857142857143
rice,Plant_height,R1,SCP,3,4,7,0.8571428571428571,0.0,1.4343556,1.6386833,0.8571428571428571
rice,Plant_height,R1,SCP,4,0,7,1.0,0.0,1.0253551,0.9661821,0.8571428571428571
rice,Plant_height,R1,SCP,4,1,7,1.0,0.0,1.0594456,1.04615,0.7142857142857143
rice,Plant_height,R1,SCP,4,2,7,1.0,0.0,0.7891025,0.7891025,1.0
rice,Plant_height,R1,SCP,4,3,7,0.8571428571428571,0.14285714285714285,0.9434245,0.73609245,0.8571428571428571
rice,Plant_height,R1,SCP,4,4,7,0.8571428571428571,0.0,1.5428685,1.5428685,1.0
rice,Plant_height,R1,SCP,5,0,7,0.8571428571428571,0.0,1.0328552,1.3819658,0.7142857142857143
rice,Plant_height,R1,SCP,5,1,7,0.8571428571428571,0.14285714285714285,0.7283519,0.7283519,1.0
rice,Plant_height,R1,SCP,5,2,7,1.0,0.0,0.79500437,0.7950044,1.0
rice,Plant_height,R1,SCP,5,3,7,0.7142857142857143,0.14285714285714285,0.5908186,0.32899645,0.5714285714285714
rice,Plant_height,R1,SCP,5,4,7,1.0,0.0,1.2248304,1.2676805,0.8571428571428571
rice,Plant_height,R2,CV+,1,0,5,0.8,0.2,0.86494905,1.264646,0.8
rice,Plant_height,R2,CV+,1,1,6,1.0,0.0,0.84164214,0.8444934,0.8333333333333334
rice,Plant_height,R2,CV+,1,2,8,1.0,0.0,1.135982,1.1502532,0.875
rice,Plant_height,R2,CV+,1,3,9,0.8888888888888888,0.0,0.842708,0.4949862,0.8888888888888888
rice,Plant_height,R2,CV+,1,4,8,1.0,0.0,0.87713766,0.87713766,1.0
rice,Plant_height,R2,CV+,2,0,5,0.8,0.2,0.86494905,0.86494905,1.0
rice,Plant_height,R2,CV+,2,1,6,1.0,0.0,0.84164214,0.84164214,1.0
rice,Plant_height,R2,CV+,2,2,8,1.0,0.0,1.135982,1.1502532,0.875
rice,Plant_height,R2,CV+,2,3,9,0.8888888888888888,0.0,0.842708,1.0121398,0.8888888888888888
rice,Plant_height,R2,CV+,2,4,8,1.0,0.0,0.87713766,0.87713766,1.0
rice,Plant_height,R2,CV+,3,0,5,0.8,0.2,0.86494905,1.2654536,0.8
rice,Plant_height,R2,CV+,3,1,6,1.0,0.0,0.84164214,0.8444934,0.8333333333333334
rice,Plant_height,R2,CV+,3,2,8,1.0,0.0,1.135982,1.1502532,0.875
rice,Plant_height,R2,CV+,3,3,9,0.8888888888888888,0.0,0.842708,0.8475234,0.8888888888888888
rice,Plant_height,R2,CV+,3,4,8,1.0,0.0,0.87713766,0.87713766,1.0
rice,Plant_height,R2,CV+,4,0,5,0.8,0.2,0.86494905,0.86494905,1.0
rice,Plant_height,R2,CV+,4,1,6,1.0,0.0,0.84164214,0.8444934,0.8333333333333334
rice,Plant_height,R2,CV+,4,2,8,1.0,0.0,1.135982,1.135982,1.0
rice,Plant_height,R2,CV+,4,3,9,0.8888888888888888,0.0,0.842708,0.8011526,0.8888888888888888
rice,Plant_height,R2,CV+,4,4,8,1.0,0.0,0.87713766,0.87713766,1.0
rice,Plant_height,R2,CV+,5,0,5,0.8,0.2,0.86494905,0.86494905,1.0
rice,Plant_height,R2,CV+,5,1,6,1.0,0.0,0.84164214,0.8444934,0.8333333333333334
rice,Plant_height,R2,CV+,5,2,8,1.0,0.0,1.135982,1.1502532,0.875
rice,Plant_height,R2,CV+,5,3,9,0.8888888888888888,0.0,0.842708,0.7547818,0.8888888888888888
rice,Plant_height,R2,CV+,5,4,8,1.0,0.0,0.87713766,0.87713766,1.0
rice,Plant_height,R2,CalPred-style,1,0,5,0.8,0.2,0.86494905,0.86494905,1.0
rice,Plant_height,R2,CalPred-style,1,1,6,1.0,0.0,0.84164214,0.9381431,0.8333333333333334
rice,Plant_height,R2,CalPred-style,1,2,8,1.0,0.0,1.135982,1.135982,1.0
rice,Plant_height,R2,CalPred-style,1,3,9,0.8888888888888888,0.0,0.842708,0.84270793,1.0
rice,Plant_height,R2,CalPred-style,1,4,8,1.0,0.0,0.87713766,0.87713766,1.0
rice,Plant_height,R2,CalPred-style,2,0,5,0.8,0.2,0.86494905,0.86494905,1.0
rice,Plant_height,R2,CalPred-style,2,1,6,1.0,0.0,0.84164214,0.9381431,0.8333333333333334
rice,Plant_height,R2,CalPred-style,2,2,8,1.0,0.0,1.135982,1.135982,1.0
rice,Plant_height,R2,CalPred-style,2,3,9,0.8888888888888888,0.0,0.842708,0.84270793,1.0
rice,Plant_height,R2,CalPred-style,2,4,8,1.0,0.0,0.87713766,0.87713766,1.0
rice,Plant_height,R2,CalPred-style,3,0,5,0.8,0.2,0.86494905,0.86494905,1.0
rice,Plant_height,R2,CalPred-style,3,1,6,1.0,0.0,0.84164214,0.9381431,0.8333333333333334
rice,Plant_height,R2,CalPred-style,3,2,8,1.0,0.0,1.135982,1.135982,1.0
rice,Plant_height,R2,CalPred-style,3,3,9,0.8888888888888888,0.0,0.842708,0.84270793,1.0
rice,Plant_height,R2,CalPred-style,3,4,8,1.0,0.0,0.87713766,0.87713766,1.0
rice,Plant_height,R2,CalPred-style,4,0,5,0.8,0.2,0.86494905,0.86494905,1.0
rice,Plant_height,R2,CalPred-style,4,1,6,1.0,0.0,0.84164214,0.9381431,0.8333333333333334
rice,Plant_height,R2,CalPred-style,4,2,8,1.0,0.0,1.135982,1.135982,1.0
rice,Plant_height,R2,CalPred-style,4,3,9,0.8888888888888888,0.0,0.842708,0.84270793,1.0
rice,Plant_height,R2,CalPred-style,4,4,8,1.0,0.0,0.87713766,0.87713766,1.0
rice,Plant_height,R2,CalPred-style,5,0,5,0.8,0.2,0.86494905,0.86494905,1.0
rice,Plant_height,R2,CalPred-style,5,1,6,1.0,0.0,0.84164214,0.9381431,0.8333333333333334
rice,Plant_height,R2,CalPred-style,5,2,8,1.0,0.0,1.135982,1.135982,1.0
rice,Plant_height,R2,CalPred-style,5,3,9,0.8888888888888888,0.0,0.842708,0.84270793,1.0
rice,Plant_height,R2,CalPred-style,5,4,8,1.0,0.0,0.87713766,0.87713766,1.0
rice,Plant_height,R2,Gauss-PEV,1,0,5,0.8,0.2,0.86494905,0.9198569,0.8
rice,Plant_height,R2,Gauss-PEV,1,1,6,1.0,0.0,0.84164214,0.84164214,1.0
rice,Plant_height,R2,Gauss-PEV,1,2,8,1.0,0.0,1.135982,1.135982,1.0
rice,Plant_height,R2,Gauss-PEV,1,3,9,0.8888888888888888,0.0,0.842708,0.84270793,1.0
rice,Plant_height,R2,Gauss-PEV,1,4,8,1.0,0.0,0.87713766,0.82806647,0.875
rice,Plant_height,R2,Gauss-PEV,2,0,5,0.8,0.2,0.86494905,0.9198569,0.8
rice,Plant_height,R2,Gauss-PEV,2,1,6,1.0,0.0,0.84164214,0.84164214,1.0
rice,Plant_height,R2,Gauss-PEV,2,2,8,1.0,0.0,1.135982,1.135982,1.0
rice,Plant_height,R2,Gauss-PEV,2,3,9,0.8888888888888888,0.0,0.842708,0.84270793,1.0
rice,Plant_height,R2,Gauss-PEV,2,4,8,1.0,0.0,0.87713766,0.82806647,0.875
rice,Plant_height,R2,Gauss-PEV,3,0,5,0.8,0.2,0.86494905,0.9198569,0.8
rice,Plant_height,R2,Gauss-PEV,3,1,6,1.0,0.0,0.84164214,0.84164214,1.0
rice,Plant_height,R2,Gauss-PEV,3,2,8,1.0,0.0,1.135982,1.135982,1.0
rice,Plant_height,R2,Gauss-PEV,3,3,9,0.8888888888888888,0.0,0.842708,0.84270793,1.0
rice,Plant_height,R2,Gauss-PEV,3,4,8,1.0,0.0,0.87713766,0.82806647,0.875
rice,Plant_height,R2,Gauss-PEV,4,0,5,0.8,0.2,0.86494905,0.9198569,0.8
rice,Plant_height,R2,Gauss-PEV,4,1,6,1.0,0.0,0.84164214,0.84164214,1.0
rice,Plant_height,R2,Gauss-PEV,4,2,8,1.0,0.0,1.135982,1.135982,1.0
rice,Plant_height,R2,Gauss-PEV,4,3,9,0.8888888888888888,0.0,0.842708,0.84270793,1.0
rice,Plant_height,R2,Gauss-PEV,4,4,8,1.0,0.0,0.87713766,0.82806647,0.875
rice,Plant_height,R2,Gauss-PEV,5,0,5,0.8,0.2,0.86494905,0.9198569,0.8
rice,Plant_height,R2,Gauss-PEV,5,1,6,1.0,0.0,0.84164214,0.84164214,1.0
rice,Plant_height,R2,Gauss-PEV,5,2,8,1.0,0.0,1.135982,1.135982,1.0
rice,Plant_height,R2,Gauss-PEV,5,3,9,0.8888888888888888,0.0,0.842708,0.84270793,1.0
rice,Plant_height,R2,Gauss-PEV,5,4,8,1.0,0.0,0.87713766,0.82806647,0.875
rice,Plant_height,R2,KinCP,1,0,5,0.8,0.2,0.86494905,0.9198569,0.8
rice,Plant_height,R2,KinCP,1,1,6,1.0,0.0,0.84164214,0.84164214,1.0
rice,Plant_height,R2,KinCP,1,2,8,1.0,0.0,1.135982,1.135982,1.0
rice,Plant_height,R2,KinCP,1,3,9,0.8888888888888888,0.0,0.842708,0.84270793,1.0
rice,Plant_height,R2,KinCP,1,4,8,1.0,0.0,0.87713766,0.87713766,1.0
rice,Plant_height,R2,KinCP,2,0,5,0.8,0.2,0.86494905,0.9198569,0.8
rice,Plant_height,R2,KinCP,2,1,6,1.0,0.0,0.84164214,0.84164214,1.0
rice,Plant_height,R2,KinCP,2,2,8,1.0,0.0,1.135982,1.135982,1.0
rice,Plant_height,R2,KinCP,2,3,9,0.8888888888888888,0.0,0.842708,0.84270793,1.0
rice,Plant_height,R2,KinCP,2,4,8,1.0,0.0,0.87713766,0.9576144,0.875
rice,Plant_height,R2,KinCP,3,0,5,0.8,0.2,0.86494905,0.9198569,0.8
rice,Plant_height,R2,KinCP,3,1,6,1.0,0.0,0.84164214,0.84164214,1.0
rice,Plant_height,R2,KinCP,3,2,8,1.0,0.0,1.135982,1.135982,1.0
rice,Plant_height,R2,KinCP,3,3,9,0.8888888888888888,0.0,0.842708,0.84270793,1.0
rice,Plant_height,R2,KinCP,3,4,8,1.0,0.0,0.87713766,0.9576144,0.875
rice,Plant_height,R2,KinCP,4,0,5,0.8,0.2,0.86494905,0.9198569,0.8
rice,Plant_height,R2,KinCP,4,1,6,1.0,0.0,0.84164214,0.8416422,1.0
rice,Plant_height,R2,KinCP,4,2,8,1.0,0.0,1.135982,1.135982,1.0
rice,Plant_height,R2,KinCP,4,3,9,0.8888888888888888,0.0,0.842708,0.7547818,0.8888888888888888
rice,Plant_height,R2,KinCP,4,4,8,1.0,0.0,0.87713766,0.87713766,1.0
rice,Plant_height,R2,KinCP,5,0,5,0.8,0.2,0.86494905,1.264646,0.8
rice,Plant_height,R2,KinCP,5,1,6,1.0,0.0,0.84164214,0.84164214,1.0
rice,Plant_height,R2,KinCP,5,2,8,1.0,0.0,1.135982,1.135982,1.0
rice,Plant_height,R2,KinCP,5,3,9,0.8888888888888888,0.0,0.842708,0.8475234,0.8888888888888888
rice,Plant_height,R2,KinCP,5,4,8,1.0,0.0,0.87713766,0.87713766,1.0
rice,Plant_height,R2,KinCP-ABC,1,0,5,0.8,0.2,0.86494905,0.86494905,1.0
rice,Plant_height,R2,KinCP-ABC,1,1,6,1.0,0.0,0.84164214,0.84164214,1.0
rice,Plant_height,R2,KinCP-ABC,1,2,8,1.0,0.0,1.135982,1.135982,1.0
rice,Plant_height,R2,KinCP-ABC,1,3,9,0.8888888888888888,0.0,0.842708,0.842708,1.0
rice,Plant_height,R2,KinCP-ABC,1,4,8,1.0,0.0,0.87713766,0.87713766,1.0
rice,Plant_height,R2,KinCP-ABC,2,0,5,0.8,0.2,0.86494905,0.86494905,1.0
rice,Plant_height,R2,KinCP-ABC,2,1,6,1.0,0.0,0.84164214,0.84164214,1.0
rice,Plant_height,R2,KinCP-ABC,2,2,8,1.0,0.0,1.135982,1.135982,1.0
rice,Plant_height,R2,KinCP-ABC,2,3,9,0.8888888888888888,0.0,0.842708,0.842708,1.0
rice,Plant_height,R2,KinCP-ABC,2,4,8,1.0,0.0,0.87713766,0.87713766,1.0
rice,Plant_height,R2,KinCP-ABC,3,0,5,0.8,0.2,0.86494905,0.86494905,1.0
rice,Plant_height,R2,KinCP-ABC,3,1,6,1.0,0.0,0.84164214,0.84164214,1.0
rice,Plant_height,R2,KinCP-ABC,3,2,8,1.0,0.0,1.135982,1.135982,1.0
rice,Plant_height,R2,KinCP-ABC,3,3,9,0.8888888888888888,0.0,0.842708,0.842708,1.0
rice,Plant_height,R2,KinCP-ABC,3,4,8,1.0,0.0,0.87713766,0.87713766,1.0
rice,Plant_height,R2,KinCP-ABC,4,0,5,0.8,0.2,0.86494905,0.86494905,1.0
rice,Plant_height,R2,KinCP-ABC,4,1,6,1.0,0.0,0.84164214,0.84164214,1.0
rice,Plant_height,R2,KinCP-ABC,4,2,8,1.0,0.0,1.135982,1.135982,1.0
rice,Plant_height,R2,KinCP-ABC,4,3,9,0.8888888888888888,0.0,0.842708,0.842708,1.0
rice,Plant_height,R2,KinCP-ABC,4,4,8,1.0,0.0,0.87713766,0.87713766,1.0
rice,Plant_height,R2,KinCP-ABC,5,0,5,0.8,0.2,0.86494905,0.86494905,1.0
rice,Plant_height,R2,KinCP-ABC,5,1,6,1.0,0.0,0.84164214,0.84164214,1.0
rice,Plant_height,R2,KinCP-ABC,5,2,8,1.0,0.0,1.135982,1.135982,1.0
rice,Plant_height,R2,KinCP-ABC,5,3,9,0.8888888888888888,0.0,0.842708,0.842708,1.0
rice,Plant_height,R2,KinCP-ABC,5,4,8,1.0,0.0,0.87713766,0.87713766,1.0
rice,Plant_height,R2,SCP,1,0,5,0.8,0.2,0.86494905,1.2161978,0.6
rice,Plant_height,R2,SCP,1,1,6,1.0,0.0,0.84164214,0.86730266,0.8333333333333334
rice,Plant_height,R2,SCP,1,2,8,1.0,0.0,1.135982,0.9726946,0.75
rice,Plant_height,R2,SCP,1,3,9,0.8888888888888888,0.0,0.842708,0.90646785,0.8888888888888888
rice,Plant_height,R2,SCP,1,4,8,1.0,0.0,0.87713766,0.67905354,0.875
rice,Plant_height,R2,SCP,2,0,5,0.8,0.2,0.86494905,0.68649846,0.8
rice,Plant_height,R2,SCP,2,1,6,1.0,0.0,0.84164214,0.88704157,0.6666666666666666
rice,Plant_height,R2,SCP,2,2,8,1.0,0.0,1.135982,1.1582184,0.75
rice,Plant_height,R2,SCP,2,3,9,0.8888888888888888,0.0,0.842708,1.025516,0.8888888888888888
rice,Plant_height,R2,SCP,2,4,8,1.0,0.0,0.87713766,0.87713766,1.0
rice,Plant_height,R2,SCP,3,0,5,0.8,0.2,0.86494905,0.86494905,1.0
rice,Plant_height,R2,SCP,3,1,6,1.0,0.0,0.84164214,0.8828744,0.6666666666666666
rice,Plant_height,R2,SCP,3,2,8,1.0,0.0,1.135982,1.1120863,0.75
rice,Plant_height,R2,SCP,3,3,9,0.8888888888888888,0.0,0.842708,0.7547817,0.8888888888888888
rice,Plant_height,R2,SCP,3,4,8,1.0,0.0,0.87713766,0.8321557,0.875
rice,Plant_height,R2,SCP,4,0,5,0.8,0.2,0.86494905,0.86494905,1.0
rice,Plant_height,R2,SCP,4,1,6,1.0,0.0,0.84164214,1.0210463,0.6666666666666666
rice,Plant_height,R2,SCP,4,2,8,0.875,0.0,1.135982,0.9089726,0.875
rice,Plant_height,R2,SCP,4,3,9,0.8888888888888888,0.0,0.842708,0.86089957,0.8888888888888888
rice,Plant_height,R2,SCP,4,4,8,1.0,0.0,0.87713766,0.87713766,1.0
rice,Plant_height,R2,SCP,5,0,5,0.8,0.2,0.86494905,1.0353249,0.8
rice,Plant_height,R2,SCP,5,1,6,1.0,0.0,0.84164214,0.9381431,0.8333333333333334
rice,Plant_height,R2,SCP,5,2,8,1.0,0.0,1.135982,1.135982,1.0
rice,Plant_height,R2,SCP,5,3,9,0.8888888888888888,0.0,0.842708,0.92465943,0.7777777777777778
rice,Plant_height,R2,SCP,5,4,8,1.0,0.0,0.87713766,0.67905354,0.875
soybean,C13,R1,CV+,1,0,7,0.8571428571428571,0.14285714285714285,0.19078885,0.17500676,0.8571428571428571
soybean,C13,R1,CV+,1,1,7,1.0,0.0,0.38523954,0.38523954,1.0
soybean,C13,R1,CV+,1,2,7,1.0,0.0,1.1316699,1.0672072,0.8571428571428571
soybean,C13,R1,CV+,1,3,7,0.8571428571428571,0.0,0.9577302,1.0405428,0.8571428571428571
soybean,C13,R1,CV+,1,4,7,1.0,0.0,1.1187373,1.1187373,1.0
soybean,C13,R1,CV+,2,0,7,1.0,0.0,0.75560415,0.83992785,0.8571428571428571
soybean,C13,R1,CV+,2,1,7,1.0,0.0,0.963877,1.0052898,0.8571428571428571
soybean,C13,R1,CV+,2,2,7,1.0,0.0,0.712534,0.712534,1.0
soybean,C13,R1,CV+,2,3,7,0.5714285714285714,0.14285714285714285,0.92352974,0.6220251,0.8571428571428571
soybean,C13,R1,CV+,2,4,7,0.7142857142857143,0.2857142857142857,-0.018382447,-0.018382456,1.0
soybean,C13,R1,CV+,3,0,7,1.0,0.0,0.91341925,0.87811947,0.8571428571428571
soybean,C13,R1,CV+,3,1,7,0.8571428571428571,0.0,0.85338575,0.87610734,0.8571428571428571
soybean,C13,R1,CV+,3,2,7,1.0,0.0,0.7484022,0.97119707,0.8571428571428571
soybean,C13,R1,CV+,3,3,7,0.7142857142857143,0.2857142857142857,-0.009781905,-0.248248,0.8571428571428571
soybean,C13,R1,CV+,3,4,7,0.8571428571428571,0.0,0.9004493,0.90044934,1.0
soybean,C13,R1,CV+,4,0,7,0.8571428571428571,0.0,1.0991571,0.9521243,0.8571428571428571
soybean,C13,R1,CV+,4,1,7,1.0,0.0,0.9098387,0.9803594,0.8571428571428571
soybean,C13,R1,CV+,4,2,7,0.5714285714285714,0.2857142857142857,0.3142673,0.39785528,0.8571428571428571
soybean,C13,R1,CV+,4,3,7,1.0,0.0,0.13176993,0.13176993,1.0
soybean,C13,R1,CV+,4,4,7,1.0,0.0,1.0465095,1.0465096,1.0
soybean,C13,R1,CV+,5,0,7,0.8571428571428571,0.0,1.1913493,1.1913493,1.0
soybean,C13,R1,CV+,5,1,7,0.8571428571428571,0.14285714285714285,0.3292444,0.32924438,1.0
soybean,C13,R1,CV+,5,2,7,1.0,0.0,0.92878217,1.0521767,0.8571428571428571
soybean,C13,R1,CV+,5,3,7,0.8571428571428571,0.0,0.58803827,0.58803827,1.0
soybean,C13,R1,CV+,5,4,7,0.8571428571428571,0.14285714285714285,0.31103858,0.31103864,1.0
soybean,C13,R1,CalPred-style,1,0,7,0.8571428571428571,0.14285714285714285,0.19078885,0.15985285,0.8571428571428571
soybean,C13,R1,CalPred-style,1,1,7,1.0,0.0,0.38523954,0.38523954,1.0
soybean,C13,R1,CalPred-style,1,2,7,1.0,0.0,1.1316699,1.0038469,0.8571428571428571
soybean,C13,R1,CalPred-style,1,3,7,0.8571428571428571,0.0,0.9577302,0.9577302,1.0
soybean,C13,R1,CalPred-style,1,4,7,1.0,0.0,1.1187373,1.1187373,1.0
soybean,C13,R1,CalPred-style,2,0,7,1.0,0.0,0.75560415,0.7125469,0.8571428571428571
soybean,C13,R1,CalPred-style,2,1,7,1.0,0.0,0.963877,0.963877,1.0
soybean,C13,R1,CalPred-style,2,2,7,1.0,0.0,0.712534,0.58290595,0.8571428571428571
soybean,C13,R1,CalPred-style,2,3,7,0.5714285714285714,0.14285714285714285,0.92352974,0.92352974,1.0
soybean,C13,R1,CalPred-style,2,4,7,0.8571428571428571,0.14285714285714285,-0.018382447,0.042246465,0.7142857142857143
soybean,C13,R1,CalPred-style,3,0,7,1.0,0.0,0.91341925,0.86495763,0.8571428571428571
soybean,C13,R1,CalPred-style,3,1,7,1.0,0.0,0.85338575,0.56949,0.7142857142857143
soybean,C13,R1,CalPred-style,3,2,7,1.0,0.0,0.7484022,0.98827,0.8571428571428571
soybean,C13,R1,CalPred-style,3,3,7,0.7142857142857143,0.2857142857142857,-0.009781905,-0.3807309,0.7142857142857143
soybean,C13,R1,CalPred-style,3,4,7,0.8571428571428571,0.0,0.9004493,0.68798286,0.7142857142857143
soybean,C13,R1,CalPred-style,4,0,7,0.8571428571428571,0.0,1.0991571,0.8698682,0.8571428571428571
soybean,C13,R1,CalPred-style,4,1,7,1.0,0.0,0.9098387,0.60398287,0.8571428571428571
soybean,C13,R1,CalPred-style,4,2,7,0.5714285714285714,0.2857142857142857,0.3142673,0.16516373,0.8571428571428571
soybean,C13,R1,CalPred-style,4,3,7,1.0,0.0,0.13176993,0.13176993,1.0
soybean,C13,R1,CalPred-style,4,4,7,1.0,0.0,1.0465095,1.0465096,1.0
soybean,C13,R1,CalPred-style,5,0,7,0.8571428571428571,0.0,1.1913493,1.1396697,0.8571428571428571
soybean,C13,R1,CalPred-style,5,1,7,0.8571428571428571,0.14285714285714285,0.3292444,0.11819296,0.5714285714285714
soybean,C13,R1,CalPred-style,5,2,7,1.0,0.0,0.92878217,0.92878217,1.0
soybean,C13,R1,CalPred-style,5,3,7,0.8571428571428571,0.0,0.58803827,0.33055496,0.8571428571428571
soybean,C13,R1,CalPred-style,5,4,7,0.8571428571428571,0.14285714285714285,0.31103858,0.31103858,1.0
soybean,C13,R1,Gauss-PEV,1,0,7,0.8571428571428571,0.14285714285714285,0.19078885,-0.013535568,0.7142857142857143
soybean,C13,R1,Gauss-PEV,1,1,7,1.0,0.0,0.38523954,0.38523945,1.0
soybean,C13,R1,Gauss-PEV,1,2,7,1.0,0.0,1.1316699,1.0038469,0.8571428571428571
soybean,C13,R1,Gauss-PEV,1,3,7,0.8571428571428571,0.0,0.9577302,0.9577302,1.0
soybean,C13,R1,Gauss-PEV,1,4,7,1.0,0.0,1.1187373,1.1187373,1.0
soybean,C13,R1,Gauss-PEV,2,0,7,1.0,0.0,0.75560415,0.7556042,1.0
soybean,C13,R1,Gauss-PEV,2,1,7,1.0,0.0,0.963877,0.963877,1.0
soybean,C13,R1,Gauss-PEV,2,2,7,1.0,0.0,0.712534,0.53429997,0.7142857142857143
soybean,C13,R1,Gauss-PEV,2,3,7,0.5714285714285714,0.14285714285714285,0.92352974,0.92352974,1.0
soybean,C13,R1,Gauss-PEV,2,4,7,0.7142857142857143,0.2857142857142857,-0.018382447,0.17561212,0.7142857142857143
soybean,C13,R1,Gauss-PEV,3,0,7,1.0,0.0,0.91341925,0.86495763,0.8571428571428571
soybean,C13,R1,Gauss-PEV,3,1,7,1.0,0.0,0.85338575,0.56948996,0.7142857142857143
soybean,C13,R1,Gauss-PEV,3,2,7,1.0,0.0,0.7484022,0.7508279,0.7142857142857143
soybean,C13,R1,Gauss-PEV,3,3,7,0.7142857142857143,0.2857142857142857,-0.009781905,-0.3807309,0.7142857142857143
soybean,C13,R1,Gauss-PEV,3,4,7,0.8571428571428571,0.0,0.9004493,0.90044934,1.0
soybean,C13,R1,Gauss-PEV,4,0,7,0.8571428571428571,0.0,1.0991571,1.0991571,1.0
soybean,C13,R1,Gauss-PEV,4,1,7,1.0,0.0,0.9098387,0.9098387,1.0
soybean,C13,R1,Gauss-PEV,4,2,7,0.5714285714285714,0.2857142857142857,0.3142673,0.2107099,0.8571428571428571
soybean,C13,R1,Gauss-PEV,4,3,7,1.0,0.0,0.13176993,0.13176993,1.0
soybean,C13,R1,Gauss-PEV,4,4,7,1.0,0.0,1.0465095,1.0465096,1.0
soybean,C13,R1,Gauss-PEV,5,0,7,0.8571428571428571,0.0,1.1913493,1.1913494,1.0
soybean,C13,R1,Gauss-PEV,5,1,7,0.8571428571428571,0.14285714285714285,0.3292444,0.2507295,0.7142857142857143
soybean,C13,R1,Gauss-PEV,5,2,7,1.0,0.0,0.92878217,0.92878217,1.0
soybean,C13,R1,Gauss-PEV,5,3,7,0.8571428571428571,0.0,0.58803827,0.33055496,0.8571428571428571
soybean,C13,R1,Gauss-PEV,5,4,7,0.8571428571428571,0.14285714285714285,0.31103858,0.31103858,1.0
soybean,C13,R1,KinCP,1,0,7,0.8571428571428571,0.14285714285714285,0.19078885,-0.013535584,0.7142857142857143
soybean,C13,R1,KinCP,1,1,7,1.0,0.0,0.38523954,0.38523945,1.0
soybean,C13,R1,KinCP,1,2,7,1.0,0.0,1.1316699,0.76529324,0.7142857142857143
soybean,C13,R1,KinCP,1,3,7,0.8571428571428571,0.0,0.9577302,0.9577302,1.0
soybean,C13,R1,KinCP,1,4,7,1.0,0.0,1.1187373,1.1187373,1.0
soybean,C13,R1,KinCP,2,0,7,1.0,0.0,0.75560415,0.75560415,1.0
soybean,C13,R1,KinCP,2,1,7,1.0,0.0,0.963877,0.6826738,0.7142857142857143
soybean,C13,R1,KinCP,2,2,7,1.0,0.0,0.712534,0.66029656,0.7142857142857143
soybean,C13,R1,KinCP,2,3,7,0.5714285714285714,0.14285714285714285,0.92352974,0.92352974,1.0
soybean,C13,R1,KinCP,2,4,7,0.7142857142857143,0.2857142857142857,-0.018382447,0.21206632,0.7142857142857143
soybean,C13,R1,KinCP,3,0,7,1.0,0.0,0.91341925,0.86495763,0.8571428571428571
soybean,C13,R1,KinCP,3,1,7,1.0,0.0,0.85338575,0.28841394,0.7142857142857143
soybean,C13,R1,KinCP,3,2,7,1.0,0.0,0.7484022,0.9070535,0.7142857142857143
soybean,C13,R1,KinCP,3,3,7,0.7142857142857143,0.2857142857142857,-0.009781905,-0.48899764,0.7142857142857143
soybean,C13,R1,KinCP,3,4,7,0.8571428571428571,0.0,0.9004493,0.9004492,1.0
soybean,C13,R1,KinCP,4,0,7,0.8571428571428571,0.0,1.0991571,1.0991571,1.0
soybean,C13,R1,KinCP,4,1,7,1.0,0.0,0.9098387,0.9098387,1.0
soybean,C13,R1,KinCP,4,2,7,0.5714285714285714,0.2857142857142857,0.3142673,0.41016406,0.7142857142857143
soybean,C13,R1,KinCP,4,3,7,1.0,0.0,0.13176993,0.13176993,1.0
soybean,C13,R1,KinCP,4,4,7,1.0,0.0,1.0465095,1.0322965,0.8571428571428571
soybean,C13,R1,KinCP,5,0,7,0.8571428571428571,0.0,1.1913493,1.1913494,1.0
soybean,C13,R1,KinCP,5,1,7,0.8571428571428571,0.14285714285714285,0.3292444,0.11819296,0.5714285714285714
soybean,C13,R1,KinCP,5,2,7,1.0,0.0,0.92878217,0.92878217,1.0
soybean,C13,R1,KinCP,5,3,7,0.8571428571428571,0.0,0.58803827,-0.0051277704,0.7142857142857143
soybean,C13,R1,KinCP,5,4,7,0.8571428571428571,0.14285714285714285,0.31103858,0.20044057,0.8571428571428571
soybean,C13,R1,KinCP-ABC,1,0,7,0.8571428571428571,0.14285714285714285,0.19078885,0.19078885,1.0
soybean,C13,R1,KinCP-ABC,1,1,7,1.0,0.0,0.38523954,0.38523954,1.0
soybean,C13,R1,KinCP-ABC,1,2,7,1.0,0.0,1.1316699,1.1316699,1.0
soybean,C13,R1,KinCP-ABC,1,3,7,0.8571428571428571,0.0,0.9577302,0.9577302,1.0
soybean,C13,R1,KinCP-ABC,1,4,7,1.0,0.0,1.1187373,1.1187373,1.0
soybean,C13,R1,KinCP-ABC,2,0,7,1.0,0.0,0.75560415,0.75560415,1.0
soybean,C13,R1,KinCP-ABC,2,1,7,1.0,0.0,0.963877,0.963877,1.0
soybean,C13,R1,KinCP-ABC,2,2,7,1.0,0.0,0.712534,0.712534,1.0
soybean,C13,R1,KinCP-ABC,2,3,7,0.5714285714285714,0.14285714285714285,0.92352974,0.92352974,1.0
soybean,C13,R1,KinCP-ABC,2,4,7,0.7142857142857143,0.2857142857142857,-0.018382447,-0.018382447,1.0
soybean,C13,R1,KinCP-ABC,3,0,7,1.0,0.0,0.91341925,0.91341925,1.0
soybean,C13,R1,KinCP-ABC,3,1,7,1.0,0.0,0.85338575,0.85338575,1.0
soybean,C13,R1,KinCP-ABC,3,2,7,1.0,0.0,0.7484022,0.7484022,1.0
soybean,C13,R1,KinCP-ABC,3,3,7,0.7142857142857143,0.2857142857142857,-0.009781905,-0.009781905,1.0
soybean,C13,R1,KinCP-ABC,3,4,7,0.8571428571428571,0.0,0.9004493,0.9004493,1.0
soybean,C13,R1,KinCP-ABC,4,0,7,0.8571428571428571,0.0,1.0991571,1.0991571,1.0
soybean,C13,R1,KinCP-ABC,4,1,7,1.0,0.0,0.9098387,0.9098387,1.0
soybean,C13,R1,KinCP-ABC,4,2,7,0.5714285714285714,0.2857142857142857,0.3142673,0.3142673,1.0
soybean,C13,R1,KinCP-ABC,4,3,7,1.0,0.0,0.13176993,0.13176993,1.0
soybean,C13,R1,KinCP-ABC,4,4,7,1.0,0.0,1.0465095,1.0465095,1.0
soybean,C13,R1,KinCP-ABC,5,0,7,0.8571428571428571,0.0,1.1913493,1.1913493,1.0
soybean,C13,R1,KinCP-ABC,5,1,7,0.8571428571428571,0.14285714285714285,0.3292444,0.3292444,1.0
soybean,C13,R1,KinCP-ABC,5,2,7,1.0,0.0,0.92878217,0.92878217,1.0
soybean,C13,R1,KinCP-ABC,5,3,7,0.8571428571428571,0.0,0.58803827,0.58803827,1.0
soybean,C13,R1,KinCP-ABC,5,4,7,0.8571428571428571,0.14285714285714285,0.31103858,0.31103858,1.0
soybean,C13,R1,SCP,1,0,7,0.8571428571428571,0.14285714285714285,0.19078885,0.08601956,0.7142857142857143
soybean,C13,R1,SCP,1,1,7,1.0,0.0,0.38523954,0.38523954,1.0
soybean,C13,R1,SCP,1,2,7,0.8571428571428571,0.0,1.1316699,0.98757285,0.8571428571428571
soybean,C13,R1,SCP,1,3,7,0.8571428571428571,0.0,0.9577302,1.0820035,0.7142857142857143
soybean,C13,R1,SCP,1,4,7,1.0,0.0,1.1187373,1.1187373,1.0
soybean,C13,R1,SCP,2,0,7,1.0,0.0,0.75560415,0.7499408,0.8571428571428571
soybean,C13,R1,SCP,2,1,7,1.0,0.0,0.963877,0.81946343,0.8571428571428571
soybean,C13,R1,SCP,2,2,7,1.0,0.0,0.712534,0.71253407,1.0
soybean,C13,R1,SCP,2,3,7,0.7142857142857143,0.14285714285714285,0.92352974,1.6179457,0.8571428571428571
soybean,C13,R1,SCP,2,4,7,0.8571428571428571,0.14285714285714285,-0.018382447,0.16186717,0.7142857142857143
soybean,C13,R1,SCP,3,0,7,1.0,0.0,0.91341925,0.64841264,0.7142857142857143
soybean,C13,R1,SCP,3,1,7,0.8571428571428571,0.0,0.85338575,0.72721153,0.5714285714285714
soybean,C13,R1,SCP,3,2,7,1.0,0.0,0.7484022,0.51096016,0.8571428571428571
soybean,C13,R1,SCP,3,3,7,0.7142857142857143,0.2857142857142857,-0.009781905,-0.2726899,0.7142857142857143
soybean,C13,R1,SCP,3,4,7,0.8571428571428571,0.0,0.9004493,0.875112,0.8571428571428571
soybean,C13,R1,SCP,4,0,7,0.8571428571428571,0.0,1.0991571,0.9521245,0.8571428571428571
soybean,C13,R1,SCP,4,1,7,1.0,0.0,0.9098387,0.9245647,0.7142857142857143
soybean,C13,R1,SCP,4,2,7,0.5714285714285714,0.2857142857142857,0.3142673,0.8560737,0.5714285714285714
soybean,C13,R1,SCP,4,3,7,1.0,0.0,0.13176993,0.13176993,1.0
soybean,C13,R1,SCP,4,4,7,1.0,0.0,1.0465095,1.0161623,0.8571428571428571
soybean,C13,R1,SCP,5,0,7,1.0,0.0,1.1913493,1.1913493,1.0
soybean,C13,R1,SCP,5,1,7,0.8571428571428571,0.14285714285714285,0.3292444,0.32924438,1.0
soybean,C13,R1,SCP,5,2,7,1.0,0.0,0.92878217,1.0521767,0.8571428571428571
soybean,C13,R1,SCP,5,3,7,0.8571428571428571,0.0,0.58803827,0.50622,0.7142857142857143
soybean,C13,R1,SCP,5,4,7,0.8571428571428571,0.14285714285714285,0.31103858,0.45789042,0.5714285714285714
soybean,C13,R2,CV+,1,0,16,0.9375,0.0,1.0576813,1.0721883,0.8125
soybean,C13,R2,CV+,1,1,1,1.0,0.0,-0.2889155,-0.2889155,1.0
soybean,C13,R2,CV+,1,2,6,0.6666666666666666,0.16666666666666666,0.10317794,-0.6152182,0.6666666666666666
soybean,C13,R2,CV+,1,3,6,0.8333333333333334,0.16666666666666666,-0.060229305,0.18890522,0.8333333333333334
soybean,C13,R2,CV+,1,4,6,1.0,0.0,0.36320457,0.39135495,0.8333333333333334
soybean,C13,R2,CV+,2,0,16,0.9375,0.0,1.0576813,0.9187814,0.9375
soybean,C13,R2,CV+,2,1,1,1.0,0.0,-0.2889155,-0.2889155,1.0
soybean,C13,R2,CV+,2,2,6,0.6666666666666666,0.16666666666666666,0.10317794,0.175488,0.8333333333333334
soybean,C13,R2,CV+,2,3,6,0.8333333333333334,0.16666666666666666,-0.060229305,0.037008476,0.8333333333333334
soybean,C13,R2,CV+,2,4,6,1.0,0.0,0.36320457,0.36320457,1.0
soybean,C13,R2,CV+,3,0,16,0.9375,0.0,1.0576813,0.98244005,0.9375
soybean,C13,R2,CV+,3,1,1,1.0,0.0,-0.2889155,-0.2889155,1.0
soybean,C13,R2,CV+,3,2,6,0.6666666666666666,0.16666666666666666,0.10317794,-0.47302422,0.8333333333333334
soybean,C13,R2,CV+,3,3,6,0.8333333333333334,0.16666666666666666,-0.060229305,-0.060229305,1.0
soybean,C13,R2,CV+,3,4,6,1.0,0.0,0.36320457,0.36320457,1.0
soybean,C13,R2,CV+,4,0,16,0.9375,0.0,1.0576813,0.9767302,0.875
soybean,C13,R2,CV+,4,1,1,1.0,0.0,-0.2889155,-0.2889155,1.0
soybean,C13,R2,CV+,4,2,6,0.6666666666666666,0.16666666666666666,0.10317794,-0.33927265,0.8333333333333334
soybean,C13,R2,CV+,4,3,6,0.8333333333333334,0.16666666666666666,-0.060229305,-0.060229305,1.0
soybean,C13,R2,CV+,4,4,6,1.0,0.0,0.36320457,0.20440225,0.8333333333333334
soybean,C13,R2,CV+,5,0,16,0.9375,0.0,1.0576813,1.0043135,0.9375
soybean,C13,R2,CV+,5,1,1,1.0,0.0,-0.2889155,-0.2889155,1.0
soybean,C13,R2,CV+,5,2,6,0.6666666666666666,0.16666666666666666,0.10317794,0.12708934,0.8333333333333334
soybean,C13,R2,CV+,5,3,6,0.8333333333333334,0.16666666666666666,-0.060229305,-0.060229305,1.0
soybean,C13,R2,CV+,5,4,6,1.0,0.0,0.36320457,0.36320457,1.0
soybean,C13,R2,CalPred-style,1,0,16,0.9375,0.0,1.0576813,1.0440229,0.9375
soybean,C13,R2,CalPred-style,1,1,1,1.0,0.0,-0.2889155,-0.2889155,1.0
soybean,C13,R2,CalPred-style,1,2,6,0.8333333333333334,0.16666666666666666,0.10317794,-0.053940635,0.8333333333333334
soybean,C13,R2,CalPred-style,1,3,6,0.8333333333333334,0.16666666666666666,-0.060229305,-0.060229305,1.0
soybean,C13,R2,CalPred-style,1,4,6,1.0,0.0,0.36320457,0.36320457,1.0
soybean,C13,R2,CalPred-style,2,0,16,0.9375,0.0,1.0576813,0.96611714,0.875
soybean,C13,R2,CalPred-style,2,1,1,1.0,0.0,-0.2889155,-0.2889155,1.0
soybean,C13,R2,CalPred-style,2,2,6,0.8333333333333334,0.16666666666666666,0.10317794,-0.053940635,0.8333333333333334
soybean,C13,R2,CalPred-style,2,3,6,0.8333333333333334,0.16666666666666666,-0.060229305,-0.060229305,1.0
soybean,C13,R2,CalPred-style,2,4,6,1.0,0.0,0.36320457,0.36320457,1.0
soybean,C13,R2,CalPred-style,3,0,16,0.9375,0.0,1.0576813,1.0440229,0.9375
soybean,C13,R2,CalPred-style,3,1,1,1.0,0.0,-0.2889155,-0.2889155,1.0
soybean,C13,R2,CalPred-style,3,2,6,0.8333333333333334,0.16666666666666666,0.10317794,-0.053940635,0.8333333333333334
soybean,C13,R2,CalPred-style,3,3,6,0.8333333333333334,0.16666666666666666,-0.060229305,-0.060229305,1.0
soybean,C13,R2,CalPred-style,3,4,6,1.0,0.0,0.36320457,0.36320457,1.0
soybean,C13,R2,CalPred-style,4,0,16,0.9375,0.0,1.0576813,1.0440229,0.9375
soybean,C13,R2,CalPred-style,4,1,1,1.0,0.0,-0.2889155,-0.2889155,1.0
soybean,C13,R2,CalPred-style,4,2,6,0.8333333333333334,0.16666666666666666,0.10317794,-0.053940635,0.8333333333333334
soybean,C13,R2,CalPred-style,4,3,6,0.8333333333333334,0.16666666666666666,-0.060229305,-0.060229305,1.0
soybean,C13,R2,CalPred-style,4,4,6,1.0,0.0,0.36320457,0.36320457,1.0
soybean,C13,R2,CalPred-style,5,0,16,0.9375,0.0,1.0576813,1.0440229,0.9375
soybean,C13,R2,CalPred-style,5,1,1,1.0,0.0,-0.2889155,-0.2889155,1.0
soybean,C13,R2,CalPred-style,5,2,6,0.8333333333333334,0.16666666666666666,0.10317794,-0.053940635,0.8333333333333334
soybean,C13,R2,CalPred-style,5,3,6,0.8333333333333334,0.16666666666666666,-0.060229305,-0.060229305,1.0
soybean,C13,R2,CalPred-style,5,4,6,1.0,0.0,0.36320457,0.36320457,1.0
soybean,C13,R2,Gauss-PEV,1,0,16,0.9375,0.0,1.0576813,0.8988244,0.8125
soybean,C13,R2,Gauss-PEV,1,1,1,1.0,0.0,-0.2889155,-0.2889155,1.0
soybean,C13,R2,Gauss-PEV,1,2,6,0.6666666666666666,0.16666666666666666,0.10317794,-0.053940613,0.8333333333333334
soybean,C13,R2,Gauss-PEV,1,3,6,0.8333333333333334,0.16666666666666666,-0.060229305,-0.060229305,1.0
soybean,C13,R2,Gauss-PEV,1,4,6,1.0,0.0,0.36320457,0.36320457,1.0
soybean,C13,R2,Gauss-PEV,2,0,16,0.9375,0.0,1.0576813,0.8988244,0.8125
soybean,C13,R2,Gauss-PEV,2,1,1,1.0,0.0,-0.2889155,-0.2889155,1.0
soybean,C13,R2,Gauss-PEV,2,2,6,0.6666666666666666,0.16666666666666666,0.10317794,-0.053940613,0.8333333333333334
soybean,C13,R2,Gauss-PEV,2,3,6,0.8333333333333334,0.16666666666666666,-0.060229305,-0.060229305,1.0
soybean,C13,R2,Gauss-PEV,2,4,6,1.0,0.0,0.36320457,0.36320457,1.0
soybean,C13,R2,Gauss-PEV,3,0,16,0.9375,0.0,1.0576813,0.8988244,0.8125
soybean,C13,R2,Gauss-PEV,3,1,1,1.0,0.0,-0.2889155,-0.2889155,1.0
soybean,C13,R2,Gauss-PEV,3,2,6,0.6666666666666666,0.16666666666666666,0.10317794,-0.053940613,0.8333333333333334
soybean,C13,R2,Gauss-PEV,3,3,6,0.8333333333333334,0.16666666666666666,-0.060229305,-0.060229305,1.0
soybean,C13,R2,Gauss-PEV,3,4,6,1.0,0.0,0.36320457,0.36320457,1.0
soybean,C13,R2,Gauss-PEV,4,0,16,0.9375,0.0,1.0576813,0.8988244,0.8125
soybean,C13,R2,Gauss-PEV,4,1,1,1.0,0.0,-0.2889155,-0.2889155,1.0
soybean,C13,R2,Gauss-PEV,4,2,6,0.6666666666666666,0.16666666666666666,0.10317794,-0.053940613,0.8333333333333334
soybean,C13,R2,Gauss-PEV,4,3,6,0.8333333333333334,0.16666666666666666,-0.060229305,-0.060229305,1.0
soybean,C13,R2,Gauss-PEV,4,4,6,1.0,0.0,0.36320457,0.36320457,1.0
soybean,C13,R2,Gauss-PEV,5,0,16,0.9375,0.0,1.0576813,0.8988244,0.8125
soybean,C13,R2,Gauss-PEV,5,1,1,1.0,0.0,-0.2889155,-0.2889155,1.0
soybean,C13,R2,Gauss-PEV,5,2,6,0.6666666666666666,0.16666666666666666,0.10317794,-0.053940613,0.8333333333333334
soybean,C13,R2,Gauss-PEV,5,3,6,0.8333333333333334,0.16666666666666666,-0.060229305,-0.060229305,1.0
soybean,C13,R2,Gauss-PEV,5,4,6,1.0,0.0,0.36320457,0.36320457,1.0
soybean,C13,R2,KinCP,1,0,16,0.9375,0.0,1.0576813,0.8988244,0.8125
soybean,C13,R2,KinCP,1,1,1,1.0,0.0,-0.2889155,-0.2889155,1.0
soybean,C13,R2,KinCP,1,2,6,0.8333333333333334,0.16666666666666666,0.10317794,-0.053940613,0.8333333333333334
soybean,C13,R2,KinCP,1,3,6,0.8333333333333334,0.16666666666666666,-0.060229305,-0.0602293,1.0
soybean,C13,R2,KinCP,1,4,6,1.0,0.0,0.36320457,0.39135495,0.8333333333333334
soybean,C13,R2,KinCP,2,0,16,0.9375,0.0,1.0576813,0.8988244,0.8125
soybean,C13,R2,KinCP,2,1,1,1.0,0.0,-0.2889155,-0.2889155,1.0
soybean,C13,R2,KinCP,2,2,6,0.8333333333333334,0.16666666666666666,0.10317794,-0.053940613,0.8333333333333334
soybean,C13,R2,KinCP,2,3,6,0.8333333333333334,0.16666666666666666,-0.060229305,-0.060229305,1.0
soybean,C13,R2,KinCP,2,4,6,1.0,0.0,0.36320457,0.39135495,0.8333333333333334
soybean,C13,R2,KinCP,3,0,16,0.9375,0.0,1.0576813,0.8988244,0.8125
soybean,C13,R2,KinCP,3,1,1,1.0,0.0,-0.2889155,-0.2889155,1.0
soybean,C13,R2,KinCP,3,2,6,0.8333333333333334,0.16666666666666666,0.10317794,-0.053940613,0.8333333333333334
soybean,C13,R2,KinCP,3,3,6,0.8333333333333334,0.16666666666666666,-0.060229305,0.18890522,0.8333333333333334
soybean,C13,R2,KinCP,3,4,6,1.0,0.0,0.36320457,0.36320457,1.0
soybean,C13,R2,KinCP,4,0,16,0.9375,0.0,1.0576813,0.8988244,0.8125
soybean,C13,R2,KinCP,4,1,1,1.0,0.0,-0.2889155,-0.2889155,1.0
soybean,C13,R2,KinCP,4,2,6,0.8333333333333334,0.16666666666666666,0.10317794,-0.053940613,0.8333333333333334
soybean,C13,R2,KinCP,4,3,6,0.8333333333333334,0.16666666666666666,-0.060229305,-0.046301857,0.6666666666666666
soybean,C13,R2,KinCP,4,4,6,1.0,0.0,0.36320457,0.39135495,0.8333333333333334
soybean,C13,R2,KinCP,5,0,16,0.9375,0.0,1.0576813,0.8988244,0.8125
soybean,C13,R2,KinCP,5,1,1,1.0,0.0,-0.2889155,-0.2889155,1.0
soybean,C13,R2,KinCP,5,2,6,0.8333333333333334,0.16666666666666666,0.10317794,-0.053940613,0.8333333333333334
soybean,C13,R2,KinCP,5,3,6,0.8333333333333334,0.16666666666666666,-0.060229305,0.18890522,0.8333333333333334
soybean,C13,R2,KinCP,5,4,6,1.0,0.0,0.36320457,0.39135495,0.8333333333333334
soybean,C13,R2,KinCP-ABC,1,0,16,0.9375,0.0,1.0576813,1.0576813,1.0
soybean,C13,R2,KinCP-ABC,1,1,1,1.0,0.0,-0.2889155,-0.2889155,1.0
soybean,C13,R2,KinCP-ABC,1,2,6,0.6666666666666666,0.16666666666666666,0.10317794,0.10317794,1.0
soybean,C13,R2,KinCP-ABC,1,3,6,0.8333333333333334,0.16666666666666666,-0.060229305,-0.060229305,1.0
soybean,C13,R2,KinCP-ABC,1,4,6,1.0,0.0,0.36320457,0.36320457,1.0
soybean,C13,R2,KinCP-ABC,2,0,16,0.9375,0.0,1.0576813,1.0576813,1.0
soybean,C13,R2,KinCP-ABC,2,1,1,1.0,0.0,-0.2889155,-0.2889155,1.0
soybean,C13,R2,KinCP-ABC,2,2,6,0.6666666666666666,0.16666666666666666,0.10317794,0.10317794,1.0
soybean,C13,R2,KinCP-ABC,2,3,6,0.8333333333333334,0.16666666666666666,-0.060229305,-0.060229305,1.0
soybean,C13,R2,KinCP-ABC,2,4,6,1.0,0.0,0.36320457,0.36320457,1.0
soybean,C13,R2,KinCP-ABC,3,0,16,0.9375,0.0,1.0576813,1.0576813,1.0
soybean,C13,R2,KinCP-ABC,3,1,1,1.0,0.0,-0.2889155,-0.2889155,1.0
soybean,C13,R2,KinCP-ABC,3,2,6,0.6666666666666666,0.16666666666666666,0.10317794,0.10317794,1.0
soybean,C13,R2,KinCP-ABC,3,3,6,0.8333333333333334,0.16666666666666666,-0.060229305,-0.060229305,1.0
soybean,C13,R2,KinCP-ABC,3,4,6,1.0,0.0,0.36320457,0.36320457,1.0
soybean,C13,R2,KinCP-ABC,4,0,16,0.9375,0.0,1.0576813,1.0576813,1.0
soybean,C13,R2,KinCP-ABC,4,1,1,1.0,0.0,-0.2889155,-0.2889155,1.0
soybean,C13,R2,KinCP-ABC,4,2,6,0.6666666666666666,0.16666666666666666,0.10317794,0.10317794,1.0
soybean,C13,R2,KinCP-ABC,4,3,6,0.8333333333333334,0.16666666666666666,-0.060229305,-0.060229305,1.0
soybean,C13,R2,KinCP-ABC,4,4,6,1.0,0.0,0.36320457,0.36320457,1.0
soybean,C13,R2,KinCP-ABC,5,0,16,0.9375,0.0,1.0576813,1.0576813,1.0
soybean,C13,R2,KinCP-ABC,5,1,1,1.0,0.0,-0.2889155,-0.2889155,1.0
soybean,C13,R2,KinCP-ABC,5,2,6,0.6666666666666666,0.16666666666666666,0.10317794,0.10317794,1.0
soybean,C13,R2,KinCP-ABC,5,3,6,0.8333333333333334,0.16666666666666666,-0.060229305,-0.060229305,1.0
soybean,C13,R2,KinCP-ABC,5,4,6,1.0,0.0,0.36320457,0.36320457,1.0
soybean,C13,R2,SCP,1,0,16,0.9375,0.0,1.0576813,1.0935464,0.75
soybean,C13,R2,SCP,1,1,1,1.0,0.0,-0.2889155,-0.2889155,1.0
soybean,C13,R2,SCP,1,2,6,0.5,0.16666666666666666,0.10317794,-0.36294174,0.6666666666666666
soybean,C13,R2,SCP,1,3,6,0.8333333333333334,0.16666666666666666,-0.060229305,0.18890522,0.8333333333333334
soybean,C13,R2,SCP,1,4,6,1.0,0.0,0.36320457,0.39135504,0.8333333333333334
soybean,C13,R2,SCP,2,0,16,0.9375,0.0,1.0576813,0.84066427,0.5625
soybean,C13,R2,SCP,2,1,1,1.0,0.0,-0.2889155,-0.3636373,0.0
soybean,C13,R2,SCP,2,2,6,0.6666666666666666,0.16666666666666666,0.10317794,-0.29862735,0.5
soybean,C13,R2,SCP,2,3,6,1.0,0.0,-0.060229305,0.037008476,0.8333333333333334
soybean,C13,R2,SCP,2,4,6,1.0,0.0,0.36320457,0.38425946,0.8333333333333334
soybean,C13,R2,SCP,3,0,16,0.9375,0.0,1.0576813,1.0552834,0.5625
soybean,C13,R2,SCP,3,1,1,1.0,0.0,-0.2889155,-0.2889155,1.0
soybean,C13,R2,SCP,3,2,6,0.6666666666666666,0.16666666666666666,0.10317794,-0.3328755,0.6666666666666666
soybean,C13,R2,SCP,3,3,6,0.8333333333333334,0.16666666666666666,-0.060229305,-0.21549661,0.8333333333333334
soybean,C13,R2,SCP,3,4,6,1.0,0.0,0.36320457,-0.10798168,0.6666666666666666
soybean,C13,R2,SCP,4,0,16,0.9375,0.0,1.0576813,0.4514948,0.625
soybean,C13,R2,SCP,4,1,1,1.0,0.0,-0.2889155,-0.3636373,0.0
soybean,C13,R2,SCP,4,2,6,0.8333333333333334,0.16666666666666666,0.10317794,0.27992848,0.8333333333333334
soybean,C13,R2,SCP,4,3,6,1.0,0.0,-0.060229305,0.34982347,0.6666666666666666
soybean,C13,R2,SCP,4,4,6,1.0,0.0,0.36320457,0.14783852,0.8333333333333334
soybean,C13,R2,SCP,5,0,16,0.9375,0.0,1.0576813,1.0233676,0.875
soybean,C13,R2,SCP,5,1,1,1.0,0.0,-0.2889155,-0.2889155,1.0
soybean,C13,R2,SCP,5,2,6,0.6666666666666666,0.16666666666666666,0.10317794,-0.8668087,0.6666666666666666
soybean,C13,R2,SCP,5,3,6,0.8333333333333334,0.16666666666666666,-0.060229305,0.18890522,0.8333333333333334
soybean,C13,R2,SCP,5,4,6,1.0,0.0,0.36320457,0.391355,0.8333333333333334
soybean,Wilt,R1,CV+,1,0,7,0.8571428571428571,0.14285714285714285,0.10866876,0.10866876,1.0
soybean,Wilt,R1,CV+,1,1,7,0.5714285714285714,0.0,1.7569185,1.7423247,0.7142857142857143
soybean,Wilt,R1,CV+,1,2,7,0.5714285714285714,0.14285714285714285,1.059255,1.059255,1.0
soybean,Wilt,R1,CV+,1,3,7,1.0,0.0,0.23054025,0.23054025,1.0
soybean,Wilt,R1,CV+,1,4,7,0.7142857142857143,0.14285714285714285,1.0447177,1.267368,0.8571428571428571
soybean,Wilt,R1,CV+,2,0,7,0.8571428571428571,0.0,0.6140993,0.72219497,0.8571428571428571
soybean,Wilt,R1,CV+,2,1,7,1.0,0.0,0.47983193,0.8777023,0.8571428571428571
soybean,Wilt,R1,CV+,2,2,7,0.7142857142857143,0.14285714285714285,0.4935104,0.47981665,0.8571428571428571
soybean,Wilt,R1,CV+,2,3,7,0.7142857142857143,0.0,1.6471571,1.5744923,0.8571428571428571
soybean,Wilt,R1,CV+,2,4,7,0.8571428571428571,0.0,0.60855037,0.6222076,0.8571428571428571
soybean,Wilt,R1,CV+,3,0,7,0.8571428571428571,0.0,0.7742244,0.6921943,0.8571428571428571
soybean,Wilt,R1,CV+,3,1,7,0.8571428571428571,0.0,1.2629355,1.3711222,0.8571428571428571
soybean,Wilt,R1,CV+,3,2,7,0.42857142857142855,0.0,1.9837602,1.8970745,0.8571428571428571
soybean,Wilt,R1,CV+,3,3,7,0.2857142857142857,0.42857142857142855,0.77048665,0.89363366,0.8571428571428571
soybean,Wilt,R1,CV+,3,4,7,0.8571428571428571,0.14285714285714285,0.5615066,0.5339359,0.8571428571428571
soybean,Wilt,R1,CV+,4,0,7,0.7142857142857143,0.14285714285714285,0.8292928,0.8292928,1.0
soybean,Wilt,R1,CV+,4,1,7,0.8571428571428571,0.0,1.0862638,1.018175,0.8571428571428571
soybean,Wilt,R1,CV+,4,2,7,0.5714285714285714,0.14285714285714285,1.7332227,1.7332226,1.0
soybean,Wilt,R1,CV+,4,3,7,0.8571428571428571,0.0,0.2710588,0.2980924,0.8571428571428571
soybean,Wilt,R1,CV+,4,4,7,0.8571428571428571,0.0,0.65413755,0.8542539,0.8571428571428571
soybean,Wilt,R1,CV+,5,0,7,0.7142857142857143,0.0,0.8092631,0.7552137,0.8571428571428571
soybean,Wilt,R1,CV+,5,1,7,1.0,0.0,0.7938214,0.7938214,1.0
soybean,Wilt,R1,CV+,5,2,7,0.8571428571428571,0.14285714285714285,0.76644,0.738778,0.8571428571428571
soybean,Wilt,R1,CV+,5,3,7,0.7142857142857143,0.14285714285714285,0.20688225,0.31480387,0.8571428571428571
soybean,Wilt,R1,CV+,5,4,7,0.42857142857142855,0.0,1.9265387,2.5044773,0.7142857142857143
soybean,Wilt,R1,CalPred-style,1,0,7,0.8571428571428571,0.14285714285714285,0.10866876,-0.027056528,0.2857142857142857
soybean,Wilt,R1,CalPred-style,1,1,7,0.5714285714285714,0.0,1.7569185,1.2753276,0.42857142857142855
soybean,Wilt,R1,CalPred-style,1,2,7,0.7142857142857143,0.14285714285714285,1.059255,1.2423917,0.7142857142857143
soybean,Wilt,R1,CalPred-style,1,3,7,0.8571428571428571,0.14285714285714285,0.23054025,0.13936427,0.42857142857142855
soybean,Wilt,R1,CalPred-style,1,4,7,0.5714285714285714,0.14285714285714285,1.0447177,0.39068276,0.42857142857142855
soybean,Wilt,R1,CalPred-style,2,0,7,0.8571428571428571,0.0,0.6140993,-0.16959476,0.14285714285714285
soybean,Wilt,R1,CalPred-style,2,1,7,0.8571428571428571,0.14285714285714285,0.47983193,0.80910397,0.5714285714285714
soybean,Wilt,R1,CalPred-style,2,2,7,0.7142857142857143,0.14285714285714285,0.4935104,0.42504147,0.5714285714285714
soybean,Wilt,R1,CalPred-style,2,3,7,0.5714285714285714,0.14285714285714285,1.6471571,0.9495746,0.5714285714285714
soybean,Wilt,R1,CalPred-style,2,4,7,0.8571428571428571,0.0,0.60855037,0.34906295,0.5714285714285714
soybean,Wilt,R1,CalPred-style,3,0,7,0.8571428571428571,0.0,0.7742244,-0.059749298,0.42857142857142855
soybean,Wilt,R1,CalPred-style,3,1,7,1.0,0.0,1.2629355,0.4109637,0.42857142857142855
soybean,Wilt,R1,CalPred-style,3,2,7,0.42857142857142855,0.0,1.9837602,1.5936738,0.7142857142857143
soybean,Wilt,R1,CalPred-style,3,3,7,0.2857142857142857,0.5714285714285714,0.77048665,0.60629046,0.5714285714285714
soybean,Wilt,R1,CalPred-style,3,4,7,0.8571428571428571,0.14285714285714285,0.5615066,0.39608243,0.5714285714285714
soybean,Wilt,R1,CalPred-style,4,0,7,0.7142857142857143,0.14285714285714285,0.8292928,0.40339154,0.2857142857142857
soybean,Wilt,R1,CalPred-style,4,1,7,0.8571428571428571,0.0,1.0862638,0.9364685,0.7142857142857143
soybean,Wilt,R1,CalPred-style,4,2,7,0.5714285714285714,0.14285714285714285,1.7332227,0.2882184,0.42857142857142855
soybean,Wilt,R1,CalPred-style,4,3,7,0.8571428571428571,0.0,0.2710588,0.041272692,0.14285714285714285
soybean,Wilt,R1,CalPred-style,4,4,7,0.8571428571428571,0.0,0.65413755,0.28058684,0.42857142857142855
soybean,Wilt,R1,CalPred-style,5,0,7,0.42857142857142855,0.2857142857142857,0.8092631,0.3903799,0.42857142857142855
soybean,Wilt,R1,CalPred-style,5,1,7,1.0,0.0,0.7938214,0.22659206,0.42857142857142855
soybean,Wilt,R1,CalPred-style,5,2,7,0.7142857142857143,0.2857142857142857,0.76644,0.5866364,0.7142857142857143
soybean,Wilt,R1,CalPred-style,5,3,7,0.7142857142857143,0.14285714285714285,0.20688225,-0.089902215,0.14285714285714285
soybean,Wilt,R1,CalPred-style,5,4,7,0.42857142857142855,0.14285714285714285,1.9265387,1.0451822,0.42857142857142855
soybean,Wilt,R1,Gauss-PEV,1,0,7,0.8571428571428571,0.14285714285714285,0.10866876,0.23082149,0.5714285714285714
soybean,Wilt,R1,Gauss-PEV,1,1,7,0.5714285714285714,0.0,1.7569185,1.52342,0.7142857142857143
soybean,Wilt,R1,Gauss-PEV,1,2,7,0.7142857142857143,0.14285714285714285,1.059255,1.1437796,0.8571428571428571
soybean,Wilt,R1,Gauss-PEV,1,3,7,0.8571428571428571,0.14285714285714285,0.23054025,0.29566595,0.8571428571428571
soybean,Wilt,R1,Gauss-PEV,1,4,7,0.5714285714285714,0.14285714285714285,1.0447177,0.82206756,0.5714285714285714
soybean,Wilt,R1,Gauss-PEV,2,0,7,0.8571428571428571,0.0,0.6140993,0.24927619,0.5714285714285714
soybean,Wilt,R1,Gauss-PEV,2,1,7,0.8571428571428571,0.14285714285714285,0.47983193,0.8639827,0.7142857142857143
soybean,Wilt,R1,Gauss-PEV,2,2,7,0.7142857142857143,0.14285714285714285,0.4935104,0.65783596,0.7142857142857143
soybean,Wilt,R1,Gauss-PEV,2,3,7,0.5714285714285714,0.14285714285714285,1.6471571,1.1094372,0.7142857142857143
soybean,Wilt,R1,Gauss-PEV,2,4,7,0.8571428571428571,0.0,0.60855037,0.26711962,0.7142857142857143
soybean,Wilt,R1,Gauss-PEV,3,0,7,0.8571428571428571,0.0,0.7742244,0.14532623,0.5714285714285714
soybean,Wilt,R1,Gauss-PEV,3,1,7,0.8571428571428571,0.0,1.2629355,0.69495434,0.7142857142857143
soybean,Wilt,R1,Gauss-PEV,3,2,7,0.42857142857142855,0.0,1.9837602,1.6948074,0.8571428571428571
soybean,Wilt,R1,Gauss-PEV,3,3,7,0.2857142857142857,0.5714285714285714,0.77048665,0.60629046,0.5714285714285714
soybean,Wilt,R1,Gauss-PEV,3,4,7,0.8571428571428571,0.14285714285714285,0.5615066,0.7820722,0.5714285714285714
soybean,Wilt,R1,Gauss-PEV,4,0,7,0.7142857142857143,0.14285714285714285,0.8292928,0.77433777,0.7142857142857143
soybean,Wilt,R1,Gauss-PEV,4,1,7,0.8571428571428571,0.0,1.0862638,0.99093956,0.7142857142857143
soybean,Wilt,R1,Gauss-PEV,4,2,7,0.5714285714285714,0.14285714285714285,1.7332227,1.4472322,0.8571428571428571
soybean,Wilt,R1,Gauss-PEV,4,3,7,0.8571428571428571,0.0,0.2710588,0.5278785,0.42857142857142855
soybean,Wilt,R1,Gauss-PEV,4,4,7,0.8571428571428571,0.0,0.65413755,0.28058684,0.42857142857142855
soybean,Wilt,R1,Gauss-PEV,5,0,7,0.42857142857142855,0.2857142857142857,0.8092631,0.39037994,0.42857142857142855
soybean,Wilt,R1,Gauss-PEV,5,1,7,0.8571428571428571,0.0,0.7938214,0.5171242,0.7142857142857143
soybean,Wilt,R1,Gauss-PEV,5,2,7,0.7142857142857143,0.2857142857142857,0.76644,0.5866364,0.7142857142857143
soybean,Wilt,R1,Gauss-PEV,5,3,7,0.7142857142857143,0.14285714285714285,0.20688225,-0.15735324,0.2857142857142857
soybean,Wilt,R1,Gauss-PEV,5,4,7,0.42857142857142855,0.14285714285714285,1.9265387,1.6375694,0.5714285714285714
soybean,Wilt,R1,KinCP,1,0,7,0.8571428571428571,0.14285714285714285,0.10866876,0.23082149,0.5714285714285714
soybean,Wilt,R1,KinCP,1,1,7,0.5714285714285714,0.0,1.7569185,1.52342,0.7142857142857143
soybean,Wilt,R1,KinCP,1,2,7,0.7142857142857143,0.14285714285714285,1.059255,1.1156046,0.7142857142857143
soybean,Wilt,R1,KinCP,1,3,7,0.8571428571428571,0.14285714285714285,0.23054025,0.29566595,0.8571428571428571
soybean,Wilt,R1,KinCP,1,4,7,0.5714285714285714,0.14285714285714285,1.0447177,1.1282116,0.7142857142857143
soybean,Wilt,R1,KinCP,2,0,7,0.8571428571428571,0.0,0.6140993,-0.16959476,0.42857142857142855
soybean,Wilt,R1,KinCP,2,1,7,0.8571428571428571,0.14285714285714285,0.47983193,0.80910397,0.7142857142857143
soybean,Wilt,R1,KinCP,2,2,7,0.7142857142857143,0.14285714285714285,0.4935104,0.65783596,0.7142857142857143
soybean,Wilt,R1,KinCP,2,3,7,0.5714285714285714,0.14285714285714285,1.6471571,1.1094372,0.7142857142857143
soybean,Wilt,R1,KinCP,2,4,7,0.8571428571428571,0.0,0.60855037,0.26711962,0.7142857142857143
soybean,Wilt,R1,KinCP,3,0,7,0.8571428571428571,0.0,0.7742244,0.26837152,0.7142857142857143
soybean,Wilt,R1,KinCP,3,1,7,0.8571428571428571,0.0,1.2629355,0.383917,0.5714285714285714
soybean,Wilt,R1,KinCP,3,2,7,0.42857142857142855,0.0,1.9837602,1.6948074,0.8571428571428571
soybean,Wilt,R1,KinCP,3,3,7,0.2857142857142857,0.5714285714285714,0.77048665,0.60629046,0.5714285714285714
soybean,Wilt,R1,KinCP,3,4,7,0.8571428571428571,0.14285714285714285,0.5615066,0.39608243,0.5714285714285714
soybean,Wilt,R1,KinCP,4,0,7,0.7142857142857143,0.14285714285714285,0.8292928,0.815554,0.7142857142857143
soybean,Wilt,R1,KinCP,4,1,7,0.8571428571428571,0.0,1.0862638,0.9909395,0.7142857142857143
soybean,Wilt,R1,KinCP,4,2,7,0.5714285714285714,0.14285714285714285,1.7332227,1.4472322,0.8571428571428571
soybean,Wilt,R1,KinCP,4,3,7,0.8571428571428571,0.0,0.2710588,0.108856834,0.42857142857142855
soybean,Wilt,R1,KinCP,4,4,7,0.8571428571428571,0.0,0.65413755,0.82757175,0.8571428571428571
soybean,Wilt,R1,KinCP,5,0,7,0.42857142857142855,0.2857142857142857,0.8092631,0.39037994,0.42857142857142855
soybean,Wilt,R1,KinCP,5,1,7,0.7142857142857143,0.14285714285714285,0.7938214,0.5171241,0.7142857142857143
soybean,Wilt,R1,KinCP,5,2,7,0.7142857142857143,0.2857142857142857,0.76644,0.5866364,0.7142857142857143
soybean,Wilt,R1,KinCP,5,3,7,0.7142857142857143,0.14285714285714285,0.20688225,-0.15735324,0.2857142857142857
soybean,Wilt,R1,KinCP,5,4,7,0.2857142857142857,0.14285714285714285,1.9265387,1.6375694,0.5714285714285714
soybean,Wilt,R1,KinCP-ABC,1,0,7,0.8571428571428571,0.14285714285714285,0.10866876,0.10866876,1.0
soybean,Wilt,R1,KinCP-ABC,1,1,7,0.5714285714285714,0.0,1.7569185,1.7569185,1.0
soybean,Wilt,R1,KinCP-ABC,1,2,7,0.5714285714285714,0.14285714285714285,1.059255,1.059255,1.0
soybean,Wilt,R1,KinCP-ABC,1,3,7,0.8571428571428571,0.14285714285714285,0.23054025,0.23054025,1.0
soybean,Wilt,R1,KinCP-ABC,1,4,7,0.5714285714285714,0.14285714285714285,1.0447177,1.0447177,1.0
soybean,Wilt,R1,KinCP-ABC,2,0,7,0.8571428571428571,0.0,0.6140993,0.6140993,1.0
soybean,Wilt,R1,KinCP-ABC,2,1,7,0.8571428571428571,0.14285714285714285,0.47983193,0.47983193,1.0
soybean,Wilt,R1,KinCP-ABC,2,2,7,0.5714285714285714,0.2857142857142857,0.4935104,0.4935104,1.0
soybean,Wilt,R1,KinCP-ABC,2,3,7,0.5714285714285714,0.14285714285714285,1.6471571,1.6471571,1.0
soybean,Wilt,R1,KinCP-ABC,2,4,7,0.8571428571428571,0.0,0.60855037,0.60855037,1.0
soybean,Wilt,R1,KinCP-ABC,3,0,7,0.8571428571428571,0.0,0.7742244,0.7742244,1.0
soybean,Wilt,R1,KinCP-ABC,3,1,7,0.8571428571428571,0.0,1.2629355,1.2629355,1.0
soybean,Wilt,R1,KinCP-ABC,3,2,7,0.42857142857142855,0.0,1.9837602,1.9837602,1.0
soybean,Wilt,R1,KinCP-ABC,3,3,7,0.14285714285714285,0.5714285714285714,0.77048665,0.77048665,1.0
soybean,Wilt,R1,KinCP-ABC,3,4,7,0.8571428571428571,0.14285714285714285,0.5615066,0.5615066,1.0
soybean,Wilt,R1,KinCP-ABC,4,0,7,0.7142857142857143,0.14285714285714285,0.8292928,0.8292928,1.0
soybean,Wilt,R1,KinCP-ABC,4,1,7,0.8571428571428571,0.0,1.0862638,1.0862638,1.0
soybean,Wilt,R1,KinCP-ABC,4,2,7,0.5714285714285714,0.14285714285714285,1.7332227,1.7332227,1.0
soybean,Wilt,R1,KinCP-ABC,4,3,7,0.8571428571428571,0.0,0.2710588,0.2710588,1.0
soybean,Wilt,R1,KinCP-ABC,4,4,7,0.8571428571428571,0.0,0.65413755,0.65413755,1.0
soybean,Wilt,R1,KinCP-ABC,5,0,7,0.42857142857142855,0.2857142857142857,0.8092631,0.8092631,1.0
soybean,Wilt,R1,KinCP-ABC,5,1,7,1.0,0.0,0.7938214,0.7938214,1.0
soybean,Wilt,R1,KinCP-ABC,5,2,7,0.8571428571428571,0.14285714285714285,0.76644,0.76644,1.0
soybean,Wilt,R1,KinCP-ABC,5,3,7,0.7142857142857143,0.14285714285714285,0.20688225,0.20688225,1.0
soybean,Wilt,R1,KinCP-ABC,5,4,7,0.2857142857142857,0.14285714285714285,1.9265387,1.9265387,1.0
soybean,Wilt,R1,SCP,1,0,7,0.7142857142857143,0.2857142857142857,0.10866876,-0.16278182,0.7142857142857143
soybean,Wilt,R1,SCP,1,1,7,0.5714285714285714,0.0,1.7569185,1.7569185,0.8571428571428571
soybean,Wilt,R1,SCP,1,2,7,0.5714285714285714,0.14285714285714285,1.059255,0.97473013,0.8571428571428571
soybean,Wilt,R1,SCP,1,3,7,1.0,0.0,0.23054025,0.23054025,1.0
soybean,Wilt,R1,SCP,1,4,7,0.42857142857142855,0.14285714285714285,1.0447177,1.0586334,0.7142857142857143
soybean,Wilt,R1,SCP,2,0,7,0.8571428571428571,0.0,0.6140993,1.154578,0.5714285714285714
soybean,Wilt,R1,SCP,2,1,7,1.0,0.0,0.47983193,0.67190725,0.7142857142857143
soybean,Wilt,R1,SCP,2,2,7,0.7142857142857143,0.14285714285714285,0.4935104,0.49351045,0.5714285714285714
soybean,Wilt,R1,SCP,2,3,7,0.42857142857142855,0.2857142857142857,1.6471571,1.4146297,0.8571428571428571
soybean,Wilt,R1,SCP,2,4,7,0.8571428571428571,0.0,0.60855037,0.60855037,0.7142857142857143
soybean,Wilt,R1,SCP,3,0,7,0.8571428571428571,0.0,0.7742244,0.090639405,0.7142857142857143
soybean,Wilt,R1,SCP,3,1,7,0.8571428571428571,0.0,1.2629355,1.1006552,0.5714285714285714
soybean,Wilt,R1,SCP,3,2,7,0.42857142857142855,0.0,1.9837602,1.795941,0.8571428571428571
soybean,Wilt,R1,SCP,3,3,7,0.0,0.5714285714285714,0.77048665,0.5515585,0.7142857142857143
soybean,Wilt,R1,SCP,3,4,7,0.8571428571428571,0.14285714285714285,0.5615066,0.616648,0.7142857142857143
soybean,Wilt,R1,SCP,4,0,7,0.42857142857142855,0.2857142857142857,0.8292928,0.49956277,0.8571428571428571
soybean,Wilt,R1,SCP,4,1,7,0.8571428571428571,0.0,1.0862638,1.2224413,0.8571428571428571
soybean,Wilt,R1,SCP,4,2,7,0.7142857142857143,0.0,1.7332227,2.4557247,0.8571428571428571
soybean,Wilt,R1,SCP,4,3,7,0.8571428571428571,0.0,0.2710588,0.4332607,0.5714285714285714
soybean,Wilt,R1,SCP,4,4,7,0.7142857142857143,0.14285714285714285,0.65413755,0.8542539,0.8571428571428571
soybean,Wilt,R1,SCP,5,0,7,0.42857142857142855,0.2857142857142857,0.8092631,0.64711475,0.5714285714285714
soybean,Wilt,R1,SCP,5,1,7,1.0,0.0,0.7938214,0.93217003,0.8571428571428571
soybean,Wilt,R1,SCP,5,2,7,0.8571428571428571,0.14285714285714285,0.76644,0.55897427,0.7142857142857143
soybean,Wilt,R1,SCP,5,3,7,0.7142857142857143,0.14285714285714285,0.20688225,0.53874123,0.7142857142857143
soybean,Wilt,R1,SCP,5,4,7,0.2857142857142857,0.14285714285714285,1.9265387,2.0710235,0.8571428571428571
soybean,Wilt,R2,CV+,1,0,16,0.9375,0.0625,-0.106831,-0.10683099,1.0
soybean,Wilt,R2,CV+,1,1,1,1.0,0.0,-0.7977884,0.46114933,0.0
soybean,Wilt,R2,CV+,1,2,6,1.0,0.0,0.031172434,0.09457398,0.8333333333333334
soybean,Wilt,R2,CV+,1,3,6,1.0,0.0,-0.15162165,-0.12061232,0.6666666666666666
soybean,Wilt,R2,CV+,1,4,6,0.6666666666666666,0.0,1.83704,0.97408134,0.8333333333333334
soybean,Wilt,R2,CV+,2,0,16,0.9375,0.0625,-0.106831,-0.11240361,0.875
soybean,Wilt,R2,CV+,2,1,1,1.0,0.0,-0.7977884,0.46114933,0.0
soybean,Wilt,R2,CV+,2,2,6,1.0,0.0,0.031172434,0.09457398,0.6666666666666666
soybean,Wilt,R2,CV+,2,3,6,1.0,0.0,-0.15162165,-0.120612316,0.6666666666666666
soybean,Wilt,R2,CV+,2,4,6,0.6666666666666666,0.0,1.83704,0.97408134,0.8333333333333334
soybean,Wilt,R2,CV+,3,0,16,0.9375,0.0625,-0.106831,-0.03438689,0.875
soybean,Wilt,R2,CV+,3,1,1,1.0,0.0,-0.7977884,0.46114933,0.0
soybean,Wilt,R2,CV+,3,2,6,1.0,0.0,0.031172434,0.09457398,0.6666666666666666
soybean,Wilt,R2,CV+,3,3,6,1.0,0.0,-0.15162165,-0.120612316,0.6666666666666666
soybean,Wilt,R2,CV+,3,4,6,0.6666666666666666,0.0,1.83704,0.97408134,0.8333333333333334
soybean,Wilt,R2,CV+,4,0,16,0.875,0.0625,-0.106831,-0.07896787,0.9375
soybean,Wilt,R2,CV+,4,1,1,1.0,0.0,-0.7977884,0.46114933,0.0
soybean,Wilt,R2,CV+,4,2,6,1.0,0.0,0.031172434,0.09457398,0.8333333333333334
soybean,Wilt,R2,CV+,4,3,6,1.0,0.0,-0.15162165,-0.15162165,1.0
soybean,Wilt,R2,CV+,4,4,6,0.6666666666666666,0.0,1.83704,1.7995199,0.8333333333333334
soybean,Wilt,R2,CV+,5,0,16,0.9375,0.0625,-0.106831,-0.106830984,1.0
soybean,Wilt,R2,CV+,5,1,1,1.0,0.0,-0.7977884,0.46114933,0.0
soybean,Wilt,R2,CV+,5,2,6,1.0,0.0,0.031172434,0.14212514,0.5
soybean,Wilt,R2,CV+,5,3,6,1.0,0.0,-0.15162165,-0.120612316,0.6666666666666666
soybean,Wilt,R2,CV+,5,4,6,0.6666666666666666,0.0,1.83704,0.97408134,0.8333333333333334
soybean,Wilt,R2,CalPred-style,1,0,16,0.9375,0.0625,-0.106831,-0.02324165,0.9375
soybean,Wilt,R2,CalPred-style,1,1,1,1.0,0.0,-0.7977884,2.4560814,0.0
soybean,Wilt,R2,CalPred-style,1,2,6,1.0,0.0,0.031172434,0.094573975,0.6666666666666666
soybean,Wilt,R2,CalPred-style,1,3,6,1.0,0.0,-0.15162165,-0.2446497,0.8333333333333334
soybean,Wilt,R2,CalPred-style,1,4,6,0.6666666666666666,0.0,1.83704,0.97408146,0.8333333333333334
soybean,Wilt,R2,CalPred-style,2,0,16,0.9375,0.0625,-0.106831,-0.02324165,0.9375
soybean,Wilt,R2,CalPred-style,2,1,1,1.0,0.0,-0.7977884,2.4560814,0.0
soybean,Wilt,R2,CalPred-style,2,2,6,1.0,0.0,0.031172434,0.094573975,0.6666666666666666
soybean,Wilt,R2,CalPred-style,2,3,6,1.0,0.0,-0.15162165,-0.2446497,0.8333333333333334
soybean,Wilt,R2,CalPred-style,2,4,6,0.6666666666666666,0.0,1.83704,0.97408146,0.8333333333333334
soybean,Wilt,R2,CalPred-style,3,0,16,0.9375,0.0625,-0.106831,-0.02324164,0.9375
soybean,Wilt,R2,CalPred-style,3,1,1,1.0,0.0,-0.7977884,2.4560814,0.0
soybean,Wilt,R2,CalPred-style,3,2,6,1.0,0.0,0.031172434,0.094573975,0.6666666666666666
soybean,Wilt,R2,CalPred-style,3,3,6,1.0,0.0,-0.15162165,-0.2446497,0.8333333333333334
soybean,Wilt,R2,CalPred-style,3,4,6,0.6666666666666666,0.0,1.83704,0.97408146,0.8333333333333334
soybean,Wilt,R2,CalPred-style,4,0,16,0.9375,0.0625,-0.106831,-0.02324165,0.9375
soybean,Wilt,R2,CalPred-style,4,1,1,1.0,0.0,-0.7977884,2.4560814,0.0
soybean,Wilt,R2,CalPred-style,4,2,6,1.0,0.0,0.031172434,0.094573975,0.6666666666666666
soybean,Wilt,R2,CalPred-style,4,3,6,1.0,0.0,-0.15162165,-0.2446497,0.8333333333333334
soybean,Wilt,R2,CalPred-style,4,4,6,0.6666666666666666,0.0,1.83704,0.97408146,0.8333333333333334
soybean,Wilt,R2,CalPred-style,5,0,16,0.9375,0.0625,-0.106831,-0.02324165,0.9375
soybean,Wilt,R2,CalPred-style,5,1,1,1.0,0.0,-0.7977884,2.4560814,0.0
soybean,Wilt,R2,CalPred-style,5,2,6,1.0,0.0,0.031172434,0.094573975,0.6666666666666666
soybean,Wilt,R2,CalPred-style,5,3,6,1.0,0.0,-0.15162165,-0.2446497,0.8333333333333334
soybean,Wilt,R2,CalPred-style,5,4,6,0.6666666666666666,0.0,1.83704,0.97408146,0.8333333333333334
soybean,Wilt,R2,Gauss-PEV,1,0,16,0.9375,0.0625,-0.106831,-0.039959505,0.875
soybean,Wilt,R2,Gauss-PEV,1,1,1,1.0,0.0,-0.7977884,2.4560814,0.0
soybean,Wilt,R2,Gauss-PEV,1,2,6,1.0,0.0,0.031172434,-0.0797803,0.6666666666666666
soybean,Wilt,R2,Gauss-PEV,1,3,6,1.0,0.0,-0.15162165,-0.2446497,0.8333333333333334
soybean,Wilt,R2,Gauss-PEV,1,4,6,0.6666666666666666,0.0,1.83704,1.236721,0.8333333333333334
soybean,Wilt,R2,Gauss-PEV,2,0,16,0.9375,0.0625,-0.106831,-0.039959505,0.875
soybean,Wilt,R2,Gauss-PEV,2,1,1,1.0,0.0,-0.7977884,2.4560814,0.0
soybean,Wilt,R2,Gauss-PEV,2,2,6,1.0,0.0,0.031172434,-0.0797803,0.6666666666666666
soybean,Wilt,R2,Gauss-PEV,2,3,6,1.0,0.0,-0.15162165,-0.2446497,0.8333333333333334
soybean,Wilt,R2,Gauss-PEV,2,4,6,0.6666666666666666,0.0,1.83704,1.236721,0.8333333333333334
soybean,Wilt,R2,Gauss-PEV,3,0,16,0.9375,0.0625,-0.106831,-0.039959505,0.875
soybean,Wilt,R2,Gauss-PEV,3,1,1,1.0,0.0,-0.7977884,2.4560814,0.0
soybean,Wilt,R2,Gauss-PEV,3,2,6,1.0,0.0,0.031172434,-0.0797803,0.6666666666666666
soybean,Wilt,R2,Gauss-PEV,3,3,6,1.0,0.0,-0.15162165,-0.2446497,0.8333333333333334
soybean,Wilt,R2,Gauss-PEV,3,4,6,0.6666666666666666,0.0,1.83704,1.236721,0.8333333333333334
soybean,Wilt,R2,Gauss-PEV,4,0,16,0.9375,0.0625,-0.106831,-0.039959505,0.875
soybean,Wilt,R2,Gauss-PEV,4,1,1,1.0,0.0,-0.7977884,2.4560814,0.0
soybean,Wilt,R2,Gauss-PEV,4,2,6,1.0,0.0,0.031172434,-0.0797803,0.6666666666666666
soybean,Wilt,R2,Gauss-PEV,4,3,6,1.0,0.0,-0.15162165,-0.2446497,0.8333333333333334
soybean,Wilt,R2,Gauss-PEV,4,4,6,0.6666666666666666,0.0,1.83704,1.236721,0.8333333333333334
soybean,Wilt,R2,Gauss-PEV,5,0,16,0.9375,0.0625,-0.106831,-0.039959505,0.875
soybean,Wilt,R2,Gauss-PEV,5,1,1,1.0,0.0,-0.7977884,2.4560814,0.0
soybean,Wilt,R2,Gauss-PEV,5,2,6,1.0,0.0,0.031172434,-0.0797803,0.6666666666666666
soybean,Wilt,R2,Gauss-PEV,5,3,6,1.0,0.0,-0.15162165,-0.2446497,0.8333333333333334
soybean,Wilt,R2,Gauss-PEV,5,4,6,0.6666666666666666,0.0,1.83704,1.236721,0.8333333333333334
soybean,Wilt,R2,KinCP,1,0,16,0.9375,0.0625,-0.106831,-0.039959505,0.875
soybean,Wilt,R2,KinCP,1,1,1,1.0,0.0,-0.7977884,0.46114933,0.0
soybean,Wilt,R2,KinCP,1,2,6,1.0,0.0,0.031172434,-0.0797803,0.6666666666666666
soybean,Wilt,R2,KinCP,1,3,6,1.0,0.0,-0.15162165,-0.2446497,0.8333333333333334
soybean,Wilt,R2,KinCP,1,4,6,0.6666666666666666,0.0,1.83704,0.97408146,0.8333333333333334
soybean,Wilt,R2,KinCP,2,0,16,0.9375,0.0625,-0.106831,-0.039959505,0.875
soybean,Wilt,R2,KinCP,2,1,1,1.0,0.0,-0.7977884,2.4560814,0.0
soybean,Wilt,R2,KinCP,2,2,6,1.0,0.0,0.031172434,-0.0797803,0.6666666666666666
soybean,Wilt,R2,KinCP,2,3,6,1.0,0.0,-0.15162165,-0.15162165,1.0
soybean,Wilt,R2,KinCP,2,4,6,0.6666666666666666,0.0,1.83704,1.236721,0.8333333333333334
soybean,Wilt,R2,KinCP,3,0,16,0.9375,0.0625,-0.106831,-0.02324164,0.9375
soybean,Wilt,R2,KinCP,3,1,1,1.0,0.0,-0.7977884,2.4560814,0.0
soybean,Wilt,R2,KinCP,3,2,6,1.0,0.0,0.031172434,-0.0797803,0.6666666666666666
soybean,Wilt,R2,KinCP,3,3,6,1.0,0.0,-0.15162165,-0.2446497,0.8333333333333334
soybean,Wilt,R2,KinCP,3,4,6,0.6666666666666666,0.0,1.83704,1.236721,0.8333333333333334
soybean,Wilt,R2,KinCP,4,0,16,0.9375,0.0625,-0.106831,-0.039959505,0.875
soybean,Wilt,R2,KinCP,4,1,1,1.0,0.0,-0.7977884,2.4560814,0.0
soybean,Wilt,R2,KinCP,4,2,6,1.0,0.0,0.031172434,-0.0797803,0.6666666666666666
soybean,Wilt,R2,KinCP,4,3,6,1.0,0.0,-0.15162165,-0.2446497,0.8333333333333334
soybean,Wilt,R2,KinCP,4,4,6,0.6666666666666666,0.0,1.83704,1.236721,0.8333333333333334
soybean,Wilt,R2,KinCP,5,0,16,0.9375,0.0625,-0.106831,-0.039959505,0.875
soybean,Wilt,R2,KinCP,5,1,1,1.0,0.0,-0.7977884,2.4560814,0.0
soybean,Wilt,R2,KinCP,5,2,6,1.0,0.0,0.031172434,-0.0797803,0.6666666666666666
soybean,Wilt,R2,KinCP,5,3,6,1.0,0.0,-0.15162165,-0.15162165,1.0
soybean,Wilt,R2,KinCP,5,4,6,0.6666666666666666,0.0,1.83704,0.97408146,0.8333333333333334
soybean,Wilt,R2,KinCP-ABC,1,0,16,0.9375,0.0625,-0.106831,-0.106831,1.0
soybean,Wilt,R2,KinCP-ABC,1,1,1,1.0,0.0,-0.7977884,-0.7977884,1.0
soybean,Wilt,R2,KinCP-ABC,1,2,6,1.0,0.0,0.031172434,0.031172434,1.0
soybean,Wilt,R2,KinCP-ABC,1,3,6,1.0,0.0,-0.15162165,-0.15162165,1.0
soybean,Wilt,R2,KinCP-ABC,1,4,6,0.6666666666666666,0.0,1.83704,1.83704,1.0
soybean,Wilt,R2,KinCP-ABC,2,0,16,0.9375,0.0625,-0.106831,-0.106831,1.0
soybean,Wilt,R2,KinCP-ABC,2,1,1,0.0,1.0,-0.7977884,-0.7977884,1.0
soybean,Wilt,R2,KinCP-ABC,2,2,6,1.0,0.0,0.031172434,0.031172434,1.0
soybean,Wilt,R2,KinCP-ABC,2,3,6,1.0,0.0,-0.15162165,-0.15162165,1.0
soybean,Wilt,R2,KinCP-ABC,2,4,6,0.6666666666666666,0.0,1.83704,1.83704,1.0
soybean,Wilt,R2,KinCP-ABC,3,0,16,0.9375,0.0625,-0.106831,-0.106831,1.0
soybean,Wilt,R2,KinCP-ABC,3,1,1,0.0,1.0,-0.7977884,-0.7977884,1.0
soybean,Wilt,R2,KinCP-ABC,3,2,6,0.8333333333333334,0.16666666666666666,0.031172434,0.031172434,1.0
soybean,Wilt,R2,KinCP-ABC,3,3,6,1.0,0.0,-0.15162165,-0.15162165,1.0
soybean,Wilt,R2,KinCP-ABC,3,4,6,0.6666666666666666,0.0,1.83704,1.83704,1.0
soybean,Wilt,R2,KinCP-ABC,4,0,16,0.9375,0.0625,-0.106831,-0.106831,1.0
soybean,Wilt,R2,KinCP-ABC,4,1,1,1.0,0.0,-0.7977884,-0.7977884,1.0
soybean,Wilt,R2,KinCP-ABC,4,2,6,1.0,0.0,0.031172434,0.031172434,1.0
soybean,Wilt,R2,KinCP-ABC,4,3,6,1.0,0.0,-0.15162165,-0.15162165,1.0
soybean,Wilt,R2,KinCP-ABC,4,4,6,0.6666666666666666,0.0,1.83704,1.83704,1.0
soybean,Wilt,R2,KinCP-ABC,5,0,16,0.9375,0.0625,-0.106831,-0.106831,1.0
soybean,Wilt,R2,KinCP-ABC,5,1,1,0.0,1.0,-0.7977884,-0.7977884,1.0
soybean,Wilt,R2,KinCP-ABC,5,2,6,1.0,0.0,0.031172434,0.031172434,1.0
soybean,Wilt,R2,KinCP-ABC,5,3,6,1.0,0.0,-0.15162165,-0.15162165,1.0
soybean,Wilt,R2,KinCP-ABC,5,4,6,0.6666666666666666,0.0,1.83704,1.83704,1.0
soybean,Wilt,R2,SCP,1,0,16,0.875,0.0625,-0.106831,-0.22942871,0.6875
soybean,Wilt,R2,SCP,1,1,1,0.0,1.0,-0.7977884,2.4560814,0.0
soybean,Wilt,R2,SCP,1,2,6,0.8333333333333334,0.16666666666666666,0.031172434,-0.269985,0.5
soybean,Wilt,R2,SCP,1,3,6,1.0,0.0,-0.15162165,0.4065466,0.8333333333333334
soybean,Wilt,R2,SCP,1,4,6,0.6666666666666666,0.0,1.83704,1.0116013,0.5
soybean,Wilt,R2,SCP,2,0,16,1.0,0.0,-0.106831,0.06592034,0.8125
soybean,Wilt,R2,SCP,2,1,1,1.0,0.0,-0.7977884,2.4560814,0.0
soybean,Wilt,R2,SCP,2,2,6,0.8333333333333334,0.16666666666666666,0.031172434,-0.17488264,0.6666666666666666
soybean,Wilt,R2,SCP,2,3,6,1.0,0.0,-0.15162165,-0.2446497,0.8333333333333334
soybean,Wilt,R2,SCP,2,4,6,0.6666666666666666,0.0,1.83704,1.0116013,0.6666666666666666
soybean,Wilt,R2,SCP,3,0,16,0.8125,0.125,-0.106831,-0.006523777,0.875
soybean,Wilt,R2,SCP,3,1,1,1.0,0.0,-0.7977884,0.46114933,0.0
soybean,Wilt,R2,SCP,3,2,6,1.0,0.0,0.031172434,-0.19073303,0.6666666666666666
soybean,Wilt,R2,SCP,3,3,6,1.0,0.0,-0.15162165,0.01892975,0.8333333333333334
soybean,Wilt,R2,SCP,3,4,6,0.6666666666666666,0.0,1.83704,0.9553215,0.8333333333333334
soybean,Wilt,R2,SCP,4,0,16,1.0,0.0,-0.106831,-0.012096401,0.5625
soybean,Wilt,R2,SCP,4,1,1,1.0,0.0,-0.7977884,-0.7977884,1.0
soybean,Wilt,R2,SCP,4,2,6,1.0,0.0,0.031172434,0.30062905,0.3333333333333333
soybean,Wilt,R2,SCP,4,3,6,1.0,0.0,-0.15162165,-0.012079607,0.8333333333333334
soybean,Wilt,R2,SCP,4,4,6,0.6666666666666666,0.0,1.83704,0.4675623,0.5
soybean,Wilt,R2,SCP,5,0,16,0.9375,0.0625,-0.106831,-0.17370248,0.875
soybean,Wilt,R2,SCP,5,1,1,1.0,0.0,-0.7977884,-0.7977884,1.0
soybean,Wilt,R2,SCP,5,2,6,1.0,0.0,0.031172434,-0.25413457,0.3333333333333333
soybean,Wilt,R2,SCP,5,3,6,1.0,0.0,-0.15162165,-0.012079607,0.6666666666666666
soybean,Wilt,R2,SCP,5,4,6,0.6666666666666666,0.0,1.83704,0.9553214,0.8333333333333334
wheatG,EW,R1,CV+,1,0,8,0.875,0.0,0.65326273,0.65326273,1.0
wheatG,EW,R1,CV+,1,1,7,0.8571428571428571,0.14285714285714285,0.43419424,0.35915798,0.8571428571428571
wheatG,EW,R1,CV+,1,2,7,0.7142857142857143,0.0,0.82782143,0.82782143,1.0
wheatG,EW,R1,CV+,1,3,7,0.8571428571428571,0.0,0.81053287,0.7407301,0.8571428571428571
wheatG,EW,R1,CV+,1,4,7,1.0,0.0,0.9569818,0.9569818,1.0
wheatG,EW,R1,CV+,2,0,8,0.875,0.125,0.32402673,0.6348541,0.875
wheatG,EW,R1,CV+,2,1,7,1.0,0.0,0.2417425,0.28802046,0.8571428571428571
wheatG,EW,R1,CV+,2,2,7,0.8571428571428571,0.0,0.7316535,0.2020712,0.8571428571428571
wheatG,EW,R1,CV+,2,3,7,0.8571428571428571,0.0,1.0166694,1.0953074,0.8571428571428571
wheatG,EW,R1,CV+,2,4,7,1.0,0.0,0.68950367,0.68950367,1.0
wheatG,EW,R1,CV+,3,0,8,0.75,0.25,-0.018149808,0.093975365,0.875
wheatG,EW,R1,CV+,3,1,7,1.0,0.0,0.023300242,0.124658756,0.8571428571428571
wheatG,EW,R1,CV+,3,2,7,1.0,0.0,0.7832207,0.78322077,1.0
wheatG,EW,R1,CV+,3,3,7,0.8571428571428571,0.0,1.1294582,0.9445878,0.8571428571428571
wheatG,EW,R1,CV+,3,4,7,0.8571428571428571,0.0,0.84467137,0.5852311,0.8571428571428571
wheatG,EW,R1,CV+,4,0,8,0.75,0.0,0.7640517,0.890388,0.875
wheatG,EW,R1,CV+,4,1,7,0.8571428571428571,0.14285714285714285,0.30137143,0.30137143,1.0
wheatG,EW,R1,CV+,4,2,7,1.0,0.0,0.08505519,0.08505519,1.0
wheatG,EW,R1,CV+,4,3,7,0.7142857142857143,0.14285714285714285,0.49210396,0.66152465,0.8571428571428571
wheatG,EW,R1,CV+,4,4,7,0.7142857142857143,0.0,1.408762,1.021907,0.8571428571428571
wheatG,EW,R1,CV+,5,0,8,0.875,0.0,0.92949516,0.7619085,0.75
wheatG,EW,R1,CV+,5,1,7,1.0,0.0,0.7322374,0.73223746,1.0
wheatG,EW,R1,CV+,5,2,7,0.7142857142857143,0.14285714285714285,1.0669411,1.341841,0.8571428571428571
wheatG,EW,R1,CV+,5,3,7,1.0,0.0,0.46890858,0.5753673,0.8571428571428571
wheatG,EW,R1,CV+,5,4,7,0.8571428571428571,0.14285714285714285,0.075274594,0.0858195,0.8571428571428571
wheatG,EW,R1,CalPred-style,1,0,8,0.875,0.125,0.65326273,0.38167408,0.875
wheatG,EW,R1,CalPred-style,1,1,7,0.8571428571428571,0.14285714285714285,0.43419424,0.43419424,1.0
wheatG,EW,R1,CalPred-style,1,2,7,0.8571428571428571,0.0,0.82782143,0.46615082,0.7142857142857143
wheatG,EW,R1,CalPred-style,1,3,7,0.8571428571428571,0.0,0.81053287,0.7882189,0.8571428571428571
wheatG,EW,R1,CalPred-style,1,4,7,1.0,0.0,0.9569818,0.7342867,0.8571428571428571
wheatG,EW,R1,CalPred-style,2,0,8,0.875,0.125,0.32402673,0.18848348,0.75
wheatG,EW,R1,CalPred-style,2,1,7,1.0,0.0,0.2417425,0.2907918,0.8571428571428571
wheatG,EW,R1,CalPred-style,2,2,7,0.8571428571428571,0.0,0.7316535,0.41838184,0.8571428571428571
wheatG,EW,R1,CalPred-style,2,3,7,0.8571428571428571,0.0,1.0166694,1.0166694,1.0
wheatG,EW,R1,CalPred-style,2,4,7,1.0,0.0,0.68950367,0.7409498,0.8571428571428571
wheatG,EW,R1,CalPred-style,3,0,8,0.75,0.25,-0.018149808,0.40501195,0.75
wheatG,EW,R1,CalPred-style,3,1,7,1.0,0.0,0.023300242,0.023300242,1.0
wheatG,EW,R1,CalPred-style,3,2,7,0.8571428571428571,0.14285714285714285,0.7832207,0.5722222,0.8571428571428571
wheatG,EW,R1,CalPred-style,3,3,7,0.8571428571428571,0.0,1.1294582,1.1294582,1.0
wheatG,EW,R1,CalPred-style,3,4,7,0.8571428571428571,0.0,0.84467137,0.38440412,0.7142857142857143
wheatG,EW,R1,CalPred-style,4,0,8,0.75,0.0,0.7640517,0.44327563,0.625
wheatG,EW,R1,CalPred-style,4,1,7,0.8571428571428571,0.14285714285714285,0.30137143,0.30137143,1.0
wheatG,EW,R1,CalPred-style,4,2,7,0.7142857142857143,0.2857142857142857,0.08505519,0.08505519,1.0
wheatG,EW,R1,CalPred-style,4,3,7,0.8571428571428571,0.0,0.49210396,0.9722354,0.7142857142857143
wheatG,EW,R1,CalPred-style,4,4,7,0.7142857142857143,0.0,1.408762,1.0315676,0.7142857142857143
wheatG,EW,R1,CalPred-style,5,0,8,0.875,0.0,0.92949516,0.7270045,0.875
wheatG,EW,R1,CalPred-style,5,1,7,1.0,0.0,0.7322374,0.57421416,0.8571428571428571
wheatG,EW,R1,CalPred-style,5,2,7,0.7142857142857143,0.14285714285714285,1.0669411,1.341841,0.8571428571428571
wheatG,EW,R1,CalPred-style,5,3,7,1.0,0.0,0.46890858,0.46890852,1.0
wheatG,EW,R1,CalPred-style,5,4,7,0.7142857142857143,0.2857142857142857,0.075274594,0.08581953,0.8571428571428571
wheatG,EW,R1,Gauss-PEV,1,0,8,0.875,0.0,0.65326273,0.65326273,1.0
wheatG,EW,R1,Gauss-PEV,1,1,7,0.8571428571428571,0.14285714285714285,0.43419424,0.43419424,1.0
wheatG,EW,R1,Gauss-PEV,1,2,7,0.8571428571428571,0.0,0.82782143,0.8614129,0.8571428571428571
wheatG,EW,R1,Gauss-PEV,1,3,7,0.8571428571428571,0.0,0.81053287,0.7407301,0.8571428571428571
wheatG,EW,R1,Gauss-PEV,1,4,7,1.0,0.0,0.9569818,0.9569818,1.0
wheatG,EW,R1,Gauss-PEV,2,0,8,0.875,0.125,0.32402673,0.2673986,0.875
wheatG,EW,R1,Gauss-PEV,2,1,7,1.0,0.0,0.2417425,0.39814976,0.8571428571428571
wheatG,EW,R1,Gauss-PEV,2,2,7,0.8571428571428571,0.0,0.7316535,0.7316535,1.0
wheatG,EW,R1,Gauss-PEV,2,3,7,0.8571428571428571,0.0,1.0166694,1.0166694,1.0
wheatG,EW,R1,Gauss-PEV,2,4,7,1.0,0.0,0.68950367,0.68950367,1.0
wheatG,EW,R1,Gauss-PEV,3,0,8,0.75,0.25,-0.018149808,0.40501192,0.75
wheatG,EW,R1,Gauss-PEV,3,1,7,1.0,0.0,0.023300242,0.023300242,1.0
wheatG,EW,R1,Gauss-PEV,3,2,7,1.0,0.0,0.7832207,0.78322077,1.0
wheatG,EW,R1,Gauss-PEV,3,3,7,0.8571428571428571,0.0,1.1294582,1.1294582,1.0
wheatG,EW,R1,Gauss-PEV,3,4,7,0.8571428571428571,0.0,0.84467137,0.8446713,1.0
wheatG,EW,R1,Gauss-PEV,4,0,8,0.75,0.0,0.7640517,0.7640517,1.0
wheatG,EW,R1,Gauss-PEV,4,1,7,0.8571428571428571,0.14285714285714285,0.30137143,0.30137143,1.0
wheatG,EW,R1,Gauss-PEV,4,2,7,1.0,0.0,0.08505519,0.08505519,1.0
wheatG,EW,R1,Gauss-PEV,4,3,7,0.8571428571428571,0.0,0.49210396,0.798155,0.8571428571428571
wheatG,EW,R1,Gauss-PEV,4,4,7,0.7142857142857143,0.0,1.408762,1.021907,0.8571428571428571
wheatG,EW,R1,Gauss-PEV,5,0,8,0.875,0.0,0.92949516,0.7270045,0.875
wheatG,EW,R1,Gauss-PEV,5,1,7,1.0,0.0,0.7322374,0.7322374,1.0
wheatG,EW,R1,Gauss-PEV,5,2,7,0.7142857142857143,0.14285714285714285,1.0669411,1.341841,0.8571428571428571
wheatG,EW,R1,Gauss-PEV,5,3,7,1.0,0.0,0.46890858,0.46890858,1.0
wheatG,EW,R1,Gauss-PEV,5,4,7,0.8571428571428571,0.14285714285714285,0.075274594,0.0858195,0.8571428571428571
wheatG,EW,R1,KinCP,1,0,8,0.875,0.0,0.65326273,0.65326273,1.0
wheatG,EW,R1,KinCP,1,1,7,0.8571428571428571,0.14285714285714285,0.43419424,0.35915798,0.8571428571428571
wheatG,EW,R1,KinCP,1,2,7,0.8571428571428571,0.0,0.82782143,0.84467554,0.8571428571428571
wheatG,EW,R1,KinCP,1,3,7,0.8571428571428571,0.0,0.81053287,0.9035926,0.7142857142857143
wheatG,EW,R1,KinCP,1,4,7,1.0,0.0,0.9569818,1.0278488,0.8571428571428571
wheatG,EW,R1,KinCP,2,0,8,0.875,0.125,0.32402673,0.32402673,1.0
wheatG,EW,R1,KinCP,2,1,7,1.0,0.0,0.2417425,0.39814976,0.8571428571428571
wheatG,EW,R1,KinCP,2,2,7,0.8571428571428571,0.0,0.7316535,0.7316535,1.0
wheatG,EW,R1,KinCP,2,3,7,0.8571428571428571,0.0,1.0166694,1.0166694,1.0
wheatG,EW,R1,KinCP,2,4,7,1.0,0.0,0.68950367,0.68950367,1.0
wheatG,EW,R1,KinCP,3,0,8,0.75,0.25,-0.018149808,0.40501192,0.75
wheatG,EW,R1,KinCP,3,1,7,1.0,0.0,0.023300242,0.3432886,0.8571428571428571
wheatG,EW,R1,KinCP,3,2,7,1.0,0.0,0.7832207,0.78322077,1.0
wheatG,EW,R1,KinCP,3,3,7,0.8571428571428571,0.0,1.1294582,1.1294582,1.0
wheatG,EW,R1,KinCP,3,4,7,1.0,0.0,0.84467137,0.82008696,0.8571428571428571
wheatG,EW,R1,KinCP,4,0,8,0.75,0.0,0.7640517,0.7637466,0.5
wheatG,EW,R1,KinCP,4,1,7,0.8571428571428571,0.14285714285714285,0.30137143,0.30137143,1.0
wheatG,EW,R1,KinCP,4,2,7,1.0,0.0,0.08505519,0.08505519,1.0
wheatG,EW,R1,KinCP,4,3,7,0.8571428571428571,0.0,0.49210396,0.93957794,0.7142857142857143
wheatG,EW,R1,KinCP,4,4,7,0.7142857142857143,0.0,1.408762,1.021907,0.8571428571428571
wheatG,EW,R1,KinCP,5,0,8,0.875,0.0,0.92949516,0.7270045,0.875
wheatG,EW,R1,KinCP,5,1,7,1.0,0.0,0.7322374,0.7322374,1.0
wheatG,EW,R1,KinCP,5,2,7,0.7142857142857143,0.14285714285714285,1.0669411,0.5044478,0.5714285714285714
wheatG,EW,R1,KinCP,5,3,7,1.0,0.0,0.46890858,0.43213174,0.8571428571428571
wheatG,EW,R1,KinCP,5,4,7,0.8571428571428571,0.14285714285714285,0.075274594,0.08581952,0.8571428571428571
wheatG,EW,R1,KinCP-ABC,1,0,8,0.875,0.0,0.65326273,0.65326273,1.0
wheatG,EW,R1,KinCP-ABC,1,1,7,0.8571428571428571,0.14285714285714285,0.43419424,0.43419424,1.0
wheatG,EW,R1,KinCP-ABC,1,2,7,0.8571428571428571,0.0,0.82782143,0.82782143,1.0
wheatG,EW,R1,KinCP-ABC,1,3,7,0.8571428571428571,0.0,0.81053287,0.81053287,1.0
wheatG,EW,R1,KinCP-ABC,1,4,7,1.0,0.0,0.9569818,0.9569818,1.0
wheatG,EW,R1,KinCP-ABC,2,0,8,0.875,0.125,0.32402673,0.32402673,1.0
wheatG,EW,R1,KinCP-ABC,2,1,7,1.0,0.0,0.2417425,0.2417425,1.0
wheatG,EW,R1,KinCP-ABC,2,2,7,0.8571428571428571,0.0,0.7316535,0.7316535,1.0
wheatG,EW,R1,KinCP-ABC,2,3,7,0.8571428571428571,0.0,1.0166694,1.0166694,1.0
wheatG,EW,R1,KinCP-ABC,2,4,7,1.0,0.0,0.68950367,0.68950367,1.0
wheatG,EW,R1,KinCP-ABC,3,0,8,0.75,0.25,-0.018149808,-0.018149808,1.0
wheatG,EW,R1,KinCP-ABC,3,1,7,1.0,0.0,0.023300242,0.023300242,1.0
wheatG,EW,R1,KinCP-ABC,3,2,7,1.0,0.0,0.7832207,0.7832207,1.0
wheatG,EW,R1,KinCP-ABC,3,3,7,0.8571428571428571,0.0,1.1294582,1.1294582,1.0
wheatG,EW,R1,KinCP-ABC,3,4,7,0.8571428571428571,0.0,0.84467137,0.84467137,1.0
wheatG,EW,R1,KinCP-ABC,4,0,8,0.75,0.0,0.7640517,0.7640517,1.0
wheatG,EW,R1,KinCP-ABC,4,1,7,0.8571428571428571,0.14285714285714285,0.30137143,0.30137143,1.0
wheatG,EW,R1,KinCP-ABC,4,2,7,1.0,0.0,0.08505519,0.08505519,1.0
wheatG,EW,R1,KinCP-ABC,4,3,7,0.7142857142857143,0.14285714285714285,0.49210396,0.49210396,1.0
wheatG,EW,R1,KinCP-ABC,4,4,7,0.7142857142857143,0.0,1.408762,1.408762,1.0
wheatG,EW,R1,KinCP-ABC,5,0,8,0.875,0.0,0.92949516,0.92949516,1.0
wheatG,EW,R1,KinCP-ABC,5,1,7,1.0,0.0,0.7322374,0.7322374,1.0
wheatG,EW,R1,KinCP-ABC,5,2,7,0.7142857142857143,0.14285714285714285,1.0669411,1.0669411,1.0
wheatG,EW,R1,KinCP-ABC,5,3,7,1.0,0.0,0.46890858,0.46890858,1.0
wheatG,EW,R1,KinCP-ABC,5,4,7,0.8571428571428571,0.14285714285714285,0.075274594,0.075274594,1.0
wheatG,EW,R1,SCP,1,0,8,1.0,0.0,0.65326273,0.65326273,1.0
wheatG,EW,R1,SCP,1,1,7,0.8571428571428571,0.14285714285714285,0.43419424,0.43419424,1.0
wheatG,EW,R1,SCP,1,2,7,0.5714285714285714,0.14285714285714285,0.82782143,0.89190143,0.7142857142857143
wheatG,EW,R1,SCP,1,3,7,0.8571428571428571,0.0,0.81053287,0.9035926,0.7142857142857143
wheatG,EW,R1,SCP,1,4,7,1.0,0.0,0.9569818,0.73646736,0.8571428571428571
wheatG,EW,R1,SCP,2,0,8,0.875,0.125,0.32402673,0.037934512,0.75
wheatG,EW,R1,SCP,2,1,7,1.0,0.0,0.2417425,0.39814976,0.8571428571428571
wheatG,EW,R1,SCP,2,2,7,0.8571428571428571,0.0,0.7316535,0.7316535,1.0
wheatG,EW,R1,SCP,2,3,7,0.8571428571428571,0.0,1.0166694,1.1230711,0.8571428571428571
wheatG,EW,R1,SCP,2,4,7,1.0,0.0,0.68950367,0.7103798,0.8571428571428571
wheatG,EW,R1,SCP,3,0,8,0.75,0.25,-0.018149808,0.43391812,0.875
wheatG,EW,R1,SCP,3,1,7,1.0,0.0,0.023300242,0.03584305,0.8571428571428571
wheatG,EW,R1,SCP,3,2,7,1.0,0.0,0.7832207,0.78322077,1.0
wheatG,EW,R1,SCP,3,3,7,0.8571428571428571,0.0,1.1294582,1.1439612,0.8571428571428571
wheatG,EW,R1,SCP,3,4,7,0.8571428571428571,0.0,0.84467137,0.346577,0.7142857142857143
wheatG,EW,R1,SCP,4,0,8,0.75,0.0,0.7640517,0.7963538,0.75
wheatG,EW,R1,SCP,4,1,7,0.8571428571428571,0.14285714285714285,0.30137143,0.31629354,0.8571428571428571
wheatG,EW,R1,SCP,4,2,7,1.0,0.0,0.08505519,0.09255654,0.8571428571428571
wheatG,EW,R1,SCP,4,3,7,1.0,0.0,0.49210396,0.4867427,0.8571428571428571
wheatG,EW,R1,SCP,4,4,7,0.7142857142857143,0.0,1.408762,1.3021545,0.8571428571428571
wheatG,EW,R1,SCP,5,0,8,0.875,0.0,0.92949516,0.56548005,0.75
wheatG,EW,R1,SCP,5,1,7,1.0,0.0,0.7322374,0.55738956,0.8571428571428571
wheatG,EW,R1,SCP,5,2,7,0.7142857142857143,0.14285714285714285,1.0669411,1.341841,0.8571428571428571
wheatG,EW,R1,SCP,5,3,7,1.0,0.0,0.46890858,0.49579772,0.7142857142857143
wheatG,EW,R1,SCP,5,4,7,0.8571428571428571,0.14285714285714285,0.075274594,-0.09252065,0.8571428571428571
wheatG,EW,R2,CV+,1,0,12,0.8333333333333334,0.08333333333333333,0.47749427,0.5620684,0.8333333333333334
wheatG,EW,R2,CV+,1,1,3,1.0,0.0,-0.15803343,-0.15803343,1.0
wheatG,EW,R2,CV+,1,2,10,1.0,0.0,-0.4130814,-0.21545085,0.8
wheatG,EW,R2,CV+,1,3,3,0.6666666666666666,0.0,0.61325616,0.61325616,1.0
wheatG,EW,R2,CV+,1,4,9,0.8888888888888888,0.0,1.2830081,0.9440898,0.8888888888888888
wheatG,EW,R2,CV+,2,0,12,0.8333333333333334,0.08333333333333333,0.47749427,0.48060033,0.8333333333333334
wheatG,EW,R2,CV+,2,1,3,1.0,0.0,-0.15803343,-0.15803343,1.0
wheatG,EW,R2,CV+,2,2,10,0.9,0.1,-0.4130814,-0.50989926,0.9
wheatG,EW,R2,CV+,2,3,3,0.6666666666666666,0.0,0.61325616,0.61325616,1.0
wheatG,EW,R2,CV+,2,4,9,0.8888888888888888,0.0,1.2830081,1.3730679,0.8888888888888888
wheatG,EW,R2,CV+,3,0,12,0.8333333333333334,0.08333333333333333,0.47749427,0.39648685,0.8333333333333334
wheatG,EW,R2,CV+,3,1,3,1.0,0.0,-0.15803343,-0.15803343,1.0
wheatG,EW,R2,CV+,3,2,10,1.0,0.0,-0.4130814,-0.4130814,1.0
wheatG,EW,R2,CV+,3,3,3,0.6666666666666666,0.0,0.61325616,0.61325616,1.0
wheatG,EW,R2,CV+,3,4,9,0.8888888888888888,0.0,1.2830081,1.2830081,1.0
wheatG,EW,R2,CV+,4,0,12,0.8333333333333334,0.08333333333333333,0.47749427,0.340564,0.8333333333333334
wheatG,EW,R2,CV+,4,1,3,1.0,0.0,-0.15803343,-0.15803343,1.0
wheatG,EW,R2,CV+,4,2,10,1.0,0.0,-0.4130814,-0.41308135,1.0
wheatG,EW,R2,CV+,4,3,3,0.6666666666666666,0.0,0.61325616,0.84433794,0.6666666666666666
wheatG,EW,R2,CV+,4,4,9,0.8888888888888888,0.0,1.2830081,1.3730679,0.8888888888888888
wheatG,EW,R2,CV+,5,0,12,0.8333333333333334,0.08333333333333333,0.47749427,0.3422471,0.8333333333333334
wheatG,EW,R2,CV+,5,1,3,1.0,0.0,-0.15803343,-0.15803343,1.0
wheatG,EW,R2,CV+,5,2,10,1.0,0.0,-0.4130814,-0.44994912,0.9
wheatG,EW,R2,CV+,5,3,3,0.6666666666666666,0.0,0.61325616,0.84433794,0.6666666666666666
wheatG,EW,R2,CV+,5,4,9,0.8888888888888888,0.0,1.2830081,1.1510857,0.8888888888888888
wheatG,EW,R2,CalPred-style,1,0,12,0.8333333333333334,0.16666666666666666,0.47749427,0.32729843,0.8333333333333334
wheatG,EW,R2,CalPred-style,1,1,3,1.0,0.0,-0.15803343,-0.15803343,1.0
wheatG,EW,R2,CalPred-style,1,2,10,0.9,0.1,-0.4130814,-0.48632556,0.9
wheatG,EW,R2,CalPred-style,1,3,3,0.6666666666666666,0.0,0.61325616,0.61325616,1.0
wheatG,EW,R2,CalPred-style,1,4,9,0.8888888888888888,0.0,1.2830081,1.3730679,0.8888888888888888
wheatG,EW,R2,CalPred-style,2,0,12,0.8333333333333334,0.16666666666666666,0.47749427,0.32729843,0.8333333333333334
wheatG,EW,R2,CalPred-style,2,1,3,1.0,0.0,-0.15803343,-0.15803343,1.0
wheatG,EW,R2,CalPred-style,2,2,10,0.9,0.1,-0.4130814,-0.4130814,1.0
wheatG,EW,R2,CalPred-style,2,3,3,0.6666666666666666,0.0,0.61325616,0.61325616,1.0
wheatG,EW,R2,CalPred-style,2,4,9,0.8888888888888888,0.0,1.2830081,1.3730679,0.8888888888888888
wheatG,EW,R2,CalPred-style,3,0,12,0.8333333333333334,0.16666666666666666,0.47749427,0.3272984,0.8333333333333334
wheatG,EW,R2,CalPred-style,3,1,3,1.0,0.0,-0.15803343,-0.15803343,1.0
wheatG,EW,R2,CalPred-style,3,2,10,0.9,0.1,-0.4130814,-0.48632556,0.9
wheatG,EW,R2,CalPred-style,3,3,3,0.6666666666666666,0.0,0.61325616,0.61325616,1.0
wheatG,EW,R2,CalPred-style,3,4,9,0.8888888888888888,0.0,1.2830081,1.3730679,0.8888888888888888
wheatG,EW,R2,CalPred-style,4,0,12,0.8333333333333334,0.16666666666666666,0.47749427,0.3272984,0.8333333333333334
wheatG,EW,R2,CalPred-style,4,1,3,1.0,0.0,-0.15803343,-0.15803343,1.0
wheatG,EW,R2,CalPred-style,4,2,10,0.9,0.1,-0.4130814,-0.48632556,0.9
wheatG,EW,R2,CalPred-style,4,3,3,0.6666666666666666,0.0,0.61325616,0.61325616,1.0
wheatG,EW,R2,CalPred-style,4,4,9,0.8888888888888888,0.0,1.2830081,1.3730679,0.8888888888888888
wheatG,EW,R2,CalPred-style,5,0,12,0.8333333333333334,0.16666666666666666,0.47749427,0.32729843,0.8333333333333334
wheatG,EW,R2,CalPred-style,5,1,3,1.0,0.0,-0.15803343,-0.15803343,1.0
wheatG,EW,R2,CalPred-style,5,2,10,0.9,0.1,-0.4130814,-0.48632556,0.9
wheatG,EW,R2,CalPred-style,5,3,3,0.6666666666666666,0.0,0.61325616,0.61325616,1.0
wheatG,EW,R2,CalPred-style,5,4,9,0.8888888888888888,0.0,1.2830081,1.3730679,0.8888888888888888
wheatG,EW,R2,Gauss-PEV,1,0,12,0.9166666666666666,0.08333333333333333,0.47749427,0.32729837,0.8333333333333334
wheatG,EW,R2,Gauss-PEV,1,1,3,1.0,0.0,-0.15803343,-0.15803343,1.0
wheatG,EW,R2,Gauss-PEV,1,2,10,0.9,0.1,-0.4130814,-0.4130814,1.0
wheatG,EW,R2,Gauss-PEV,1,3,3,0.6666666666666666,0.0,0.61325616,0.61325616,1.0
wheatG,EW,R2,Gauss-PEV,1,4,9,0.8888888888888888,0.0,1.2830081,1.3730679,0.8888888888888888
wheatG,EW,R2,Gauss-PEV,2,0,12,0.9166666666666666,0.08333333333333333,0.47749427,0.32729837,0.8333333333333334
wheatG,EW,R2,Gauss-PEV,2,1,3,1.0,0.0,-0.15803343,-0.15803343,1.0
wheatG,EW,R2,Gauss-PEV,2,2,10,0.9,0.1,-0.4130814,-0.4130814,1.0
wheatG,EW,R2,Gauss-PEV,2,3,3,0.6666666666666666,0.0,0.61325616,0.61325616,1.0
wheatG,EW,R2,Gauss-PEV,2,4,9,0.8888888888888888,0.0,1.2830081,1.3730679,0.8888888888888888
wheatG,EW,R2,Gauss-PEV,3,0,12,0.9166666666666666,0.08333333333333333,0.47749427,0.32729837,0.8333333333333334
wheatG,EW,R2,Gauss-PEV,3,1,3,1.0,0.0,-0.15803343,-0.15803343,1.0
wheatG,EW,R2,Gauss-PEV,3,2,10,0.9,0.1,-0.4130814,-0.4130814,1.0
wheatG,EW,R2,Gauss-PEV,3,3,3,0.6666666666666666,0.0,0.61325616,0.61325616,1.0
wheatG,EW,R2,Gauss-PEV,3,4,9,0.8888888888888888,0.0,1.2830081,1.3730679,0.8888888888888888
wheatG,EW,R2,Gauss-PEV,4,0,12,0.9166666666666666,0.08333333333333333,0.47749427,0.32729837,0.8333333333333334
wheatG,EW,R2,Gauss-PEV,4,1,3,1.0,0.0,-0.15803343,-0.15803343,1.0
wheatG,EW,R2,Gauss-PEV,4,2,10,0.9,0.1,-0.4130814,-0.4130814,1.0
wheatG,EW,R2,Gauss-PEV,4,3,3,0.6666666666666666,0.0,0.61325616,0.61325616,1.0
wheatG,EW,R2,Gauss-PEV,4,4,9,0.8888888888888888,0.0,1.2830081,1.3730679,0.8888888888888888
wheatG,EW,R2,Gauss-PEV,5,0,12,0.9166666666666666,0.08333333333333333,0.47749427,0.32729837,0.8333333333333334
wheatG,EW,R2,Gauss-PEV,5,1,3,1.0,0.0,-0.15803343,-0.15803343,1.0
wheatG,EW,R2,Gauss-PEV,5,2,10,0.9,0.1,-0.4130814,-0.4130814,1.0
wheatG,EW,R2,Gauss-PEV,5,3,3,0.6666666666666666,0.0,0.61325616,0.61325616,1.0
wheatG,EW,R2,Gauss-PEV,5,4,9,0.8888888888888888,0.0,1.2830081,1.3730679,0.8888888888888888
wheatG,EW,R2,KinCP,1,0,12,0.9166666666666666,0.08333333333333333,0.47749427,0.47749427,1.0
wheatG,EW,R2,KinCP,1,1,3,1.0,0.0,-0.15803343,-0.15803343,1.0
wheatG,EW,R2,KinCP,1,2,10,1.0,0.0,-0.4130814,-0.41308135,1.0
wheatG,EW,R2,KinCP,1,3,3,0.6666666666666666,0.0,0.61325616,0.61325616,1.0
wheatG,EW,R2,KinCP,1,4,9,0.8888888888888888,0.0,1.2830081,1.3730679,0.8888888888888888
wheatG,EW,R2,KinCP,2,0,12,0.9166666666666666,0.08333333333333333,0.47749427,0.47749433,1.0
wheatG,EW,R2,KinCP,2,1,3,1.0,0.0,-0.15803343,0.21282221,0.6666666666666666
wheatG,EW,R2,KinCP,2,2,10,1.0,0.0,-0.4130814,-0.41308135,1.0
wheatG,EW,R2,KinCP,2,3,3,0.6666666666666666,0.0,0.61325616,0.61325616,1.0
wheatG,EW,R2,KinCP,2,4,9,0.8888888888888888,0.0,1.2830081,1.3730679,0.8888888888888888
wheatG,EW,R2,KinCP,3,0,12,0.9166666666666666,0.08333333333333333,0.47749427,0.38803187,0.9166666666666666
wheatG,EW,R2,KinCP,3,1,3,1.0,0.0,-0.15803343,-0.15803343,1.0
wheatG,EW,R2,KinCP,3,2,10,1.0,0.0,-0.4130814,-0.4863256,0.9
wheatG,EW,R2,KinCP,3,3,3,0.6666666666666666,0.0,0.61325616,0.61325616,1.0
wheatG,EW,R2,KinCP,3,4,9,0.8888888888888888,0.0,1.2830081,1.3730679,0.8888888888888888
wheatG,EW,R2,KinCP,4,0,12,0.9166666666666666,0.08333333333333333,0.47749427,0.47749427,1.0
wheatG,EW,R2,KinCP,4,1,3,1.0,0.0,-0.15803343,-0.15803343,1.0
wheatG,EW,R2,KinCP,4,2,10,0.9,0.1,-0.4130814,-0.4863256,0.9
wheatG,EW,R2,KinCP,4,3,3,0.6666666666666666,0.0,0.61325616,0.61325616,1.0
wheatG,EW,R2,KinCP,4,4,9,0.8888888888888888,0.0,1.2830081,1.3730679,0.8888888888888888
wheatG,EW,R2,KinCP,5,0,12,0.9166666666666666,0.08333333333333333,0.47749427,0.3637186,0.9166666666666666
wheatG,EW,R2,KinCP,5,1,3,1.0,0.0,-0.15803343,-0.15803343,1.0
wheatG,EW,R2,KinCP,5,2,10,0.9,0.1,-0.4130814,-0.4863256,0.9
wheatG,EW,R2,KinCP,5,3,3,0.6666666666666666,0.0,0.61325616,0.84433794,0.6666666666666666
wheatG,EW,R2,KinCP,5,4,9,0.8888888888888888,0.0,1.2830081,1.3730679,0.8888888888888888
wheatG,EW,R2,KinCP-ABC,1,0,12,0.9166666666666666,0.08333333333333333,0.47749427,0.47749427,1.0
wheatG,EW,R2,KinCP-ABC,1,1,3,1.0,0.0,-0.15803343,-0.15803343,1.0
wheatG,EW,R2,KinCP-ABC,1,2,10,0.9,0.1,-0.4130814,-0.4130814,1.0
wheatG,EW,R2,KinCP-ABC,1,3,3,0.6666666666666666,0.0,0.61325616,0.61325616,1.0
wheatG,EW,R2,KinCP-ABC,1,4,9,0.8888888888888888,0.0,1.2830081,1.2830081,1.0
wheatG,EW,R2,KinCP-ABC,2,0,12,0.9166666666666666,0.08333333333333333,0.47749427,0.47749427,1.0
wheatG,EW,R2,KinCP-ABC,2,1,3,1.0,0.0,-0.15803343,-0.15803343,1.0
wheatG,EW,R2,KinCP-ABC,2,2,10,0.9,0.1,-0.4130814,-0.4130814,1.0
wheatG,EW,R2,KinCP-ABC,2,3,3,0.6666666666666666,0.0,0.61325616,0.61325616,1.0
wheatG,EW,R2,KinCP-ABC,2,4,9,0.8888888888888888,0.0,1.2830081,1.2830081,1.0
wheatG,EW,R2,KinCP-ABC,3,0,12,0.9166666666666666,0.08333333333333333,0.47749427,0.47749427,1.0
wheatG,EW,R2,KinCP-ABC,3,1,3,1.0,0.0,-0.15803343,-0.15803343,1.0
wheatG,EW,R2,KinCP-ABC,3,2,10,1.0,0.0,-0.4130814,-0.4130814,1.0
wheatG,EW,R2,KinCP-ABC,3,3,3,0.6666666666666666,0.0,0.61325616,0.61325616,1.0
wheatG,EW,R2,KinCP-ABC,3,4,9,0.8888888888888888,0.0,1.2830081,1.2830081,1.0
wheatG,EW,R2,KinCP-ABC,4,0,12,0.9166666666666666,0.08333333333333333,0.47749427,0.47749427,1.0
wheatG,EW,R2,KinCP-ABC,4,1,3,1.0,0.0,-0.15803343,-0.15803343,1.0
wheatG,EW,R2,KinCP-ABC,4,2,10,0.9,0.1,-0.4130814,-0.4130814,1.0
wheatG,EW,R2,KinCP-ABC,4,3,3,0.6666666666666666,0.0,0.61325616,0.61325616,1.0
wheatG,EW,R2,KinCP-ABC,4,4,9,0.8888888888888888,0.0,1.2830081,1.2830081,1.0
wheatG,EW,R2,KinCP-ABC,5,0,12,0.9166666666666666,0.08333333333333333,0.47749427,0.47749427,1.0
wheatG,EW,R2,KinCP-ABC,5,1,3,1.0,0.0,-0.15803343,-0.15803343,1.0
wheatG,EW,R2,KinCP-ABC,5,2,10,0.9,0.1,-0.4130814,-0.4130814,1.0
wheatG,EW,R2,KinCP-ABC,5,3,3,0.6666666666666666,0.0,0.61325616,0.61325616,1.0
wheatG,EW,R2,KinCP-ABC,5,4,9,0.8888888888888888,0.0,1.2830081,1.2830081,1.0
wheatG,EW,R2,SCP,1,0,12,0.9166666666666666,0.08333333333333333,0.47749427,0.08597517,0.75
wheatG,EW,R2,SCP,1,1,3,1.0,0.0,-0.15803343,-0.15803343,1.0
wheatG,EW,R2,SCP,1,2,10,0.9,0.1,-0.4130814,-0.028530598,0.6
wheatG,EW,R2,SCP,1,3,3,0.6666666666666666,0.0,0.61325616,0.61325616,1.0
wheatG,EW,R2,SCP,1,4,9,0.8888888888888888,0.0,1.2830081,1.0056994,0.6666666666666666
wheatG,EW,R2,SCP,2,0,12,0.9166666666666666,0.08333333333333333,0.47749427,0.5271892,0.8333333333333334
wheatG,EW,R2,SCP,2,1,3,1.0,0.0,-0.15803343,0.21282221,0.6666666666666666
wheatG,EW,R2,SCP,2,2,10,0.9,0.1,-0.4130814,0.18075816,0.7
wheatG,EW,R2,SCP,2,3,3,0.6666666666666666,0.0,0.61325616,0.6607237,0.3333333333333333
wheatG,EW,R2,SCP,2,4,9,0.7777777777777778,0.0,1.2830081,0.96946526,0.7777777777777778
wheatG,EW,R2,SCP,3,0,12,0.9166666666666666,0.08333333333333333,0.47749427,0.32366335,0.75
wheatG,EW,R2,SCP,3,1,3,1.0,0.0,-0.15803343,-0.15803343,1.0
wheatG,EW,R2,SCP,3,2,10,1.0,0.0,-0.4130814,-0.18565789,0.6
wheatG,EW,R2,SCP,3,3,3,0.6666666666666666,0.0,0.61325616,0.61325616,1.0
wheatG,EW,R2,SCP,3,4,9,0.7777777777777778,0.0,1.2830081,0.844275,0.5555555555555556
wheatG,EW,R2,SCP,4,0,12,0.9166666666666666,0.08333333333333333,0.47749427,0.25813204,0.75
wheatG,EW,R2,SCP,4,1,3,1.0,0.0,-0.15803343,-0.15803343,1.0
wheatG,EW,R2,SCP,4,2,10,0.9,0.1,-0.4130814,-0.19057909,0.7
wheatG,EW,R2,SCP,4,3,3,0.6666666666666666,0.0,0.61325616,0.7786173,0.3333333333333333
wheatG,EW,R2,SCP,4,4,9,0.8888888888888888,0.0,1.2830081,1.0982409,0.7777777777777778
wheatG,EW,R2,SCP,5,0,12,0.8333333333333334,0.08333333333333333,0.47749427,0.25750813,0.75
wheatG,EW,R2,SCP,5,1,3,1.0,0.0,-0.15803343,-0.15803343,1.0
wheatG,EW,R2,SCP,5,2,10,1.0,0.0,-0.4130814,-0.22582011,0.6
wheatG,EW,R2,SCP,5,3,3,0.6666666666666666,0.0,0.61325616,0.84433794,0.6666666666666666
wheatG,EW,R2,SCP,5,4,9,0.8888888888888888,0.0,1.2830081,1.3730677,0.8888888888888888
wheatG,GH,R1,CV+,1,0,8,1.0,0.0,0.8158501,0.8158501,1.0
wheatG,GH,R1,CV+,1,1,7,1.0,0.0,0.4426535,0.4256719,0.8571428571428571
wheatG,GH,R1,CV+,1,2,7,1.0,0.0,1.045226,1.045226,1.0
wheatG,GH,R1,CV+,1,3,7,1.0,0.0,0.5875622,0.71469307,0.8571428571428571
wheatG,GH,R1,CV+,1,4,7,1.0,0.0,0.8271276,0.8271275,1.0
wheatG,GH,R1,CV+,2,0,8,1.0,0.0,0.72510535,0.72510535,1.0
wheatG,GH,R1,CV+,2,1,7,1.0,0.0,0.668584,0.6792439,0.8571428571428571
wheatG,GH,R1,CV+,2,2,7,1.0,0.0,0.59852684,0.7639419,0.8571428571428571
wheatG,GH,R1,CV+,2,3,7,0.8571428571428571,0.14285714285714285,0.3043237,0.7876118,0.8571428571428571
wheatG,GH,R1,CV+,2,4,7,0.8571428571428571,0.14285714285714285,0.5536704,0.53146595,0.8571428571428571
wheatG,GH,R1,CV+,3,0,8,1.0,0.0,1.066637,1.066637,1.0
wheatG,GH,R1,CV+,3,1,7,0.8571428571428571,0.14285714285714285,0.40024534,0.7314512,0.8571428571428571
wheatG,GH,R1,CV+,3,2,7,1.0,0.0,0.9228652,0.92220795,0.8571428571428571
wheatG,GH,R1,CV+,3,3,7,1.0,0.0,0.79005235,0.88068444,0.8571428571428571
wheatG,GH,R1,CV+,3,4,7,1.0,0.0,0.5762991,0.576299,1.0
wheatG,GH,R1,CV+,4,0,8,1.0,0.0,0.91788137,0.76345074,0.875
wheatG,GH,R1,CV+,4,1,7,1.0,0.0,0.82682693,0.8269087,0.8571428571428571
wheatG,GH,R1,CV+,4,2,7,1.0,0.0,0.8026292,0.9610142,0.8571428571428571
wheatG,GH,R1,CV+,4,3,7,1.0,0.0,0.70098126,0.71954936,0.8571428571428571
wheatG,GH,R1,CV+,4,4,7,1.0,0.0,0.6823889,0.6677658,0.8571428571428571
wheatG,GH,R1,CV+,5,0,8,1.0,0.0,0.9298257,0.9298258,0.875
wheatG,GH,R1,CV+,5,1,7,1.0,0.0,0.6886226,0.76632357,0.8571428571428571
wheatG,GH,R1,CV+,5,2,7,1.0,0.0,0.8637395,0.78406954,0.8571428571428571
wheatG,GH,R1,CV+,5,3,7,1.0,0.0,0.6464409,0.58594614,0.8571428571428571
wheatG,GH,R1,CV+,5,4,7,1.0,0.0,1.1073687,1.0064182,0.8571428571428571
wheatG,GH,R1,CalPred-style,1,0,8,1.0,0.0,0.8158501,0.8157448,0.875
wheatG,GH,R1,CalPred-style,1,1,7,0.8571428571428571,0.14285714285714285,0.4426535,0.47600594,0.7142857142857143
wheatG,GH,R1,CalPred-style,1,2,7,1.0,0.0,1.045226,1.0164579,0.7142857142857143
wheatG,GH,R1,CalPred-style,1,3,7,1.0,0.0,0.5875622,0.60211504,0.8571428571428571
wheatG,GH,R1,CalPred-style,1,4,7,1.0,0.0,0.8271276,1.088256,0.7142857142857143
wheatG,GH,R1,CalPred-style,2,0,8,1.0,0.0,0.72510535,0.4748304,0.625
wheatG,GH,R1,CalPred-style,2,1,7,1.0,0.0,0.668584,0.66223973,0.8571428571428571
wheatG,GH,R1,CalPred-style,2,2,7,1.0,0.0,0.59852684,0.78420156,0.7142857142857143
wheatG,GH,R1,CalPred-style,2,3,7,0.8571428571428571,0.14285714285714285,0.3043237,0.71681744,0.7142857142857143
wheatG,GH,R1,CalPred-style,2,4,7,0.8571428571428571,0.14285714285714285,0.5536704,0.5147761,0.5714285714285714
wheatG,GH,R1,CalPred-style,3,0,8,1.0,0.0,1.066637,1.066637,1.0
wheatG,GH,R1,CalPred-style,3,1,7,0.8571428571428571,0.14285714285714285,0.40024534,0.54301345,0.7142857142857143
wheatG,GH,R1,CalPred-style,3,2,7,1.0,0.0,0.9228652,1.06073,0.8571428571428571
wheatG,GH,R1,CalPred-style,3,3,7,1.0,0.0,0.79005235,0.7359983,0.8571428571428571
wheatG,GH,R1,CalPred-style,3,4,7,1.0,0.0,0.5762991,0.51557314,0.42857142857142855
wheatG,GH,R1,CalPred-style,4,0,8,1.0,0.0,0.91788137,0.7560661,0.875
wheatG,GH,R1,CalPred-style,4,1,7,1.0,0.0,0.82682693,0.85445875,0.8571428571428571
wheatG,GH,R1,CalPred-style,4,2,7,1.0,0.0,0.8026292,0.6607776,0.7142857142857143
wheatG,GH,R1,CalPred-style,4,3,7,1.0,0.0,0.70098126,0.7543488,0.8571428571428571
wheatG,GH,R1,CalPred-style,4,4,7,1.0,0.0,0.6823889,0.6138644,0.7142857142857143
wheatG,GH,R1,CalPred-style,5,0,8,1.0,0.0,0.9298257,0.7832657,0.75
wheatG,GH,R1,CalPred-style,5,1,7,1.0,0.0,0.6886226,0.7752114,0.7142857142857143
wheatG,GH,R1,CalPred-style,5,2,7,1.0,0.0,0.8637395,0.83871883,0.8571428571428571
wheatG,GH,R1,CalPred-style,5,3,7,1.0,0.0,0.6464409,0.6464409,1.0
wheatG,GH,R1,CalPred-style,5,4,7,1.0,0.0,1.1073687,0.929943,0.7142857142857143
wheatG,GH,R1,Gauss-PEV,1,0,8,1.0,0.0,0.8158501,0.7475134,0.75
wheatG,GH,R1,Gauss-PEV,1,1,7,1.0,0.0,0.4426535,0.4426535,1.0
wheatG,GH,R1,Gauss-PEV,1,2,7,1.0,0.0,1.045226,1.0402052,0.8571428571428571
wheatG,GH,R1,Gauss-PEV,1,3,7,1.0,0.0,0.5875622,0.5873535,0.8571428571428571
wheatG,GH,R1,Gauss-PEV,1,4,7,1.0,0.0,0.8271276,0.9903091,0.8571428571428571
wheatG,GH,R1,Gauss-PEV,2,0,8,1.0,0.0,0.72510535,0.44547987,0.75
wheatG,GH,R1,Gauss-PEV,2,1,7,1.0,0.0,0.668584,0.66223973,0.8571428571428571
wheatG,GH,R1,Gauss-PEV,2,2,7,1.0,0.0,0.59852684,0.7055868,0.8571428571428571
wheatG,GH,R1,Gauss-PEV,2,3,7,0.8571428571428571,0.14285714285714285,0.3043237,0.71681744,0.7142857142857143
wheatG,GH,R1,Gauss-PEV,2,4,7,0.8571428571428571,0.14285714285714285,0.5536704,0.38932687,0.7142857142857143
wheatG,GH,R1,Gauss-PEV,3,0,8,1.0,0.0,1.066637,1.1121137,0.875
wheatG,GH,R1,Gauss-PEV,3,1,7,0.8571428571428571,0.14285714285714285,0.40024534,0.54301345,0.7142857142857143
wheatG,GH,R1,Gauss-PEV,3,2,7,1.0,0.0,0.9228652,1.0941008,0.8571428571428571
wheatG,GH,R1,Gauss-PEV,3,3,7,1.0,0.0,0.79005235,0.7359983,0.8571428571428571
wheatG,GH,R1,Gauss-PEV,3,4,7,1.0,0.0,0.5762991,0.45428106,0.7142857142857143
wheatG,GH,R1,Gauss-PEV,4,0,8,1.0,0.0,0.91788137,0.7560661,0.875
wheatG,GH,R1,Gauss-PEV,4,1,7,1.0,0.0,0.82682693,0.70729333,0.8571428571428571
wheatG,GH,R1,Gauss-PEV,4,2,7,1.0,0.0,0.8026292,0.66077757,0.7142857142857143
wheatG,GH,R1,Gauss-PEV,4,3,7,1.0,0.0,0.70098126,0.71284723,0.8571428571428571
wheatG,GH,R1,Gauss-PEV,4,4,7,1.0,0.0,0.6823889,0.6677659,0.8571428571428571
wheatG,GH,R1,Gauss-PEV,5,0,8,1.0,0.0,0.9298257,0.8258555,0.875
wheatG,GH,R1,Gauss-PEV,5,1,7,1.0,0.0,0.6886226,0.77521145,0.7142857142857143
wheatG,GH,R1,Gauss-PEV,5,2,7,1.0,0.0,0.8637395,0.83871883,0.8571428571428571
wheatG,GH,R1,Gauss-PEV,5,3,7,1.0,0.0,0.6464409,0.6341754,0.8571428571428571
wheatG,GH,R1,Gauss-PEV,5,4,7,1.0,0.0,1.1073687,0.929943,0.7142857142857143
wheatG,GH,R1,KinCP,1,0,8,1.0,0.0,0.8158501,0.7659873,0.875
wheatG,GH,R1,KinCP,1,1,7,1.0,0.0,0.4426535,0.4426535,1.0
wheatG,GH,R1,KinCP,1,2,7,1.0,0.0,1.045226,0.91461,0.7142857142857143
wheatG,GH,R1,KinCP,1,3,7,1.0,0.0,0.5875622,0.5855621,0.7142857142857143
wheatG,GH,R1,KinCP,1,4,7,1.0,0.0,0.8271276,1.0352826,0.5714285714285714
wheatG,GH,R1,KinCP,2,0,8,1.0,0.0,0.72510535,0.49722368,0.75
wheatG,GH,R1,KinCP,2,1,7,1.0,0.0,0.668584,0.5532172,0.7142857142857143
wheatG,GH,R1,KinCP,2,2,7,1.0,0.0,0.59852684,0.86857647,0.7142857142857143
wheatG,GH,R1,KinCP,2,3,7,0.8571428571428571,0.14285714285714285,0.3043237,0.7168174,0.7142857142857143
wheatG,GH,R1,KinCP,2,4,7,0.8571428571428571,0.14285714285714285,0.5536704,0.5147761,0.5714285714285714
wheatG,GH,R1,KinCP,3,0,8,1.0,0.0,1.066637,0.8905763,0.75
wheatG,GH,R1,KinCP,3,1,7,0.8571428571428571,0.14285714285714285,0.40024534,0.5057653,0.5714285714285714
wheatG,GH,R1,KinCP,3,2,7,1.0,0.0,0.9228652,0.95082325,0.8571428571428571
wheatG,GH,R1,KinCP,3,3,7,1.0,0.0,0.79005235,0.71510535,0.7142857142857143
wheatG,GH,R1,KinCP,3,4,7,1.0,0.0,0.5762991,0.4614727,0.5714285714285714
wheatG,GH,R1,KinCP,4,0,8,1.0,0.0,0.91788137,0.7408615,0.625
wheatG,GH,R1,KinCP,4,1,7,1.0,0.0,0.82682693,0.70729333,0.8571428571428571
wheatG,GH,R1,KinCP,4,2,7,1.0,0.0,0.8026292,0.71662754,0.5714285714285714
wheatG,GH,R1,KinCP,4,3,7,1.0,0.0,0.70098126,0.7128473,0.8571428571428571
wheatG,GH,R1,KinCP,4,4,7,1.0,0.0,0.6823889,0.5344613,0.7142857142857143
wheatG,GH,R1,KinCP,5,0,8,1.0,0.0,0.9298257,0.7832657,0.75
wheatG,GH,R1,KinCP,5,1,7,1.0,0.0,0.6886226,0.7296377,0.5714285714285714
wheatG,GH,R1,KinCP,5,2,7,1.0,0.0,0.8637395,0.87978154,0.7142857142857143
wheatG,GH,R1,KinCP,5,3,7,1.0,0.0,0.6464409,0.63417536,0.8571428571428571
wheatG,GH,R1,KinCP,5,4,7,1.0,0.0,1.1073687,0.929943,0.7142857142857143
wheatG,GH,R1,KinCP-ABC,1,0,8,1.0,0.0,0.8158501,0.8158501,1.0
wheatG,GH,R1,KinCP-ABC,1,1,7,1.0,0.0,0.4426535,0.4426535,1.0
wheatG,GH,R1,KinCP-ABC,1,2,7,1.0,0.0,1.045226,1.045226,1.0
wheatG,GH,R1,KinCP-ABC,1,3,7,1.0,0.0,0.5875622,0.5875622,1.0
wheatG,GH,R1,KinCP-ABC,1,4,7,1.0,0.0,0.8271276,0.8271276,1.0
wheatG,GH,R1,KinCP-ABC,2,0,8,1.0,0.0,0.72510535,0.72510535,1.0
wheatG,GH,R1,KinCP-ABC,2,1,7,1.0,0.0,0.668584,0.668584,1.0
wheatG,GH,R1,KinCP-ABC,2,2,7,1.0,0.0,0.59852684,0.59852684,1.0
wheatG,GH,R1,KinCP-ABC,2,3,7,0.8571428571428571,0.14285714285714285,0.3043237,0.3043237,1.0
wheatG,GH,R1,KinCP-ABC,2,4,7,0.8571428571428571,0.14285714285714285,0.5536704,0.5536704,1.0
wheatG,GH,R1,KinCP-ABC,3,0,8,1.0,0.0,1.066637,1.066637,1.0
wheatG,GH,R1,KinCP-ABC,3,1,7,0.8571428571428571,0.14285714285714285,0.40024534,0.40024534,1.0
wheatG,GH,R1,KinCP-ABC,3,2,7,1.0,0.0,0.9228652,0.9228652,1.0
wheatG,GH,R1,KinCP-ABC,3,3,7,1.0,0.0,0.79005235,0.79005235,1.0
wheatG,GH,R1,KinCP-ABC,3,4,7,1.0,0.0,0.5762991,0.5762991,1.0
wheatG,GH,R1,KinCP-ABC,4,0,8,1.0,0.0,0.91788137,0.91788137,1.0
wheatG,GH,R1,KinCP-ABC,4,1,7,1.0,0.0,0.82682693,0.82682693,1.0
wheatG,GH,R1,KinCP-ABC,4,2,7,1.0,0.0,0.8026292,0.8026292,1.0
wheatG,GH,R1,KinCP-ABC,4,3,7,1.0,0.0,0.70098126,0.70098126,1.0
wheatG,GH,R1,KinCP-ABC,4,4,7,1.0,0.0,0.6823889,0.6823889,1.0
wheatG,GH,R1,KinCP-ABC,5,0,8,1.0,0.0,0.9298257,0.9298257,1.0
wheatG,GH,R1,KinCP-ABC,5,1,7,1.0,0.0,0.6886226,0.6886226,1.0
wheatG,GH,R1,KinCP-ABC,5,2,7,1.0,0.0,0.8637395,0.8637395,1.0
wheatG,GH,R1,KinCP-ABC,5,3,7,1.0,0.0,0.6464409,0.6464409,1.0
wheatG,GH,R1,KinCP-ABC,5,4,7,1.0,0.0,1.1073687,1.1073687,1.0
wheatG,GH,R1,SCP,1,0,8,1.0,0.0,0.8158501,0.8936449,0.75
wheatG,GH,R1,SCP,1,1,7,1.0,0.0,0.4426535,0.5592701,0.7142857142857143
wheatG,GH,R1,SCP,1,2,7,1.0,0.0,1.045226,1.2158697,0.8571428571428571
wheatG,GH,R1,SCP,1,3,7,1.0,0.0,0.5875622,0.53793573,0.5714285714285714
wheatG,GH,R1,SCP,1,4,7,1.0,0.0,0.8271276,0.71689445,0.5714285714285714
wheatG,GH,R1,SCP,2,0,8,1.0,0.0,0.72510535,0.46234208,0.75
wheatG,GH,R1,SCP,2,1,7,1.0,0.0,0.668584,0.72239965,0.7142857142857143
wheatG,GH,R1,SCP,2,2,7,1.0,0.0,0.59852684,0.7615165,0.8571428571428571
wheatG,GH,R1,SCP,2,3,7,0.8571428571428571,0.14285714285714285,0.3043237,0.68926203,0.7142857142857143
wheatG,GH,R1,SCP,2,4,7,0.8571428571428571,0.14285714285714285,0.5536704,0.9132791,0.5714285714285714
wheatG,GH,R1,SCP,3,0,8,1.0,0.0,1.066637,0.965322,0.875
wheatG,GH,R1,SCP,3,1,7,0.8571428571428571,0.14285714285714285,0.40024534,0.6315891,0.7142857142857143
wheatG,GH,R1,SCP,3,2,7,1.0,0.0,0.9228652,0.8022614,0.7142857142857143
wheatG,GH,R1,SCP,3,3,7,1.0,0.0,0.79005235,0.76552916,0.7142857142857143
wheatG,GH,R1,SCP,3,4,7,1.0,0.0,0.5762991,0.66103023,0.8571428571428571
wheatG,GH,R1,SCP,4,0,8,1.0,0.0,0.91788137,0.71419847,0.75
wheatG,GH,R1,SCP,4,1,7,1.0,0.0,0.82682693,0.8940254,0.7142857142857143
wheatG,GH,R1,SCP,4,2,7,1.0,0.0,0.8026292,0.92115104,0.7142857142857143
wheatG,GH,R1,SCP,4,3,7,1.0,0.0,0.70098126,0.7009813,1.0
wheatG,GH,R1,SCP,4,4,7,1.0,0.0,0.6823889,0.44759122,0.5714285714285714
wheatG,GH,R1,SCP,5,0,8,1.0,0.0,0.9298257,0.9904194,0.875
wheatG,GH,R1,SCP,5,1,7,1.0,0.0,0.6886226,0.6559125,0.7142857142857143
wheatG,GH,R1,SCP,5,2,7,1.0,0.0,0.8637395,0.80515134,0.7142857142857143
wheatG,GH,R1,SCP,5,3,7,1.0,0.0,0.6464409,0.5435757,0.5714285714285714
wheatG,GH,R1,SCP,5,4,7,1.0,0.0,1.1073687,1.0064182,0.8571428571428571
wheatG,GH,R2,CV+,1,0,12,1.0,0.0,0.28510487,0.2675437,0.8333333333333334
wheatG,GH,R2,CV+,1,1,3,1.0,0.0,0.62665004,0.62665004,1.0
wheatG,GH,R2,CV+,1,2,10,1.0,0.0,0.65982276,0.757831,0.9
wheatG,GH,R2,CV+,1,3,3,1.0,0.0,0.82386833,0.82386833,1.0
wheatG,GH,R2,CV+,1,4,9,0.7777777777777778,0.2222222222222222,-0.39894688,-0.34282854,0.7777777777777778
wheatG,GH,R2,CV+,2,0,12,1.0,0.0,0.28510487,0.32872334,0.9166666666666666
wheatG,GH,R2,CV+,2,1,3,1.0,0.0,0.62665004,0.62665004,1.0
wheatG,GH,R2,CV+,2,2,10,1.0,0.0,0.65982276,0.648681,0.9
wheatG,GH,R2,CV+,2,3,3,1.0,0.0,0.82386833,0.82386833,1.0
wheatG,GH,R2,CV+,2,4,9,0.7777777777777778,0.2222222222222222,-0.39894688,-0.42694068,0.7777777777777778
wheatG,GH,R2,CV+,3,0,12,1.0,0.0,0.28510487,0.31546107,0.8333333333333334
wheatG,GH,R2,CV+,3,1,3,1.0,0.0,0.62665004,0.62665004,1.0
wheatG,GH,R2,CV+,3,2,10,1.0,0.0,0.65982276,0.648681,0.9
wheatG,GH,R2,CV+,3,3,3,1.0,0.0,0.82386833,0.82386833,1.0
wheatG,GH,R2,CV+,3,4,9,0.7777777777777778,0.2222222222222222,-0.39894688,-0.2479291,0.7777777777777778
wheatG,GH,R2,CV+,4,0,12,1.0,0.0,0.28510487,0.34536055,0.9166666666666666
wheatG,GH,R2,CV+,4,1,3,1.0,0.0,0.62665004,0.62665004,1.0
wheatG,GH,R2,CV+,4,2,10,1.0,0.0,0.65982276,0.71447915,0.9
wheatG,GH,R2,CV+,4,3,3,1.0,0.0,0.82386833,0.82386833,1.0
wheatG,GH,R2,CV+,4,4,9,0.7777777777777778,0.2222222222222222,-0.39894688,-0.34063318,0.7777777777777778
wheatG,GH,R2,CV+,5,0,12,1.0,0.0,0.28510487,0.28510487,1.0
wheatG,GH,R2,CV+,5,1,3,1.0,0.0,0.62665004,0.598074,0.6666666666666666
wheatG,GH,R2,CV+,5,2,10,1.0,0.0,0.65982276,0.648681,0.9
wheatG,GH,R2,CV+,5,3,3,1.0,0.0,0.82386833,0.82386833,1.0
wheatG,GH,R2,CV+,5,4,9,0.7777777777777778,0.2222222222222222,-0.39894688,-0.30294022,0.8888888888888888
wheatG,GH,R2,CalPred-style,1,0,12,1.0,0.0,0.28510487,0.24910446,0.9166666666666666
wheatG,GH,R2,CalPred-style,1,1,3,1.0,0.0,0.62665004,0.6603406,0.6666666666666666
wheatG,GH,R2,CalPred-style,1,2,10,1.0,0.0,0.65982276,0.54560554,0.9
wheatG,GH,R2,CalPred-style,1,3,3,1.0,0.0,0.82386833,0.82386833,1.0
wheatG,GH,R2,CalPred-style,1,4,9,0.7777777777777778,0.2222222222222222,-0.39894688,-0.45091185,0.6666666666666666
wheatG,GH,R2,CalPred-style,2,0,12,1.0,0.0,0.28510487,0.24910446,0.9166666666666666
wheatG,GH,R2,CalPred-style,2,1,3,1.0,0.0,0.62665004,0.724236,0.6666666666666666
wheatG,GH,R2,CalPred-style,2,2,10,1.0,0.0,0.65982276,0.54560554,0.9
wheatG,GH,R2,CalPred-style,2,3,3,1.0,0.0,0.82386833,0.82386833,1.0
wheatG,GH,R2,CalPred-style,2,4,9,0.7777777777777778,0.2222222222222222,-0.39894688,-0.45091185,0.6666666666666666
wheatG,GH,R2,CalPred-style,3,0,12,1.0,0.0,0.28510487,0.24910446,0.9166666666666666
wheatG,GH,R2,CalPred-style,3,1,3,1.0,0.0,0.62665004,0.6603406,0.6666666666666666
wheatG,GH,R2,CalPred-style,3,2,10,1.0,0.0,0.65982276,0.54560554,0.9
wheatG,GH,R2,CalPred-style,3,3,3,1.0,0.0,0.82386833,0.82386833,1.0
wheatG,GH,R2,CalPred-style,3,4,9,0.7777777777777778,0.2222222222222222,-0.39894688,-0.45091185,0.6666666666666666
wheatG,GH,R2,CalPred-style,4,0,12,1.0,0.0,0.28510487,0.24910446,0.9166666666666666
wheatG,GH,R2,CalPred-style,4,1,3,1.0,0.0,0.62665004,0.724236,0.6666666666666666
wheatG,GH,R2,CalPred-style,4,2,10,1.0,0.0,0.65982276,0.54560554,0.9
wheatG,GH,R2,CalPred-style,4,3,3,1.0,0.0,0.82386833,0.82386833,1.0
wheatG,GH,R2,CalPred-style,4,4,9,0.7777777777777778,0.2222222222222222,-0.39894688,-0.45091185,0.6666666666666666
wheatG,GH,R2,CalPred-style,5,0,12,1.0,0.0,0.28510487,0.24910446,0.9166666666666666
wheatG,GH,R2,CalPred-style,5,1,3,1.0,0.0,0.62665004,0.6603406,0.6666666666666666
wheatG,GH,R2,CalPred-style,5,2,10,1.0,0.0,0.65982276,0.54560554,0.9
wheatG,GH,R2,CalPred-style,5,3,3,1.0,0.0,0.82386833,0.82386833,1.0
wheatG,GH,R2,CalPred-style,5,4,9,0.7777777777777778,0.2222222222222222,-0.39894688,-0.45091185,0.6666666666666666
wheatG,GH,R2,Gauss-PEV,1,0,12,1.0,0.0,0.28510487,0.254837,0.8333333333333334
wheatG,GH,R2,Gauss-PEV,1,1,3,1.0,0.0,0.62665004,0.6603406,0.6666666666666666
wheatG,GH,R2,Gauss-PEV,1,2,10,1.0,0.0,0.65982276,0.54560554,0.9
wheatG,GH,R2,Gauss-PEV,1,3,3,1.0,0.0,0.82386833,0.82386833,1.0
wheatG,GH,R2,Gauss-PEV,1,4,9,0.7777777777777778,0.2222222222222222,-0.39894688,-0.4388556,0.7777777777777778
wheatG,GH,R2,Gauss-PEV,2,0,12,1.0,0.0,0.28510487,0.254837,0.8333333333333334
wheatG,GH,R2,Gauss-PEV,2,1,3,1.0,0.0,0.62665004,0.6603406,0.6666666666666666
wheatG,GH,R2,Gauss-PEV,2,2,10,1.0,0.0,0.65982276,0.54560554,0.9
wheatG,GH,R2,Gauss-PEV,2,3,3,1.0,0.0,0.82386833,0.82386833,1.0
wheatG,GH,R2,Gauss-PEV,2,4,9,0.7777777777777778,0.2222222222222222,-0.39894688,-0.4388556,0.7777777777777778
wheatG,GH,R2,Gauss-PEV,3,0,12,1.0,0.0,0.28510487,0.254837,0.8333333333333334
wheatG,GH,R2,Gauss-PEV,3,1,3,1.0,0.0,0.62665004,0.6603406,0.6666666666666666
wheatG,GH,R2,Gauss-PEV,3,2,10,1.0,0.0,0.65982276,0.54560554,0.9
wheatG,GH,R2,Gauss-PEV,3,3,3,1.0,0.0,0.82386833,0.82386833,1.0
wheatG,GH,R2,Gauss-PEV,3,4,9,0.7777777777777778,0.2222222222222222,-0.39894688,-0.4388556,0.7777777777777778
wheatG,GH,R2,Gauss-PEV,4,0,12,1.0,0.0,0.28510487,0.254837,0.8333333333333334
wheatG,GH,R2,Gauss-PEV,4,1,3,1.0,0.0,0.62665004,0.6603406,0.6666666666666666
wheatG,GH,R2,Gauss-PEV,4,2,10,1.0,0.0,0.65982276,0.54560554,0.9
wheatG,GH,R2,Gauss-PEV,4,3,3,1.0,0.0,0.82386833,0.82386833,1.0
wheatG,GH,R2,Gauss-PEV,4,4,9,0.7777777777777778,0.2222222222222222,-0.39894688,-0.4388556,0.7777777777777778
wheatG,GH,R2,Gauss-PEV,5,0,12,1.0,0.0,0.28510487,0.254837,0.8333333333333334
wheatG,GH,R2,Gauss-PEV,5,1,3,1.0,0.0,0.62665004,0.6603406,0.6666666666666666
wheatG,GH,R2,Gauss-PEV,5,2,10,1.0,0.0,0.65982276,0.54560554,0.9
wheatG,GH,R2,Gauss-PEV,5,3,3,1.0,0.0,0.82386833,0.82386833,1.0
wheatG,GH,R2,Gauss-PEV,5,4,9,0.7777777777777778,0.2222222222222222,-0.39894688,-0.4388556,0.7777777777777778
wheatG,GH,R2,KinCP,1,0,12,1.0,0.0,0.28510487,0.25483704,0.8333333333333334
wheatG,GH,R2,KinCP,1,1,3,1.0,0.0,0.62665004,0.6603406,0.6666666666666666
wheatG,GH,R2,KinCP,1,2,10,1.0,0.0,0.65982276,0.65982276,1.0
wheatG,GH,R2,KinCP,1,3,3,1.0,0.0,0.82386833,0.82386833,1.0
wheatG,GH,R2,KinCP,1,4,9,0.7777777777777778,0.2222222222222222,-0.39894688,-0.3647591,0.8888888888888888
wheatG,GH,R2,KinCP,2,0,12,1.0,0.0,0.28510487,0.254837,0.8333333333333334
wheatG,GH,R2,KinCP,2,1,3,1.0,0.0,0.62665004,0.6603406,0.6666666666666666
wheatG,GH,R2,KinCP,2,2,10,1.0,0.0,0.65982276,0.5314847,0.9
wheatG,GH,R2,KinCP,2,3,3,1.0,0.0,0.82386833,0.82386833,1.0
wheatG,GH,R2,KinCP,2,4,9,0.7777777777777778,0.2222222222222222,-0.39894688,-0.3647591,0.8888888888888888
wheatG,GH,R2,KinCP,3,0,12,1.0,0.0,0.28510487,0.2553081,0.75
wheatG,GH,R2,KinCP,3,1,3,1.0,0.0,0.62665004,0.724236,0.6666666666666666
wheatG,GH,R2,KinCP,3,2,10,1.0,0.0,0.65982276,0.54560554,0.9
wheatG,GH,R2,KinCP,3,3,3,1.0,0.0,0.82386833,0.82386833,1.0
wheatG,GH,R2,KinCP,3,4,9,0.7777777777777778,0.2222222222222222,-0.39894688,-0.4388556,0.7777777777777778
wheatG,GH,R2,KinCP,4,0,12,1.0,0.0,0.28510487,0.254837,0.8333333333333334
wheatG,GH,R2,KinCP,4,1,3,1.0,0.0,0.62665004,0.6603406,0.6666666666666666
wheatG,GH,R2,KinCP,4,2,10,1.0,0.0,0.65982276,0.65982276,1.0
wheatG,GH,R2,KinCP,4,3,3,1.0,0.0,0.82386833,0.82386833,1.0
wheatG,GH,R2,KinCP,4,4,9,0.7777777777777778,0.2222222222222222,-0.39894688,-0.48678696,0.6666666666666666
wheatG,GH,R2,KinCP,5,0,12,1.0,0.0,0.28510487,0.303306,0.8333333333333334
wheatG,GH,R2,KinCP,5,1,3,1.0,0.0,0.62665004,0.6603406,0.6666666666666666
wheatG,GH,R2,KinCP,5,2,10,1.0,0.0,0.65982276,0.65982276,1.0
wheatG,GH,R2,KinCP,5,3,3,1.0,0.0,0.82386833,0.82386833,1.0
wheatG,GH,R2,KinCP,5,4,9,0.7777777777777778,0.2222222222222222,-0.39894688,-0.4235148,0.8888888888888888
wheatG,GH,R2,KinCP-ABC,1,0,12,1.0,0.0,0.28510487,0.28510487,1.0
wheatG,GH,R2,KinCP-ABC,1,1,3,1.0,0.0,0.62665004,0.62665004,1.0
wheatG,GH,R2,KinCP-ABC,1,2,10,1.0,0.0,0.65982276,0.65982276,1.0
wheatG,GH,R2,KinCP-ABC,1,3,3,1.0,0.0,0.82386833,0.82386833,1.0
wheatG,GH,R2,KinCP-ABC,1,4,9,0.7777777777777778,0.2222222222222222,-0.39894688,-0.39894688,1.0
wheatG,GH,R2,KinCP-ABC,2,0,12,1.0,0.0,0.28510487,0.28510487,1.0
wheatG,GH,R2,KinCP-ABC,2,1,3,1.0,0.0,0.62665004,0.62665004,1.0
wheatG,GH,R2,KinCP-ABC,2,2,10,1.0,0.0,0.65982276,0.65982276,1.0
wheatG,GH,R2,KinCP-ABC,2,3,3,1.0,0.0,0.82386833,0.82386833,1.0
wheatG,GH,R2,KinCP-ABC,2,4,9,0.7777777777777778,0.2222222222222222,-0.39894688,-0.39894688,1.0
wheatG,GH,R2,KinCP-ABC,3,0,12,1.0,0.0,0.28510487,0.28510487,1.0
wheatG,GH,R2,KinCP-ABC,3,1,3,1.0,0.0,0.62665004,0.62665004,1.0
wheatG,GH,R2,KinCP-ABC,3,2,10,1.0,0.0,0.65982276,0.65982276,1.0
wheatG,GH,R2,KinCP-ABC,3,3,3,1.0,0.0,0.82386833,0.82386833,1.0
wheatG,GH,R2,KinCP-ABC,3,4,9,0.7777777777777778,0.2222222222222222,-0.39894688,-0.39894688,1.0
wheatG,GH,R2,KinCP-ABC,4,0,12,1.0,0.0,0.28510487,0.28510487,1.0
wheatG,GH,R2,KinCP-ABC,4,1,3,1.0,0.0,0.62665004,0.62665004,1.0
wheatG,GH,R2,KinCP-ABC,4,2,10,1.0,0.0,0.65982276,0.65982276,1.0
wheatG,GH,R2,KinCP-ABC,4,3,3,1.0,0.0,0.82386833,0.82386833,1.0
wheatG,GH,R2,KinCP-ABC,4,4,9,0.7777777777777778,0.2222222222222222,-0.39894688,-0.39894688,1.0
wheatG,GH,R2,KinCP-ABC,5,0,12,1.0,0.0,0.28510487,0.28510487,1.0
wheatG,GH,R2,KinCP-ABC,5,1,3,1.0,0.0,0.62665004,0.62665004,1.0
wheatG,GH,R2,KinCP-ABC,5,2,10,1.0,0.0,0.65982276,0.65982276,1.0
wheatG,GH,R2,KinCP-ABC,5,3,3,1.0,0.0,0.82386833,0.82386833,1.0
wheatG,GH,R2,KinCP-ABC,5,4,9,0.7777777777777778,0.2222222222222222,-0.39894688,-0.39894688,1.0
wheatG,GH,R2,SCP,1,0,12,1.0,0.0,0.28510487,0.34586945,0.75
wheatG,GH,R2,SCP,1,1,3,1.0,0.0,0.62665004,0.62665004,1.0
wheatG,GH,R2,SCP,1,2,10,1.0,0.0,0.65982276,0.6470543,0.7
wheatG,GH,R2,SCP,1,3,3,1.0,0.0,0.82386833,0.94660115,0.6666666666666666
wheatG,GH,R2,SCP,1,4,9,0.7777777777777778,0.2222222222222222,-0.39894688,-0.11673449,0.6666666666666666
wheatG,GH,R2,SCP,2,0,12,1.0,0.0,0.28510487,0.24753034,0.75
wheatG,GH,R2,SCP,2,1,3,1.0,0.0,0.62665004,0.62665004,1.0
wheatG,GH,R2,SCP,2,2,10,1.0,0.0,0.65982276,0.41649884,0.8
wheatG,GH,R2,SCP,2,3,3,1.0,0.0,0.82386833,1.1422745,0.6666666666666666
wheatG,GH,R2,SCP,2,4,9,0.7777777777777778,0.2222222222222222,-0.39894688,-0.5686375,0.6666666666666666
wheatG,GH,R2,SCP,3,0,12,1.0,0.0,0.28510487,0.029856801,0.8333333333333334
wheatG,GH,R2,SCP,3,1,3,1.0,0.0,0.62665004,0.62665004,1.0
wheatG,GH,R2,SCP,3,2,10,1.0,0.0,0.65982276,0.65982276,1.0
wheatG,GH,R2,SCP,3,3,3,1.0,0.0,0.82386833,1.0767074,0.3333333333333333
wheatG,GH,R2,SCP,3,4,9,0.7777777777777778,0.2222222222222222,-0.39894688,-0.0116656255,0.7777777777777778
wheatG,GH,R2,SCP,4,0,12,1.0,0.0,0.28510487,0.2726427,0.9166666666666666
wheatG,GH,R2,SCP,4,1,3,1.0,0.0,0.62665004,0.62665004,1.0
wheatG,GH,R2,SCP,4,2,10,1.0,0.0,0.65982276,0.51079065,0.6
wheatG,GH,R2,SCP,4,3,3,1.0,0.0,0.82386833,1.0980209,0.3333333333333333
wheatG,GH,R2,SCP,4,4,9,0.7777777777777778,0.2222222222222222,-0.39894688,-0.34548768,0.7777777777777778
wheatG,GH,R2,SCP,5,0,12,1.0,0.0,0.28510487,0.29789874,0.75
wheatG,GH,R2,SCP,5,1,3,1.0,0.0,0.62665004,0.62665004,1.0
wheatG,GH,R2,SCP,5,2,10,1.0,0.0,0.65982276,0.6136746,0.9
wheatG,GH,R2,SCP,5,3,3,1.0,0.0,0.82386833,1.1422745,0.6666666666666666
wheatG,GH,R2,SCP,5,4,9,0.7777777777777778,0.2222222222222222,-0.39894688,-0.14136063,0.3333333333333333
wheatG,GPE,R1,CV+,1,0,8,0.875,0.0,0.6876209,1.0062836,0.875
wheatG,GPE,R1,CV+,1,1,7,1.0,0.0,0.7495788,1.1552135,0.8571428571428571
wheatG,GPE,R1,CV+,1,2,7,0.7142857142857143,0.0,1.0083925,0.6180666,0.7142857142857143
wheatG,GPE,R1,CV+,1,3,7,0.8571428571428571,0.0,0.9460863,0.915738,0.8571428571428571
wheatG,GPE,R1,CV+,1,4,7,1.0,0.0,0.21530373,0.36291328,0.8571428571428571
wheatG,GPE,R1,CV+,2,0,8,0.875,0.0,0.9873167,1.1340059,0.875
wheatG,GPE,R1,CV+,2,1,7,1.0,0.0,0.015965631,0.01596564,1.0
wheatG,GPE,R1,CV+,2,2,7,0.5714285714285714,0.0,0.9717788,1.0159005,0.8571428571428571
wheatG,GPE,R1,CV+,2,3,7,1.0,0.0,0.8012458,0.8012458,1.0
wheatG,GPE,R1,CV+,2,4,7,1.0,0.0,0.32281587,0.32281587,1.0
wheatG,GPE,R1,CV+,3,0,8,1.0,0.0,0.34247002,0.34247002,1.0
wheatG,GPE,R1,CV+,3,1,7,0.5714285714285714,0.0,1.3505577,1.4048198,0.8571428571428571
wheatG,GPE,R1,CV+,3,2,7,1.0,0.0,0.627026,0.627026,1.0
wheatG,GPE,R1,CV+,3,3,7,0.8571428571428571,0.0,0.93394893,0.91179246,0.8571428571428571
wheatG,GPE,R1,CV+,3,4,7,0.8571428571428571,0.0,0.9503851,1.0019777,0.8571428571428571
wheatG,GPE,R1,CV+,4,0,8,0.75,0.25,-0.4595548,-0.44443935,0.75
wheatG,GPE,R1,CV+,4,1,7,1.0,0.0,0.64098275,0.5558921,0.8571428571428571
wheatG,GPE,R1,CV+,4,2,7,0.8571428571428571,0.0,0.83062357,0.83062357,1.0
wheatG,GPE,R1,CV+,4,3,7,1.0,0.0,0.6983328,0.6983328,1.0
wheatG,GPE,R1,CV+,4,4,7,1.0,0.0,1.0781673,0.84354454,0.8571428571428571
wheatG,GPE,R1,CV+,5,0,8,1.0,0.0,0.8296759,0.7305794,0.875
wheatG,GPE,R1,CV+,5,1,7,0.7142857142857143,0.0,1.087761,0.7428199,0.8571428571428571
wheatG,GPE,R1,CV+,5,2,7,0.8571428571428571,0.0,1.1460718,1.1998842,0.8571428571428571
wheatG,GPE,R1,CV+,5,3,7,0.7142857142857143,0.14285714285714285,0.49850944,0.4985094,1.0
wheatG,GPE,R1,CV+,5,4,7,1.0,0.0,0.107238635,0.107238635,1.0
wheatG,GPE,R1,CalPred-style,1,0,8,0.75,0.125,0.6876209,0.65437573,0.875
wheatG,GPE,R1,CalPred-style,1,1,7,1.0,0.0,0.7495788,0.5569832,0.8571428571428571
wheatG,GPE,R1,CalPred-style,1,2,7,0.7142857142857143,0.0,1.0083925,0.63688767,0.7142857142857143
wheatG,GPE,R1,CalPred-style,1,3,7,0.8571428571428571,0.0,0.9460863,0.8899603,0.8571428571428571
wheatG,GPE,R1,CalPred-style,1,4,7,1.0,0.0,0.21530373,0.45073086,0.8571428571428571
wheatG,GPE,R1,CalPred-style,2,0,8,0.875,0.0,0.9873167,0.82715404,0.75
wheatG,GPE,R1,CalPred-style,2,1,7,1.0,0.0,0.015965631,-0.1167045,0.7142857142857143
wheatG,GPE,R1,CalPred-style,2,2,7,0.7142857142857143,0.0,0.9717788,1.0436276,0.8571428571428571
wheatG,GPE,R1,CalPred-style,2,3,7,0.8571428571428571,0.14285714285714285,0.8012458,0.8012458,1.0
wheatG,GPE,R1,CalPred-style,2,4,7,1.0,0.0,0.32281587,0.43951514,0.8571428571428571
wheatG,GPE,R1,CalPred-style,3,0,8,1.0,0.0,0.34247002,0.34247002,1.0
wheatG,GPE,R1,CalPred-style,3,1,7,0.42857142857142855,0.14285714285714285,1.3505577,1.3971317,0.8571428571428571
wheatG,GPE,R1,CalPred-style,3,2,7,1.0,0.0,0.627026,0.9957445,0.5714285714285714
wheatG,GPE,R1,CalPred-style,3,3,7,0.8571428571428571,0.0,0.93394893,0.6991062,0.7142857142857143
wheatG,GPE,R1,CalPred-style,3,4,7,0.8571428571428571,0.0,0.9503851,0.5834251,0.8571428571428571
wheatG,GPE,R1,CalPred-style,4,0,8,0.625,0.375,-0.4595548,0.013647035,0.5
wheatG,GPE,R1,CalPred-style,4,1,7,1.0,0.0,0.64098275,0.5558921,0.8571428571428571
wheatG,GPE,R1,CalPred-style,4,2,7,0.8571428571428571,0.0,0.83062357,0.31044096,0.7142857142857143
wheatG,GPE,R1,CalPred-style,4,3,7,1.0,0.0,0.6983328,0.777693,0.8571428571428571
wheatG,GPE,R1,CalPred-style,4,4,7,0.8571428571428571,0.14285714285714285,1.0781673,0.7009096,0.7142857142857143
wheatG,GPE,R1,CalPred-style,5,0,8,1.0,0.0,0.8296759,0.5570004,0.875
wheatG,GPE,R1,CalPred-style,5,1,7,0.7142857142857143,0.0,1.087761,1.0877612,1.0
wheatG,GPE,R1,CalPred-style,5,2,7,0.8571428571428571,0.0,1.1460718,0.8605623,0.5714285714285714
wheatG,GPE,R1,CalPred-style,5,3,7,0.7142857142857143,0.14285714285714285,0.49850944,0.6618853,0.8571428571428571
wheatG,GPE,R1,CalPred-style,5,4,7,0.8571428571428571,0.14285714285714285,0.107238635,0.10723864,1.0
wheatG,GPE,R1,Gauss-PEV,1,0,8,0.875,0.0,0.6876209,0.65437573,0.875
wheatG,GPE,R1,Gauss-PEV,1,1,7,1.0,0.0,0.7495788,0.7495788,1.0
wheatG,GPE,R1,Gauss-PEV,1,2,7,0.7142857142857143,0.0,1.0083925,0.63612777,0.8571428571428571
wheatG,GPE,R1,Gauss-PEV,1,3,7,0.8571428571428571,0.0,0.9460863,0.9479229,0.8571428571428571
wheatG,GPE,R1,Gauss-PEV,1,4,7,1.0,0.0,0.21530373,0.21530373,1.0
wheatG,GPE,R1,Gauss-PEV,2,0,8,0.875,0.0,0.9873167,0.9873167,1.0
wheatG,GPE,R1,Gauss-PEV,2,1,7,1.0,0.0,0.015965631,0.015965631,1.0
wheatG,GPE,R1,Gauss-PEV,2,2,7,0.5714285714285714,0.0,0.9717788,1.1572376,0.8571428571428571
wheatG,GPE,R1,Gauss-PEV,2,3,7,0.8571428571428571,0.14285714285714285,0.8012458,0.8012458,1.0
wheatG,GPE,R1,Gauss-PEV,2,4,7,1.0,0.0,0.32281587,0.32281587,1.0
wheatG,GPE,R1,Gauss-PEV,3,0,8,1.0,0.0,0.34247002,0.34247002,1.0
wheatG,GPE,R1,Gauss-PEV,3,1,7,0.5714285714285714,0.0,1.3505577,1.3505577,1.0
wheatG,GPE,R1,Gauss-PEV,3,2,7,1.0,0.0,0.627026,1.1042289,0.8571428571428571
wheatG,GPE,R1,Gauss-PEV,3,3,7,0.8571428571428571,0.0,0.93394893,0.6880792,0.8571428571428571
wheatG,GPE,R1,Gauss-PEV,3,4,7,0.8571428571428571,0.0,0.9503851,0.5834251,0.8571428571428571
wheatG,GPE,R1,Gauss-PEV,4,0,8,0.625,0.375,-0.4595548,-0.4464954,0.75
wheatG,GPE,R1,Gauss-PEV,4,1,7,1.0,0.0,0.64098275,0.5558921,0.8571428571428571
wheatG,GPE,R1,Gauss-PEV,4,2,7,0.8571428571428571,0.0,0.83062357,0.83062357,1.0
wheatG,GPE,R1,Gauss-PEV,4,3,7,1.0,0.0,0.6983328,0.6013013,0.8571428571428571
wheatG,GPE,R1,Gauss-PEV,4,4,7,1.0,0.0,1.0781673,1.0140928,0.8571428571428571
wheatG,GPE,R1,Gauss-PEV,5,0,8,1.0,0.0,0.8296759,0.829676,1.0
wheatG,GPE,R1,Gauss-PEV,5,1,7,0.7142857142857143,0.0,1.087761,1.087761,1.0
wheatG,GPE,R1,Gauss-PEV,5,2,7,0.8571428571428571,0.0,1.1460718,1.2671192,0.8571428571428571
wheatG,GPE,R1,Gauss-PEV,5,3,7,0.7142857142857143,0.14285714285714285,0.49850944,0.6618854,0.8571428571428571
wheatG,GPE,R1,Gauss-PEV,5,4,7,0.8571428571428571,0.14285714285714285,0.107238635,0.107238635,1.0
wheatG,GPE,R1,KinCP,1,0,8,0.875,0.0,0.6876209,0.4576696,0.75
wheatG,GPE,R1,KinCP,1,1,7,1.0,0.0,0.7495788,0.5569832,0.8571428571428571
wheatG,GPE,R1,KinCP,1,2,7,0.7142857142857143,0.0,1.0083925,1.1140757,0.42857142857142855
wheatG,GPE,R1,KinCP,1,3,7,0.8571428571428571,0.0,0.9460863,0.947923,0.8571428571428571
wheatG,GPE,R1,KinCP,1,4,7,1.0,0.0,0.21530373,0.42089087,0.8571428571428571
wheatG,GPE,R1,KinCP,2,0,8,0.875,0.0,0.9873167,0.6325356,0.75
wheatG,GPE,R1,KinCP,2,1,7,1.0,0.0,0.015965631,0.015965624,1.0
wheatG,GPE,R1,KinCP,2,2,7,0.5714285714285714,0.0,0.9717788,1.0159005,0.8571428571428571
wheatG,GPE,R1,KinCP,2,3,7,0.8571428571428571,0.14285714285714285,0.8012458,0.8012458,1.0
wheatG,GPE,R1,KinCP,2,4,7,1.0,0.0,0.32281587,0.59667253,0.7142857142857143
wheatG,GPE,R1,KinCP,3,0,8,1.0,0.0,0.34247002,0.25735486,0.75
wheatG,GPE,R1,KinCP,3,1,7,0.7142857142857143,0.0,1.3505577,0.5457163,0.5714285714285714
wheatG,GPE,R1,KinCP,3,2,7,1.0,0.0,0.627026,1.1042289,0.8571428571428571
wheatG,GPE,R1,KinCP,3,3,7,0.8571428571428571,0.0,0.93394893,0.7722812,0.8571428571428571
wheatG,GPE,R1,KinCP,3,4,7,0.8571428571428571,0.0,0.9503851,0.68911123,0.7142857142857143
wheatG,GPE,R1,KinCP,4,0,8,0.625,0.375,-0.4595548,-0.4464954,0.75
wheatG,GPE,R1,KinCP,4,1,7,1.0,0.0,0.64098275,0.64098275,1.0
wheatG,GPE,R1,KinCP,4,2,7,0.8571428571428571,0.0,0.83062357,0.35511658,0.7142857142857143
wheatG,GPE,R1,KinCP,4,3,7,1.0,0.0,0.6983328,1.1591835,0.5714285714285714
wheatG,GPE,R1,KinCP,4,4,7,1.0,0.0,1.0781673,0.8618663,0.8571428571428571
wheatG,GPE,R1,KinCP,5,0,8,1.0,0.0,0.8296759,0.976906,0.875
wheatG,GPE,R1,KinCP,5,1,7,0.7142857142857143,0.0,1.087761,0.709452,0.7142857142857143
wheatG,GPE,R1,KinCP,5,2,7,0.8571428571428571,0.0,1.1460718,0.8664259,0.8571428571428571
wheatG,GPE,R1,KinCP,5,3,7,0.7142857142857143,0.14285714285714285,0.49850944,0.6618854,0.8571428571428571
wheatG,GPE,R1,KinCP,5,4,7,0.8571428571428571,0.14285714285714285,0.107238635,0.10723864,1.0
wheatG,GPE,R1,KinCP-ABC,1,0,8,0.875,0.0,0.6876209,0.6876209,1.0
wheatG,GPE,R1,KinCP-ABC,1,1,7,1.0,0.0,0.7495788,0.7495788,1.0
wheatG,GPE,R1,KinCP-ABC,1,2,7,0.7142857142857143,0.0,1.0083925,1.0083925,1.0
wheatG,GPE,R1,KinCP-ABC,1,3,7,0.8571428571428571,0.0,0.9460863,0.9460863,1.0
wheatG,GPE,R1,KinCP-ABC,1,4,7,1.0,0.0,0.21530373,0.21530373,1.0
wheatG,GPE,R1,KinCP-ABC,2,0,8,0.875,0.0,0.9873167,0.9873167,1.0
wheatG,GPE,R1,KinCP-ABC,2,1,7,1.0,0.0,0.015965631,0.015965631,1.0
wheatG,GPE,R1,KinCP-ABC,2,2,7,0.5714285714285714,0.0,0.9717788,0.9717788,1.0
wheatG,GPE,R1,KinCP-ABC,2,3,7,0.8571428571428571,0.14285714285714285,0.8012458,0.8012458,1.0
wheatG,GPE,R1,KinCP-ABC,2,4,7,1.0,0.0,0.32281587,0.32281587,1.0
wheatG,GPE,R1,KinCP-ABC,3,0,8,1.0,0.0,0.34247002,0.34247002,1.0
wheatG,GPE,R1,KinCP-ABC,3,1,7,0.5714285714285714,0.0,1.3505577,1.3505577,1.0
wheatG,GPE,R1,KinCP-ABC,3,2,7,1.0,0.0,0.627026,0.627026,1.0
wheatG,GPE,R1,KinCP-ABC,3,3,7,0.8571428571428571,0.0,0.93394893,0.93394893,1.0
wheatG,GPE,R1,KinCP-ABC,3,4,7,0.8571428571428571,0.0,0.9503851,0.9503851,1.0
wheatG,GPE,R1,KinCP-ABC,4,0,8,0.625,0.375,-0.4595548,-0.4595548,1.0
wheatG,GPE,R1,KinCP-ABC,4,1,7,1.0,0.0,0.64098275,0.64098275,1.0
wheatG,GPE,R1,KinCP-ABC,4,2,7,0.8571428571428571,0.0,0.83062357,0.83062357,1.0
wheatG,GPE,R1,KinCP-ABC,4,3,7,1.0,0.0,0.6983328,0.6983328,1.0
wheatG,GPE,R1,KinCP-ABC,4,4,7,1.0,0.0,1.0781673,1.0781673,1.0
wheatG,GPE,R1,KinCP-ABC,5,0,8,1.0,0.0,0.8296759,0.8296759,1.0
wheatG,GPE,R1,KinCP-ABC,5,1,7,0.7142857142857143,0.0,1.087761,1.087761,1.0
wheatG,GPE,R1,KinCP-ABC,5,2,7,0.8571428571428571,0.0,1.1460718,1.1460718,1.0
wheatG,GPE,R1,KinCP-ABC,5,3,7,0.7142857142857143,0.14285714285714285,0.49850944,0.49850944,1.0
wheatG,GPE,R1,KinCP-ABC,5,4,7,1.0,0.0,0.107238635,0.107238635,1.0
wheatG,GPE,R1,SCP,1,0,8,0.875,0.0,0.6876209,0.6543757,0.875
wheatG,GPE,R1,SCP,1,1,7,1.0,0.0,0.7495788,0.9692411,0.7142857142857143
wheatG,GPE,R1,SCP,1,2,7,0.7142857142857143,0.0,1.0083925,0.58417356,0.5714285714285714
wheatG,GPE,R1,SCP,1,3,7,0.8571428571428571,0.0,0.9460863,0.74399424,0.7142857142857143
wheatG,GPE,R1,SCP,1,4,7,1.0,0.0,0.21530373,0.21530376,1.0
wheatG,GPE,R1,SCP,2,0,8,0.875,0.0,0.9873167,0.7101147,0.75
wheatG,GPE,R1,SCP,2,1,7,1.0,0.0,0.015965631,-0.08815329,0.8571428571428571
wheatG,GPE,R1,SCP,2,2,7,0.5714285714285714,0.0,0.9717788,1.1262082,0.8571428571428571
wheatG,GPE,R1,SCP,2,3,7,0.8571428571428571,0.14285714285714285,0.8012458,0.80124587,1.0
wheatG,GPE,R1,SCP,2,4,7,1.0,0.0,0.32281587,0.8863236,0.7142857142857143
wheatG,GPE,R1,SCP,3,0,8,1.0,0.0,0.34247002,0.31788516,0.875
wheatG,GPE,R1,SCP,3,1,7,0.42857142857142855,0.14285714285714285,1.3505577,0.74602574,0.5714285714285714
wheatG,GPE,R1,SCP,3,2,7,1.0,0.0,0.627026,0.77000946,0.8571428571428571
wheatG,GPE,R1,SCP,3,3,7,0.8571428571428571,0.0,0.93394893,0.99551815,0.5714285714285714
wheatG,GPE,R1,SCP,3,4,7,0.8571428571428571,0.0,0.9503851,0.6467268,0.7142857142857143
wheatG,GPE,R1,SCP,4,0,8,0.875,0.125,-0.4595548,0.44706005,0.625
wheatG,GPE,R1,SCP,4,1,7,1.0,0.0,0.64098275,0.45482373,0.8571428571428571
wheatG,GPE,R1,SCP,4,2,7,0.7142857142857143,0.0,0.83062357,0.43814212,0.8571428571428571
wheatG,GPE,R1,SCP,4,3,7,1.0,0.0,0.6983328,0.79533803,0.8571428571428571
wheatG,GPE,R1,SCP,4,4,7,1.0,0.0,1.0781673,0.8618663,0.8571428571428571
wheatG,GPE,R1,SCP,5,0,8,1.0,0.0,0.8296759,0.73057944,0.875
wheatG,GPE,R1,SCP,5,1,7,0.7142857142857143,0.0,1.087761,1.0877612,1.0
wheatG,GPE,R1,SCP,5,2,7,0.8571428571428571,0.0,1.1460718,1.2658489,0.7142857142857143
wheatG,GPE,R1,SCP,5,3,7,0.5714285714285714,0.2857142857142857,0.49850944,0.4985094,1.0
wheatG,GPE,R1,SCP,5,4,7,1.0,0.0,0.107238635,-0.014128298,0.8571428571428571
wheatG,GPE,R2,CV+,1,0,12,0.8333333333333334,0.0,0.6540854,0.75771326,0.9166666666666666
wheatG,GPE,R2,CV+,1,1,3,1.0,0.0,0.053630114,0.053630114,1.0
wheatG,GPE,R2,CV+,1,2,10,0.9,0.1,0.1585888,0.4161419,0.9
wheatG,GPE,R2,CV+,1,3,3,1.0,0.0,0.7872713,0.7872713,1.0
wheatG,GPE,R2,CV+,1,4,9,0.7777777777777778,0.0,1.1185265,1.1185265,1.0
wheatG,GPE,R2,CV+,2,0,12,0.9166666666666666,0.0,0.6540854,0.8224635,0.8333333333333334
wheatG,GPE,R2,CV+,2,1,3,1.0,0.0,0.053630114,-0.027831197,0.6666666666666666
wheatG,GPE,R2,CV+,2,2,10,0.8,0.2,0.1585888,0.0034755827,0.8
wheatG,GPE,R2,CV+,2,3,3,1.0,0.0,0.7872713,0.7872713,1.0
wheatG,GPE,R2,CV+,2,4,9,0.7777777777777778,0.0,1.1185265,1.1185265,1.0
wheatG,GPE,R2,CV+,3,0,12,0.8333333333333334,0.0,0.6540854,0.709455,0.9166666666666666
wheatG,GPE,R2,CV+,3,1,3,1.0,0.0,0.053630114,0.053630114,1.0
wheatG,GPE,R2,CV+,3,2,10,0.9,0.1,0.1585888,0.27246338,0.8
wheatG,GPE,R2,CV+,3,3,3,0.6666666666666666,0.0,0.7872713,0.7872713,1.0
wheatG,GPE,R2,CV+,3,4,9,0.7777777777777778,0.0,1.1185265,1.1185265,1.0
wheatG,GPE,R2,CV+,4,0,12,0.8333333333333334,0.0,0.6540854,0.718657,0.9166666666666666
wheatG,GPE,R2,CV+,4,1,3,1.0,0.0,0.053630114,0.053630114,1.0
wheatG,GPE,R2,CV+,4,2,10,0.9,0.1,0.1585888,0.046720274,0.9
wheatG,GPE,R2,CV+,4,3,3,0.6666666666666666,0.0,0.7872713,0.7872713,1.0
wheatG,GPE,R2,CV+,4,4,9,0.7777777777777778,0.0,1.1185265,0.8316435,0.8888888888888888
wheatG,GPE,R2,CV+,5,0,12,0.9166666666666666,0.0,0.6540854,0.71865696,0.9166666666666666
wheatG,GPE,R2,CV+,5,1,3,1.0,0.0,0.053630114,0.053630114,1.0
wheatG,GPE,R2,CV+,5,2,10,0.9,0.1,0.1585888,0.046720266,0.9
wheatG,GPE,R2,CV+,5,3,3,0.6666666666666666,0.0,0.7872713,0.87411743,0.6666666666666666
wheatG,GPE,R2,CV+,5,4,9,0.7777777777777778,0.0,1.1185265,1.1185265,1.0
wheatG,GPE,R2,CalPred-style,1,0,12,0.9166666666666666,0.0,0.6540854,0.6494998,0.9166666666666666
wheatG,GPE,R2,CalPred-style,1,1,3,1.0,0.0,0.053630114,0.7282179,0.6666666666666666
wheatG,GPE,R2,CalPred-style,1,2,10,0.8,0.2,0.1585888,0.11508896,0.7
wheatG,GPE,R2,CalPred-style,1,3,3,1.0,0.0,0.7872713,0.7872713,1.0
wheatG,GPE,R2,CalPred-style,1,4,9,0.7777777777777778,0.0,1.1185265,1.2699833,0.8888888888888888
wheatG,GPE,R2,CalPred-style,2,0,12,0.9166666666666666,0.0,0.6540854,0.6494998,0.9166666666666666
wheatG,GPE,R2,CalPred-style,2,1,3,1.0,0.0,0.053630114,0.7282179,0.6666666666666666
wheatG,GPE,R2,CalPred-style,2,2,10,0.8,0.2,0.1585888,0.11508896,0.7
wheatG,GPE,R2,CalPred-style,2,3,3,1.0,0.0,0.7872713,0.7872713,1.0
wheatG,GPE,R2,CalPred-style,2,4,9,0.7777777777777778,0.0,1.1185265,1.2699833,0.8888888888888888
wheatG,GPE,R2,CalPred-style,3,0,12,0.9166666666666666,0.0,0.6540854,0.6494998,0.9166666666666666
wheatG,GPE,R2,CalPred-style,3,1,3,1.0,0.0,0.053630114,0.7282179,0.6666666666666666
wheatG,GPE,R2,CalPred-style,3,2,10,0.8,0.2,0.1585888,0.11508896,0.7
wheatG,GPE,R2,CalPred-style,3,3,3,1.0,0.0,0.7872713,0.7872713,1.0
wheatG,GPE,R2,CalPred-style,3,4,9,0.7777777777777778,0.0,1.1185265,1.2699833,0.8888888888888888
wheatG,GPE,R2,CalPred-style,4,0,12,0.9166666666666666,0.0,0.6540854,0.6494998,0.9166666666666666
wheatG,GPE,R2,CalPred-style,4,1,3,1.0,0.0,0.053630114,0.7282179,0.6666666666666666
wheatG,GPE,R2,CalPred-style,4,2,10,0.8,0.2,0.1585888,0.11508896,0.7
wheatG,GPE,R2,CalPred-style,4,3,3,1.0,0.0,0.7872713,0.7872713,1.0
wheatG,GPE,R2,CalPred-style,4,4,9,0.7777777777777778,0.0,1.1185265,1.2699833,0.8888888888888888
wheatG,GPE,R2,CalPred-style,5,0,12,0.9166666666666666,0.0,0.6540854,0.6494998,0.9166666666666666
wheatG,GPE,R2,CalPred-style,5,1,3,1.0,0.0,0.053630114,0.7282179,0.6666666666666666
wheatG,GPE,R2,CalPred-style,5,2,10,0.8,0.2,0.1585888,0.11508896,0.7
wheatG,GPE,R2,CalPred-style,5,3,3,1.0,0.0,0.7872713,0.7872713,1.0
wheatG,GPE,R2,CalPred-style,5,4,9,0.7777777777777778,0.0,1.1185265,1.2699833,0.8888888888888888
wheatG,GPE,R2,Gauss-PEV,1,0,12,0.8333333333333334,0.0,0.6540854,0.64949983,0.9166666666666666
wheatG,GPE,R2,Gauss-PEV,1,1,3,1.0,0.0,0.053630114,0.7282179,0.6666666666666666
wheatG,GPE,R2,Gauss-PEV,1,2,10,0.9,0.1,0.1585888,0.11508894,0.7
wheatG,GPE,R2,Gauss-PEV,1,3,3,1.0,0.0,0.7872713,0.7872713,1.0
wheatG,GPE,R2,Gauss-PEV,1,4,9,0.7777777777777778,0.0,1.1185265,1.1185265,1.0
wheatG,GPE,R2,Gauss-PEV,2,0,12,0.8333333333333334,0.0,0.6540854,0.64949983,0.9166666666666666
wheatG,GPE,R2,Gauss-PEV,2,1,3,1.0,0.0,0.053630114,0.7282179,0.6666666666666666
wheatG,GPE,R2,Gauss-PEV,2,2,10,0.9,0.1,0.1585888,0.11508894,0.7
wheatG,GPE,R2,Gauss-PEV,2,3,3,1.0,0.0,0.7872713,0.7872713,1.0
wheatG,GPE,R2,Gauss-PEV,2,4,9,0.7777777777777778,0.0,1.1185265,1.1185265,1.0
wheatG,GPE,R2,Gauss-PEV,3,0,12,0.8333333333333334,0.0,0.6540854,0.64949983,0.9166666666666666
wheatG,GPE,R2,Gauss-PEV,3,1,3,1.0,0.0,0.053630114,0.7282179,0.6666666666666666
wheatG,GPE,R2,Gauss-PEV,3,2,10,0.9,0.1,0.1585888,0.11508894,0.7
wheatG,GPE,R2,Gauss-PEV,3,3,3,1.0,0.0,0.7872713,0.7872713,1.0
wheatG,GPE,R2,Gauss-PEV,3,4,9,0.7777777777777778,0.0,1.1185265,1.1185265,1.0
wheatG,GPE,R2,Gauss-PEV,4,0,12,0.8333333333333334,0.0,0.6540854,0.64949983,0.9166666666666666
wheatG,GPE,R2,Gauss-PEV,4,1,3,1.0,0.0,0.053630114,0.7282179,0.6666666666666666
wheatG,GPE,R2,Gauss-PEV,4,2,10,0.9,0.1,0.1585888,0.11508894,0.7
wheatG,GPE,R2,Gauss-PEV,4,3,3,1.0,0.0,0.7872713,0.7872713,1.0
wheatG,GPE,R2,Gauss-PEV,4,4,9,0.7777777777777778,0.0,1.1185265,1.1185265,1.0
wheatG,GPE,R2,Gauss-PEV,5,0,12,0.8333333333333334,0.0,0.6540854,0.64949983,0.9166666666666666
wheatG,GPE,R2,Gauss-PEV,5,1,3,1.0,0.0,0.053630114,0.7282179,0.6666666666666666
wheatG,GPE,R2,Gauss-PEV,5,2,10,0.9,0.1,0.1585888,0.11508894,0.7
wheatG,GPE,R2,Gauss-PEV,5,3,3,1.0,0.0,0.7872713,0.7872713,1.0
wheatG,GPE,R2,Gauss-PEV,5,4,9,0.7777777777777778,0.0,1.1185265,1.1185265,1.0
wheatG,GPE,R2,KinCP,1,0,12,0.8333333333333334,0.0,0.6540854,0.57789046,0.75
wheatG,GPE,R2,KinCP,1,1,3,1.0,0.0,0.053630114,0.7282179,0.6666666666666666
wheatG,GPE,R2,KinCP,1,2,10,0.8,0.2,0.1585888,-0.08038501,0.8
wheatG,GPE,R2,KinCP,1,3,3,1.0,0.0,0.7872713,0.3275452,0.3333333333333333
wheatG,GPE,R2,KinCP,1,4,9,0.7777777777777778,0.0,1.1185265,1.0515094,0.8888888888888888
wheatG,GPE,R2,KinCP,2,0,12,0.9166666666666666,0.0,0.6540854,0.64949983,0.9166666666666666
wheatG,GPE,R2,KinCP,2,1,3,1.0,0.0,0.053630114,0.7282179,0.6666666666666666
wheatG,GPE,R2,KinCP,2,2,10,0.8,0.2,0.1585888,0.026057255,0.9
wheatG,GPE,R2,KinCP,2,3,3,1.0,0.0,0.7872713,0.3275452,0.3333333333333333
wheatG,GPE,R2,KinCP,2,4,9,0.7777777777777778,0.0,1.1185265,1.1185265,1.0
wheatG,GPE,R2,KinCP,3,0,12,0.8333333333333334,0.0,0.6540854,0.9005701,0.8333333333333334
wheatG,GPE,R2,KinCP,3,1,3,1.0,0.0,0.053630114,0.7282179,0.6666666666666666
wheatG,GPE,R2,KinCP,3,2,10,0.8,0.2,0.1585888,0.046720274,0.9
wheatG,GPE,R2,KinCP,3,3,3,1.0,0.0,0.7872713,0.3275452,0.3333333333333333
wheatG,GPE,R2,KinCP,3,4,9,0.7777777777777778,0.0,1.1185265,1.094892,0.8888888888888888
wheatG,GPE,R2,KinCP,4,0,12,0.8333333333333334,0.0,0.6540854,0.8502554,0.8333333333333334
wheatG,GPE,R2,KinCP,4,1,3,1.0,0.0,0.053630114,0.7282179,0.6666666666666666
wheatG,GPE,R2,KinCP,4,2,10,0.9,0.1,0.1585888,0.046720274,0.9
wheatG,GPE,R2,KinCP,4,3,3,1.0,0.0,0.7872713,0.7872713,1.0
wheatG,GPE,R2,KinCP,4,4,9,0.7777777777777778,0.0,1.1185265,1.1185265,1.0
wheatG,GPE,R2,KinCP,5,0,12,0.8333333333333334,0.0,0.6540854,0.8502553,0.8333333333333334
wheatG,GPE,R2,KinCP,5,1,3,1.0,0.0,0.053630114,0.7282179,0.6666666666666666
wheatG,GPE,R2,KinCP,5,2,10,0.8,0.2,0.1585888,0.046720274,0.9
wheatG,GPE,R2,KinCP,5,3,3,1.0,0.0,0.7872713,0.16537178,0.6666666666666666
wheatG,GPE,R2,KinCP,5,4,9,0.7777777777777778,0.0,1.1185265,1.094892,0.8888888888888888
wheatG,GPE,R2,KinCP-ABC,1,0,12,0.8333333333333334,0.0,0.6540854,0.6540854,1.0
wheatG,GPE,R2,KinCP-ABC,1,1,3,1.0,0.0,0.053630114,0.053630114,1.0
wheatG,GPE,R2,KinCP-ABC,1,2,10,0.9,0.1,0.1585888,0.1585888,1.0
wheatG,GPE,R2,KinCP-ABC,1,3,3,1.0,0.0,0.7872713,0.7872713,1.0
wheatG,GPE,R2,KinCP-ABC,1,4,9,0.7777777777777778,0.0,1.1185265,1.1185265,1.0
wheatG,GPE,R2,KinCP-ABC,2,0,12,0.9166666666666666,0.0,0.6540854,0.6540854,1.0
wheatG,GPE,R2,KinCP-ABC,2,1,3,1.0,0.0,0.053630114,0.053630114,1.0
wheatG,GPE,R2,KinCP-ABC,2,2,10,0.8,0.2,0.1585888,0.1585888,1.0
wheatG,GPE,R2,KinCP-ABC,2,3,3,1.0,0.0,0.7872713,0.7872713,1.0
wheatG,GPE,R2,KinCP-ABC,2,4,9,0.7777777777777778,0.0,1.1185265,1.1185265,1.0
wheatG,GPE,R2,KinCP-ABC,3,0,12,0.8333333333333334,0.0,0.6540854,0.6540854,1.0
wheatG,GPE,R2,KinCP-ABC,3,1,3,1.0,0.0,0.053630114,0.053630114,1.0
wheatG,GPE,R2,KinCP-ABC,3,2,10,0.9,0.1,0.1585888,0.1585888,1.0
wheatG,GPE,R2,KinCP-ABC,3,3,3,1.0,0.0,0.7872713,0.7872713,1.0
wheatG,GPE,R2,KinCP-ABC,3,4,9,0.7777777777777778,0.0,1.1185265,1.1185265,1.0
wheatG,GPE,R2,KinCP-ABC,4,0,12,0.9166666666666666,0.0,0.6540854,0.6540854,1.0
wheatG,GPE,R2,KinCP-ABC,4,1,3,1.0,0.0,0.053630114,0.053630114,1.0
wheatG,GPE,R2,KinCP-ABC,4,2,10,0.9,0.1,0.1585888,0.1585888,1.0
wheatG,GPE,R2,KinCP-ABC,4,3,3,1.0,0.0,0.7872713,0.7872713,1.0
wheatG,GPE,R2,KinCP-ABC,4,4,9,0.7777777777777778,0.0,1.1185265,1.1185265,1.0
wheatG,GPE,R2,KinCP-ABC,5,0,12,0.9166666666666666,0.0,0.6540854,0.6540854,1.0
wheatG,GPE,R2,KinCP-ABC,5,1,3,1.0,0.0,0.053630114,0.053630114,1.0
wheatG,GPE,R2,KinCP-ABC,5,2,10,0.9,0.1,0.1585888,0.1585888,1.0
wheatG,GPE,R2,KinCP-ABC,5,3,3,1.0,0.0,0.7872713,0.7872713,1.0
wheatG,GPE,R2,KinCP-ABC,5,4,9,0.7777777777777778,0.0,1.1185265,1.1185265,1.0
wheatG,GPE,R2,SCP,1,0,12,0.8333333333333334,0.0,0.6540854,0.68855596,0.9166666666666666
wheatG,GPE,R2,SCP,1,1,3,1.0,0.0,0.053630114,0.7282179,0.6666666666666666
wheatG,GPE,R2,SCP,1,2,10,0.9,0.1,0.1585888,-0.087678514,0.8
wheatG,GPE,R2,SCP,1,3,3,0.6666666666666666,0.0,0.7872713,0.7872713,1.0
wheatG,GPE,R2,SCP,1,4,9,0.7777777777777778,0.0,1.1185265,1.0663327,0.7777777777777778
wheatG,GPE,R2,SCP,2,0,12,1.0,0.0,0.6540854,0.5436388,0.5833333333333334
wheatG,GPE,R2,SCP,2,1,3,1.0,0.0,0.053630114,-0.027831197,0.6666666666666666
wheatG,GPE,R2,SCP,2,2,10,0.9,0.1,0.1585888,0.01097436,0.6
wheatG,GPE,R2,SCP,2,3,3,0.6666666666666666,0.0,0.7872713,0.7872713,1.0
wheatG,GPE,R2,SCP,2,4,9,0.7777777777777778,0.0,1.1185265,1.094892,0.8888888888888888
wheatG,GPE,R2,SCP,3,0,12,0.8333333333333334,0.0,0.6540854,0.55078554,0.9166666666666666
wheatG,GPE,R2,SCP,3,1,3,1.0,0.0,0.053630114,0.053630114,1.0
wheatG,GPE,R2,SCP,3,2,10,0.9,0.1,0.1585888,-0.15916608,0.6
wheatG,GPE,R2,SCP,3,3,3,1.0,0.0,0.7872713,0.7247456,0.6666666666666666
wheatG,GPE,R2,SCP,3,4,9,0.7777777777777778,0.0,1.1185265,1.3336854,0.6666666666666666
wheatG,GPE,R2,SCP,4,0,12,0.9166666666666666,0.0,0.6540854,0.8998599,0.5833333333333334
wheatG,GPE,R2,SCP,4,1,3,1.0,0.0,0.053630114,0.053630114,1.0
wheatG,GPE,R2,SCP,4,2,10,0.8,0.2,0.1585888,0.0010559201,0.9
wheatG,GPE,R2,SCP,4,3,3,0.6666666666666666,0.0,0.7872713,0.7247456,0.6666666666666666
wheatG,GPE,R2,SCP,4,4,9,0.7777777777777778,0.0,1.1185265,1.1029549,0.7777777777777778
wheatG,GPE,R2,SCP,5,0,12,0.8333333333333334,0.0,0.6540854,0.8266306,0.5833333333333334
wheatG,GPE,R2,SCP,5,1,3,1.0,0.0,0.053630114,0.053630114,1.0
wheatG,GPE,R2,SCP,5,2,10,0.8,0.2,0.1585888,-0.08038501,0.8
wheatG,GPE,R2,SCP,5,3,3,1.0,0.0,0.7872713,0.87411743,0.6666666666666666
wheatG,GPE,R2,SCP,5,4,9,0.7777777777777778,0.0,1.1185265,1.0515094,0.8888888888888888
