dataset,trait,regime,base,tag,method,alpha,n,coverage,cov_dev,cov_sd_reps,width,frac_inf,iscore,cond_err,worst_bin_cov,under_bin,cov_b1,width_b1,cov_b2,width_b2,cov_b3,width_b3,cov_b4,width_b4,cov_b5,width_b5,h2,n_qtl,sim_rep,job_id,null_cond_err,null_worst_bin_cov,h2_reml,r_pred,n_train,skew,exkurt,n_unique_frac
barley,BaMMV,R1,GBLUP,main,Gauss-PEV,0.1,7190,0.8998609179415855,0.0001390820584145,0.0018398826919781,2.3533977988274657,0.0,3.0585616417248005,0.0153268428372739,0.8824756606397774,0.0175243393602225,0.935326842837274,1.9501298137449443,0.8824756606397774,2.1765534254536094,0.8831710709318498,2.341500068255896,0.9026425591098748,2.499937165585874,0.8956884561891516,2.798868521097005,,,,GBLUP__barley__BaMMV__R1__main__12345,0.0141336933797909,0.879061149825784,0.7175704095078846,0.6850625407341324,1150.4,0.25306370484992113,-1.4862721495613287,0.5465924895688457
barley,BaMMV,R1,GBLUP,main,SCP,0.1,7190,0.9097357440890124,0.0097357440890124,0.0074477111184924,2.536581475002896,0.0,3.202533299493345,0.0318219749652294,0.8560500695410292,0.0439499304589707,0.974269819193324,2.5302140391052603,0.9235048678720446,2.534937162799976,0.8887343532684284,2.5391688137329016,0.9061196105702364,2.5413015070810023,0.8560500695410292,2.537285852295338,,,,GBLUP__barley__BaMMV__R1__main__12345,0.0141336933797909,0.879061149825784,0.7175704095078846,0.6850625407341324,1150.4,0.25306370484992113,-1.4862721495613287,0.5465924895688457
barley,BaMMV,R1,GBLUP,main,CV+,0.1,7190,0.9152990264255912,0.0152990264255911,0.0036268163589444,2.5263329774501995,0.0,3.1307430949365505,0.029874826147427,0.8678720445062587,0.0321279554937413,0.9756606397774688,2.499453276195573,0.9290681502086232,2.5297115807865307,0.8956884561891516,2.5300820044440955,0.9082058414464534,2.5309975643868525,0.8678720445062587,2.541420461437945,,,,GBLUP__barley__BaMMV__R1__main__12345,0.0141336933797909,0.879061149825784,0.7175704095078846,0.6850625407341324,1150.4,0.25306370484992113,-1.4862721495613287,0.5465924895688457
barley,BaMMV,R1,GBLUP,main,CalPred-style,0.1,7190,0.903894297635605,0.003894297635605,0.0035595226403532,2.39318329183426,0.0,3.036789948833199,0.0112378303198887,0.8908205841446454,0.0091794158553546,0.9054242002781642,1.6888269000821696,0.8908205841446454,2.2216392751881027,0.8908205841446454,2.461228635112924,0.9193324061196104,2.6513592154110914,0.9130737134909596,2.9428624333770097,,,,GBLUP__barley__BaMMV__R1__main__12345,0.0141336933797909,0.879061149825784,0.7175704095078846,0.6850625407341324,1150.4,0.25306370484992113,-1.4862721495613287,0.5465924895688457
barley,BaMMV,R1,GBLUP,main,KinCP,0.1,7190,0.9050069541029208,0.0050069541029207,0.0032839273861245,2.400207039668461,0.0,3.049790515465609,0.0075660639777468,0.8936022253129347,0.0063977746870653,0.911682892906815,1.7279834224795436,0.9033379694019472,2.306568516606708,0.8936022253129347,2.489469498438369,0.9151599443671766,2.628962121501272,0.9012517385257302,2.848051639316412,,,,GBLUP__barley__BaMMV__R1__main__12345,0.0141336933797909,0.879061149825784,0.7175704095078846,0.6850625407341324,1150.4,0.25306370484992113,-1.4862721495613287,0.5465924895688457
barley,BaMMV,R1,GBLUP,main,KinCP-ABC,0.1,7190,0.9076495132127956,0.0076495132127955,0.0061691947472091,2.479685545116827,0.0,3.155163738736884,0.0317385257301808,0.8504867872044506,0.0495132127955494,0.9707927677329624,2.479371550891171,0.9276773296244784,2.479569434643271,0.8901251738525731,2.479520768886502,0.8991655076495132,2.479924649039151,0.8504867872044506,2.480041322124042,,,,GBLUP__barley__BaMMV__R1__main__12345,0.0141336933797909,0.879061149825784,0.7175704095078846,0.6850625407341324,1150.4,0.25306370484992113,-1.4862721495613287,0.5465924895688457
barley,BaMMV,R2,GBLUP,main,Gauss-PEV,0.1,7190,0.9582753824756608,0.0582753824756606,0.0,3.490763156437848,0.0,3.6875068838512712,0.0582631629887727,0.9233449477351916,-0.0233449477351915,0.9233449477351916,2.95885314777709,0.9270833333333334,3.1552826854239253,0.975609756097561,3.443226582204828,0.96875,3.7349399602839006,0.9965277777777778,4.159501439197781,,,,GBLUP__barley__BaMMV__R2__main__12345,0.0141336933797909,0.879061149825784,0.7386800671464467,0.3199786333301962,1150.4,0.25306370484992113,-1.4862721495613287,0.5465924895688457
barley,BaMMV,R2,GBLUP,main,SCP,0.1,7190,0.7691237830319889,0.1308762169680111,0.0730031774975912,2.3936008803209083,0.0,3.77987414173752,0.1308425280681378,0.6833333333333333,0.2166666666666666,0.7958188153310104,2.4095044374479944,0.8055555555555556,2.480547829605244,0.7909407665505227,2.4030504090701763,0.6833333333333333,2.3591653795717327,0.7701388888888889,2.315824377457577,,,,GBLUP__barley__BaMMV__R2__main__12345,0.0141336933797909,0.879061149825784,0.7386800671464467,0.3199786333301962,1150.4,0.25306370484992113,-1.4862721495613287,0.5465924895688457
barley,BaMMV,R2,GBLUP,main,CV+,0.1,7190,0.8477051460361613,0.0522948539638387,0.0054090226655438,2.576462732454983,0.0,3.363145553920428,0.0522798102981029,0.8284722222222223,0.0715277777777777,0.8564459930313589,2.5487111913490565,0.8527777777777777,2.564570832484335,0.8606271777003485,2.5803008754344297,0.8284722222222223,2.5835586334839538,0.8402777777777778,2.605089096890758,,,,GBLUP__barley__BaMMV__R2__main__12345,0.0141336933797909,0.879061149825784,0.7386800671464467,0.3199786333301962,1150.4,0.25306370484992113,-1.4862721495613287,0.5465924895688457
barley,BaMMV,R2,GBLUP,main,CalPred-style,0.1,7190,0.9535465924895687,0.0535465924895688,0.0036268163589444,3.5443325855009657,0.0,3.747426994162508,0.0535341656987998,0.9229166666666668,-0.0229166666666666,0.924738675958188,3.068176365946868,0.9229166666666668,3.224085725436536,0.9644599303135888,3.5053637938737063,0.9618055555555556,3.7797252784292974,0.99375,4.142523135307377,,,,GBLUP__barley__BaMMV__R2__main__12345,0.0141336933797909,0.879061149825784,0.7386800671464467,0.3199786333301962,1150.4,0.25306370484992113,-1.4862721495613287,0.5465924895688457
barley,BaMMV,R2,GBLUP,main,KinCP,0.1,7190,0.9603616133518776,0.0603616133518776,0.0024586466661563,3.5517309153961376,0.0,3.73347336653976,0.0603571428571428,0.9372822299651568,-0.0372822299651567,0.9372822299651568,3.097034192183044,0.9381944444444444,3.242568974705473,0.9770034843205576,3.5030730832871098,0.9527777777777776,3.748320180670167,0.9965277777777778,4.16591038726225,,,,GBLUP__barley__BaMMV__R2__main__12345,0.0141336933797909,0.879061149825784,0.7386800671464467,0.3199786333301962,1150.4,0.25306370484992113,-1.4862721495613287,0.5465924895688457
barley,BaMMV,R2,GBLUP,main,KinCP-ABC,0.1,7190,0.8257301808066759,0.0742698191933241,0.0101801036412602,2.5086272050722784,0.0,3.4769252002988105,0.0742629694154084,0.8194444444444444,0.0805555555555556,0.8257839721254355,2.4597825114455207,0.8277777777777777,2.476747527809656,0.8355400696864111,2.5101473259525404,0.8194444444444444,2.5338340815518774,0.8201388888888889,2.562460257168652,,,,GBLUP__barley__BaMMV__R2__main__12345,0.0141336933797909,0.879061149825784,0.7386800671464467,0.3199786333301962,1150.4,0.25306370484992113,-1.4862721495613287,0.5465924895688457
barley,BaMMV,R3,GBLUP,main,Gauss-PEV,0.1,7190,0.9031988873435328,0.0031988873435326,0.0040069152408589,2.505873768270478,0.0,3.1837079103833053,0.0141585535465924,0.8762169680111266,0.0237830319888734,0.926981919332406,2.0562437680222323,0.8762169680111266,2.3332690390649065,0.8963838664812239,2.500432199021078,0.9026425591098748,2.6612940469264257,0.913769123783032,2.978129788317748,,,,GBLUP__barley__BaMMV__R3__main__12345,0.0141336933797909,0.879061149825784,0.6733050002493911,0.6377043821035735,575.0,0.25306370484992113,-1.4862721495613287,0.5465924895688457
barley,BaMMV,R3,GBLUP,main,SCP,0.1,7190,0.9045897079276772,0.0045897079276773,0.0145072654357778,2.685948208302228,0.0,3.338915868815812,0.0233379694019471,0.8643949930458971,0.0356050069541029,0.9624478442280946,2.675373755732146,0.9019471488178024,2.686537709590917,0.9054242002781642,2.682860801313381,0.8887343532684284,2.693879330288518,0.8643949930458971,2.691089444586176,,,,GBLUP__barley__BaMMV__R3__main__12345,0.0141336933797909,0.879061149825784,0.6733050002493911,0.6377043821035735,575.0,0.25306370484992113,-1.4862721495613287,0.5465924895688457
barley,BaMMV,R3,GBLUP,main,CV+,0.1,7190,0.9161335187760778,0.0161335187760778,0.0045759899517001,2.68287736724326,0.0,3.237811030768013,0.0284283727399165,0.8692628650904033,0.0307371349095967,0.97009735744089,2.658846016589116,0.9221140472878998,2.687995670714577,0.9165507649513212,2.6839027688709294,0.9026425591098748,2.684894915863948,0.8692628650904033,2.698747464177728,,,,GBLUP__barley__BaMMV__R3__main__12345,0.0141336933797909,0.879061149825784,0.6733050002493911,0.6377043821035735,575.0,0.25306370484992113,-1.4862721495613287,0.5465924895688457
barley,BaMMV,R3,GBLUP,main,CalPred-style,0.1,7190,0.9082058414464534,0.0082058414464534,0.006082355940381,2.5359599055400626,0.0,3.168283425558766,0.0132684283727399,0.8873435326842837,0.0126564673157163,0.9089012517385258,1.8737110929816865,0.8873435326842837,2.386415666895973,0.9102920723226704,2.6000597621911536,0.9165507649513212,2.7689318450438853,0.917941585535466,3.050681160587614,,,,GBLUP__barley__BaMMV__R3__main__12345,0.0141336933797909,0.879061149825784,0.6733050002493911,0.6377043821035735,575.0,0.25306370484992113,-1.4862721495613287,0.5465924895688457
barley,BaMMV,R3,GBLUP,main,KinCP,0.1,7190,0.9107093184979138,0.0107093184979137,0.0075796531813289,2.558780739979808,0.0,3.167770157086337,0.0113212795549374,0.8984700973574409,0.0015299026425591,0.9207232267037552,1.9453432522300416,0.8984700973574409,2.4794137742526625,0.913769123783032,2.633452197745651,0.9109874826147428,2.765798107952574,0.909596662030598,2.969896367718107,,,,GBLUP__barley__BaMMV__R3__main__12345,0.0141336933797909,0.879061149825784,0.6733050002493911,0.6377043821035735,575.0,0.25306370484992113,-1.4862721495613287,0.5465924895688457
barley,BaMMV,R3,GBLUP,main,KinCP-ABC,0.1,7190,0.9090403337969402,0.0090403337969401,0.0067135011883989,2.6426842851217898,0.0,3.261194015997116,0.0283449235048678,0.8532684283727399,0.0467315716272601,0.9659248956884562,2.6375182780139763,0.9158553546592488,2.6427027576109583,0.911682892906815,2.64441640620439,0.8984700973574409,2.639751711451415,0.8532684283727399,2.64903227232821,,,,GBLUP__barley__BaMMV__R3__main__12345,0.0141336933797909,0.879061149825784,0.6733050002493911,0.6377043821035735,575.0,0.25306370484992113,-1.4862721495613287,0.5465924895688457
barley,BaYMV,R1,GBLUP,main,Gauss-PEV,0.1,7190,0.9082058414464534,0.0082058414464534,0.0039029805842565,2.77107609941214,0.0,3.588741785253325,0.0149930458970792,0.8831710709318498,0.0168289290681502,0.9242002781641168,2.5534073758526943,0.8998609179415855,2.686174467497847,0.9165507649513212,2.760098414498576,0.9172461752433936,2.8448710264778385,0.8831710709318498,3.010829212733743,,,,GBLUP__barley__BaYMV__R1__main__12345,0.0141336933797909,0.879061149825784,0.43013901731367654,0.5290389109660668,1150.4,0.2557030073525355,-0.5836559057412698,0.7107093184979137
barley,BaYMV,R1,GBLUP,main,SCP,0.1,7190,0.9031988873435328,0.0031988873435326,0.0059700072409832,2.7610710502887144,0.0,3.65917026083054,0.024673157162726,0.8463143254520167,0.0536856745479833,0.9429763560500696,2.755730013231554,0.909596662030598,2.769826231882433,0.9123783031988874,2.766988413413018,0.9047287899860916,2.7551059265023747,0.8463143254520167,2.7577046664141904,,,,GBLUP__barley__BaYMV__R1__main__12345,0.0141336933797909,0.879061149825784,0.43013901731367654,0.5290389109660668,1150.4,0.2557030073525355,-0.5836559057412698,0.7107093184979137
barley,BaYMV,R1,GBLUP,main,CV+,0.1,7190,0.9093184979137692,0.0093184979137691,0.0027642012398263,2.775599447907847,0.0,3.616319404587621,0.0280111265646731,0.8532684283727399,0.0467315716272601,0.9457579972183588,2.758988565419456,0.9130737134909596,2.774545525571008,0.9200278164116829,2.775320783527106,0.9144645340751044,2.7806433220223026,0.8532684283727399,2.7884990429993617,,,,GBLUP__barley__BaYMV__R1__main__12345,0.0141336933797909,0.879061149825784,0.43013901731367654,0.5290389109660668,1150.4,0.2557030073525355,-0.5836559057412698,0.7107093184979137
barley,BaYMV,R1,GBLUP,main,CalPred-style,0.1,7190,0.90778859527121,0.00778859527121,0.0007928897253818,2.805374218322184,0.0,3.61915742372348,0.0134075104311543,0.885952712100139,0.0140472878998609,0.9040333796940194,2.491050501988852,0.9075104311543812,2.749045989554185,0.9228094575799722,2.834652265809893,0.9186369958275382,2.915944211517034,0.885952712100139,3.0361781227409543,,,,GBLUP__barley__BaYMV__R1__main__12345,0.0141336933797909,0.879061149825784,0.43013901731367654,0.5290389109660668,1150.4,0.2557030073525355,-0.5836559057412698,0.7107093184979137
barley,BaYMV,R1,GBLUP,main,KinCP,0.1,7190,0.8991655076495132,0.0008344923504868,0.0049662228293065,2.7002036566893937,0.0,3.593244811265144,0.0126286509040333,0.8776077885952712,0.0223922114047288,0.9109874826147428,2.467023414507268,0.8887343532684284,2.5791577904915592,0.9082058414464534,2.6739237597418937,0.9102920723226704,2.798854054649256,0.8776077885952712,2.9820592640569914,,,,GBLUP__barley__BaYMV__R1__main__12345,0.0141336933797909,0.879061149825784,0.43013901731367654,0.5290389109660668,1150.4,0.2557030073525355,-0.5836559057412698,0.7107093184979137
barley,BaYMV,R1,GBLUP,main,KinCP-ABC,0.1,7190,0.9045897079276772,0.0045897079276773,0.0045707028442712,2.744310065284057,0.0,3.625753075276795,0.0280111265646731,0.8414464534075105,0.0585535465924895,0.9450625869262864,2.74162777436151,0.9123783031988874,2.744585895432245,0.9151599443671766,2.7445706718867653,0.9089012517385258,2.746303530200429,0.8414464534075105,2.7444624545393346,,,,GBLUP__barley__BaYMV__R1__main__12345,0.0141336933797909,0.879061149825784,0.43013901731367654,0.5290389109660668,1150.4,0.2557030073525355,-0.5836559057412698,0.7107093184979137
barley,BaYMV,R2,GBLUP,main,Gauss-PEV,0.1,7190,0.9123783031988874,0.0123783031988873,0.0,3.409565123758836,0.0,3.9733694608530814,0.0140553619821912,0.8958333333333334,0.0041666666666666,0.9059233449477352,3.2043695559745458,0.9131944444444444,3.2967216599652067,0.9337979094076656,3.36534711360127,0.8958333333333334,3.485043554186328,0.9131944444444444,3.695477715698973,,,,GBLUP__barley__BaYMV__R2__main__12345,0.0141336933797909,0.879061149825784,0.44313220969342365,0.2179618928118091,1150.4,0.2557030073525355,-0.5836559057412698,0.7107093184979137
barley,BaYMV,R2,GBLUP,main,SCP,0.1,7190,0.8129346314325452,0.0870653685674548,0.023669502677493,2.7735715710674027,0.0,4.238870850489628,0.0869797715834301,0.6951388888888889,0.2048611111111111,0.8738675958188153,2.868151386354471,0.8381944444444445,2.819098002469628,0.8752613240418119,2.764114815515484,0.7826388888888889,2.722112349694636,0.6951388888888889,2.6946768674824324,,,,GBLUP__barley__BaYMV__R2__main__12345,0.0141336933797909,0.879061149825784,0.44313220969342365,0.2179618928118091,1150.4,0.2557030073525355,-0.5836559057412698,0.7107093184979137
barley,BaYMV,R2,GBLUP,main,CV+,0.1,7190,0.8194714881780251,0.0805285118219749,0.0068065003077842,2.8042881623318783,0.0,4.202413619339548,0.0804568331397599,0.7048611111111112,0.1951388888888888,0.8780487804878049,2.8747961396442734,0.84375,2.8565800502899625,0.8641114982578397,2.776355094246888,0.8069444444444445,2.7579212813454768,0.7048611111111112,2.755936075678721,,,,GBLUP__barley__BaYMV__R2__main__12345,0.0141336933797909,0.879061149825784,0.44313220969342365,0.2179618928118091,1150.4,0.2557030073525355,-0.5836559057412698,0.7107093184979137
barley,BaYMV,R2,GBLUP,main,CalPred-style,0.1,7190,0.89221140472879,0.00778859527121,0.0018398826919781,3.248513776986796,0.0,4.005199744408344,0.0222469028261711,0.84375,0.05625,0.9142857142857144,3.177071322692737,0.9006944444444445,3.231014056243943,0.9212543554006968,3.2356958038667227,0.88125,3.266096219336461,0.84375,3.3323989118655915,,,,GBLUP__barley__BaYMV__R2__main__12345,0.0141336933797909,0.879061149825784,0.44313220969342365,0.2179618928118091,1150.4,0.2557030073525355,-0.5836559057412698,0.7107093184979137
barley,BaYMV,R2,GBLUP,main,KinCP,0.1,7190,0.8963838664812239,0.003616133518776,0.0024089719159511,3.291812407716049,0.0,3.9835155280279473,0.0161328881145954,0.8680555555555556,0.0319444444444444,0.9010452961672474,3.118421116545665,0.8979166666666667,3.220071336541544,0.9303135888501742,3.273337046328113,0.8847222222222222,3.347747071580081,0.8680555555555556,3.498819263930125,,,,GBLUP__barley__BaYMV__R2__main__12345,0.0141336933797909,0.879061149825784,0.44313220969342365,0.2179618928118091,1150.4,0.2557030073525355,-0.5836559057412698,0.7107093184979137
barley,BaYMV,R2,GBLUP,main,KinCP-ABC,0.1,7190,0.8083449235048679,0.0916550764951321,0.0041316970173888,2.742510463506284,0.0,4.297938772292782,0.0915781068524971,0.6916666666666667,0.2083333333333333,0.8696864111498258,2.789099617668074,0.8243055555555555,2.780155307903677,0.8578397212543554,2.712144915594127,0.7986111111111112,2.7091259636621885,0.6916666666666667,2.722082844669494,,,,GBLUP__barley__BaYMV__R2__main__12345,0.0141336933797909,0.879061149825784,0.44313220969342365,0.2179618928118091,1150.4,0.2557030073525355,-0.5836559057412698,0.7107093184979137
barley,BaYMV,R3,GBLUP,main,Gauss-PEV,0.1,7190,0.909596662030598,0.009596662030598,0.0026480434999526,2.8656136178729024,0.0,3.68217314595067,0.0130458970792767,0.8915159944367177,0.0084840055632823,0.9235048678720446,2.6301405202972488,0.9207232267037552,2.7761129318173445,0.9123783031988874,2.855092317144018,0.8998609179415855,2.945194510137405,0.8915159944367177,3.121527809968497,,,,GBLUP__barley__BaYMV__R3__main__12345,0.0141336933797909,0.879061149825784,0.39736775267011476,0.48867269529754886,575.0,0.2557030073525355,-0.5836559057412698,0.7107093184979137
barley,BaYMV,R3,GBLUP,main,SCP,0.1,7190,0.9031988873435328,0.0031988873435326,0.0102133022970461,2.93553137627488,0.0,3.797766732960637,0.0263977746870653,0.8532684283727399,0.0467315716272601,0.9374130737134908,2.917543823536296,0.9235048678720446,2.925958658275164,0.9130737134909596,2.943248434946869,0.8887343532684284,2.945053442476972,0.8532684283727399,2.9458525221391003,,,,GBLUP__barley__BaYMV__R3__main__12345,0.0141336933797909,0.879061149825784,0.39736775267011476,0.48867269529754886,575.0,0.2557030073525355,-0.5836559057412698,0.7107093184979137
barley,BaYMV,R3,GBLUP,main,CV+,0.1,7190,0.9082058414464534,0.0082058414464534,0.0067242974985444,2.881955044136186,0.0,3.712583984316691,0.0247287899860918,0.8616133518776078,0.0383866481223922,0.9415855354659248,2.864144999412125,0.9283727399165508,2.8761533482927844,0.9123783031988874,2.880495109026235,0.8970792767732962,2.893535461708189,0.8616133518776078,2.8954463022415964,,,,GBLUP__barley__BaYMV__R3__main__12345,0.0141336933797909,0.879061149825784,0.39736775267011476,0.48867269529754886,575.0,0.2557030073525355,-0.5836559057412698,0.7107093184979137
barley,BaYMV,R3,GBLUP,main,CalPred-style,0.1,7190,0.905980528511822,0.0059805285118219,0.005000188598678,2.8802497022604725,0.0,3.717588381087509,0.0124895688456188,0.8908205841446454,0.0091794158553546,0.8929068150208623,2.5410686243354244,0.9228094575799722,2.8133402134716654,0.9193324061196104,2.904621396682621,0.9040333796940194,2.9962813890279483,0.8908205841446454,3.1459368877847025,,,,GBLUP__barley__BaYMV__R3__main__12345,0.0141336933797909,0.879061149825784,0.39736775267011476,0.48867269529754886,575.0,0.2557030073525355,-0.5836559057412698,0.7107093184979137
barley,BaYMV,R3,GBLUP,main,KinCP,0.1,7190,0.9001390820584144,0.0001390820584143,0.0069645262634515,2.791538538213976,0.0,3.682583636756972,0.0078164116828929,0.885952712100139,0.0140472878998609,0.9109874826147428,2.519844740864245,0.9089012517385258,2.66321605543882,0.8977746870653686,2.7614102425040943,0.8970792767732962,2.903060221202576,0.885952712100139,3.110161431060144,,,,GBLUP__barley__BaYMV__R3__main__12345,0.0141336933797909,0.879061149825784,0.39736775267011476,0.48867269529754886,575.0,0.2557030073525355,-0.5836559057412698,0.7107093184979137
barley,BaYMV,R3,GBLUP,main,KinCP-ABC,0.1,7190,0.9043115438108484,0.0043115438108484,0.0071190452807063,2.847150454044411,0.0,3.720412443420262,0.0250069541029207,0.8539638386648123,0.0460361613351877,0.9401947148817804,2.837810349000986,0.9207232267037552,2.844945703063844,0.9123783031988874,2.8481690381396985,0.894297635605007,2.857074492570821,0.8539638386648123,2.847752687446705,,,,GBLUP__barley__BaYMV__R3__main__12345,0.0141336933797909,0.879061149825784,0.39736775267011476,0.48867269529754886,575.0,0.2557030073525355,-0.5836559057412698,0.7107093184979137
bean,DF,R1,GBLUP,main,Gauss-PEV,0.1,2220,0.9225225225225224,0.0225225225225225,0.0106357828406464,2.1357410808572985,0.0,2.7718109619368647,0.0344144144144143,0.8716216216216216,0.0283783783783784,0.9481981981981982,2.029768322758606,0.9369369369369368,2.098974583080292,0.8716216216216216,2.132762138528523,0.8986486486486487,2.1776798007658047,0.9572072072072072,2.2395205591532665,,,,GBLUP__bean__DF__R1__main__12345,0.0255119318181818,0.8618170454545456,0.5694248702076711,0.7691643928146286,355.2,0.5722321195985584,-0.10336958147497954,0.7454954954954955
bean,DF,R1,GBLUP,main,SCP,0.1,2220,0.8990990990990991,0.0009009009009008,0.0219753349867576,2.0346286635672923,0.0,2.8278838094312486,0.0317117117117117,0.8445945945945946,0.0554054054054053,0.9211711711711712,2.009444594331402,0.9144144144144144,2.0475244562256094,0.8445945945945946,2.0073606346866395,0.8738738738738738,2.04696869735291,0.9414414414414416,2.061844935239899,,,,GBLUP__bean__DF__R1__main__12345,0.0255119318181818,0.8618170454545456,0.5694248702076711,0.7691643928146286,355.2,0.5722321195985584,-0.10336958147497954,0.7454954954954955
bean,DF,R1,GBLUP,main,CV+,0.1,2220,0.9256756756756755,0.0256756756756756,0.0118109104523665,2.1240951112868074,0.0,2.7379412315272984,0.0388288288288288,0.8671171171171171,0.0328828828828828,0.9617117117117115,2.1157053208917085,0.9436936936936936,2.121297242292352,0.8671171171171171,2.118187572302795,0.9076576576576576,2.1309732125008405,0.9481981981981982,2.1343122084463384,,,,GBLUP__bean__DF__R1__main__12345,0.0255119318181818,0.8618170454545456,0.5694248702076711,0.7691643928146286,355.2,0.5722321195985584,-0.10336958147497954,0.7454954954954955
bean,DF,R1,GBLUP,main,CalPred-style,0.1,2220,0.9373873873873874,0.0373873873873873,0.0068314193189653,2.2691669825026337,0.0,2.827680676798536,0.0433333333333333,0.8851351351351351,0.0148648648648649,0.972972972972973,2.2670740035053027,0.9527027027027029,2.274540528763958,0.8851351351351351,2.2629342549774574,0.9144144144144144,2.2749631259386494,0.9617117117117115,2.2663229993278,,,,GBLUP__bean__DF__R1__main__12345,0.0255119318181818,0.8618170454545456,0.5694248702076711,0.7691643928146286,355.2,0.5722321195985584,-0.10336958147497954,0.7454954954954955
bean,DF,R1,GBLUP,main,KinCP,0.1,2220,0.9166666666666666,0.0166666666666666,0.0145091201877535,2.08504623871842,0.0,2.76844691179972,0.0357657657657657,0.8581081081081081,0.0418918918918919,0.9436936936936936,1.9831628065950253,0.9301801801801802,2.043353251145729,0.8581081081081081,2.0704637970334634,0.8941441441441441,2.1308216969776383,0.9572072072072072,2.197429641840244,,,,GBLUP__bean__DF__R1__main__12345,0.0255119318181818,0.8618170454545456,0.5694248702076711,0.7691643928146286,355.2,0.5722321195985584,-0.10336958147497954,0.7454954954954955
bean,DF,R1,GBLUP,main,KinCP-ABC,0.1,2220,0.9126126126126126,0.0126126126126125,0.0133625197965687,2.0515244992496138,0.0,2.7563651594378054,0.0362162162162162,0.8581081081081081,0.0418918918918919,0.9527027027027029,2.0445894181903816,0.9301801801801802,2.052201705405743,0.8581081081081081,2.049512348163416,0.8828828828828829,2.053402112218868,0.9391891891891893,2.057916912269662,,,,GBLUP__bean__DF__R1__main__12345,0.0255119318181818,0.8618170454545456,0.5694248702076711,0.7691643928146286,355.2,0.5722321195985584,-0.10336958147497954,0.7454954954954955
bean,DF,R2,GBLUP,main,Gauss-PEV,0.1,2220,0.8963963963963963,0.0036036036036036,1.2412670766236366e-16,2.231474622122669,0.0,2.9409809885588443,0.0296935648621041,0.8651685393258427,0.0348314606741573,0.8863636363636364,2.1352590565521434,0.8651685393258427,2.187460007232846,0.9550561797752808,2.2253197907800955,0.8651685393258427,2.265196210243151,0.9101123595505618,2.343056972034653,,,,GBLUP__bean__DF__R2__main__12345,0.0255119318181818,0.8618170454545456,0.5871196870224188,0.7564615241247199,355.2,0.5722321195985584,-0.10336958147497954,0.7454954954954955
bean,DF,R2,GBLUP,main,SCP,0.1,2220,0.8882882882882883,0.0117117117117117,0.0184767065783726,2.1890562994660385,0.0,3.0302068356193264,0.0279213483146067,0.8584269662921349,0.0415730337078651,0.875,2.1644896783125445,0.8674157303370786,2.1827046224761406,0.9258426966292136,2.1854999550521,0.8584269662921349,2.1983629677763465,0.9146067415730336,2.2139482442618967,,,,GBLUP__bean__DF__R2__main__12345,0.0255119318181818,0.8618170454545456,0.5871196870224188,0.7564615241247199,355.2,0.5722321195985584,-0.10336958147497954,0.7454954954954955
bean,DF,R2,GBLUP,main,CV+,0.1,2220,0.9054054054054054,0.0054054054054053,0.0022522522522522,2.22702102102293,0.0,2.913584925282465,0.0278753830439223,0.8674157303370786,0.0325842696629213,0.8954545454545455,2.1923272604064743,0.8674157303370786,2.2173671359257634,0.9595505617977528,2.234465952029255,0.8808988764044944,2.237199512235462,0.9235955056179777,2.253355426982681,,,,GBLUP__bean__DF__R2__main__12345,0.0255119318181818,0.8618170454545456,0.5871196870224188,0.7564615241247199,355.2,0.5722321195985584,-0.10336958147497954,0.7454954954954955
bean,DF,R2,GBLUP,main,CalPred-style,0.1,2220,0.9054054054054054,0.0054054054054053,0.0015925828405102,2.348945028287234,0.0,3.061906634495253,0.0215832482124616,0.8651685393258427,0.0348314606741573,0.8954545454545455,2.2956298541517484,0.8651685393258427,2.351096770778641,0.9550561797752808,2.3720624495960183,0.9123595505617976,2.3722697704373537,0.898876404494382,2.353067249572012,,,,GBLUP__bean__DF__R2__main__12345,0.0255119318181818,0.8618170454545456,0.5871196870224188,0.7564615241247199,355.2,0.5722321195985584,-0.10336958147497954,0.7454954954954955
bean,DF,R2,GBLUP,main,KinCP,0.1,2220,0.9018018018018018,0.0018018018018017,0.0034157096594826,2.311845214282402,0.0,3.093306683747695,0.0224974463738508,0.8606741573033708,0.0393258426966292,0.8886363636363637,2.2407764670733044,0.8606741573033708,2.3222538694158645,0.9550561797752808,2.304901738313732,0.898876404494382,2.3127002707848794,0.90561797752809,2.3777952005746896,,,,GBLUP__bean__DF__R2__main__12345,0.0255119318181818,0.8618170454545456,0.5871196870224188,0.7564615241247199,355.2,0.5722321195985584,-0.10336958147497954,0.7454954954954955
bean,DF,R2,GBLUP,main,KinCP-ABC,0.1,2220,0.8882882882882883,0.0117117117117117,0.0020144756554052,2.142754497405928,0.0,2.9814846773580115,0.0337334014300306,0.8471910112359551,0.0528089887640449,0.8886363636363637,2.124875507285248,0.851685393258427,2.1371488766322093,0.9550561797752808,2.141489959555075,0.8471910112359551,2.148648125465849,0.898876404494382,2.1614091305618137,,,,GBLUP__bean__DF__R2__main__12345,0.0255119318181818,0.8618170454545456,0.5871196870224188,0.7564615241247199,355.2,0.5722321195985584,-0.10336958147497954,0.7454954954954955
bean,DF,R3,GBLUP,main,Gauss-PEV,0.1,2220,0.91981981981982,0.0198198198198198,0.0077367405573503,2.325323407174064,0.0,2.96079126439726,0.0257657657657657,0.8851351351351351,0.0148648648648649,0.8851351351351351,2.1303812599557355,0.927927927927928,2.2536022826216136,0.9121621621621622,2.331269100361982,0.9301801801801802,2.4033039806270926,0.9436936936936936,2.5080604123038954,,,,GBLUP__bean__DF__R3__main__12345,0.0255119318181818,0.8618170454545456,0.6526485806976465,0.7239758238157314,177.2,0.5722321195985584,-0.10336958147497954,0.7454954954954955
bean,DF,R3,GBLUP,main,SCP,0.1,2220,0.9283783783783784,0.0283783783783783,0.0265727589256804,2.613369108568442,0.0,3.1720514977077534,0.0283783783783783,0.9144144144144144,-0.0144144144144143,0.9324324324324323,2.6402762217926643,0.9391891891891893,2.609588207051452,0.9256756756756755,2.652420770581167,0.9144144144144144,2.602486099936553,0.9301801801801802,2.5620742434803754,,,,GBLUP__bean__DF__R3__main__12345,0.0255119318181818,0.8618170454545456,0.6526485806976465,0.7239758238157314,177.2,0.5722321195985584,-0.10336958147497954,0.7454954954954955
bean,DF,R3,GBLUP,main,CV+,0.1,2220,0.9211711711711712,0.0211711711711711,0.0057421390918837,2.382879238342801,0.0,2.941773066493139,0.0211711711711711,0.9076576576576576,-0.0076576576576576,0.9076576576576576,2.33898945757229,0.9301801801801802,2.355720979056062,0.9121621621621622,2.3794412741703765,0.918918918918919,2.401380405877168,0.9369369369369368,2.438864075038112,,,,GBLUP__bean__DF__R3__main__12345,0.0255119318181818,0.8618170454545456,0.6526485806976465,0.7239758238157314,177.2,0.5722321195985584,-0.10336958147497954,0.7454954954954955
bean,DF,R3,GBLUP,main,CalPred-style,0.1,2220,0.926126126126126,0.026126126126126,0.0116378474619493,2.419754172855645,0.0,3.012597787348515,0.0275675675675675,0.8963963963963963,0.0036036036036036,0.8963963963963963,2.3283677442560644,0.9391891891891893,2.3855600180005805,0.9144144144144144,2.4402462751427194,0.9414414414414416,2.4698549513216865,0.9391891891891893,2.474741875557175,,,,GBLUP__bean__DF__R3__main__12345,0.0255119318181818,0.8618170454545456,0.6526485806976465,0.7239758238157314,177.2,0.5722321195985584,-0.10336958147497954,0.7454954954954955
bean,DF,R3,GBLUP,main,KinCP,0.1,2220,0.9135135135135136,0.0135135135135134,0.0108716381857181,2.3058477501408388,0.0,2.963151290901768,0.0149549549549549,0.8963963963963963,0.0036036036036036,0.9009009009009008,2.276921097339025,0.9391891891891893,2.3770680047765578,0.9166666666666666,2.308252465766944,0.8963963963963963,2.257225432036474,0.9144144144144144,2.309771750785191,,,,GBLUP__bean__DF__R3__main__12345,0.0255119318181818,0.8618170454545456,0.6526485806976465,0.7239758238157314,177.2,0.5722321195985584,-0.10336958147497954,0.7454954954954955
bean,DF,R3,GBLUP,main,KinCP-ABC,0.1,2220,0.9193693693693694,0.0193693693693693,0.008182838794858,2.319443001244061,0.0,2.936418980169714,0.0193693693693693,0.9076576576576576,-0.0076576576576576,0.9076576576576576,2.2820401621654103,0.9324324324324323,2.2895598428365043,0.9144144144144144,2.315484676883069,0.9166666666666666,2.3382122473629336,0.9256756756756755,2.371918076972385,,,,GBLUP__bean__DF__R3__main__12345,0.0255119318181818,0.8618170454545456,0.6526485806976465,0.7239758238157314,177.2,0.5722321195985584,-0.10336958147497954,0.7454954954954955
bean,DPM,R1,GBLUP,main,Gauss-PEV,0.1,2220,0.9009009009009008,0.0009009009009008,0.0045045045045045,2.4036133406144344,0.0,3.141422375756938,0.0151351351351351,0.8828828828828829,0.0171171171171171,0.9121621621621622,2.3078665426186933,0.8828828828828829,2.3685980898409733,0.8918918918918919,2.4016435576331987,0.8896396396396397,2.437956562289845,0.927927927927928,2.502001950689461,,,,GBLUP__bean__DPM__R1__main__12345,0.0255119318181818,0.8618170454545456,0.5298351628309811,0.6751230418774193,355.2,0.2799894082561038,0.031199310384561585,0.7387387387387387
bean,DPM,R1,GBLUP,main,SCP,0.1,2220,0.8927927927927928,0.0072072072072072,0.0056531082873923,2.4673918164620066,0.0,3.25870677180939,0.0124324324324324,0.8783783783783784,0.0216216216216216,0.9121621621621622,2.435630572893549,0.8783783783783784,2.4587372793831666,0.8851351351351351,2.466863420416137,0.8873873873873874,2.472578035144935,0.9009009009009008,2.503149774472244,,,,GBLUP__bean__DPM__R1__main__12345,0.0255119318181818,0.8618170454545456,0.5298351628309811,0.6751230418774193,355.2,0.2799894082561038,0.031199310384561585,0.7387387387387387
bean,DPM,R1,GBLUP,main,CV+,0.1,2220,0.9126126126126126,0.0126126126126125,0.0064494689474217,2.5286113741278338,0.0,3.1399780001981394,0.0145945945945946,0.8963963963963963,0.0036036036036036,0.9301801801801802,2.515761438346649,0.8963963963963963,2.5266232968597087,0.9031531531531533,2.526160773354176,0.8986486486486487,2.53128805350878,0.9346846846846848,2.543223308569857,,,,GBLUP__bean__DPM__R1__main__12345,0.0255119318181818,0.8618170454545456,0.5298351628309811,0.6751230418774193,355.2,0.2799894082561038,0.031199310384561585,0.7387387387387387
bean,DPM,R1,GBLUP,main,CalPred-style,0.1,2220,0.9018018018018018,0.0018018018018017,0.0034157096594826,2.4366750437903044,0.0,3.165467366678546,0.0142342342342342,0.8851351351351351,0.0148648648648649,0.9076576576576576,2.3434081034392684,0.8851351351351351,2.402469216578868,0.8918918918918919,2.439292468520258,0.8918918918918919,2.4724681357718548,0.9324324324324323,2.525737294641273,,,,GBLUP__bean__DPM__R1__main__12345,0.0255119318181818,0.8618170454545456,0.5298351628309811,0.6751230418774193,355.2,0.2799894082561038,0.031199310384561585,0.7387387387387387
bean,DPM,R1,GBLUP,main,KinCP,0.1,2220,0.9018018018018018,0.0018018018018017,0.0074016561825022,2.463618100863231,0.0,3.166406650273548,0.016036036036036,0.8806306306306306,0.0193693693693693,0.90990990990991,2.327708231721186,0.8806306306306306,2.430794624957403,0.8896396396396397,2.4658661901422887,0.8941441441441441,2.517030218584325,0.9346846846846848,2.576691238910952,,,,GBLUP__bean__DPM__R1__main__12345,0.0255119318181818,0.8618170454545456,0.5298351628309811,0.6751230418774193,355.2,0.2799894082561038,0.031199310384561585,0.7387387387387387
bean,DPM,R1,GBLUP,main,KinCP-ABC,0.1,2220,0.9058558558558558,0.0058558558558557,0.0043322937075836,2.4744652866002466,0.0,3.1494521860339373,0.0146846846846846,0.8918918918918919,0.0081081081081081,0.9234234234234234,2.46981136427028,0.8918918918918919,2.47600848705504,0.8941441441441441,2.473405631011888,0.8918918918918919,2.472917718498904,0.927927927927928,2.4801832321651207,,,,GBLUP__bean__DPM__R1__main__12345,0.0255119318181818,0.8618170454545456,0.5298351628309811,0.6751230418774193,355.2,0.2799894082561038,0.031199310384561585,0.7387387387387387
bean,DPM,R2,GBLUP,main,Gauss-PEV,0.1,2220,0.9031531531531533,0.0031531531531531,0.0,2.532086194613992,0.0,3.263509116195028,0.0311695607763023,0.8295454545454546,0.0704545454545454,0.8295454545454546,2.4244397918014604,0.9101123595505618,2.486129306624682,0.9213483146067416,2.528994169512056,0.9325842696629212,2.5707792195443155,0.9213483146067416,2.648878975443482,,,,GBLUP__bean__DPM__R2__main__12345,0.0255119318181818,0.8618170454545456,0.5328224468204055,0.6475276982870994,355.2,0.2799894082561038,0.031199310384561585,0.7387387387387387
bean,DPM,R2,GBLUP,main,SCP,0.1,2220,0.9049549549549548,0.0049549549549549,0.013550999059902,2.7102204628386866,0.0,3.419880835456738,0.0284473953013278,0.8409090909090909,0.059090909090909,0.8409090909090909,2.581886622087016,0.90561797752809,2.6352052749485764,0.90561797752809,2.7226020522354943,0.9393258426966292,2.786194356271088,0.9325842696629212,2.823772055384385,,,,GBLUP__bean__DPM__R2__main__12345,0.0255119318181818,0.8618170454545456,0.5328224468204055,0.6475276982870994,355.2,0.2799894082561038,0.031199310384561585,0.7387387387387387
bean,DPM,R2,GBLUP,main,CV+,0.1,2220,0.9135135135135136,0.0135135135135134,0.0064886758067063,2.676383433565928,0.0,3.270682072581761,0.0387946884576098,0.8363636363636363,0.0636363636363637,0.8363636363636363,2.58317142181132,0.9123595505617976,2.628605907059556,0.9280898876404494,2.6901798753919883,0.9550561797752808,2.7252866997642564,0.9348314606741572,2.7536259378277474,,,,GBLUP__bean__DPM__R2__main__12345,0.0255119318181818,0.8618170454545456,0.5328224468204055,0.6475276982870994,355.2,0.2799894082561038,0.031199310384561585,0.7387387387387387
bean,DPM,R2,GBLUP,main,CalPred-style,0.1,2220,0.8995495495495496,0.0004504504504504,0.0012336093637503,2.545325874428896,0.0,3.280107687336636,0.0262155260469867,0.8340909090909091,0.0659090909090909,0.8340909090909091,2.3920007914619688,0.898876404494382,2.455862862985629,0.9191011235955056,2.517895887709929,0.9348314606741572,2.599111901659213,0.9101123595505618,2.760035174586535,,,,GBLUP__bean__DPM__R2__main__12345,0.0255119318181818,0.8618170454545456,0.5328224468204055,0.6475276982870994,355.2,0.2799894082561038,0.031199310384561585,0.7387387387387387
bean,DPM,R2,GBLUP,main,KinCP,0.1,2220,0.9085585585585586,0.0085585585585585,0.0054241417021586,2.581163317275533,0.0,3.290219809645546,0.0320429009193053,0.8409090909090909,0.059090909090909,0.8409090909090909,2.5029625007466074,0.9213483146067416,2.579467491321853,0.9280898876404494,2.5553327722815964,0.9303370786516854,2.572955630062851,0.9213483146067416,2.6942195311048813,,,,GBLUP__bean__DPM__R2__main__12345,0.0255119318181818,0.8618170454545456,0.5328224468204055,0.6475276982870994,355.2,0.2799894082561038,0.031199310384561585,0.7387387387387387
bean,DPM,R2,GBLUP,main,KinCP-ABC,0.1,2220,0.9135135135135136,0.0135135135135134,0.004091419397429,2.6370779598717604,0.0,3.3063270997911083,0.0378907048008171,0.8386363636363636,0.0613636363636364,0.8386363636363636,2.548308560119058,0.9258426966292136,2.585311155273197,0.9393258426966292,2.640850355824006,0.9483146067415732,2.6900620165393083,0.9146067415730336,2.719860302617249,,,,GBLUP__bean__DPM__R2__main__12345,0.0255119318181818,0.8618170454545456,0.5328224468204055,0.6475276982870994,355.2,0.2799894082561038,0.031199310384561585,0.7387387387387387
bean,DPM,R3,GBLUP,main,Gauss-PEV,0.1,2220,0.8932432432432432,0.0067567567567567,0.0089525256370953,2.589982388353693,0.0,3.3600369891658186,0.0098198198198198,0.8806306306306306,0.0193693693693693,0.8896396396396397,2.4118568225843973,0.9076576576576576,2.530321058518893,0.8986486486486487,2.596023882065564,0.8896396396396397,2.6616295984931537,0.8806306306306306,2.7500805801064585,,,,GBLUP__bean__DPM__R3__main__12345,0.0255119318181818,0.8618170454545456,0.5783146291926538,0.593002537298278,177.2,0.2799894082561038,0.031199310384561585,0.7387387387387387
bean,DPM,R3,GBLUP,main,SCP,0.1,2220,0.9058558558558558,0.0058558558558557,0.0325370559725786,2.854913096644049,0.0,3.5776614884834745,0.0099999999999999,0.8896396396396397,0.0103603603603603,0.90990990990991,2.787159538515678,0.9166666666666666,2.846508999246601,0.9076576576576576,2.854257528355413,0.9054054054054054,2.896305137765131,0.8896396396396397,2.890334279337419,,,,GBLUP__bean__DPM__R3__main__12345,0.0255119318181818,0.8618170454545456,0.5783146291926538,0.593002537298278,177.2,0.2799894082561038,0.031199310384561585,0.7387387387387387
bean,DPM,R3,GBLUP,main,CV+,0.1,2220,0.9243243243243244,0.0243243243243242,0.0128989378948435,2.819601263911541,0.0,3.382300174805208,0.0243243243243243,0.9076576576576576,-0.0076576576576576,0.9301801801801802,2.754808732770009,0.9391891891891893,2.792241274332884,0.9324324324324323,2.8221216130162228,0.9121621621621622,2.8477886062029483,0.9076576576576576,2.881046093235644,,,,GBLUP__bean__DPM__R3__main__12345,0.0255119318181818,0.8618170454545456,0.5783146291926538,0.593002537298278,177.2,0.2799894082561038,0.031199310384561585,0.7387387387387387
bean,DPM,R3,GBLUP,main,CalPred-style,0.1,2220,0.8905405405405405,0.0094594594594594,0.0168993977318054,2.621231422385663,0.0,3.447125329818237,0.0119819819819819,0.8761261261261262,0.0238738738738738,0.8783783783783784,2.4500158810697488,0.9054054054054054,2.5716996397397613,0.9009009009009008,2.6348575181602603,0.8918918918918919,2.6907968634510104,0.8761261261261262,2.7587872095075374,,,,GBLUP__bean__DPM__R3__main__12345,0.0255119318181818,0.8618170454545456,0.5783146291926538,0.593002537298278,177.2,0.2799894082561038,0.031199310384561585,0.7387387387387387
bean,DPM,R3,GBLUP,main,KinCP,0.1,2220,0.8981981981981982,0.0018018018018017,0.0193352937219232,2.6893951791360604,0.0,3.401143527598231,0.01009009009009,0.8828828828828829,0.0171171171171171,0.9031531531531533,2.6026203999486053,0.9144144144144144,2.6954908505964674,0.9031531531531533,2.6487697313054013,0.8873873873873874,2.698882219579624,0.8828828828828829,2.8012126942502054,,,,GBLUP__bean__DPM__R3__main__12345,0.0255119318181818,0.8618170454545456,0.5783146291926538,0.593002537298278,177.2,0.2799894082561038,0.031199310384561585,0.7387387387387387
bean,DPM,R3,GBLUP,main,KinCP-ABC,0.1,2220,0.913963963963964,0.0139639639639639,0.0127804152784784,2.7699422522233985,0.0,3.399190155095287,0.018108108108108,0.8896396396396397,0.0103603603603603,0.9256756756756755,2.717990984168012,0.9324324324324323,2.7474988366123045,0.9166666666666666,2.762359745272088,0.9054054054054054,2.792809477144916,0.8896396396396397,2.8290522179196724,,,,GBLUP__bean__DPM__R3__main__12345,0.0255119318181818,0.8618170454545456,0.5783146291926538,0.593002537298278,177.2,0.2799894082561038,0.031199310384561585,0.7387387387387387
bean,PHI,R1,GBLUP,main,Gauss-PEV,0.1,2220,0.913963963963964,0.0139639639639639,0.0053771785523933,2.941113952976903,0.0,4.080861929202443,0.0316216216216216,0.8558558558558559,0.0441441441441441,0.9369369369369368,2.8587324228748057,0.9414414414414416,2.9067838786322056,0.9144144144144144,2.9409606861869584,0.9211711711711712,2.972485410877132,0.8558558558558559,3.0266073663134123,,,,GBLUP__bean__PHI__R1__main__12345,0.0255119318181818,0.8618170454545456,0.290425845450185,0.4358449791008847,355.2,-1.4217861200467548,3.911237040214613,0.8626126126126126
bean,PHI,R1,GBLUP,main,SCP,0.1,2220,0.8882882882882883,0.0117117117117117,0.0157335578347504,2.860678154117366,0.0,4.198399466895292,0.0196396396396396,0.8400900900900901,0.0599099099099099,0.8918918918918919,2.7196053684010617,0.9166666666666666,2.8213401309894293,0.8896396396396397,2.8480994803260327,0.9031531531531533,2.909031657927104,0.8400900900900901,3.005314132943201,,,,GBLUP__bean__PHI__R1__main__12345,0.0255119318181818,0.8618170454545456,0.290425845450185,0.4358449791008847,355.2,-1.4217861200467548,3.911237040214613,0.8626126126126126
bean,PHI,R1,GBLUP,main,CV+,0.1,2220,0.9076576576576576,0.0076576576576576,0.0045045045045045,2.868776734189464,0.0,4.104741958218357,0.0289189189189188,0.8468468468468469,0.0531531531531531,0.9369369369369368,2.8705491095508155,0.9369369369369368,2.863248013499109,0.9009009009009008,2.8614018295160326,0.9166666666666666,2.873952114786796,0.8468468468468469,2.874732603594567,,,,GBLUP__bean__PHI__R1__main__12345,0.0255119318181818,0.8618170454545456,0.290425845450185,0.4358449791008847,355.2,-1.4217861200467548,3.911237040214613,0.8626126126126126
bean,PHI,R1,GBLUP,main,CalPred-style,0.1,2220,0.8864864864864865,0.0135135135135134,0.0054241417021586,2.634675926362572,0.0,4.101236592133749,0.025045045045045,0.8490990990990991,0.0509009009009009,0.8738738738738738,2.329825291120598,0.9234234234234234,2.5100933312920413,0.8806306306306306,2.618838866980773,0.9054054054054054,2.753936900790158,0.8490990990990991,2.9606852416292906,,,,GBLUP__bean__PHI__R1__main__12345,0.0255119318181818,0.8618170454545456,0.290425845450185,0.4358449791008847,355.2,-1.4217861200467548,3.911237040214613,0.8626126126126126
bean,PHI,R1,GBLUP,main,KinCP,0.1,2220,0.8905405405405405,0.0094594594594594,0.0030217134831077,2.651584436833861,0.0,4.066248141707731,0.0231531531531531,0.8445945945945946,0.0554054054054053,0.90990990990991,2.61254836811308,0.9234234234234234,2.5751286872679264,0.8738738738738738,2.5793462617589245,0.9009009009009008,2.656894990485357,0.8445945945945946,2.8340038765440174,,,,GBLUP__bean__PHI__R1__main__12345,0.0255119318181818,0.8618170454545456,0.290425845450185,0.4358449791008847,355.2,-1.4217861200467548,3.911237040214613,0.8626126126126126
bean,PHI,R1,GBLUP,main,KinCP-ABC,0.1,2220,0.9027027027027028,0.0027027027027026,0.0048827665289817,2.81042650443061,0.0,4.094619504261334,0.029009009009009,0.8445945945945946,0.0554054054054053,0.9324324324324323,2.812957709325644,0.9369369369369368,2.810552315259545,0.8896396396396397,2.806362140528153,0.90990990990991,2.811360179478822,0.8445945945945946,2.8109001775608844,,,,GBLUP__bean__PHI__R1__main__12345,0.0255119318181818,0.8618170454545456,0.290425845450185,0.4358449791008847,355.2,-1.4217861200467548,3.911237040214613,0.8626126126126126
bean,PHI,R2,GBLUP,main,Gauss-PEV,0.1,2220,0.90990990990991,0.0099099099099099,0.0,3.0592429922378868,0.0,4.111277132417272,0.0288100102145045,0.8651685393258427,0.0348314606741573,0.9204545454545454,2.8750120066134426,0.8876404494382022,2.971106159116714,0.8651685393258427,3.1041377330101176,0.9438202247191012,3.152456318076968,0.9325842696629212,3.191432733297761,,,,GBLUP__bean__PHI__R2__main__12345,0.0255119318181818,0.8618170454545456,0.29827169894653865,0.40781664825025543,355.2,-1.4217861200467548,3.911237040214613,0.8626126126126126
bean,PHI,R2,GBLUP,main,SCP,0.1,2220,0.8851351351351351,0.0148648648648649,0.0305094981624866,2.850203877825348,0.0,4.268652092753015,0.0391113381001021,0.8269662921348314,0.0730337078651686,0.9045454545454544,2.7509348606712902,0.8382022471910112,2.7782148606377337,0.8269662921348314,2.8855179802631183,0.9370786516853932,2.917618152669692,0.9191011235955056,2.917618152669692,,,,GBLUP__bean__PHI__R2__main__12345,0.0255119318181818,0.8618170454545456,0.29827169894653865,0.40781664825025543,355.2,-1.4217861200467548,3.911237040214613,0.8626126126126126
bean,PHI,R2,GBLUP,main,CV+,0.1,2220,0.8981981981981982,0.0018018018018017,0.0089241498901616,2.879675090701436,0.0,4.032380652215697,0.03511746680286,0.8404494382022472,0.0595505617977528,0.9272727272727272,2.8058696783981887,0.8674157303370786,2.8549159981496097,0.8404494382022472,2.912588483111238,0.9325842696629212,2.9102072887024493,0.9235955056179777,2.9139647308501506,,,,GBLUP__bean__PHI__R2__main__12345,0.0255119318181818,0.8618170454545456,0.29827169894653865,0.40781664825025543,355.2,-1.4217861200467548,3.911237040214613,0.8626126126126126
bean,PHI,R2,GBLUP,main,CalPred-style,0.1,2220,0.90990990990991,0.0099099099099099,0.0,2.866238257165673,0.0,3.99439720761222,0.0243156281920326,0.8651685393258427,0.0348314606741573,0.9204545454545454,2.6185299065972005,0.898876404494382,2.959687239505999,0.8651685393258427,2.8068242426731125,0.9325842696629212,2.753196767584221,0.9325842696629212,3.190169889573804,,,,GBLUP__bean__PHI__R2__main__12345,0.0255119318181818,0.8618170454545456,0.29827169894653865,0.40781664825025543,355.2,-1.4217861200467548,3.911237040214613,0.8626126126126126
bean,PHI,R2,GBLUP,main,KinCP,0.1,2220,0.9013513513513514,0.0013513513513513,0.0040289513108104,2.730835812863642,0.0,3.995968448881188,0.0247599591419816,0.8539325842696629,0.0460674157303371,0.9181818181818182,2.5363087668863287,0.8876404494382022,2.8182646811713297,0.8539325842696629,2.763787121672437,0.9325842696629212,2.615849873718753,0.9146067415730336,2.917782923723549,,,,GBLUP__bean__PHI__R2__main__12345,0.0255119318181818,0.8618170454545456,0.29827169894653865,0.40781664825025543,355.2,-1.4217861200467548,3.911237040214613,0.8626126126126126
bean,PHI,R2,GBLUP,main,KinCP-ABC,0.1,2220,0.8914414414414414,0.0085585585585585,0.0060434269662156,2.786541125697448,0.0,4.113868079173588,0.0373493360572012,0.8202247191011236,0.0797752808988764,0.9204545454545454,2.706410670299479,0.8651685393258427,2.7377784562379195,0.8202247191011236,2.822275241953518,0.9325842696629212,2.832670458900421,0.9191011235955056,2.832670458900421,,,,GBLUP__bean__PHI__R2__main__12345,0.0255119318181818,0.8618170454545456,0.29827169894653865,0.40781664825025543,355.2,-1.4217861200467548,3.911237040214613,0.8626126126126126
bean,PHI,R3,GBLUP,main,Gauss-PEV,0.1,2220,0.9054054054054054,0.0054054054054053,0.0152755179800118,3.041477910524443,0.0,4.338273322461941,0.0176576576576576,0.8693693693693694,0.0306306306306306,0.90990990990991,2.8511618886560344,0.918918918918919,2.980402136985827,0.9234234234234234,3.051985008542574,0.9054054054054054,3.1214679149080298,0.8693693693693694,3.2023726035297506,,,,GBLUP__bean__PHI__R3__main__12345,0.0255119318181818,0.8618170454545456,0.2820213235998887,0.36148622504409794,177.2,-1.4217861200467548,3.911237040214613,0.8626126126126126
bean,PHI,R3,GBLUP,main,SCP,0.1,2220,0.8941441441441441,0.0058558558558559,0.0404152217228071,3.1785618372253364,0.0,4.595038536920743,0.0249549549549549,0.8355855855855856,0.0644144144144144,0.9301801801801802,3.1560531648761283,0.9076576576576576,3.1533978788230126,0.90990990990991,3.2146623313430664,0.8873873873873874,3.2026352969118843,0.8355855855855856,3.1660605141725897,,,,GBLUP__bean__PHI__R3__main__12345,0.0255119318181818,0.8618170454545456,0.2820213235998887,0.36148622504409794,177.2,-1.4217861200467548,3.911237040214613,0.8626126126126126
bean,PHI,R3,GBLUP,main,CV+,0.1,2220,0.9085585585585586,0.0085585585585585,0.0103945772605534,3.0331280945953085,0.0,4.361577197160506,0.0217117117117116,0.8671171171171171,0.0328828828828828,0.9256756756756755,2.957966247619076,0.9324324324324323,3.011110596234781,0.9144144144144144,3.042253289566794,0.9031531531531533,3.075063074195432,0.8671171171171171,3.0792472653604586,,,,GBLUP__bean__PHI__R3__main__12345,0.0255119318181818,0.8618170454545456,0.2820213235998887,0.36148622504409794,177.2,-1.4217861200467548,3.911237040214613,0.8626126126126126
bean,PHI,R3,GBLUP,main,CalPred-style,0.1,2220,0.8770270270270271,0.0229729729729729,0.0092314871765401,2.7466698156138705,0.0,4.381108486541038,0.0242342342342342,0.8490990990990991,0.0509009009009009,0.8490990990990991,2.245524809454111,0.8761261261261262,2.5481638312831056,0.9031531531531533,2.766750581720808,0.8761261261261262,2.939703283637983,0.8806306306306306,3.2332065719733434,,,,GBLUP__bean__PHI__R3__main__12345,0.0255119318181818,0.8618170454545456,0.2820213235998887,0.36148622504409794,177.2,-1.4217861200467548,3.911237040214613,0.8626126126126126
bean,PHI,R3,GBLUP,main,KinCP,0.1,2220,0.8815315315315315,0.0184684684684685,0.0111024842737534,2.8094781124250927,0.0,4.312966200029124,0.0197297297297297,0.8536036036036037,0.0463963963963963,0.8918918918918919,2.6546819764281087,0.9031531531531533,2.7158293268596623,0.8918918918918919,2.759509558337053,0.8671171171171171,2.842148941215117,0.8536036036036037,3.0752207592855214,,,,GBLUP__bean__PHI__R3__main__12345,0.0255119318181818,0.8618170454545456,0.2820213235998887,0.36148622504409794,177.2,-1.4217861200467548,3.911237040214613,0.8626126126126126
bean,PHI,R3,GBLUP,main,KinCP-ABC,0.1,2220,0.9009009009009008,0.0009009009009008,0.0118109104523665,2.984613223442045,0.0,4.343626760704783,0.0209009009009009,0.8513513513513513,0.0486486486486487,0.918918918918919,2.908932785075696,0.918918918918919,2.961191175554481,0.9166666666666666,2.995730083151063,0.8986486486486487,3.029536669754882,0.8513513513513513,3.0276754036741,,,,GBLUP__bean__PHI__R3__main__12345,0.0255119318181818,0.8618170454545456,0.2820213235998887,0.36148622504409794,177.2,-1.4217861200467548,3.911237040214613,0.8626126126126126
lentil,DTF,R1,GBLUP,main,Gauss-PEV,0.1,1620,0.8969135802469136,0.0030864197530864,0.0118736938652292,1.8799922524351007,0.0,2.689982959702028,0.0206172839506173,0.8703703703703703,0.0296296296296296,0.8703703703703703,1.2367905144669766,0.904320987654321,1.6483369878596952,0.9351851851851852,1.9594547096506023,0.8703703703703703,2.158277124996048,0.904320987654321,2.3971019252021826,,,,GBLUP__lentil__DTF__R1__main__12345,0.0301247187499999,0.85506328125,0.8180628387143265,0.8132559589287501,259.2,0.6019790268442571,0.09904306380100181,0.3549382716049383
lentil,DTF,R1,GBLUP,main,SCP,0.1,1620,0.9049382716049382,0.0049382716049382,0.0221921950768488,2.112375024504761,0.0,2.825791004116311,0.0409876543209876,0.8364197530864198,0.0635802469135802,0.9506172839506172,2.1030388541969907,0.9166666666666666,2.104510091964482,0.9475308641975309,2.1230043296177694,0.8364197530864198,2.095496944869821,0.8734567901234568,2.1358249018747406,,,,GBLUP__lentil__DTF__R1__main__12345,0.0301247187499999,0.85506328125,0.8180628387143265,0.8132559589287501,259.2,0.6019790268442571,0.09904306380100181,0.3549382716049383
lentil,DTF,R1,GBLUP,main,CV+,0.1,1620,0.9092592592592592,0.0092592592592591,0.0101430103241697,2.092546469297726,0.0,2.714341144777113,0.0465432098765431,0.845679012345679,0.054320987654321,0.9660493827160492,2.121819172176035,0.9320987654320988,2.096097279826422,0.941358024691358,2.0711815294668874,0.8611111111111112,2.0851217015440344,0.845679012345679,2.088512663475251,,,,GBLUP__lentil__DTF__R1__main__12345,0.0301247187499999,0.85506328125,0.8180628387143265,0.8132559589287501,259.2,0.6019790268442571,0.09904306380100181,0.3549382716049383
lentil,DTF,R1,GBLUP,main,CalPred-style,0.1,1620,0.9117283950617284,0.0117283950617284,0.0103751458728219,2.0289691213001504,0.0,2.72411503654983,0.0218518518518518,0.8796296296296297,0.0203703703703703,0.8796296296296297,1.1730683352962077,0.9135802469135802,1.7524824820892912,0.941358024691358,2.1545288672463974,0.8950617283950617,2.397101512581048,0.9290123456790124,2.667664409287806,,,,GBLUP__lentil__DTF__R1__main__12345,0.0301247187499999,0.85506328125,0.8180628387143265,0.8132559589287501,259.2,0.6019790268442571,0.09904306380100181,0.3549382716049383
lentil,DTF,R1,GBLUP,main,KinCP,0.1,1620,0.9123456790123456,0.0123456790123456,0.013733700902029,2.05260542607231,0.0,2.7495322037949315,0.0162962962962963,0.8919753086419753,0.0080246913580247,0.8919753086419753,1.369642437621906,0.904320987654321,1.7320859650829978,0.9444444444444444,2.070237991802286,0.8981481481481481,2.398194333750955,0.9228395061728396,2.6928664021034043,,,,GBLUP__lentil__DTF__R1__main__12345,0.0301247187499999,0.85506328125,0.8180628387143265,0.8132559589287501,259.2,0.6019790268442571,0.09904306380100181,0.3549382716049383
lentil,DTF,R1,GBLUP,main,KinCP-ABC,0.1,1620,0.901851851851852,0.0018518518518518,0.0129849901036806,2.0376909317176377,0.0,2.774293744803736,0.0490123456790123,0.8364197530864198,0.0635802469135802,0.9506172839506172,2.027223848722148,0.9351851851851852,2.0440984873423544,0.941358024691358,2.032626006400155,0.8364197530864198,2.039946073882448,0.845679012345679,2.044560242241083,,,,GBLUP__lentil__DTF__R1__main__12345,0.0301247187499999,0.85506328125,0.8180628387143265,0.8132559589287501,259.2,0.6019790268442571,0.09904306380100181,0.3549382716049383
lentil,DTF,R2,GBLUP,main,Gauss-PEV,0.1,1620,0.845679012345679,0.054320987654321,0.0,2.596220683670349,0.0,4.58663777525949,0.06375,0.78125,0.11875,0.78125,2.2593090400116416,0.8769230769230769,2.4932245077521404,0.8,2.620746110757724,0.8461538461538461,2.754567287291749,0.9230769230769232,2.848073216482205,,,,GBLUP__lentil__DTF__R2__main__12345,0.0301247187499999,0.85506328125,0.7882442955884517,0.16804929248935707,259.2,0.6019790268442571,0.09904306380100181,0.3549382716049383
lentil,DTF,R2,GBLUP,main,SCP,0.1,1620,0.7314814814814815,0.1685185185185185,0.0397058034884833,2.29051615936596,0.0,4.97329444144123,0.1688461538461538,0.625,0.275,0.625,2.2060369894130973,0.7230769230769231,2.2742969515116616,0.76,2.360635485754648,0.7476923076923077,2.357317689318187,0.8,2.2529940012944643,,,,GBLUP__lentil__DTF__R2__main__12345,0.0301247187499999,0.85506328125,0.7882442955884517,0.16804929248935707,259.2,0.6019790268442571,0.09904306380100181,0.3549382716049383
lentil,DTF,R2,GBLUP,main,CV+,0.1,1620,0.7246913580246913,0.1753086419753087,0.0082817332499992,2.026175220602298,0.0,5.134272506240128,0.1753076923076923,0.6615384615384615,0.2384615384615385,0.725,2.065154498803725,0.72,2.0341918803227914,0.7138461538461538,2.008971158381403,0.6615384615384615,2.009688813509162,0.803076923076923,2.0134694331975065,,,,GBLUP__lentil__DTF__R2__main__12345,0.0301247187499999,0.85506328125,0.7882442955884517,0.16804929248935707,259.2,0.6019790268442571,0.09904306380100181,0.3549382716049383
lentil,DTF,R2,GBLUP,main,CalPred-style,0.1,1620,0.8629629629629629,0.037037037037037,0.0077468520975377,2.852865596873287,0.0,4.248960348444133,0.0489038461538461,0.80625,0.09375,0.80625,2.526209825345876,0.8830769230769231,2.7325678701496767,0.8307692307692308,2.8925670903290888,0.8646153846153846,3.0073874297252208,0.9292307692307692,3.1005702954084566,,,,GBLUP__lentil__DTF__R2__main__12345,0.0301247187499999,0.85506328125,0.7882442955884517,0.16804929248935707,259.2,0.6019790268442571,0.09904306380100181,0.3549382716049383
lentil,DTF,R2,GBLUP,main,KinCP,0.1,1620,0.8611111111111112,0.0388888888888888,0.0021824283369954,2.9614809833551554,0.0,4.634885617341657,0.0576057692307692,0.778125,0.121875,0.778125,2.490953753972544,0.9076923076923076,2.886990551937307,0.803076923076923,2.9312500794770835,0.8769230769230769,3.110496567891824,0.9384615384615383,3.380475083044981,,,,GBLUP__lentil__DTF__R2__main__12345,0.0301247187499999,0.85506328125,0.7882442955884517,0.16804929248935707,259.2,0.6019790268442571,0.09904306380100181,0.3549382716049383
lentil,DTF,R2,GBLUP,main,KinCP-ABC,0.1,1620,0.7185185185185186,0.1814814814814814,0.0165346854765171,1.9990318600766024,0.0,5.239094422142013,0.1815288461538461,0.676923076923077,0.223076923076923,0.703125,2.015951337632849,0.7107692307692308,1.995844475678684,0.7076923076923077,1.9858032423270864,0.676923076923077,1.986217438190809,0.7938461538461539,2.011603106208296,,,,GBLUP__lentil__DTF__R2__main__12345,0.0301247187499999,0.85506328125,0.7882442955884517,0.16804929248935707,259.2,0.6019790268442571,0.09904306380100181,0.3549382716049383
lentil,DTF,R3,GBLUP,main,Gauss-PEV,0.1,1620,0.8814814814814815,0.0185185185185184,0.0159779988957343,2.0359795034017623,0.0,3.035002066692431,0.0195061728395061,0.8549382716049383,0.0450617283950617,0.8672839506172839,1.2239378415097852,0.8549382716049383,1.8229677147073864,0.9012345679012346,2.1449485998474085,0.8827160493827161,2.3602116500788166,0.9012345679012346,2.6278317108654154,,,,GBLUP__lentil__DTF__R3__main__12345,0.0301247187499999,0.85506328125,0.8713330895190566,0.7572149409776763,129.2,0.6019790268442571,0.09904306380100181,0.3549382716049383
lentil,DTF,R3,GBLUP,main,SCP,0.1,1620,0.9339506172839506,0.0339506172839505,0.0225329780844987,2.8754532248743554,0.0,3.488036907110373,0.0346913580246913,0.8981481481481481,0.0018518518518518,0.9783950617283952,2.850197677984381,0.9382716049382716,2.847878767327132,0.9475308641975309,2.925863336311996,0.8981481481481481,2.8226156666163966,0.9074074074074074,2.930710676131874,,,,GBLUP__lentil__DTF__R3__main__12345,0.0301247187499999,0.85506328125,0.8713330895190566,0.7572149409776763,129.2,0.6019790268442571,0.09904306380100181,0.3549382716049383
lentil,DTF,R3,GBLUP,main,CV+,0.1,1620,0.9006172839506172,0.0006172839506172,0.0165346854765171,2.22182836009688,0.0,3.10215107466141,0.0341975308641975,0.8487654320987654,0.0512345679012345,0.9691358024691358,2.233790255480272,0.9074074074074074,2.21414935772494,0.910493827160494,2.2126589623075104,0.8487654320987654,2.214937937224753,0.8672839506172839,2.2336052877469257,,,,GBLUP__lentil__DTF__R3__main__12345,0.0301247187499999,0.85506328125,0.8713330895190566,0.7572149409776763,129.2,0.6019790268442571,0.09904306380100181,0.3549382716049383
lentil,DTF,R3,GBLUP,main,CalPred-style,0.1,1620,0.8858024691358025,0.0141975308641975,0.0181286113031955,2.103194920226532,0.0,3.0449111834802767,0.0201234567901234,0.8580246913580247,0.0419753086419752,0.8580246913580247,1.1884743696140323,0.8580246913580247,1.8769980375262512,0.9074074074074074,2.2288959292426616,0.8981481481481481,2.4673306642699293,0.9074074074074074,2.7542756004797857,,,,GBLUP__lentil__DTF__R3__main__12345,0.0301247187499999,0.85506328125,0.8713330895190566,0.7572149409776763,129.2,0.6019790268442571,0.09904306380100181,0.3549382716049383
lentil,DTF,R3,GBLUP,main,KinCP,0.1,1620,0.8932098765432098,0.0067901234567901,0.0249408689516505,2.149046920258587,0.0,3.073805260061409,0.012716049382716,0.8703703703703703,0.0296296296296296,0.8858024691358025,1.3365994999900348,0.8703703703703703,1.9982180866858503,0.910493827160494,2.2728118600555085,0.8950617283950617,2.4536438962444715,0.904320987654321,2.6839612583170704,,,,GBLUP__lentil__DTF__R3__main__12345,0.0301247187499999,0.85506328125,0.8713330895190566,0.7572149409776763,129.2,0.6019790268442571,0.09904306380100181,0.3549382716049383
lentil,DTF,R3,GBLUP,main,KinCP-ABC,0.1,1620,0.891358024691358,0.0086419753086419,0.0237473877304584,2.17422212771865,0.0,3.132252789069649,0.0372839506172839,0.8302469135802469,0.069753086419753,0.9660493827160492,2.164189270519497,0.904320987654321,2.1720732882231224,0.9012345679012346,2.171509009774739,0.8302469135802469,2.166290952552998,0.8549382716049383,2.1970481175228955,,,,GBLUP__lentil__DTF__R3__main__12345,0.0301247187499999,0.85506328125,0.8713330895190566,0.7572149409776763,129.2,0.6019790268442571,0.09904306380100181,0.3549382716049383
lentil,VEG,R1,GBLUP,main,Gauss-PEV,0.1,1620,0.8950617283950617,0.0049382716049383,0.0109121416849775,1.7981089323525434,0.0,2.517423909254591,0.0251851851851852,0.8672839506172839,0.0327160493827161,0.8888888888888888,1.226643752699719,0.8672839506172839,1.5828555489604297,0.9506172839506172,1.866681200737365,0.8765432098765432,2.047442615491391,0.8919753086419753,2.266921543873812,,,,GBLUP__lentil__VEG__R1__main__12345,0.0301247187499999,0.85506328125,0.7983841920277931,0.8345932623436927,259.2,0.4407521935489618,-0.18669875044002548,0.38271604938271603
lentil,VEG,R1,GBLUP,main,SCP,0.1,1620,0.9055555555555556,0.0055555555555555,0.0251311147973114,2.045466029756005,0.0,2.629604733940976,0.0490123456790123,0.8364197530864198,0.0635802469135802,0.9351851851851852,2.036027253068536,0.9228395061728396,2.042190247253881,0.9783950617283952,2.0633816312443387,0.8364197530864198,2.02279256792168,0.8549382716049383,2.0629384492915888,,,,GBLUP__lentil__VEG__R1__main__12345,0.0301247187499999,0.85506328125,0.7983841920277931,0.8345932623436927,259.2,0.4407521935489618,-0.18669875044002548,0.38271604938271603
lentil,VEG,R1,GBLUP,main,CV+,0.1,1620,0.910493827160494,0.0104938271604938,0.0106916716516597,1.9670827728072584,0.0,2.5171443023314,0.0453086419753086,0.8549382716049383,0.0450617283950617,0.9537037037037036,1.995856682254276,0.9290123456790124,1.967459915472248,0.9567901234567902,1.9485905140361173,0.8549382716049383,1.9572585608338875,0.8580246913580247,1.9662481914397656,,,,GBLUP__lentil__VEG__R1__main__12345,0.0301247187499999,0.85506328125,0.7983841920277931,0.8345932623436927,259.2,0.4407521935489618,-0.18669875044002548,0.38271604938271603
lentil,VEG,R1,GBLUP,main,CalPred-style,0.1,1620,0.9055555555555556,0.0055555555555555,0.0046807873111429,1.9257225255467405,0.0,2.551496772620649,0.0181481481481481,0.8827160493827161,0.0172839506172839,0.8858024691358025,1.1505728131379422,0.8827160493827161,1.6668038448382978,0.9537037037037036,2.0391768921360227,0.9012345679012346,2.261981367227661,0.904320987654321,2.510077710393778,,,,GBLUP__lentil__VEG__R1__main__12345,0.0301247187499999,0.85506328125,0.7983841920277931,0.8345932623436927,259.2,0.4407521935489618,-0.18669875044002548,0.38271604938271603
lentil,VEG,R1,GBLUP,main,KinCP,0.1,1620,0.9135802469135802,0.0135802469135801,0.0106916716516597,1.9678908343901909,0.0,2.569254491842461,0.0212345679012345,0.8858024691358025,0.0141975308641975,0.904320987654321,1.459740902710427,0.8858024691358025,1.717714098009206,0.9475308641975309,1.9195438395447872,0.8950617283950617,2.223750666061699,0.9351851851851852,2.518704665624836,,,,GBLUP__lentil__VEG__R1__main__12345,0.0301247187499999,0.85506328125,0.7983841920277931,0.8345932623436927,259.2,0.4407521935489618,-0.18669875044002548,0.38271604938271603
lentil,VEG,R1,GBLUP,main,KinCP-ABC,0.1,1620,0.9012345679012346,0.0012345679012345,0.0065472850109865,1.922996069040044,0.0,2.562095380878193,0.0471604938271604,0.8364197530864198,0.0635802469135802,0.941358024691358,1.916283562527408,0.9290123456790124,1.925446533770529,0.9506172839506172,1.9212040758812228,0.8364197530864198,1.9223770339977349,0.8487654320987654,1.9296691390233225,,,,GBLUP__lentil__VEG__R1__main__12345,0.0301247187499999,0.85506328125,0.7983841920277931,0.8345932623436927,259.2,0.4407521935489618,-0.18669875044002548,0.38271604938271603
lentil,VEG,R2,GBLUP,main,Gauss-PEV,0.1,1620,0.8333333333333334,0.0666666666666666,0.0,2.46096283433834,0.0,4.192894290294652,0.0760576923076923,0.78125,0.11875,0.78125,2.1715491623381107,0.8153846153846154,2.3873556180045155,0.8153846153846154,2.4878031163029988,0.8307692307692308,2.602589144638539,0.9230769230769232,2.6510646123767616,,,,GBLUP__lentil__VEG__R2__main__12345,0.0301247187499999,0.85506328125,0.7690816529895984,0.19108969250821947,259.2,0.4407521935489618,-0.18669875044002548,0.38271604938271603
lentil,VEG,R2,GBLUP,main,SCP,0.1,1620,0.7179012345679012,0.1820987654320988,0.0286721584259101,2.1841820117801185,0.0,4.686835246654872,0.1823942307692308,0.621875,0.278125,0.621875,2.097803299224205,0.7169230769230769,2.185152633825968,0.7753846153846153,2.253791792862929,0.68,2.2473268098825847,0.7938461538461539,2.135506619834814,,,,GBLUP__lentil__VEG__R2__main__12345,0.0301247187499999,0.85506328125,0.7690816529895984,0.19108969250821947,259.2,0.4407521935489618,-0.18669875044002548,0.38271604938271603
lentil,VEG,R2,GBLUP,main,CV+,0.1,1620,0.7080246913580247,0.1919753086419753,0.0077468520975377,1.959949061035666,0.0,4.737424349917,0.1919711538461538,0.5876923076923077,0.3123076923076923,0.709375,1.9953490982324649,0.7538461538461538,1.983769523214771,0.7076923076923077,1.9735477228649927,0.5876923076923077,1.9542700874651484,0.7815384615384615,1.893353489357827,,,,GBLUP__lentil__VEG__R2__main__12345,0.0301247187499999,0.85506328125,0.7690816529895984,0.19108969250821947,259.2,0.4407521935489618,-0.18669875044002548,0.38271604938271603
lentil,VEG,R2,GBLUP,main,CalPred-style,0.1,1620,0.8691358024691358,0.0308641975308642,0.0067620068827798,2.6881795120362946,0.0,3.905479231832546,0.0401346153846154,0.8369230769230769,0.0630769230769231,0.85625,2.428070558300986,0.8769230769230769,2.6067038948999133,0.8523076923076923,2.720662504577896,0.8369230769230769,2.811402803729487,0.9230769230769232,2.870056122461879,,,,GBLUP__lentil__VEG__R2__main__12345,0.0301247187499999,0.85506328125,0.7690816529895984,0.19108969250821947,259.2,0.4407521935489618,-0.18669875044002548,0.38271604938271603
lentil,VEG,R2,GBLUP,main,KinCP,0.1,1620,0.8641975308641975,0.0358024691358025,0.0,2.807236034456716,0.0,4.168924493694904,0.0514423076923076,0.78125,0.11875,0.78125,2.4169630848477013,0.8923076923076924,2.7150640784730493,0.8461538461538461,2.794636784343977,0.8615384615384616,2.943271119755587,0.9384615384615383,3.160240905638508,,,,GBLUP__lentil__VEG__R2__main__12345,0.0301247187499999,0.85506328125,0.7690816529895984,0.19108969250821947,259.2,0.4407521935489618,-0.18669875044002548,0.38271604938271603
lentil,VEG,R2,GBLUP,main,KinCP-ABC,0.1,1620,0.7154320987654321,0.1845679012345679,0.0177837781368986,1.957361514213679,0.0,4.730636756560413,0.1845,0.5938461538461538,0.3061538461538462,0.7375,1.987244401843352,0.7507692307692307,1.976558740086956,0.7046153846153846,1.9777378319736985,0.5938461538461538,1.9614615907704267,0.7907692307692308,1.8842647431267263,,,,GBLUP__lentil__VEG__R2__main__12345,0.0301247187499999,0.85506328125,0.7690816529895984,0.19108969250821947,259.2,0.4407521935489618,-0.18669875044002548,0.38271604938271603
lentil,VEG,R3,GBLUP,main,Gauss-PEV,0.1,1620,0.8827160493827161,0.0172839506172839,0.0320750149549792,1.9448969281139548,0.0,2.82893809915845,0.0207407407407407,0.8641975308641975,0.0358024691358025,0.8703703703703703,1.2157510218648064,0.8641975308641975,1.7397022692083757,0.904320987654321,2.0394479311232554,0.8703703703703703,2.240255356791573,0.904320987654321,2.489328061581763,,,,GBLUP__lentil__VEG__R3__main__12345,0.0301247187499999,0.85506328125,0.8539871531343565,0.7873650487782113,129.2,0.4407521935489618,-0.18669875044002548,0.38271604938271603
lentil,VEG,R3,GBLUP,main,SCP,0.1,1620,0.9333333333333332,0.0333333333333333,0.0344104660053548,2.7426238063952613,0.0,3.2769870526471254,0.0372839506172839,0.8919753086419753,0.0080246913580247,0.9814814814814816,2.7188085037966,0.9475308641975309,2.726820654425944,0.9475308641975309,2.7833643502164382,0.8981481481481481,2.708600187955876,0.8919753086419753,2.775525335581453,,,,GBLUP__lentil__VEG__R3__main__12345,0.0301247187499999,0.85506328125,0.8539871531343565,0.7873650487782113,129.2,0.4407521935489618,-0.18669875044002548,0.38271604938271603
lentil,VEG,R3,GBLUP,main,CV+,0.1,1620,0.8981481481481481,0.0018518518518518,0.0223632357194281,2.1075980024856187,0.0,2.8887394288053585,0.044074074074074,0.8179012345679012,0.0820987654320988,0.9783950617283952,2.1154283371696048,0.9012345679012346,2.098555070683196,0.925925925925926,2.0973928111598115,0.8179012345679012,2.1025103795606626,0.8672839506172839,2.124103413854818,,,,GBLUP__lentil__VEG__R3__main__12345,0.0301247187499999,0.85506328125,0.8539871531343565,0.7873650487782113,129.2,0.4407521935489618,-0.18669875044002548,0.38271604938271603
lentil,VEG,R3,GBLUP,main,CalPred-style,0.1,1620,0.8882716049382716,0.0117283950617284,0.0318813864410289,2.024309106224797,0.0,2.8322173252900096,0.0188888888888888,0.8672839506172839,0.0327160493827161,0.8672839506172839,1.1801402925031292,0.8734567901234568,1.809943331203356,0.9135802469135802,2.1422705657553744,0.8827160493827161,2.358717058739137,0.904320987654321,2.630474282922988,,,,GBLUP__lentil__VEG__R3__main__12345,0.0301247187499999,0.85506328125,0.8539871531343565,0.7873650487782113,129.2,0.4407521935489618,-0.18669875044002548,0.38271604938271603
lentil,VEG,R3,GBLUP,main,KinCP,0.1,1620,0.8993827160493827,0.0006172839506173,0.036296611235721,2.080278693056555,0.0,2.865256266508532,0.0114814814814814,0.8827160493827161,0.0172839506172839,0.8950617283950617,1.3509858933795695,0.8919753086419753,1.906056393021932,0.9197530864197532,2.160537399701036,0.8827160493827161,2.364311846325057,0.9074074074074074,2.6195019328551816,,,,GBLUP__lentil__VEG__R3__main__12345,0.0301247187499999,0.85506328125,0.8539871531343565,0.7873650487782113,129.2,0.4407521935489618,-0.18669875044002548,0.38271604938271603
lentil,VEG,R3,GBLUP,main,KinCP-ABC,0.1,1620,0.8944444444444445,0.0055555555555555,0.0248260216693706,2.069416707187759,0.0,2.907774277369019,0.0379012345679012,0.8302469135802469,0.069753086419753,0.9660493827160492,2.0597232754453225,0.9074074074074074,2.059569499160068,0.9074074074074074,2.067284272914404,0.8302469135802469,2.064421095303597,0.8611111111111112,2.0960853931154046,,,,GBLUP__lentil__VEG__R3__main__12345,0.0301247187499999,0.85506328125,0.8539871531343565,0.7873650487782113,129.2,0.4407521935489618,-0.18669875044002548,0.38271604938271603
lentil,DTM,R1,GBLUP,main,Gauss-PEV,0.1,1620,0.915432098765432,0.015432098765432,0.0132032405161774,1.789445507342408,0.0,2.451128598667219,0.015432098765432,0.9074074074074074,-0.0074074074074074,0.9074074074074074,1.4090543768042156,0.9197530864197532,1.6361316647554391,0.9166666666666666,1.825645000294496,0.9228395061728396,1.95652543642591,0.910493827160494,2.119871058431979,,,,GBLUP__lentil__DTM__R1__main__12345,0.0301247187499999,0.85506328125,0.6536429311419439,0.8407700335770371,259.2,0.2467061568719716,0.14629413426859061,0.3734567901234568
lentil,DTM,R1,GBLUP,main,SCP,0.1,1620,0.8925925925925926,0.0074074074074074,0.0124225998749988,1.779210862893664,0.0,2.50556860785771,0.0293827160493827,0.8333333333333334,0.0666666666666666,0.9320987654320988,1.7712585663833476,0.9228395061728396,1.783030039369947,0.8950617283950617,1.7806187656204435,0.8796296296296297,1.7694226783110762,0.8333333333333334,1.7917242647835048,,,,GBLUP__lentil__DTM__R1__main__12345,0.0301247187499999,0.85506328125,0.6536429311419439,0.8407700335770371,259.2,0.2467061568719716,0.14629413426859061,0.3734567901234568
lentil,DTM,R1,GBLUP,main,CV+,0.1,1620,0.910493827160494,0.0104938271604938,0.0075601535271085,1.821562016912108,0.0,2.4438953982005995,0.0309876543209876,0.8487654320987654,0.0512345679012345,0.9444444444444444,1.8300106435988044,0.941358024691358,1.8277724850073,0.9135802469135802,1.815641053308972,0.904320987654321,1.8179984609680275,0.8487654320987654,1.816387441677436,,,,GBLUP__lentil__DTM__R1__main__12345,0.0301247187499999,0.85506328125,0.6536429311419439,0.8407700335770371,259.2,0.2467061568719716,0.14629413426859061,0.3734567901234568
lentil,DTM,R1,GBLUP,main,CalPred-style,0.1,1620,0.9234567901234568,0.0234567901234568,0.0096125996928379,1.8230327551021075,0.0,2.4641848058735274,0.0241975308641975,0.8981481481481481,0.0018518518518518,0.8981481481481481,1.341862792360496,0.925925925925926,1.6605732980136798,0.9290123456790124,1.8924135255325136,0.9444444444444444,2.033867966476052,0.9197530864197532,2.1864461931277943,,,,GBLUP__lentil__DTM__R1__main__12345,0.0301247187499999,0.85506328125,0.6536429311419439,0.8407700335770371,259.2,0.2467061568719716,0.14629413426859061,0.3734567901234568
lentil,DTM,R1,GBLUP,main,KinCP,0.1,1620,0.9080246913580248,0.0080246913580246,0.0085644672379701,1.7987423402591756,0.0,2.4847076118615106,0.01,0.8950617283950617,0.0049382716049383,0.904320987654321,1.5196469909261772,0.910493827160494,1.6979922230079834,0.9074074074074074,1.7624209173935148,0.9228395061728396,1.920272850727864,0.8950617283950617,2.0933787192403392,,,,GBLUP__lentil__DTM__R1__main__12345,0.0301247187499999,0.85506328125,0.6536429311419439,0.8407700335770371,259.2,0.2467061568719716,0.14629413426859061,0.3734567901234568
lentil,DTM,R1,GBLUP,main,KinCP-ABC,0.1,1620,0.9061728395061728,0.0061728395061728,0.0080483980311143,1.7947304245113949,0.0,2.4675500886160773,0.0303703703703703,0.8395061728395061,0.0604938271604938,0.9351851851851852,1.7914616722385048,0.9382716049382716,1.7973701601273342,0.910493827160494,1.7949215339220914,0.9074074074074074,1.7963587013464282,0.8395061728395061,1.7935400549226157,,,,GBLUP__lentil__DTM__R1__main__12345,0.0301247187499999,0.85506328125,0.6536429311419439,0.8407700335770371,259.2,0.2467061568719716,0.14629413426859061,0.3734567901234568
lentil,DTM,R2,GBLUP,main,Gauss-PEV,0.1,1620,0.8672839506172839,0.0327160493827161,1.2412670766236366e-16,2.293905874768192,0.0,3.262443963935564,0.0389903846153846,0.828125,0.071875,0.828125,2.0684104570832247,0.9076923076923076,2.231059472974692,0.8307692307692308,2.3042892015549805,0.8615384615384616,2.3905981689773568,0.9076923076923076,2.4717029129786314,,,,GBLUP__lentil__DTM__R2__main__12345,0.0301247187499999,0.85506328125,0.6339174875714033,0.4410464713129798,259.2,0.2467061568719716,0.14629413426859061,0.3734567901234568
lentil,DTM,R2,GBLUP,main,SCP,0.1,1620,0.7709876543209877,0.1290123456790123,0.0358210892406275,1.924931612271101,0.0,3.827563043290923,0.1292403846153846,0.696875,0.203125,0.696875,1.9595475092218344,0.7538461538461538,1.9447166976181351,0.7753846153846153,1.9598978176601325,0.8369230769230769,1.920962307034831,0.7907692307692308,1.8400662820813545,,,,GBLUP__lentil__DTM__R2__main__12345,0.0301247187499999,0.85506328125,0.6339174875714033,0.4410464713129798,259.2,0.2467061568719716,0.14629413426859061,0.3734567901234568
lentil,DTM,R2,GBLUP,main,CV+,0.1,1620,0.7777777777777778,0.1222222222222222,0.015888318118807,1.836779119005565,0.0,3.6475429344298367,0.1223076923076923,0.75,0.15,0.75,1.8537522108244664,0.7569230769230769,1.8601420615556563,0.7569230769230769,1.8701141376018369,0.8246153846153846,1.8417933340350865,0.8,1.7583549755003014,,,,GBLUP__lentil__DTM__R2__main__12345,0.0301247187499999,0.85506328125,0.6339174875714033,0.4410464713129798,259.2,0.2467061568719716,0.14629413426859061,0.3734567901234568
lentil,DTM,R2,GBLUP,main,CalPred-style,0.1,1620,0.8796296296296297,0.0203703703703703,0.004364856673991,2.35103561086077,0.0,3.276171726543234,0.023451923076923,0.8615384615384616,0.0384615384615384,0.878125,2.1907077090984446,0.9076923076923076,2.3126314839169924,0.8615384615384616,2.4028065278462125,0.8769230769230769,2.426062255283718,0.8738461538461538,2.420503495054445,,,,GBLUP__lentil__DTM__R2__main__12345,0.0301247187499999,0.85506328125,0.6339174875714033,0.4410464713129798,259.2,0.2467061568719716,0.14629413426859061,0.3734567901234568
lentil,DTM,R2,GBLUP,main,KinCP,0.1,1620,0.8759259259259259,0.0240740740740741,0.0079889994478671,2.2973145676708424,0.0,3.2177484485083565,0.0419807692307692,0.8215384615384616,0.0784615384615384,0.85625,2.08896975842728,0.8892307692307693,2.227611092915737,0.8215384615384616,2.3139624382401456,0.8676923076923077,2.38623980168163,0.9446153846153846,2.466584442331825,,,,GBLUP__lentil__DTM__R2__main__12345,0.0301247187499999,0.85506328125,0.6339174875714033,0.4410464713129798,259.2,0.2467061568719716,0.14629413426859061,0.3734567901234568
lentil,DTM,R2,GBLUP,main,KinCP-ABC,0.1,1620,0.769753086419753,0.1302469135802469,0.0116714014822154,1.8160268387489809,0.0,3.604916491299217,0.130375,0.728125,0.171875,0.728125,1.8177247414136244,0.7415384615384616,1.8389507551383848,0.7753846153846153,1.8556723040106515,0.8307692307692308,1.8308975943204933,0.7723076923076924,1.736914920441205,,,,GBLUP__lentil__DTM__R2__main__12345,0.0301247187499999,0.85506328125,0.6339174875714033,0.4410464713129798,259.2,0.2467061568719716,0.14629413426859061,0.3734567901234568
lentil,DTM,R3,GBLUP,main,Gauss-PEV,0.1,1620,0.9061728395061728,0.0061728395061728,0.0128374286068428,1.8807264510358417,0.0,2.672935671647998,0.011358024691358,0.8888888888888888,0.0111111111111111,0.9228395061728396,1.3400926816359486,0.8888888888888888,1.7271750328832898,0.8981481481481481,1.946838398613388,0.9135802469135802,2.093369434060467,0.9074074074074074,2.296156707986115,,,,GBLUP__lentil__DTM__R3__main__12345,0.0301247187499999,0.85506328125,0.7371717616566775,0.8129592558728755,129.2,0.2467061568719716,0.14629413426859061,0.3734567901234568
lentil,DTM,R3,GBLUP,main,SCP,0.1,1620,0.9222222222222224,0.0222222222222222,0.0226173715562484,2.1999276010949727,0.0,2.846166210525233,0.0323456790123456,0.8796296296296297,0.0203703703703703,0.9722222222222222,2.1661873481894256,0.9320987654320988,2.1926130474818617,0.9320987654320988,2.220678167381132,0.8950617283950617,2.202741056051108,0.8796296296296297,2.217418386371335,,,,GBLUP__lentil__DTM__R3__main__12345,0.0301247187499999,0.85506328125,0.7371717616566775,0.8129592558728755,129.2,0.2467061568719716,0.14629413426859061,0.3734567901234568
lentil,DTM,R3,GBLUP,main,CV+,0.1,1620,0.8938271604938272,0.0061728395061728,0.0175410768375096,1.8657424920879269,0.0,2.71070871669048,0.0372839506172839,0.8179012345679012,0.0820987654320988,0.9660493827160492,1.8689591742224227,0.910493827160494,1.8704325837654248,0.9012345679012346,1.8677932918355933,0.8734567901234568,1.849149951454208,0.8179012345679012,1.8723774591619853,,,,GBLUP__lentil__DTM__R3__main__12345,0.0301247187499999,0.85506328125,0.7371717616566775,0.8129592558728755,129.2,0.2467061568719716,0.14629413426859061,0.3734567901234568
lentil,DTM,R3,GBLUP,main,CalPred-style,0.1,1620,0.9024691358024692,0.0024691358024691,0.0169893320302751,1.868190420617465,0.0,2.6677223246839983,0.0059259259259259,0.8950617283950617,0.0049382716049383,0.9074074074074074,1.2710142003211622,0.8950617283950617,1.727808717427882,0.8981481481481481,1.9584276586780505,0.9135802469135802,2.0966321616584667,0.8981481481481481,2.287069365001765,,,,GBLUP__lentil__DTM__R3__main__12345,0.0301247187499999,0.85506328125,0.7371717616566775,0.8129592558728755,129.2,0.2467061568719716,0.14629413426859061,0.3734567901234568
lentil,DTM,R3,GBLUP,main,KinCP,0.1,1620,0.8950617283950617,0.0049382716049383,0.0143111396535427,1.7948595104860006,0.0,2.6889230421283834,0.0165432098765432,0.8796296296296297,0.0203703703703703,0.9290123456790124,1.3249688513877322,0.8858024691358025,1.7071180150124503,0.8919753086419753,1.8650307505917547,0.8888888888888888,1.952308517677656,0.8796296296296297,2.124871417760408,,,,GBLUP__lentil__DTM__R3__main__12345,0.0301247187499999,0.85506328125,0.7371717616566775,0.8129592558728755,129.2,0.2467061568719716,0.14629413426859061,0.3734567901234568
lentil,DTM,R3,GBLUP,main,KinCP-ABC,0.1,1620,0.8919753086419753,0.0080246913580247,0.0214944263536791,1.81912628056986,0.0,2.7491118306458326,0.0374074074074074,0.8333333333333334,0.0666666666666666,0.9629629629629628,1.815164090726045,0.910493827160494,1.81304322569622,0.8950617283950617,1.8277075958704605,0.8580246913580247,1.802150844613644,0.8333333333333334,1.837565645942928,,,,GBLUP__lentil__DTM__R3__main__12345,0.0301247187499999,0.85506328125,0.7371717616566775,0.8129592558728755,129.2,0.2467061568719716,0.14629413426859061,0.3734567901234568
pine,rootnum,R1,GBLUP,main,Gauss-PEV,0.1,4625,0.9063783783783784,0.0063783783783784,0.0054377411199823,1.652572991313348,0.0,2.106683947444914,0.0119999999999999,0.8875675675675676,0.0124324324324324,0.9027027027027028,1.5634389655114889,0.8983783783783784,1.5995238432662906,0.9145945945945946,1.6261894934401544,0.8875675675675676,1.6584254234503748,0.9286486486486486,1.8152872308984311,,,,GBLUP__pine__rootnum__R1__main__12345,0.0176316216216216,0.8738518918918918,0.8236961010065048,0.8636964452906416,740.0,-0.2785181727180961,-0.1751236106890306,0.9632432432432433
pine,rootnum,R1,GBLUP,main,SCP,0.1,4625,0.9001081081081082,0.0001081081081081,0.004930488324753,1.6576934788094864,0.0,2.109049725514259,0.0113513513513513,0.8778378378378379,0.0221621621621621,0.9135135135135136,1.647396923210986,0.9027027027027028,1.6543793385664864,0.9124324324324324,1.654694826880192,0.8778378378378379,1.666889860426297,0.894054054054054,1.6651064449634694,,,,GBLUP__pine__rootnum__R1__main__12345,0.0176316216216216,0.8738518918918918,0.8236961010065048,0.8636964452906416,740.0,-0.2785181727180961,-0.1751236106890306,0.9632432432432433
pine,rootnum,R1,GBLUP,main,CV+,0.1,4625,0.9176216216216216,0.0176216216216216,0.0029998782541646,1.693840433574916,0.0,2.080153776555401,0.0178378378378378,0.8994594594594595,0.0005405405405405,0.9254054054054054,1.6861539071078584,0.9221621621621622,1.6895236024127354,0.9254054054054054,1.6933220595694092,0.8994594594594595,1.6984412715561052,0.9156756756756756,1.7017613272284724,,,,GBLUP__pine__rootnum__R1__main__12345,0.0176316216216216,0.8738518918918918,0.8236961010065048,0.8636964452906416,740.0,-0.2785181727180961,-0.1751236106890306,0.9632432432432433
pine,rootnum,R1,GBLUP,main,CalPred-style,0.1,4625,0.8856216216216216,0.0143783783783784,0.0114001524985635,1.6094475494690752,0.0,2.150995488838432,0.0258378378378378,0.8616216216216216,0.0383783783783784,0.8616216216216216,1.4232795029587877,0.8681081081081081,1.4948164498289644,0.8962162162162162,1.5490292919614363,0.8735135135135135,1.615022064505354,0.9286486486486486,1.965090438090833,,,,GBLUP__pine__rootnum__R1__main__12345,0.0176316216216216,0.8738518918918918,0.8236961010065048,0.8636964452906416,740.0,-0.2785181727180961,-0.1751236106890306,0.9632432432432433
pine,rootnum,R1,GBLUP,main,KinCP,0.1,4625,0.9044324324324324,0.0044324324324324,0.0072762459115519,1.6635880279543769,0.0,2.129362019229073,0.0130810810810811,0.8854054054054054,0.0145945945945946,0.9005405405405406,1.5489991578947222,0.892972972972973,1.585220376933995,0.9113513513513514,1.6128273050499946,0.8854054054054054,1.6476073997006115,0.931891891891892,1.9232859001925608,,,,GBLUP__pine__rootnum__R1__main__12345,0.0176316216216216,0.8738518918918918,0.8236961010065048,0.8636964452906416,740.0,-0.2785181727180961,-0.1751236106890306,0.9632432432432433
pine,rootnum,R1,GBLUP,main,KinCP-ABC,0.1,4625,0.9057297297297298,0.0057297297297297,0.004548255993073,1.6622937380356062,0.0,2.116057545632209,0.0096216216216216,0.8908108108108108,0.0091891891891892,0.9113513513513514,1.6554757803419258,0.9081081081081082,1.6586568078451012,0.918918918918919,1.661123851283661,0.8908108108108108,1.6681284460416728,0.8994594594594595,1.6680838046656707,,,,GBLUP__pine__rootnum__R1__main__12345,0.0176316216216216,0.8738518918918918,0.8236961010065048,0.8636964452906416,740.0,-0.2785181727180961,-0.1751236106890306,0.9632432432432433
pine,rootnum,R2,GBLUP,main,Gauss-PEV,0.1,4610,0.8383947939262473,0.0616052060737527,0.0,2.0601914255271385,0.0,3.4361783830032047,0.0615041128084606,0.6918918918918919,0.2081081081081081,0.8913043478260869,1.810839042246931,0.8858695652173914,1.958629740636604,0.8918918918918919,2.040514403813978,0.8315217391304348,2.1354656402417054,0.6918918918918919,2.354018355542657,,,,GBLUP__pine__rootnum__R2__main__12345,0.0176316216216216,0.8738518918918918,0.8165080514594883,0.6913416056055566,694.5,-0.2785181727180961,-0.1751236106890306,0.9632432432432433
pine,rootnum,R2,GBLUP,main,SCP,0.1,4610,0.7162689804772234,0.1837310195227766,0.0306828351965613,1.6664142310180634,0.0,4.253547926847234,0.1835428907168038,0.4897297297297297,0.4102702702702703,0.8739130434782608,1.6658833808208688,0.8021739130434783,1.6661072401536334,0.7697297297297298,1.6666756791870476,0.6467391304347826,1.6664818254827871,0.4897297297297297,1.6669188659508605,,,,GBLUP__pine__rootnum__R2__main__12345,0.0176316216216216,0.8738518918918918,0.8165080514594883,0.6913416056055566,694.5,-0.2785181727180961,-0.1751236106890306,0.9632432432432433
pine,rootnum,R2,GBLUP,main,CV+,0.1,4610,0.7631236442516269,0.1368763557483731,0.009411667310159,1.7616654369176918,0.0,3.899471581720656,0.1371480611045828,0.5524324324324325,0.3475675675675675,0.9010869565217392,1.7474033050834763,0.8369565217391305,1.734296505759713,0.8237837837837838,1.7454971108071202,0.7021739130434783,1.7713864967327209,0.5524324324324325,1.809571279701768,,,,GBLUP__pine__rootnum__R2__main__12345,0.0176316216216216,0.8738518918918918,0.8165080514594883,0.6913416056055566,694.5,-0.2785181727180961,-0.1751236106890306,0.9632432432432433
pine,rootnum,R2,GBLUP,main,CalPred-style,0.1,4610,0.8835140997830803,0.0164859002169197,0.0032174396907139,2.433543929709819,0.0,3.273952249906828,0.0296415981198589,0.7859459459459459,0.1140540540540541,0.9130434782608696,1.9225945563675368,0.9043478260869564,2.2228151022554967,0.9156756756756756,2.378617824488514,0.8989130434782608,2.5794959385580207,0.7859459459459459,3.061084193409537,,,,GBLUP__pine__rootnum__R2__main__12345,0.0176316216216216,0.8738518918918918,0.8165080514594883,0.6913416056055566,694.5,-0.2785181727180961,-0.1751236106890306,0.9632432432432433
pine,rootnum,R2,GBLUP,main,KinCP,0.1,4610,0.9049891540130152,0.0049891540130151,0.00653465090299,2.467570815179421,0.0,3.2124022366173137,0.036385428907168,0.8216216216216217,0.0783783783783783,0.9010869565217392,1.850787641798091,0.9282608695652174,2.176217702657333,0.947027027027027,2.404490485769709,0.9271739130434784,2.6855552649495875,0.8216216216216217,3.2170724302567977,,,,GBLUP__pine__rootnum__R2__main__12345,0.0176316216216216,0.8738518918918918,0.8165080514594883,0.6913416056055566,694.5,-0.2785181727180961,-0.1751236106890306,0.9632432432432433
pine,rootnum,R2,GBLUP,main,KinCP-ABC,0.1,4610,0.7449023861171367,0.1550976138828633,0.0080946239293038,1.722015971767331,0.0,3.9097915583005576,0.154957696827262,0.5416216216216216,0.3583783783783784,0.8695652173913043,1.709196641490851,0.816304347826087,1.6929763513557103,0.8194594594594594,1.7011510655958733,0.6782608695652174,1.7256570839095593,0.5416216216216216,1.7808921335736017,,,,GBLUP__pine__rootnum__R2__main__12345,0.0176316216216216,0.8738518918918918,0.8165080514594883,0.6913416056055566,694.5,-0.2785181727180961,-0.1751236106890306,0.9632432432432433
pine,rootnum,R3,GBLUP,main,Gauss-PEV,0.1,4625,0.912,0.012,0.003867793258378,1.7456513484222906,0.0,2.176821103219716,0.0195675675675675,0.8810810810810811,0.0189189189189189,0.8810810810810811,1.59717254610281,0.9081081081081082,1.666024079982632,0.9145945945945946,1.712783827874954,0.9275675675675676,1.7641629299238517,0.9286486486486486,1.9881133582272068,,,,GBLUP__pine__rootnum__R3__main__12345,0.0176316216216216,0.8738518918918918,0.9513354046589257,0.8502692168913352,370.0,-0.2785181727180961,-0.1751236106890306,0.9632432432432433
pine,rootnum,R3,GBLUP,main,SCP,0.1,4625,0.907027027027027,0.0070270270270269,0.010537074967361,1.7691670723845812,0.0,2.211985832782135,0.0115675675675675,0.8886486486486487,0.0113513513513513,0.9037837837837838,1.7488049737279905,0.9135135135135136,1.7659005945023694,0.9167567567567568,1.7744763775962105,0.9124324324324324,1.7727634401315977,0.8886486486486487,1.7838899759647389,,,,GBLUP__pine__rootnum__R3__main__12345,0.0176316216216216,0.8738518918918918,0.9513354046589257,0.8502692168913352,370.0,-0.2785181727180961,-0.1751236106890306,0.9632432432432433
pine,rootnum,R3,GBLUP,main,CV+,0.1,4625,0.9236756756756755,0.0236756756756756,0.0077431371154464,1.7971047570447083,0.0,2.161013803788351,0.0273513513513513,0.8908108108108108,0.0091891891891892,0.931891891891892,1.783004676682745,0.9308108108108109,1.7842690206102925,0.934054054054054,1.7947268467153457,0.9308108108108109,1.8021926175173613,0.8908108108108108,1.821330623697796,,,,GBLUP__pine__rootnum__R3__main__12345,0.0176316216216216,0.8738518918918918,0.9513354046589257,0.8502692168913352,370.0,-0.2785181727180961,-0.1751236106890306,0.9632432432432433
pine,rootnum,R3,GBLUP,main,CalPred-style,0.1,4625,0.894918918918919,0.005081081081081,0.003536308591091,1.7160470771027103,0.0,2.2245605423327723,0.0219459459459459,0.8486486486486486,0.0513513513513513,0.8486486486486486,1.4707227258009492,0.892972972972973,1.5604064263146316,0.8908108108108108,1.6344498842158075,0.9145945945945946,1.7119136611270274,0.9275675675675676,2.202742688055137,,,,GBLUP__pine__rootnum__R3__main__12345,0.0176316216216216,0.8738518918918918,0.9513354046589257,0.8502692168913352,370.0,-0.2785181727180961,-0.1751236106890306,0.9632432432432433
pine,rootnum,R3,GBLUP,main,KinCP,0.1,4625,0.9050810810810812,0.005081081081081,0.0084227248349329,1.7359925525109274,0.0,2.198470636113605,0.0135135135135135,0.8789189189189189,0.021081081081081,0.8789189189189189,1.570724010707413,0.9027027027027028,1.6331185748952486,0.9005405405405406,1.6761118228300185,0.9210810810810812,1.7215999017848418,0.9221621621621622,2.0784084523371145,,,,GBLUP__pine__rootnum__R3__main__12345,0.0176316216216216,0.8738518918918918,0.9513354046589257,0.8502692168913352,370.0,-0.2785181727180961,-0.1751236106890306,0.9632432432432433
pine,rootnum,R3,GBLUP,main,KinCP-ABC,0.1,4625,0.908972972972973,0.0089729729729729,0.0086283545683178,1.7482744097825575,0.0,2.1929347396155765,0.0152432432432432,0.8843243243243243,0.0156756756756757,0.9005405405405406,1.7311516862608454,0.918918918918919,1.7343804465130184,0.9178378378378378,1.7492322435430472,0.9232432432432433,1.75943658666888,0.8843243243243243,1.7671710859269971,,,,GBLUP__pine__rootnum__R3__main__12345,0.0176316216216216,0.8738518918918918,0.9513354046589257,0.8502692168913352,370.0,-0.2785181727180961,-0.1751236106890306,0.9632432432432433
pine,rootnumbin,R1,GBLUP,main,Gauss-PEV,0.1,4625,0.8934054054054054,0.0065945945945946,0.0059015541898188,1.7485723584432282,0.0,2.2077327785918324,0.0122162162162162,0.8745945945945945,0.0254054054054054,0.8745945945945945,1.6652304058976284,0.9037837837837838,1.6986437334459836,0.9102702702702704,1.7238900435235736,0.8821621621621621,1.7512622135248304,0.8962162162162162,1.9038353958241263,,,,GBLUP__pine__rootnumbin__R1__main__12345,0.0176316216216216,0.8738518918918918,0.7928457181318308,0.8438989380271883,740.0,-0.5605746448732135,-0.06781726368700491,0.9535135135135135
pine,rootnumbin,R1,GBLUP,main,SCP,0.1,4625,0.9061621621621622,0.0061621621621621,0.0061345993336696,1.823719846123244,0.0,2.249213228574982,0.0167567567567567,0.8735135135135135,0.0264864864864865,0.9037837837837838,1.81658443775931,0.9254054054054054,1.825835382406649,0.9243243243243244,1.823170032743788,0.9037837837837838,1.8279333108614813,0.8735135135135135,1.8250760668449928,,,,GBLUP__pine__rootnumbin__R1__main__12345,0.0176316216216216,0.8738518918918918,0.7928457181318308,0.8438989380271883,740.0,-0.5605746448732135,-0.06781726368700491,0.9535135135135135
pine,rootnumbin,R1,GBLUP,main,CV+,0.1,4625,0.9167567567567568,0.0167567567567566,0.0054054054054053,1.826322658672147,0.0,2.196735579709204,0.0251891891891891,0.8789189189189189,0.021081081081081,0.9264864864864863,1.825578141887151,0.9383783783783785,1.8232018012493567,0.934054054054054,1.8249693541647023,0.905945945945946,1.825758781695519,0.8789189189189189,1.832105214364006,,,,GBLUP__pine__rootnumbin__R1__main__12345,0.0176316216216216,0.8738518918918918,0.7928457181318308,0.8438989380271883,740.0,-0.5605746448732135,-0.06781726368700491,0.9535135135135135
pine,rootnumbin,R1,GBLUP,main,CalPred-style,0.1,4625,0.8743783783783784,0.0256216216216216,0.0093123699318304,1.6991480519275814,0.0,2.2406842459536747,0.031027027027027,0.8281081081081081,0.0718918918918919,0.8281081081081081,1.5178991986262014,0.8702702702702703,1.585494378786658,0.8864864864864865,1.6397469068145003,0.8735135135135135,1.699779090534247,0.9135135135135136,2.0528206848763006,,,,GBLUP__pine__rootnumbin__R1__main__12345,0.0176316216216216,0.8738518918918918,0.7928457181318308,0.8438989380271883,740.0,-0.5605746448732135,-0.06781726368700491,0.9535135135135135
pine,rootnumbin,R1,GBLUP,main,KinCP,0.1,4625,0.8968648648648648,0.0031351351351351,0.004930488324753,1.7780290508661418,0.0,2.2188169179276875,0.0115675675675675,0.8745945945945945,0.0254054054054054,0.8745945945945945,1.6777669727530151,0.9027027027027028,1.7035571226825703,0.9113513513513514,1.7258141199465786,0.8886486486486487,1.751608063518034,0.907027027027027,2.031398975430512,,,,GBLUP__pine__rootnumbin__R1__main__12345,0.0176316216216216,0.8738518918918918,0.7928457181318308,0.8438989380271883,740.0,-0.5605746448732135,-0.06781726368700491,0.9535135135135135
pine,rootnumbin,R1,GBLUP,main,KinCP-ABC,0.1,4625,0.9044324324324324,0.0044324324324324,0.005801689887567,1.78994872056261,0.0,2.2357607710337577,0.0174054054054054,0.8724324324324324,0.0275675675675676,0.905945945945946,1.7882401170068492,0.9221621621621622,1.7881594029218129,0.9264864864864863,1.789913479319332,0.8951351351351351,1.7904091866878875,0.8724324324324324,1.7930214168771683,,,,GBLUP__pine__rootnumbin__R1__main__12345,0.0176316216216216,0.8738518918918918,0.7928457181318308,0.8438989380271883,740.0,-0.5605746448732135,-0.06781726368700491,0.9535135135135135
pine,rootnumbin,R2,GBLUP,main,Gauss-PEV,0.1,4610,0.7993492407809111,0.1006507592190889,0.0,2.1319358630044505,0.0,3.74454568678102,0.1078730904817861,0.6270270270270271,0.2729729729729729,0.9184782608695652,1.893409217205212,0.8586956521739131,2.041851781687716,0.8162162162162162,2.120945118440352,0.7771739130434783,2.20197666765935,0.6270270270270271,2.400098854773075,,,,GBLUP__pine__rootnumbin__R2__main__12345,0.0176316216216216,0.8738518918918918,0.7763472190716822,0.6240239404367093,694.5,-0.5605746448732135,-0.06781726368700491,0.9535135135135135
pine,rootnumbin,R2,GBLUP,main,SCP,0.1,4610,0.7392624728850326,0.1607375271149674,0.0162074033514257,1.8966280120216927,0.0,4.303667989414908,0.1705182138660399,0.5167567567567568,0.3832432432432432,0.925,1.899669685073959,0.8108695652173913,1.884357858638057,0.76,1.8755932338267165,0.6847826086956522,1.8940492564408435,0.5167567567567568,1.929406203232068,,,,GBLUP__pine__rootnumbin__R2__main__12345,0.0176316216216216,0.8738518918918918,0.7763472190716822,0.6240239404367093,694.5,-0.5605746448732135,-0.06781726368700491,0.9535135135135135
pine,rootnumbin,R2,GBLUP,main,CV+,0.1,4610,0.7394793926247288,0.1605206073752711,0.0037883403897121,1.8659809938303595,0.0,4.260863991277427,0.1689988249118684,0.4994594594594594,0.4005405405405405,0.9217391304347826,1.854440184226338,0.8206521739130435,1.848889888942937,0.7794594594594595,1.8565715903202304,0.6771739130434783,1.8682660750584184,0.4994594594594594,1.9015948152889368,,,,GBLUP__pine__rootnumbin__R2__main__12345,0.0176316216216216,0.8738518918918918,0.7763472190716822,0.6240239404367093,694.5,-0.5605746448732135,-0.06781726368700491,0.9535135135135135
pine,rootnumbin,R2,GBLUP,main,CalPred-style,0.1,4610,0.8718004338394794,0.0281995661605206,0.0039405427602136,2.555429850125553,0.0,3.452172540564578,0.0446192714453584,0.787027027027027,0.112972972972973,0.941304347826087,2.030748764698777,0.8858695652173914,2.3324156274168586,0.8627027027027027,2.4753259382683512,0.8826086956521739,2.696274780469601,0.787027027027027,3.2391038674617887,,,,GBLUP__pine__rootnumbin__R2__main__12345,0.0176316216216216,0.8738518918918918,0.7763472190716822,0.6240239404367093,694.5,-0.5605746448732135,-0.06781726368700491,0.9535135135135135
pine,rootnumbin,R2,GBLUP,main,KinCP,0.1,4610,0.8891540130151844,0.0108459869848156,0.0067472151908875,2.622577122965989,0.0,3.32451225664993,0.0320587544065805,0.8227027027027027,0.0772972972972972,0.9358695652173912,1.9623686869211543,0.8989130434782608,2.3036823536781443,0.8713513513513513,2.5182956518111763,0.917391304347826,2.860570395861848,0.8227027027027027,3.463962526922828,,,,GBLUP__pine__rootnumbin__R2__main__12345,0.0176316216216216,0.8738518918918918,0.7763472190716822,0.6240239404367093,694.5,-0.5605746448732135,-0.06781726368700491,0.9535135135135135
pine,rootnumbin,R2,GBLUP,main,KinCP-ABC,0.1,4610,0.7232104121475055,0.1767895878524945,0.0046270561838831,1.8323249735312863,0.0,4.3531799001705,0.1765945945945946,0.4951351351351351,0.4048648648648649,0.8989130434782608,1.820119440652746,0.7956521739130434,1.8137431144268537,0.7718918918918919,1.8199633764355856,0.6554347826086957,1.832145218795609,0.4951351351351351,1.875486327363375,,,,GBLUP__pine__rootnumbin__R2__main__12345,0.0176316216216216,0.8738518918918918,0.7763472190716822,0.6240239404367093,694.5,-0.5605746448732135,-0.06781726368700491,0.9535135135135135
pine,rootnumbin,R3,GBLUP,main,Gauss-PEV,0.1,4625,0.8951351351351351,0.0048648648648649,0.0029606624730009,1.8169691904822616,0.0,2.3119470980145405,0.010054054054054,0.867027027027027,0.0329729729729729,0.867027027027027,1.6627663333933511,0.905945945945946,1.7423409357033732,0.8962162162162162,1.7875959222248534,0.907027027027027,1.837260228693424,0.8994594594594595,2.0548825323963085,,,,GBLUP__pine__rootnumbin__R3__main__12345,0.0176316216216216,0.8738518918918918,0.9309396652279694,0.8287334544721007,370.0,-0.5605746448732135,-0.06781726368700491,0.9535135135135135
pine,rootnumbin,R3,GBLUP,main,SCP,0.1,4625,0.907027027027027,0.0070270270270269,0.0143421612555909,1.9039697121942143,0.0,2.3647832434759426,0.0197837837837837,0.8681081081081081,0.0318918918918919,0.9145945945945946,1.874686960798116,0.9232432432432433,1.8962346652079936,0.918918918918919,1.905209616894428,0.9102702702702704,1.9170276674952773,0.8681081081081081,1.9266896505752584,,,,GBLUP__pine__rootnumbin__R3__main__12345,0.0176316216216216,0.8738518918918918,0.9309396652279694,0.8287334544721007,370.0,-0.5605746448732135,-0.06781726368700491,0.9535135135135135
pine,rootnumbin,R3,GBLUP,main,CV+,0.1,4625,0.9128648648648648,0.0128648648648648,0.0051620914102976,1.88567259643993,0.0,2.2946263515208343,0.0208648648648648,0.88,0.02,0.9210810810810812,1.85244120162274,0.9264864864864863,1.8793948223718664,0.918918918918919,1.8878478365913325,0.9178378378378378,1.895402631570067,0.88,1.9132764900436443,,,,GBLUP__pine__rootnumbin__R3__main__12345,0.0176316216216216,0.8738518918918918,0.9309396652279694,0.8287334544721007,370.0,-0.5605746448732135,-0.06781726368700491,0.9535135135135135
pine,rootnumbin,R3,GBLUP,main,CalPred-style,0.1,4625,0.8802162162162163,0.0197837837837837,0.0068116687576317,1.7772130029818876,0.0,2.353468207789416,0.0225945945945946,0.8389189189189189,0.0610810810810811,0.8389189189189189,1.5320785224712234,0.8843243243243243,1.6325203463055904,0.8767567567567568,1.7082483693677966,0.894054054054054,1.7829268437552412,0.907027027027027,2.230290933009584,,,,GBLUP__pine__rootnumbin__R3__main__12345,0.0176316216216216,0.8738518918918918,0.9309396652279694,0.8287334544721007,370.0,-0.5605746448732135,-0.06781726368700491,0.9535135135135135
pine,rootnumbin,R3,GBLUP,main,KinCP,0.1,4625,0.8936216216216216,0.0063783783783784,0.0092557209915693,1.8203071028938032,0.0,2.324693559809476,0.0113513513513513,0.8713513513513513,0.0286486486486486,0.8713513513513513,1.6563013382093588,0.8972972972972973,1.718098561512124,0.8875675675675676,1.7636548441794029,0.8994594594594595,1.8099428689195465,0.9124324324324324,2.153537901648585,,,,GBLUP__pine__rootnumbin__R3__main__12345,0.0176316216216216,0.8738518918918918,0.9309396652279694,0.8287334544721007,370.0,-0.5605746448732135,-0.06781726368700491,0.9535135135135135
pine,rootnumbin,R3,GBLUP,main,KinCP-ABC,0.1,4625,0.8985945945945946,0.0014054054054054,0.0058418404696675,1.8376506640776704,0.0,2.338781898658492,0.0148108108108107,0.8594594594594595,0.0405405405405405,0.9016216216216216,1.8081383560613176,0.92,1.83164312693757,0.9048648648648648,1.8428027617946647,0.907027027027027,1.8503600394655275,0.8594594594594595,1.8553090361292728,,,,GBLUP__pine__rootnumbin__R3__main__12345,0.0176316216216216,0.8738518918918918,0.9309396652279694,0.8287334544721007,370.0,-0.5605746448732135,-0.06781726368700491,0.9535135135135135
pine,c5c6,R1,GBLUP,main,Gauss-PEV,0.1,4550,0.8934065934065935,0.0065934065934065,0.0047265523445289,1.45722718682849,0.0,1.9101026894009108,0.007032967032967,0.8747252747252747,0.0252747252747252,0.9010989010989012,1.3775240935069386,0.8747252747252747,1.408331163388794,0.9,1.4325291702671037,0.8912087912087913,1.4591734077384255,0.9,1.6085780992411878,,,,GBLUP__pine__c5c6__R1__main__12345,0.0177367472527472,0.8736252747252747,0.846937605551328,0.8964522447853218,728.0,0.008493973209782499,0.4707751586536535,0.9208791208791208
pine,c5c6,R1,GBLUP,main,SCP,0.1,4550,0.9072527472527472,0.0072527472527472,0.0056888699365031,1.5257309022332235,0.0,1.9229069735532205,0.0103296703296703,0.8945054945054945,0.0054945054945054,0.9241758241758242,1.5212758120758003,0.8978021978021978,1.521432403839643,0.9153846153846154,1.5324718827734805,0.9043956043956044,1.5265068473147363,0.8945054945054945,1.5269675651624577,,,,GBLUP__pine__c5c6__R1__main__12345,0.0177367472527472,0.8736252747252747,0.846937605551328,0.8964522447853218,728.0,0.008493973209782499,0.4707751586536535,0.9208791208791208
pine,c5c6,R1,GBLUP,main,CV+,0.1,4550,0.9092307692307692,0.0092307692307691,0.0043680454756816,1.496880846818949,0.0,1.8637454442793475,0.0127472527472527,0.8912087912087913,0.0087912087912087,0.9285714285714286,1.495674020442437,0.9010989010989012,1.494702400581808,0.9208791208791208,1.4961107853198303,0.9043956043956044,1.496852694278066,0.8912087912087913,1.501064333472603,,,,GBLUP__pine__c5c6__R1__main__12345,0.0177367472527472,0.8736252747252747,0.846937605551328,0.8964522447853218,728.0,0.008493973209782499,0.4707751586536535,0.9208791208791208
pine,c5c6,R1,GBLUP,main,CalPred-style,0.1,4550,0.8714285714285714,0.0285714285714285,0.0041117114140372,1.4069888023001718,0.0,1.97817242262752,0.0312087912087912,0.8395604395604396,0.0604395604395604,0.8637362637362638,1.1993196922942946,0.8395604395604396,1.2717477944151274,0.8714285714285714,1.3290292042489749,0.8758241758241758,1.3952224138160925,0.9065934065934066,1.8396249067263697,,,,GBLUP__pine__c5c6__R1__main__12345,0.0177367472527472,0.8736252747252747,0.846937605551328,0.8964522447853218,728.0,0.008493973209782499,0.4707751586536535,0.9208791208791208
pine,c5c6,R1,GBLUP,main,KinCP,0.1,4550,0.892967032967033,0.007032967032967,0.0047009339859796,1.488430615669186,0.0,1.9456929612533016,0.0109890109890109,0.8681318681318682,0.0318681318681318,0.9043956043956044,1.3718221882422146,0.8681318681318682,1.4017099896510097,0.8989010989010989,1.4263171515458886,0.8879120879120879,1.4540121083939892,0.9054945054945056,1.7882916405128289,,,,GBLUP__pine__c5c6__R1__main__12345,0.0177367472527472,0.8736252747252747,0.846937605551328,0.8964522447853218,728.0,0.008493973209782499,0.4707751586536535,0.9208791208791208
pine,c5c6,R1,GBLUP,main,KinCP-ABC,0.1,4550,0.8956043956043956,0.0043956043956043,0.0036446426267641,1.4627502760389204,0.0,1.9034531626759568,0.0153846153846154,0.878021978021978,0.021978021978022,0.921978021978022,1.4624358722654414,0.8835164835164835,1.46128537452245,0.9054945054945056,1.4627947583846717,0.889010989010989,1.462834411277309,0.878021978021978,1.4644009637447295,,,,GBLUP__pine__c5c6__R1__main__12345,0.0177367472527472,0.8736252747252747,0.846937605551328,0.8964522447853218,728.0,0.008493973209782499,0.4707751586536535,0.9208791208791208
pine,c5c6,R2,GBLUP,main,Gauss-PEV,0.1,4535,0.7783902976846747,0.1216097023153253,0.0,1.711249747765067,0.0,4.206498061794407,0.1261817740270779,0.6795580110497238,0.2204419889502762,0.9116022099447514,1.4952482821665116,0.6795580110497238,1.6658359645229437,0.7032967032967034,1.7556799252743769,0.8066298342541437,1.8029091362037315,0.7912087912087912,1.8356427061500684,,,,GBLUP__pine__c5c6__R2__main__12345,0.0177367472527472,0.8736252747252747,0.8277255845154634,0.7409103902208077,683.25,0.008493973209782499,0.4707751586536535,0.9208791208791208
pine,c5c6,R2,GBLUP,main,SCP,0.1,4535,0.7003307607497243,0.1996692392502757,0.0204103177144424,1.455483681983487,0.0,4.854888387040287,0.1995288689211341,0.6022099447513812,0.2977900552486188,0.8806629834254144,1.449795571996987,0.6022099447513812,1.48623714669925,0.6285714285714286,1.5176802204150237,0.7458563535911602,1.4859438751679468,0.6450549450549451,1.3380666810663262,,,,GBLUP__pine__c5c6__R2__main__12345,0.0177367472527472,0.8736252747252747,0.8277255845154634,0.7409103902208077,683.25,0.008493973209782499,0.4707751586536535,0.9208791208791208
pine,c5c6,R2,GBLUP,main,CV+,0.1,4535,0.7034178610804851,0.1965821389195149,0.0030194187293559,1.4393061677946288,0.0,4.79729360132583,0.1964495173334952,0.5977900552486188,0.3022099447513812,0.887292817679558,1.4338663221225425,0.5977900552486188,1.4652912658837762,0.6384615384615384,1.4956056621580758,0.7458563535911602,1.4816123014921725,0.6483516483516484,1.320500624602921,,,,GBLUP__pine__c5c6__R2__main__12345,0.0177367472527472,0.8736252747252747,0.8277255845154634,0.7409103902208077,683.25,0.008493973209782499,0.4707751586536535,0.9208791208791208
pine,c5c6,R2,GBLUP,main,CalPred-style,0.1,4535,0.84696802646086,0.05303197353914,0.0054795032590029,2.232377633176056,0.0,3.964090923330379,0.0651800133568089,0.7690607734806629,0.1309392265193371,0.9292817679558012,1.6887252194200846,0.7690607734806629,2.0437894744068497,0.789010989010989,2.2141065867091783,0.8464088397790055,2.384152465787689,0.9010989010989012,2.827925047359149,,,,GBLUP__pine__c5c6__R2__main__12345,0.0177367472527472,0.8736252747252747,0.8277255845154634,0.7409103902208077,683.25,0.008493973209782499,0.4707751586536535,0.9208791208791208
pine,c5c6,R2,GBLUP,main,KinCP,0.1,4535,0.8703417861080485,0.0296582138919515,0.0156622190580637,2.532917541509539,0.0,4.038874807900235,0.0616198166474409,0.8044198895027624,0.0955801104972375,0.9392265193370166,1.7042850466803805,0.8044198895027624,2.384994898004364,0.8065934065934066,2.562957222219478,0.8607734806629834,2.7504069326520977,0.9406593406593406,3.257772917072736,,,,GBLUP__pine__c5c6__R2__main__12345,0.0177367472527472,0.8736252747252747,0.8277255845154634,0.7409103902208077,683.25,0.008493973209782499,0.4707751586536535,0.9208791208791208
pine,c5c6,R2,GBLUP,main,KinCP-ABC,0.1,4535,0.6985667034178611,0.2014332965821389,0.0024155349834847,1.41571446169009,0.0,4.676965557390674,0.2012968247222391,0.6044198895027625,0.2955801104972375,0.8784530386740331,1.415247643492002,0.6044198895027625,1.4437269092681786,0.6384615384615384,1.4719970502935296,0.7370165745856354,1.445688547401552,0.6351648351648351,1.3022282003858,,,,GBLUP__pine__c5c6__R2__main__12345,0.0177367472527472,0.8736252747252747,0.8277255845154634,0.7409103902208077,683.25,0.008493973209782499,0.4707751586536535,0.9208791208791208
pine,c5c6,R3,GBLUP,main,Gauss-PEV,0.1,4550,0.8978021978021978,0.0021978021978021,0.0072892852535283,1.541071589628543,0.0,1.9663719236004795,0.014065934065934,0.8835164835164835,0.0164835164835165,0.8835164835164835,1.4055235168720903,0.8846153846153846,1.4684870788090865,0.9076923076923076,1.511802927897632,0.8912087912087913,1.5539176934845824,0.921978021978022,1.765626731079324,,,,GBLUP__pine__c5c6__R3__main__12345,0.0177367472527472,0.8736252747252747,0.9765363271229909,0.8856804346477412,364.0,0.008493973209782499,0.4707751586536535,0.9208791208791208
pine,c5c6,R3,GBLUP,main,SCP,0.1,4550,0.9030769230769232,0.003076923076923,0.0131730697613108,1.5578397729855016,0.0,1.9814084993175964,0.0127472527472527,0.8846153846153846,0.0153846153846154,0.9153846153846154,1.5408262034186844,0.9087912087912088,1.5504793497634597,0.9153846153846154,1.5572599267166174,0.8846153846153846,1.5765786210019503,0.8912087912087913,1.564054764026796,,,,GBLUP__pine__c5c6__R3__main__12345,0.0177367472527472,0.8736252747252747,0.9765363271229909,0.8856804346477412,364.0,0.008493973209782499,0.4707751586536535,0.9208791208791208
pine,c5c6,R3,GBLUP,main,CV+,0.1,4550,0.918901098901099,0.0189010989010989,0.0061871157187953,1.588013517836155,0.0,1.9070271706566693,0.0189010989010988,0.9054945054945056,-0.0054945054945054,0.9263736263736264,1.5762827800884052,0.9208791208791208,1.5815562497474387,0.9285714285714286,1.590677887312988,0.9054945054945056,1.5904572841152445,0.9131868131868132,1.6010933879166978,,,,GBLUP__pine__c5c6__R3__main__12345,0.0177367472527472,0.8736252747252747,0.9765363271229909,0.8856804346477412,364.0,0.008493973209782499,0.4707751586536535,0.9208791208791208
pine,c5c6,R3,GBLUP,main,CalPred-style,0.1,4550,0.8778021978021978,0.0221978021978022,0.0110274054543314,1.5183440190589583,0.0,2.053773198372314,0.0349450549450549,0.8384615384615385,0.0615384615384615,0.8384615384615385,1.2521664079176964,0.8505494505494505,1.3521744489275636,0.8901098901098901,1.417680728507917,0.878021978021978,1.498619855163278,0.931868131868132,2.071078654778338,,,,GBLUP__pine__c5c6__R3__main__12345,0.0177367472527472,0.8736252747252747,0.9765363271229909,0.8856804346477412,364.0,0.008493973209782499,0.4707751586536535,0.9208791208791208
pine,c5c6,R3,GBLUP,main,KinCP,0.1,4550,0.8995604395604395,0.0004395604395605,0.0103553573533096,1.5735100247289695,0.0,2.002189800534551,0.0162637362637362,0.8813186813186813,0.0186813186813187,0.8912087912087913,1.4130888207691636,0.8813186813186813,1.4631804692985242,0.9076923076923076,1.5024033929209453,0.8857142857142857,1.539933794863985,0.931868131868132,1.948943645792232,,,,GBLUP__pine__c5c6__R3__main__12345,0.0177367472527472,0.8736252747252747,0.9765363271229909,0.8856804346477412,364.0,0.008493973209782499,0.4707751586536535,0.9208791208791208
pine,c5c6,R3,GBLUP,main,KinCP-ABC,0.1,4550,0.9004395604395604,0.0004395604395603,0.0121526736711641,1.5499236341027565,0.0,1.958200830073696,0.0083516483516483,0.889010989010989,0.010989010989011,0.9076923076923076,1.540344258131341,0.9,1.5437532617481091,0.9142857142857144,1.5527832058928497,0.889010989010989,1.5524982530437197,0.8912087912087913,1.5602391916977625,,,,GBLUP__pine__c5c6__R3__main__12345,0.0177367472527472,0.8736252747252747,0.9765363271229909,0.8856804346477412,364.0,0.008493973209782499,0.4707751586536535,0.9208791208791208
oyster,mm,R1,GBLUP,main,Gauss-PEV,0.1,1860,0.8903225806451613,0.0096774193548386,0.0072131225080638,2.884853275879196,0.0,3.7554068391337,0.0131182795698924,0.8682795698924731,0.0317204301075269,0.8924731182795699,2.777955238584322,0.8844086021505376,2.846276568649752,0.8978494623655914,2.882489045784536,0.9086021505376344,2.921312690037385,0.8682795698924731,2.9962328363399835,,,,GBLUP__oyster__mm__R1__main__12345,0.0279778378378378,0.8582641891891891,0.46336158972412295,0.45998345884693237,297.6,-0.18755566760374942,-0.16319189498610198,0.6532258064516129
oyster,mm,R1,GBLUP,main,SCP,0.1,1860,0.9016129032258065,0.0016129032258064,0.0116556362304724,3.1210289068960577,0.0,3.8569287601531976,0.0162365591397849,0.8655913978494624,0.0344086021505376,0.922043010752688,3.1295932568933944,0.8978494623655914,3.13466387951683,0.9086021505376344,3.135342433728795,0.913978494623656,3.118373015660859,0.8655913978494624,3.087171948680409,,,,GBLUP__oyster__mm__R1__main__12345,0.0279778378378378,0.8582641891891891,0.46336158972412295,0.45998345884693237,297.6,-0.18755566760374942,-0.16319189498610198,0.6532258064516129
oyster,mm,R1,GBLUP,main,CV+,0.1,1860,0.9064516129032258,0.0064516129032258,0.0061299754037588,3.07898024592924,0.0,3.7955862465387904,0.016774193548387,0.8763440860215054,0.0236559139784946,0.9247311827956988,3.045198145842122,0.8978494623655914,3.056135749127661,0.913978494623656,3.081978551872326,0.9193548387096774,3.0982612890099697,0.8763440860215054,3.1133274937941207,,,,GBLUP__oyster__mm__R1__main__12345,0.0279778378378378,0.8582641891891891,0.46336158972412295,0.45998345884693237,297.6,-0.18755566760374942,-0.16319189498610198,0.6532258064516129
oyster,mm,R1,GBLUP,main,CalPred-style,0.1,1860,0.8811827956989248,0.0188172043010752,0.0051708021671159,2.8273377964761464,0.0,3.766105912401481,0.0190322580645161,0.8548387096774194,0.0451612903225806,0.8924731182795699,2.737811177045093,0.8709677419354839,2.794944093336625,0.8870967741935484,2.828651848442051,0.9005376344086021,2.859147354272716,0.8548387096774194,2.9161345092842472,,,,GBLUP__oyster__mm__R1__main__12345,0.0279778378378378,0.8582641891891891,0.46336158972412295,0.45998345884693237,297.6,-0.18755566760374942,-0.16319189498610198,0.6532258064516129
oyster,mm,R1,GBLUP,main,KinCP,0.1,1860,0.896236559139785,0.003763440860215,0.0030649877018794,2.940476567375013,0.0,3.7804953200857727,0.013010752688172,0.8709677419354839,0.0290322580645161,0.9059139784946236,2.845474070303029,0.8870967741935484,2.905204085874664,0.9005376344086021,2.949113319759366,0.9166666666666666,2.9830333601762704,0.8709677419354839,3.0195580007617377,,,,GBLUP__oyster__mm__R1__main__12345,0.0279778378378378,0.8582641891891891,0.46336158972412295,0.45998345884693237,297.6,-0.18755566760374942,-0.16319189498610198,0.6532258064516129
oyster,mm,R1,GBLUP,main,KinCP-ABC,0.1,1860,0.9043010752688172,0.0043010752688171,0.0072630409065087,3.0487250370486656,0.0,3.7828673742732746,0.0156989247311827,0.8790322580645161,0.0209677419354838,0.9193548387096774,3.009171410852023,0.8924731182795699,3.0288851554259377,0.9112903225806452,3.047246383558701,0.9193548387096774,3.065936792177472,0.8790322580645161,3.092385443229195,,,,GBLUP__oyster__mm__R1__main__12345,0.0279778378378378,0.8582641891891891,0.46336158972412295,0.45998345884693237,297.6,-0.18755566760374942,-0.16319189498610198,0.6532258064516129
oyster,mm,R2,GBLUP,main,Gauss-PEV,0.1,1860,0.9408602150537636,0.0408602150537634,1.2412670766236366e-16,3.62321897308906,0.0,4.012434787315286,0.0407927927927927,0.918918918918919,-0.0189189189189189,0.9324324324324323,3.0648527601228377,0.918918918918919,3.213577358644089,0.9466666666666668,3.7075595793998697,0.945945945945946,4.095958953718792,0.96,4.027542642269294,,,,GBLUP__oyster__mm__R2__main__12345,0.0279778378378378,0.8582641891891891,0.4624181171261922,0.1666242715510288,297.6,-0.18755566760374942,-0.16319189498610198,0.6532258064516129
oyster,mm,R2,GBLUP,main,SCP,0.1,1860,0.8779569892473118,0.0220430107526882,0.0223781240734058,3.036122750310375,0.0,4.052404405469871,0.0413837837837838,0.8297297297297297,0.0702702702702703,0.9432432432432432,3.172559176519738,0.9054054054054054,3.137598674790804,0.8506666666666667,3.007436112532804,0.8297297297297297,2.9345705205348027,0.8613333333333333,2.9302674021192514,,,,GBLUP__oyster__mm__R2__main__12345,0.0279778378378378,0.8582641891891891,0.4624181171261922,0.1666242715510288,297.6,-0.18755566760374942,-0.16319189498610198,0.6532258064516129
oyster,mm,R2,GBLUP,main,CV+,0.1,1860,0.878494623655914,0.021505376344086,0.0048087483387092,3.035813406137868,0.0,3.9927322680604456,0.0365117117117117,0.84,0.06,0.9324324324324323,3.1509061619864203,0.9054054054054054,3.0716832861315995,0.84,3.0080501767910457,0.845945945945946,2.95989830124621,0.8693333333333333,2.989529738280071,,,,GBLUP__oyster__mm__R2__main__12345,0.0279778378378378,0.8582641891891891,0.4624181171261922,0.1666242715510288,297.6,-0.18755566760374942,-0.16319189498610198,0.6532258064516129
oyster,mm,R2,GBLUP,main,CalPred-style,0.1,1860,0.9021505376344086,0.0021505376344085,0.0024043741693546,3.274770611693293,0.0,4.029569259971916,0.0285117117117116,0.8756756756756757,0.0243243243243242,0.945945945945946,3.077822299228288,0.8756756756756757,3.033493090585407,0.88,3.2067508802899587,0.8783783783783784,3.5226148121751053,0.9306666666666666,3.53063355441316,,,,GBLUP__oyster__mm__R2__main__12345,0.0279778378378378,0.8582641891891891,0.4624181171261922,0.1666242715510288,297.6,-0.18755566760374942,-0.16319189498610198,0.6532258064516129
oyster,mm,R2,GBLUP,main,KinCP,0.1,1860,0.9198924731182796,0.0198924731182795,0.0058278181152362,3.509153745076888,0.0,4.041452348296381,0.0311279279279279,0.88,0.02,0.945945945945946,3.209995811946948,0.918918918918919,3.199678655727618,0.88,3.467314056925745,0.8918918918918919,3.747245554915085,0.9626666666666668,3.916594096367164,,,,GBLUP__oyster__mm__R2__main__12345,0.0279778378378378,0.8582641891891891,0.4624181171261922,0.1666242715510288,297.6,-0.18755566760374942,-0.16319189498610198,0.6532258064516129
oyster,mm,R2,GBLUP,main,KinCP-ABC,0.1,1860,0.8736559139784946,0.0263440860215053,0.0053763440860215,3.0156511364310976,0.0,4.000201135496626,0.0424504504504504,0.8297297297297297,0.0702702702702703,0.9405405405405406,3.14898887719736,0.8918918918918919,3.0600750059578563,0.832,2.9840830578715742,0.8297297297297297,2.92795271172467,0.8746666666666667,2.958356871878517,,,,GBLUP__oyster__mm__R2__main__12345,0.0279778378378378,0.8582641891891891,0.4624181171261922,0.1666242715510288,297.6,-0.18755566760374942,-0.16319189498610198,0.6532258064516129
oyster,mm,R3,GBLUP,main,Gauss-PEV,0.1,1860,0.8833333333333333,0.0166666666666667,0.0182914256303268,2.944944418658676,0.0,3.8595969355853423,0.0166666666666666,0.8709677419354839,0.0290322580645161,0.8897849462365591,2.797829307136374,0.8897849462365591,2.898518145570061,0.8709677419354839,2.9402749293036483,0.8951612903225806,2.994860075850098,0.8709677419354839,3.0932396354332017,,,,GBLUP__oyster__mm__R3__main__12345,0.0279778378378378,0.8582641891891891,0.3967104338583883,0.42513577365117317,148.6,-0.18755566760374942,-0.16319189498610198,0.6532258064516129
oyster,mm,R3,GBLUP,main,SCP,0.1,1860,0.8956989247311828,0.0043010752688171,0.0089963443713341,3.162257680090956,0.0,3.962146611908744,0.0113978494623655,0.8736559139784946,0.0263440860215053,0.913978494623656,3.1083931635803608,0.9005376344086021,3.1013911421325653,0.8870967741935484,3.1676949507805925,0.9032258064516128,3.2085513650395647,0.8736559139784946,3.225257778921695,,,,GBLUP__oyster__mm__R3__main__12345,0.0279778378378378,0.8582641891891891,0.3967104338583883,0.42513577365117317,148.6,-0.18755566760374942,-0.16319189498610198,0.6532258064516129
oyster,mm,R3,GBLUP,main,CV+,0.1,1860,0.8913978494623656,0.0086021505376344,0.0234811481741101,3.095133054177917,0.0,3.9121024905071846,0.0088172043010752,0.8736559139784946,0.0263440860215053,0.9005376344086021,3.022961839863147,0.8951612903225806,3.0534395894635424,0.8897849462365591,3.0673889364382534,0.8978494623655914,3.1226548134549867,0.8736559139784946,3.209220091669656,,,,GBLUP__oyster__mm__R3__main__12345,0.0279778378378378,0.8582641891891891,0.3967104338583883,0.42513577365117317,148.6,-0.18755566760374942,-0.16319189498610198,0.6532258064516129
oyster,mm,R3,GBLUP,main,CalPred-style,0.1,1860,0.8768817204301075,0.0231182795698925,0.0148945109432204,2.88857936963295,0.0,3.880173325693696,0.0231182795698924,0.8575268817204301,0.0424731182795699,0.8978494623655914,2.7580853726315047,0.8790322580645161,2.848782825563524,0.8575268817204301,2.876338390528757,0.8790322580645161,2.9407225242759063,0.8709677419354839,3.01896773516506,,,,GBLUP__oyster__mm__R3__main__12345,0.0279778378378378,0.8582641891891891,0.3967104338583883,0.42513577365117317,148.6,-0.18755566760374942,-0.16319189498610198,0.6532258064516129
oyster,mm,R3,GBLUP,main,KinCP,0.1,1860,0.8870967741935484,0.0129032258064516,0.0227305571576448,2.9968908598590427,0.0,3.896130812760266,0.0129032258064516,0.8763440860215054,0.0236559139784946,0.8951612903225806,2.8745375347494697,0.8870967741935484,2.940997166815196,0.8817204301075269,2.9732601864027046,0.8951612903225806,3.04549849012697,0.8763440860215054,3.1501609212008748,,,,GBLUP__oyster__mm__R3__main__12345,0.0279778378378378,0.8582641891891891,0.3967104338583883,0.42513577365117317,148.6,-0.18755566760374942,-0.16319189498610198,0.6532258064516129
oyster,mm,R3,GBLUP,main,KinCP-ABC,0.1,1860,0.8940860215053763,0.0059139784946237,0.0242383098469889,3.0956066481482134,0.0,3.90820279738999,0.0117204301075268,0.8763440860215054,0.0236559139784946,0.9086021505376344,3.0175760092849946,0.8951612903225806,3.039822593991089,0.8844086021505376,3.0558260180821906,0.9059139784946236,3.125339848732395,0.8763440860215054,3.2394687706503973,,,,GBLUP__oyster__mm__R3__main__12345,0.0279778378378378,0.8582641891891891,0.3967104338583883,0.42513577365117317,148.6,-0.18755566760374942,-0.16319189498610198,0.6532258064516129
maize,Yield_Mg_ha,R1,GBLUP,main,Gauss-PEV,0.1,22105,0.9087536756389956,0.0087536756389956,0.0016279623809496,2.589607723268381,0.0,3.4535761585965328,0.0164351956570911,0.8807961999547613,0.0192038000452386,0.8807961999547613,2.465675031656956,0.9217371635376612,2.524768303111369,0.9197014250169644,2.5597851891278114,0.9181180728342004,2.605519045660708,0.9034155168513912,2.792291046785061,,,,GBLUP__maize__Yield_Mg_ha__R1__main__12345,0.0080226968325791,0.8881948529411766,0.6800557325860097,0.6085134896643676,3536.8,-0.3913631290377875,1.1912600245929266,1.0
maize,Yield_Mg_ha,R1,GBLUP,main,SCP,0.1,22105,0.904953630400362,0.0049536304003618,0.0055253208737811,2.5885267562570013,0.0,3.506535348239155,0.0169690115358516,0.8783080750961321,0.0216919249038679,0.8916534720651437,2.585883893790267,0.9217371635376612,2.5861126067071827,0.9206061976928296,2.5889674273895915,0.9124632436100428,2.5911147386622844,0.8783080750961321,2.5905551147356807,,,,GBLUP__maize__Yield_Mg_ha__R1__main__12345,0.0080226968325791,0.8881948529411766,0.6800557325860097,0.6085134896643676,3536.8,-0.3913631290377875,1.1912600245929266,1.0
maize,Yield_Mg_ha,R1,GBLUP,main,CV+,0.1,22105,0.9079846188645104,0.0079846188645102,0.001077686428371,2.5731764074575443,0.0,3.4636396057287846,0.0170142501696448,0.8855462565030536,0.0144537434969463,0.8918796652341099,2.566861897569271,0.9239990952273242,2.56712916944794,0.9215109703686948,2.5724496162858403,0.9169871069893688,2.577642017517672,0.8855462565030536,2.581799336467,,,,GBLUP__maize__Yield_Mg_ha__R1__main__12345,0.0080226968325791,0.8881948529411766,0.6800557325860097,0.6085134896643676,3536.8,-0.3913631290377875,1.1912600245929266,1.0
maize,Yield_Mg_ha,R1,GBLUP,main,CalPred-style,0.1,22105,0.9317801402397649,0.0317801402397647,0.0019233070951803,2.8641797575791803,0.0,3.5428023412554586,0.0350282741461207,0.8918796652341099,0.0081203347658901,0.8918796652341099,2.5689916951335703,0.940511196561864,2.75751979047297,0.9434517077584256,2.840559483820146,0.9450350599411896,2.935368781038563,0.9380230717032344,3.218459037430652,,,,GBLUP__maize__Yield_Mg_ha__R1__main__12345,0.0080226968325791,0.8881948529411766,0.6800557325860097,0.6085134896643676,3536.8,-0.3913631290377875,1.1912600245929266,1.0
maize,Yield_Mg_ha,R1,GBLUP,main,KinCP,0.1,22105,0.9192490386790318,0.0192490386790318,0.0022675794679668,2.712845184794161,0.0,3.4614620568247285,0.0196923772902058,0.8988916534720651,0.0011083465279349,0.8988916534720651,2.64341894160779,0.9174394933273016,2.492320037754455,0.9206061976928296,2.5614853990060475,0.9255824474100882,2.7022135269800924,0.9337254014928748,3.164788018622424,,,,GBLUP__maize__Yield_Mg_ha__R1__main__12345,0.0080226968325791,0.8881948529411766,0.6800557325860097,0.6085134896643676,3536.8,-0.3913631290377875,1.1912600245929266,1.0
maize,Yield_Mg_ha,R1,GBLUP,main,KinCP-ABC,0.1,22105,0.9046821985976023,0.0046821985976023,0.0018829817134826,2.548000945078472,0.0,3.4581719612115807,0.0172404433386111,0.8776294955892332,0.0223705044107668,0.8909748925582447,2.54727064119098,0.9237729020583578,2.54769592586972,0.9190228455100656,2.54836290106071,0.9120108572721104,2.5489313898881623,0.8776294955892332,2.547743867382787,,,,GBLUP__maize__Yield_Mg_ha__R1__main__12345,0.0080226968325791,0.8881948529411766,0.6800557325860097,0.6085134896643676,3536.8,-0.3913631290377875,1.1912600245929266,1.0
maize,Yield_Mg_ha,R2,GBLUP,main,Gauss-PEV,0.1,22105,0.799819045464827,0.100180954535173,0.0,2.818568231049744,0.0,5.54200321929743,0.1001914768514968,0.7285067873303167,0.1714932126696833,0.7409502262443439,2.433661907865464,0.7285067873303167,2.710907896584477,0.834841628959276,2.864635298978882,0.8484162895927602,2.8878510340502643,0.8463276836158192,3.195358784112319,,,,GBLUP__maize__Yield_Mg_ha__R2__main__12345,0.0080226968325791,0.8881948529411766,0.691294572659584,0.37512365916328316,3536.8,-0.3913631290377875,1.1912600245929266,1.0
maize,Yield_Mg_ha,R2,GBLUP,main,SCP,0.1,22105,0.7629947975571137,0.1370052024428862,0.0197056965144484,2.529975291039923,0.0,5.574950047243055,0.1370052918168571,0.7108597285067874,0.1891402714932126,0.7108597285067874,2.312240845712216,0.7228506787330317,2.526726212811645,0.7959276018099547,2.6125040992649167,0.821945701357466,2.572374225363403,0.7633898305084745,2.625922534441779,,,,GBLUP__maize__Yield_Mg_ha__R2__main__12345,0.0080226968325791,0.8881948529411766,0.691294572659584,0.37512365916328316,3536.8,-0.3913631290377875,1.1912600245929266,1.0
maize,Yield_Mg_ha,R2,GBLUP,main,CV+,0.1,22105,0.7756616150192264,0.1243383849807736,0.0018473211480746,2.607257250665846,0.0,5.542000212893488,0.1243359664595955,0.7314479638009049,0.1685520361990951,0.7459276018099548,2.4444066741234503,0.7314479638009049,2.637443370577959,0.8052036199095023,2.672399479262554,0.8307692307692308,2.616214884010946,0.7649717514124293,2.665755670671059,,,,GBLUP__maize__Yield_Mg_ha__R2__main__12345,0.0080226968325791,0.8881948529411766,0.691294572659584,0.37512365916328316,3536.8,-0.3913631290377875,1.1912600245929266,1.0
maize,Yield_Mg_ha,R2,GBLUP,main,CalPred-style,0.1,22105,0.8450124406242931,0.0549875593757068,0.0008962502943297,3.175968608940539,0.0,5.301974454936936,0.0566732622644886,0.7529411764705882,0.1470588235294118,0.7529411764705882,2.5339733373747184,0.7895927601809954,3.027209883225662,0.880316742081448,3.2920975744907373,0.8979638009049774,3.323132142506064,0.904180790960452,3.702834105412671,,,,GBLUP__maize__Yield_Mg_ha__R2__main__12345,0.0080226968325791,0.8881948529411766,0.691294572659584,0.37512365916328316,3536.8,-0.3913631290377875,1.1912600245929266,1.0
maize,Yield_Mg_ha,R2,GBLUP,main,KinCP,0.1,22105,0.8452386337932595,0.0547613662067405,0.0020569902817262,3.2711180158120663,0.0,5.4012630042970695,0.0573073599713679,0.7384615384615385,0.1615384615384615,0.7384615384615385,2.413339336894989,0.7884615384615384,3.0991503645839447,0.894343891402715,3.47167645840164,0.9063348416289592,3.499929405259912,0.8985310734463277,3.8708161223965583,,,,GBLUP__maize__Yield_Mg_ha__R2__main__12345,0.0080226968325791,0.8881948529411766,0.691294572659584,0.37512365916328316,3536.8,-0.3913631290377875,1.1912600245929266,1.0
maize,Yield_Mg_ha,R2,GBLUP,main,KinCP-ABC,0.1,22105,0.7594209454874463,0.1405790545125537,0.0015055020395651,2.5423569478545534,0.0,5.790339658660227,0.1405780095610604,0.7061085972850679,0.1938914027149321,0.7328054298642533,2.3859011040890907,0.7061085972850679,2.5599656182502653,0.7902714932126697,2.610686773319562,0.8131221719457014,2.554557758655533,0.7548022598870057,2.600607590566109,,,,GBLUP__maize__Yield_Mg_ha__R2__main__12345,0.0080226968325791,0.8881948529411766,0.691294572659584,0.37512365916328316,3536.8,-0.3913631290377875,1.1912600245929266,1.0
maize,Yield_Mg_ha,R3,GBLUP,main,Gauss-PEV,0.1,22105,0.909477493779688,0.0094774937796878,0.0045979012702182,2.7043733676844828,0.0,3.585438500677057,0.0129970594888034,0.891201085727211,0.008798914272789,0.891201085727211,2.540383300553016,0.9258086405790544,2.622102440783385,0.9167609138204026,2.673449094740083,0.9129156299479756,2.749851515922287,0.9007011988237955,2.9360804864236454,,,,GBLUP__maize__Yield_Mg_ha__R3__main__12345,0.0080226968325791,0.8881948529411766,0.6573643945243568,0.5611859333545525,1768.0,-0.3913631290377875,1.1912600245929266,1.0
maize,Yield_Mg_ha,R3,GBLUP,main,SCP,0.1,22105,0.9007011988237955,0.0007011988237954,0.0119508363996544,2.675889246613256,0.0,3.643411766855836,0.0148970821081203,0.8645102917891879,0.0354897082108121,0.900248812485863,2.674733903998304,0.9249038679031892,2.6732704741513658,0.9120108572721104,2.679596325419541,0.901832164668627,2.675449337823327,0.8645102917891879,2.676396191673743,,,,GBLUP__maize__Yield_Mg_ha__R3__main__12345,0.0080226968325791,0.8881948529411766,0.6573643945243568,0.5611859333545525,1768.0,-0.3913631290377875,1.1912600245929266,1.0
maize,Yield_Mg_ha,R3,GBLUP,main,CV+,0.1,22105,0.9088441529065824,0.0088441529065822,0.0038618799092883,2.7094191155716967,0.0,3.5994540223013547,0.0187876046143406,0.8751413707306039,0.024858629269396,0.9074869938927844,2.6937604511976825,0.93463017416874,2.7043884227338166,0.9187966523410992,2.7128572760807232,0.9081655733996832,2.720200826857644,0.8751413707306039,2.715888600988616,,,,GBLUP__maize__Yield_Mg_ha__R3__main__12345,0.0080226968325791,0.8881948529411766,0.6573643945243568,0.5611859333545525,1768.0,-0.3913631290377875,1.1912600245929266,1.0
maize,Yield_Mg_ha,R3,GBLUP,main,CalPred-style,0.1,22105,0.9248133906356028,0.0248133906356027,0.0037734281784467,2.880390002332902,0.0,3.640076875736442,0.0279710472743722,0.8921058584030762,0.0078941415969238,0.8921058584030762,2.550459244474074,0.9382492648722008,2.75440705215105,0.9323682424790772,2.8567026527706965,0.9341777878308076,2.991408339033191,0.9271657995928524,3.2489727232354992,,,,GBLUP__maize__Yield_Mg_ha__R3__main__12345,0.0080226968325791,0.8881948529411766,0.6573643945243568,0.5611859333545525,1768.0,-0.3913631290377875,1.1912600245929266,1.0
maize,Yield_Mg_ha,R3,GBLUP,main,KinCP,0.1,22105,0.914589459398326,0.0145894593983261,0.0041848792811579,2.7638353762550114,0.0,3.5907586592477374,0.0155756616150192,0.8975344944582674,0.0024655055417326,0.8975344944582674,2.598461306237418,0.9190228455100656,2.548174119530747,0.913368016285908,2.643503440538016,0.9197014250169644,2.829740694490833,0.9233205157204252,3.199297320478043,,,,GBLUP__maize__Yield_Mg_ha__R3__main__12345,0.0080226968325791,0.8881948529411766,0.6573643945243568,0.5611859333545525,1768.0,-0.3913631290377875,1.1912600245929266,1.0
maize,Yield_Mg_ha,R3,GBLUP,main,KinCP-ABC,0.1,22105,0.9055869712734675,0.0055869712734675,0.0036738115966166,2.674582896515202,0.0,3.595756507592339,0.0166161501922641,0.8724270527030084,0.0275729472969916,0.9036417100203574,2.66440770216624,0.9305586971273468,2.673118721202762,0.9174394933273016,2.678406794849138,0.9038679031893236,2.679211698070976,0.8724270527030084,2.677769566286894,,,,GBLUP__maize__Yield_Mg_ha__R3__main__12345,0.0080226968325791,0.8881948529411766,0.6573643945243568,0.5611859333545525,1768.0,-0.3913631290377875,1.1912600245929266,1.0
maize,Grain_Moisture,R1,GBLUP,main,Gauss-PEV,0.1,22105,0.9132775390183216,0.0132775390183216,0.0030330133982106,1.5413154614570157,0.0,2.11920812331252,0.023040036190907,0.8755937570685365,0.0244062429314635,0.8755937570685365,1.4429160362616145,0.9126894367790092,1.488768092397278,0.9459398326170548,1.513032147179148,0.9167609138204026,1.5487371427866423,0.9154037548066049,1.7131238886603934,,,,GBLUP__maize__Grain_Moisture__R1__main__12345,0.0080226968325791,0.8881948529411766,0.7709461581140367,0.8831502081112202,3536.8,0.36586541210423107,2.259256464522762,0.9975118751413707
maize,Grain_Moisture,R1,GBLUP,main,SCP,0.1,22105,0.8995249943451707,0.0004750056548292,0.0080519684999003,1.480340453502484,0.0,2.16069623958011,0.0200452386337932,0.8733318253788735,0.0266681746211264,0.8753675638995703,1.4781605101644673,0.9092965392445148,1.4788107875109753,0.9368921058584032,1.4813887670272026,0.9027369373444922,1.482608660416773,0.8733318253788735,1.480733542393002,,,,GBLUP__maize__Grain_Moisture__R1__main__12345,0.0080226968325791,0.8881948529411766,0.7709461581140367,0.8831502081112202,3536.8,0.36586541210423107,2.259256464522762,0.9975118751413707
maize,Grain_Moisture,R1,GBLUP,main,CV+,0.1,22105,0.9091608233431352,0.009160823343135,0.0024445611555948,1.5036217466289423,0.0,2.0942138793360896,0.0202714318027595,0.8855462565030536,0.0144537434969463,0.8855462565030536,1.4997276719969452,0.9176656864962678,1.4993413044786912,0.9441302872653246,1.4985688725407584,0.911784664103144,1.507330716418821,0.886677222347885,1.5131401677094969,,,,GBLUP__maize__Grain_Moisture__R1__main__12345,0.0080226968325791,0.8881948529411766,0.7709461581140367,0.8831502081112202,3536.8,0.36586541210423107,2.259256464522762,0.9975118751413707
maize,Grain_Moisture,R1,GBLUP,main,CalPred-style,0.1,22105,0.919610947749378,0.0196109477493779,0.0019886998091231,1.5919574224790216,0.0,2.1371229945927053,0.0259353087536756,0.8841890974892558,0.0158109025107442,0.8841890974892558,1.5028601289893553,0.9226419362135264,1.5616908586056346,0.9549875593757068,1.5843239561469444,0.9260348337480208,1.6122040170180223,0.91020131192038,1.6987081516351503,,,,GBLUP__maize__Grain_Moisture__R1__main__12345,0.0080226968325791,0.8881948529411766,0.7709461581140367,0.8831502081112202,3536.8,0.36586541210423107,2.259256464522762,0.9975118751413707
maize,Grain_Moisture,R1,GBLUP,main,KinCP,0.1,22105,0.909839402850034,0.0098394028500339,0.0025520764908515,1.5179564838838775,0.0,2.111216582584973,0.0155304229812259,0.88577244967202,0.01422755032798,0.88577244967202,1.5219339592385042,0.9092965392445148,1.4664454187260194,0.9411897760687628,1.4722889727486503,0.9079393802307172,1.5028257138783945,0.9049988690341552,1.6262883548278178,,,,GBLUP__maize__Grain_Moisture__R1__main__12345,0.0080226968325791,0.8881948529411766,0.7709461581140367,0.8831502081112202,3536.8,0.36586541210423107,2.259256464522762,0.9975118751413707
maize,Grain_Moisture,R1,GBLUP,main,KinCP-ABC,0.1,22105,0.9022393123727664,0.0022393123727663,0.0022922643854617,1.4759814392372614,0.0,2.116089449681387,0.019140465957928,0.8785342682650984,0.0214657317349016,0.8792128477719973,1.4755611068352086,0.9106536982583124,1.475482464959235,0.9398326170549648,1.476349808330212,0.9029631305134584,1.4765570706886486,0.8785342682650984,1.4759567453730025,,,,GBLUP__maize__Grain_Moisture__R1__main__12345,0.0080226968325791,0.8881948529411766,0.7709461581140367,0.8831502081112202,3536.8,0.36586541210423107,2.259256464522762,0.9975118751413707
maize,Grain_Moisture,R2,GBLUP,main,Gauss-PEV,0.1,22105,0.8907486993892785,0.0092513006107215,1.2412670766236366e-16,1.8188662990977087,0.0,2.6585710614178213,0.0363102998696219,0.8371040723981901,0.0628959276018099,0.8574660633484162,1.6907969289367124,0.8371040723981901,1.768110471763426,0.9332579185520362,1.8144292708169785,0.9343891402714932,1.7506082961198404,0.8915254237288136,2.07010232420328,,,,GBLUP__maize__Grain_Moisture__R2__main__12345,0.0080226968325791,0.8881948529411766,0.7676855027155812,0.7060022483654075,3536.8,0.36586541210423107,2.259256464522762,0.9975118751413707
maize,Grain_Moisture,R2,GBLUP,main,SCP,0.1,22105,0.8357837593304682,0.0642162406695318,0.0074110630741488,1.539873809568211,0.0,2.854371983455487,0.0642115192882889,0.7798642533936652,0.1201357466063348,0.829185520361991,1.612335489296157,0.7798642533936652,1.5727064608403272,0.8676470588235294,1.5368182299712747,0.8873303167420814,1.4706034942099488,0.8149152542372882,1.506942625993454,,,,GBLUP__maize__Grain_Moisture__R2__main__12345,0.0080226968325791,0.8881948529411766,0.7676855027155812,0.7060022483654075,3536.8,0.36586541210423107,2.259256464522762,0.9975118751413707
maize,Grain_Moisture,R2,GBLUP,main,CV+,0.1,22105,0.861026916987107,0.038973083012893,0.0008701824954386,1.6105798008959926,0.0,2.712210748877064,0.0404139888028223,0.814027149321267,0.085972850678733,0.8576923076923076,1.6921851879948917,0.814027149321267,1.6712023010778985,0.9018099547511312,1.607234712239197,0.9018099547511312,1.509734903775128,0.8298305084745763,1.5725848800725106,,,,GBLUP__maize__Grain_Moisture__R2__main__12345,0.0080226968325791,0.8881948529411766,0.7676855027155812,0.7060022483654075,3536.8,0.36586541210423107,2.259256464522762,0.9975118751413707
maize,Grain_Moisture,R2,GBLUP,main,CalPred-style,0.1,22105,0.906536982583126,0.0065369825831259,0.0005854865010425,1.857937491705068,0.0,2.5813676547458067,0.0274402433724467,0.8721719457013575,0.0278280542986425,0.8721719457013575,1.7688607009019264,0.8755656108597285,1.9288670225053977,0.943212669683258,1.9341453130427493,0.9276018099547512,1.7225046573723164,0.9141242937853108,1.9352223384057785,,,,GBLUP__maize__Grain_Moisture__R2__main__12345,0.0080226968325791,0.8881948529411766,0.7676855027155812,0.7060022483654075,3536.8,0.36586541210423107,2.259256464522762,0.9975118751413707
maize,Grain_Moisture,R2,GBLUP,main,KinCP,0.1,22105,0.9037774259217372,0.0037774259217371,0.0006709973749916,1.8655633892977377,0.0,2.621106262367424,0.0278945215635145,0.8622171945701358,0.0377828054298642,0.8622171945701358,1.7158705037145812,0.883710407239819,1.932471321133781,0.9486425339366517,1.933465263722491,0.9305429864253394,1.701489440140209,0.8937853107344633,2.04431820644601,,,,GBLUP__maize__Grain_Moisture__R2__main__12345,0.0080226968325791,0.8881948529411766,0.7676855027155812,0.7060022483654075,3536.8,0.36586541210423107,2.259256464522762,0.9975118751413707
maize,Grain_Moisture,R2,GBLUP,main,KinCP-ABC,0.1,22105,0.8516625197919023,0.0483374802080976,0.0020569902817262,1.5601046201250046,0.0,2.7186809046509928,0.0483318761663727,0.8045248868778281,0.0954751131221719,0.8529411764705882,1.6483974566035986,0.8045248868778281,1.6106330259301422,0.8846153846153846,1.5636270754490529,0.889366515837104,1.4505368241879784,0.8268926553672317,1.5273657533713938,,,,GBLUP__maize__Grain_Moisture__R2__main__12345,0.0080226968325791,0.8881948529411766,0.7676855027155812,0.7060022483654075,3536.8,0.36586541210423107,2.259256464522762,0.9975118751413707
maize,Grain_Moisture,R3,GBLUP,main,Gauss-PEV,0.1,22105,0.9097941642162408,0.0097941642162406,0.0033450597269033,1.6146207208531305,0.0,2.238364074746874,0.0144899344039809,0.8882605745306492,0.0117394254693508,0.8882605745306492,1.45602985877754,0.9090703460755484,1.5284817980462653,0.9167609138204026,1.5733241206232074,0.9126894367790092,1.6543863261829312,0.9221895498755938,1.860881500635708,,,,GBLUP__maize__Grain_Moisture__R3__main__12345,0.0080226968325791,0.8881948529411766,0.7961560122533531,0.8682927761558781,1768.0,0.36586541210423107,2.259256464522762,0.9975118751413707
maize,Grain_Moisture,R3,GBLUP,main,SCP,0.1,22105,0.9004750056548292,0.0004750056548291,0.0030220287753647,1.5834298973423104,0.0,2.292987726365764,0.0115856141144537,0.8760461434064691,0.0239538565935308,0.9022845510065596,1.571412898288086,0.9120108572721104,1.585673739716151,0.9158561411445374,1.5814702831855365,0.8961773354444695,1.5927449658223916,0.8760461434064691,1.5858475996993864,,,,GBLUP__maize__Grain_Moisture__R3__main__12345,0.0080226968325791,0.8881948529411766,0.7961560122533531,0.8682927761558781,1768.0,0.36586541210423107,2.259256464522762,0.9975118751413707
maize,Grain_Moisture,R3,GBLUP,main,CV+,0.1,22105,0.9082108120334766,0.0082108120334766,0.0031642799392198,1.59097806171624,0.0,2.223889676817218,0.0145351730377742,0.8841890974892558,0.0158109025107442,0.9092965392445148,1.5830395027031456,0.9217371635376612,1.5903889419323995,0.923094322551459,1.5911220603396223,0.9027369373444922,1.6014908576966012,0.8841890974892558,1.5888489459094297,,,,GBLUP__maize__Grain_Moisture__R3__main__12345,0.0080226968325791,0.8881948529411766,0.7961560122533531,0.8682927761558781,1768.0,0.36586541210423107,2.259256464522762,0.9975118751413707
maize,Grain_Moisture,R3,GBLUP,main,CalPred-style,0.1,22105,0.913684686722461,0.0136846867224609,0.0047408922701856,1.6545671256263212,0.0,2.2560918729301083,0.0186518887129608,0.8875819950237502,0.0124180049762497,0.8875819950237502,1.47422840481408,0.9169871069893688,1.586833652355797,0.9258086405790544,1.6377057152986394,0.9199276181859308,1.7148659989555453,0.9181180728342004,1.859201856707544,,,,GBLUP__maize__Grain_Moisture__R3__main__12345,0.0080226968325791,0.8881948529411766,0.7961560122533531,0.8682927761558781,1768.0,0.36586541210423107,2.259256464522762,0.9975118751413707
maize,Grain_Moisture,R3,GBLUP,main,KinCP,0.1,22105,0.9068536530196788,0.0068536530196787,0.0055530307811468,1.5958945108202425,0.0,2.237095165589465,0.0081112870391313,0.8968559149513685,0.0031440850486315,0.8968559149513685,1.5158032602431013,0.9077131870617507,1.523031239506108,0.9160823343135036,1.550747991376492,0.90409409635829,1.6206819689187275,0.9095227324134812,1.7692080940567825,,,,GBLUP__maize__Grain_Moisture__R3__main__12345,0.0080226968325791,0.8881948529411766,0.7961560122533531,0.8682927761558781,1768.0,0.36586541210423107,2.259256464522762,0.9975118751413707
maize,Grain_Moisture,R3,GBLUP,main,KinCP-ABC,0.1,22105,0.9008821533589686,0.0008821533589685,0.0033603201150968,1.5579768723533678,0.0,2.245584392285454,0.0117213300158335,0.8776294955892332,0.0223705044107668,0.9038679031893236,1.553441235413043,0.9120108572721104,1.558719552190492,0.9156299479755712,1.5571954404386066,0.8952725627686043,1.5612717297704,0.8776294955892332,1.559256403954297,,,,GBLUP__maize__Grain_Moisture__R3__main__12345,0.0080226968325791,0.8881948529411766,0.7961560122533531,0.8682927761558781,1768.0,0.36586541210423107,2.259256464522762,0.9975118751413707
maize,Plant_Height_cm,R1,GBLUP,main,Gauss-PEV,0.1,22100,0.907420814479638,0.0074208144796379,0.002485600718004,1.6906722985392175,0.0,2.2035508343067023,0.029683257918552,0.8574660633484162,0.0425339366515837,0.8574660633484162,1.545660534654084,0.9244343891402717,1.6122582651423667,0.9364253393665158,1.640611831655392,0.9319004524886878,1.6937176514123085,0.8868778280542986,1.961113209831937,,,,GBLUP__maize__Plant_Height_cm__R1__main__12345,0.0080226968325791,0.8881948529411766,0.8475774204801492,0.8574978904231472,3536.0,-0.03370421117711311,0.40681283285816017,0.9972850678733032
maize,Plant_Height_cm,R1,GBLUP,main,SCP,0.1,22100,0.9033484162895928,0.0033484162895927,0.0084960700757496,1.7080732088361572,0.0,2.2845483521326053,0.0323076923076923,0.8438914027149321,0.0561085972850678,0.883710407239819,1.7094487647516732,0.9294117647058824,1.706490100202008,0.9404977375565612,1.70765657957728,0.9192307692307692,1.7093214666731908,0.8438914027149321,1.707449132976633,,,,GBLUP__maize__Plant_Height_cm__R1__main__12345,0.0080226968325791,0.8881948529411766,0.8475774204801492,0.8574978904231472,3536.0,-0.03370421117711311,0.40681283285816017,0.9972850678733032
maize,Plant_Height_cm,R1,GBLUP,main,CV+,0.1,22100,0.9158371040723982,0.0158371040723981,0.002681735201613,1.7428487026978774,0.0,2.243031184709748,0.0354751131221719,0.8581447963800904,0.0418552036199095,0.8927601809954752,1.7359733508190591,0.9429864253393664,1.7335613285132747,0.9493212669683256,1.7398478428690238,0.935972850678733,1.749267636213657,0.8581447963800904,1.7555933550743728,,,,GBLUP__maize__Plant_Height_cm__R1__main__12345,0.0080226968325791,0.8881948529411766,0.8475774204801492,0.8574978904231472,3536.0,-0.03370421117711311,0.40681283285816017,0.9972850678733032
maize,Plant_Height_cm,R1,GBLUP,main,CalPred-style,0.1,22100,0.9204524886877828,0.0204524886877828,0.001080301935413,1.796928647746141,0.0,2.245808785956372,0.0394570135746606,0.8524886877828054,0.0475113122171946,0.8524886877828054,1.547063869814464,0.939366515837104,1.7103532009704605,0.9549773755656108,1.7607428568552157,0.9470588235294116,1.84411220158308,0.908371040723982,2.122371109507485,,,,GBLUP__maize__Plant_Height_cm__R1__main__12345,0.0080226968325791,0.8881948529411766,0.8475774204801492,0.8574978904231472,3536.0,-0.03370421117711311,0.40681283285816017,0.9972850678733032
maize,Plant_Height_cm,R1,GBLUP,main,KinCP,0.1,22100,0.9187330316742082,0.0187330316742081,0.0005856189640517,1.7629702995884684,0.0,2.202260250481262,0.0276923076923076,0.8776018099547511,0.0223981900452489,0.8776018099547511,1.668770402046189,0.930316742081448,1.6401419717082428,0.9414027149321268,1.662714685610028,0.9377828054298644,1.738288211314626,0.9065610859728508,2.104936227263256,,,,GBLUP__maize__Plant_Height_cm__R1__main__12345,0.0080226968325791,0.8881948529411766,0.8475774204801492,0.8574978904231472,3536.0,-0.03370421117711311,0.40681283285816017,0.9972850678733032
maize,Plant_Height_cm,R1,GBLUP,main,KinCP-ABC,0.1,22100,0.9114027149321268,0.0114027149321266,0.0025476358842098,1.7059033482038306,0.0,2.2352606563290114,0.0369230769230769,0.848868778280543,0.051131221719457,0.8873303167420814,1.7057919505171375,0.9418552036199096,1.7056808203089402,0.9463800904977376,1.7062235529549687,0.932579185520362,1.7064030200643805,0.848868778280543,1.7054173971737256,,,,GBLUP__maize__Plant_Height_cm__R1__main__12345,0.0080226968325791,0.8881948529411766,0.8475774204801492,0.8574978904231472,3536.0,-0.03370421117711311,0.40681283285816017,0.9972850678733032
maize,Plant_Height_cm,R2,GBLUP,main,Gauss-PEV,0.1,22100,0.8307692307692308,0.0692307692307692,0.0,1.9630272474509287,0.0,3.0047135601938533,0.0692307692307692,0.7816742081447964,0.1183257918552036,0.7816742081447964,1.56304420821851,0.8099547511312217,1.7525648460074577,0.8529411764705882,1.9798173201836864,0.8687782805429864,2.091680514063837,0.8404977375565611,2.4280293487811533,,,,GBLUP__maize__Plant_Height_cm__R2__main__12345,0.0080226968325791,0.8881948529411766,0.8505017604289767,0.7375027642728983,3536.0,-0.03370421117711311,0.40681283285816017,0.9972850678733032
maize,Plant_Height_cm,R2,GBLUP,main,SCP,0.1,22100,0.7658823529411765,0.1341176470588235,0.0209995705164723,1.7109355953812064,0.0,3.378680241326752,0.1341176470588235,0.6332579185520362,0.2667420814479638,0.7832579185520362,1.5859936986786491,0.7730769230769231,1.6687829488189736,0.8067873303167421,1.7766053699831108,0.8330316742081448,1.804723375095952,0.6332579185520362,1.7185725843293482,,,,GBLUP__maize__Plant_Height_cm__R2__main__12345,0.0080226968325791,0.8881948529411766,0.8505017604289767,0.7375027642728983,3536.0,-0.03370421117711311,0.40681283285816017,0.9972850678733032
maize,Plant_Height_cm,R2,GBLUP,main,CV+,0.1,22100,0.8062443438914028,0.0937556561085972,0.0046161608787355,1.821182798266772,0.0,3.1321762841002725,0.0937556561085973,0.6665158371040724,0.2334841628959276,0.8183257918552036,1.6744071733061463,0.8113122171945701,1.7841348544692617,0.8604072398190046,1.9072266060259224,0.8746606334841629,1.9328039088402704,0.6665158371040724,1.8073414486922568,,,,GBLUP__maize__Plant_Height_cm__R2__main__12345,0.0080226968325791,0.8881948529411766,0.8505017604289767,0.7375027642728983,3536.0,-0.03370421117711311,0.40681283285816017,0.9972850678733032
maize,Plant_Height_cm,R2,GBLUP,main,CalPred-style,0.1,22100,0.8574660633484162,0.0425339366515837,0.0033557459217627,2.22255092044114,0.0,3.03420922975196,0.0425339366515837,0.8350678733031675,0.0649321266968325,0.8350678733031675,1.7354490108674308,0.8880090497737556,2.1144225899049887,0.883710407239819,2.3388838580849804,0.8436651583710407,2.2210316113992365,0.8368778280542987,2.7029675319490645,,,,GBLUP__maize__Plant_Height_cm__R2__main__12345,0.0080226968325791,0.8881948529411766,0.8505017604289767,0.7375027642728983,3536.0,-0.03370421117711311,0.40681283285816017,0.9972850678733032
maize,Plant_Height_cm,R2,GBLUP,main,KinCP,0.1,22100,0.8706787330316742,0.0293212669683258,0.0028465458800998,2.2166343556216104,0.0,2.968587561382322,0.0325791855203619,0.8049773755656109,0.0950226244343891,0.8049773755656109,1.6402248070787229,0.8613122171945702,2.030757768352039,0.9047511312217196,2.371447543286028,0.8789592760180995,2.221950511529483,0.903393665158371,2.8187911478617784,,,,GBLUP__maize__Plant_Height_cm__R2__main__12345,0.0080226968325791,0.8881948529411766,0.8505017604289767,0.7375027642728983,3536.0,-0.03370421117711311,0.40681283285816017,0.9972850678733032
maize,Plant_Height_cm,R2,GBLUP,main,KinCP-ABC,0.1,22100,0.7663800904977376,0.1336199095022624,0.00323379074649,1.7316896672600015,0.0,3.288766952971014,0.1336199095022624,0.6425339366515838,0.2574660633484162,0.8076923076923077,1.6201404231618382,0.7934389140271493,1.7030578534476433,0.8027149321266969,1.8000467087203982,0.7855203619909502,1.7956253335750765,0.6425339366515838,1.7395780173950508,,,,GBLUP__maize__Plant_Height_cm__R2__main__12345,0.0080226968325791,0.8881948529411766,0.8505017604289767,0.7375027642728983,3536.0,-0.03370421117711311,0.40681283285816017,0.9972850678733032
maize,Plant_Height_cm,R3,GBLUP,main,Gauss-PEV,0.1,22100,0.902579185520362,0.0025791855203619,0.0030505255729743,1.826271523152928,0.0,2.384406177950176,0.0155203619909502,0.8773755656108597,0.0226244343891403,0.8773755656108597,1.6170650063081398,0.910633484162896,1.705613079249167,0.928054298642534,1.7706194553107577,0.9065610859728508,1.8729974637859104,0.8902714932126696,2.165062611110661,,,,GBLUP__maize__Plant_Height_cm__R3__main__12345,0.0080226968325791,0.8881948529411766,0.8358640296566285,0.8275333122787581,1768.0,-0.03370421117711311,0.40681283285816017,0.9972850678733032
maize,Plant_Height_cm,R3,GBLUP,main,SCP,0.1,22100,0.9009954751131222,0.0009954751131221,0.0047795958357014,1.8787495005672168,0.0,2.514583891803125,0.0285972850678732,0.8346153846153846,0.0653846153846153,0.9158371040723982,1.8746407874712727,0.9276018099547512,1.876213534770764,0.9305429864253394,1.883694650464064,0.8963800904977376,1.8801231562702247,0.8346153846153846,1.879075373859756,,,,GBLUP__maize__Plant_Height_cm__R3__main__12345,0.0080226968325791,0.8881948529411766,0.8358640296566285,0.8275333122787581,1768.0,-0.03370421117711311,0.40681283285816017,0.9972850678733032
maize,Plant_Height_cm,R3,GBLUP,main,CV+,0.1,22100,0.915158371040724,0.0151583710407239,0.0052183541152356,1.913850576031124,0.0,2.439948729735592,0.0360633484162895,0.847737556561086,0.052262443438914,0.9294117647058824,1.9031446762351305,0.940950226244344,1.9158257863347403,0.9466063348416288,1.9210506817607496,0.9110859728506788,1.9231166936815327,0.847737556561086,1.9061150421434672,,,,GBLUP__maize__Plant_Height_cm__R3__main__12345,0.0080226968325791,0.8881948529411766,0.8358640296566285,0.8275333122787581,1768.0,-0.03370421117711311,0.40681283285816017,0.9972850678733032
maize,Plant_Height_cm,R3,GBLUP,main,CalPred-style,0.1,22100,0.9144796380090496,0.0144796380090497,0.0051913094595401,1.9247897414106223,0.0,2.4166705787934206,0.024524886877828,0.8748868778280543,0.0251131221719457,0.8748868778280543,1.6221472792534688,0.9237556561085972,1.7908220112448128,0.9436651583710408,1.886768841822352,0.9260180995475114,2.019608064030129,0.9040723981900451,2.30460251070235,,,,GBLUP__maize__Plant_Height_cm__R3__main__12345,0.0080226968325791,0.8881948529411766,0.8358640296566285,0.8275333122787581,1768.0,-0.03370421117711311,0.40681283285816017,0.9972850678733032
maize,Plant_Height_cm,R3,GBLUP,main,KinCP,0.1,22100,0.9137556561085972,0.0137556561085973,0.0079851754498602,1.904060777974436,0.0,2.389991935715058,0.0158371040723981,0.8947963800904978,0.0052036199095022,0.8947963800904978,1.7069061701184476,0.9144796380090496,1.7311282200896712,0.933710407239819,1.801022868604058,0.9203619909502262,1.964059517582717,0.9054298642533936,2.317187113477285,,,,GBLUP__maize__Plant_Height_cm__R3__main__12345,0.0080226968325791,0.8881948529411766,0.8358640296566285,0.8275333122787581,1768.0,-0.03370421117711311,0.40681283285816017,0.9972850678733032
maize,Plant_Height_cm,R3,GBLUP,main,KinCP-ABC,0.1,22100,0.9103619909502264,0.0103619909502262,0.0041943773232981,1.875137394538397,0.0,2.4324931822581406,0.0341628959276018,0.8404977375565611,0.0595022624434389,0.92579185520362,1.871394190892382,0.9375565610859729,1.8759495685230505,0.9436651583710408,1.877278369629844,0.9042986425339368,1.8759631589796355,0.8404977375565611,1.875101684667072,,,,GBLUP__maize__Plant_Height_cm__R3__main__12345,0.0080226968325791,0.8881948529411766,0.8358640296566285,0.8275333122787581,1768.0,-0.03370421117711311,0.40681283285816017,0.9972850678733032
pig,PFAI,R1,GBLUP,main,Gauss-PEV,0.1,8545,0.932592159157402,0.0325921591574019,0.0018224004098768,3.129108664155564,0.0,4.3470970126775015,0.0325921591574019,0.9221767115272088,-0.0221767115272089,0.9362200117027502,3.090069166578857,0.930368636629608,3.115682312416669,0.9227618490345232,3.130282335714758,0.9221767115272088,3.143858724358766,0.9514335868929198,3.165650781708767,,,,GBLUP__pig__PFAI__R1__main__12345,0.0129393313782991,0.8808043988269794,0.23538110202167825,0.2944823775417842,1367.2,1.9761972129306749,7.624746155442329,0.286132241076653
pig,PFAI,R1,GBLUP,main,SCP,0.1,8545,0.9046225863077824,0.0046225863077823,0.0112325066240213,2.722170962843089,0.0,4.283534952307391,0.0105441778818022,0.8935049736688122,0.0064950263311878,0.9110590988882388,2.715933581036225,0.8976009362200117,2.718365812001628,0.8935049736688122,2.72145546182019,0.8940901111761264,2.731260589143841,0.9268578115857228,2.72383937021356,,,,GBLUP__pig__PFAI__R1__main__12345,0.0129393313782991,0.8808043988269794,0.23538110202167825,0.2944823775417842,1367.2,1.9761972129306749,7.624746155442329,0.286132241076653
pig,PFAI,R1,GBLUP,main,CV+,0.1,8545,0.9060269163253364,0.0060269163253364,0.0012819720479934,2.673471149536206,0.0,4.257255541537517,0.0095845523698069,0.8946752486834406,0.0053247513165594,0.9122293739028672,2.674109741120372,0.901111761263897,2.6742306996671648,0.8964306612053833,2.6728970448946137,0.8946752486834406,2.673094620651951,0.9256875365710944,2.673023641346928,,,,GBLUP__pig__PFAI__R1__main__12345,0.0129393313782991,0.8808043988269794,0.23538110202167825,0.2944823775417842,1367.2,1.9761972129306749,7.624746155442329,0.286132241076653
pig,PFAI,R1,GBLUP,main,CalPred-style,0.1,8545,0.9200702165008776,0.0200702165008777,0.0021339476335647,2.9556705153482308,0.0,4.34304862975738,0.0200702165008776,0.9104739613809244,-0.0104739613809244,0.9133996489174956,2.7114777308787947,0.9122293739028672,2.867746770216322,0.9104739613809244,2.9647610763362704,0.9128145114101814,3.0538847978322208,0.9514335868929198,3.180482201477545,,,,GBLUP__pig__PFAI__R1__main__12345,0.0129393313782991,0.8808043988269794,0.23538110202167825,0.2944823775417842,1367.2,1.9761972129306749,7.624746155442329,0.286132241076653
pig,PFAI,R1,GBLUP,main,KinCP,0.1,8545,0.9016968987712112,0.0016968987712112,0.0014918137839651,2.6612633459168613,0.0,4.257714543439881,0.0080866003510825,0.890579286132241,0.009420713867759,0.9046225863077824,2.612785905530337,0.8964306612053833,2.675141709287063,0.8970157987126974,2.701482416173888,0.890579286132241,2.683904115778016,0.919836161497952,2.6330025828150028,,,,GBLUP__pig__PFAI__R1__main__12345,0.0129393313782991,0.8808043988269794,0.23538110202167825,0.2944823775417842,1367.2,1.9761972129306749,7.624746155442329,0.286132241076653
pig,PFAI,R1,GBLUP,main,KinCP-ABC,0.1,8545,0.901111761263897,0.001111761263897,0.0027131710051186,2.655447312456232,0.0,4.260337277273695,0.0105441778818022,0.8894090111176126,0.0105909888823874,0.9075482738443534,2.654065064672282,0.895845523698069,2.6543933551476746,0.8911644236395553,2.654987105713347,0.8894090111176126,2.656422072439768,0.9215915740198948,2.657368964308088,,,,GBLUP__pig__PFAI__R1__main__12345,0.0129393313782991,0.8808043988269794,0.23538110202167825,0.2944823775417842,1367.2,1.9761972129306749,7.624746155442329,0.286132241076653
pig,PFAI,R2,GBLUP,main,Gauss-PEV,0.1,8545,0.9344645991808076,0.0344645991808074,1.2412670766236366e-16,3.174450194077898,0.0,4.728888104881421,0.0576368095213595,0.8421052631578947,0.0578947368421053,0.9589442815249268,3.1308403823702453,0.9707602339181286,3.1528768428443024,0.9649122807017544,3.164193111095302,0.935672514619883,3.175728178808652,0.8421052631578947,3.248484941201668,,,,GBLUP__pig__PFAI__R2__main__12345,0.0129393313782991,0.8808043988269794,0.24071019376117203,0.10321879391046028,1367.2,1.9761972129306749,7.624746155442329,0.286132241076653
pig,PFAI,R2,GBLUP,main,SCP,0.1,8545,0.903335283791691,0.003335283791691,0.0051909315661127,2.71677777531782,0.0,4.652718967957083,0.0410035842293906,0.8058479532163743,0.0941520467836257,0.9161290322580644,2.69631864630819,0.947953216374269,2.733457249779472,0.9461988304093568,2.7422841407361456,0.9005847953216374,2.698776733225908,0.8058479532163743,2.712992284524736,,,,GBLUP__pig__PFAI__R2__main__12345,0.0129393313782991,0.8808043988269794,0.24071019376117203,0.10321879391046028,1367.2,1.9761972129306749,7.624746155442329,0.286132241076653
pig,PFAI,R2,GBLUP,main,CV+,0.1,8545,0.9060269163253364,0.0060269163253364,0.0007850443455236,2.6839121140126965,0.0,4.63173876317921,0.04392927577987,0.8052631578947368,0.0947368421052632,0.9190615835777126,2.670779282240191,0.9473684210526316,2.67987383671746,0.954970760233918,2.6824102666370524,0.9035087719298246,2.666787193629028,0.8052631578947368,2.719671590746848,,,,GBLUP__pig__PFAI__R2__main__12345,0.0129393313782991,0.8808043988269794,0.24071019376117203,0.10321879391046028,1367.2,1.9761972129306749,7.624746155442329,0.286132241076653
pig,PFAI,R2,GBLUP,main,CalPred-style,0.1,8545,0.9412521942656524,0.0412521942656524,0.0006671594061434,3.308069164567474,0.0,4.729638371295063,0.057631664694483,0.8590643274853801,0.0409356725146199,0.9501466275659824,3.093369299579191,0.9789473684210528,3.253615740146454,0.9678362573099416,3.340157257146971,0.9502923976608189,3.4189614909541195,0.8590643274853801,3.4336142576276294,,,,GBLUP__pig__PFAI__R2__main__12345,0.0129393313782991,0.8808043988269794,0.24071019376117203,0.10321879391046028,1367.2,1.9761972129306749,7.624746155442329,0.286132241076653
pig,PFAI,R2,GBLUP,main,KinCP,0.1,8545,0.8991222937390286,0.0008777062609713,0.0003204930119983,2.642982416591517,0.0,4.633094529174465,0.0367885990636414,0.8058479532163743,0.0941520467836257,0.9085043988269794,2.6392787570811143,0.9444444444444444,2.581332329367644,0.9362573099415205,2.584273257520087,0.9005847953216374,2.625775549941518,0.8058479532163743,2.784241359633445,,,,GBLUP__pig__PFAI__R2__main__12345,0.0129393313782991,0.8808043988269794,0.24071019376117203,0.10321879391046028,1367.2,1.9761972129306749,7.624746155442329,0.286132241076653
pig,PFAI,R2,GBLUP,main,KinCP-ABC,0.1,8545,0.90040959625512,0.0004095962551199,0.0004895611623955,2.662872968723771,0.0,4.643441241789426,0.0387789610879593,0.804093567251462,0.095906432748538,0.9120234604105572,2.648134696088271,0.9444444444444444,2.659088844839611,0.939766081871345,2.66062289155071,0.9017543859649124,2.6403050385252467,0.804093567251462,2.706170278250585,,,,GBLUP__pig__PFAI__R2__main__12345,0.0129393313782991,0.8808043988269794,0.24071019376117203,0.10321879391046028,1367.2,1.9761972129306749,7.624746155442329,0.286132241076653
pig,PFAI,R3,GBLUP,main,Gauss-PEV,0.1,8545,0.935634874195436,0.0356348741954358,0.0042194865716371,3.159503005373469,0.0,4.389750486359283,0.0356348741954358,0.9245172615564656,-0.0245172615564657,0.9332943241661792,3.1133691636498235,0.9321240491515506,3.145504310061063,0.9245172615564656,3.162627657804796,0.935634874195436,3.176551351855017,0.9526038619075484,3.199462543496645,,,,GBLUP__pig__PFAI__R3__main__12345,0.0129393313782991,0.8808043988269794,0.2572816770950179,0.27135552834708265,683.2,1.9761972129306749,7.624746155442329,0.286132241076653
pig,PFAI,R3,GBLUP,main,SCP,0.1,8545,0.9060269163253364,0.0060269163253364,0.0109046147995427,2.7557935990601656,0.0,4.326152703352854,0.0093504973668812,0.892919836161498,0.007080163838502,0.9081334113516676,2.780419982099697,0.9034523112931538,2.7610175682093825,0.892919836161498,2.756318104832737,0.8987712112346401,2.7435970095504296,0.9268578115857228,2.7376153306085813,,,,GBLUP__pig__PFAI__R3__main__12345,0.0129393313782991,0.8808043988269794,0.2572816770950179,0.27135552834708265,683.2,1.9761972129306749,7.624746155442329,0.286132241076653
pig,PFAI,R3,GBLUP,main,CV+,0.1,8545,0.9031012287887652,0.0031012287887652,0.0038945725669499,2.6542238300984264,0.0,4.282545723322307,0.0090228203627852,0.890579286132241,0.009420713867759,0.9052077238150964,2.6592846484995607,0.8970157987126974,2.654679441589452,0.890579286132241,2.656708912506049,0.8976009362200117,2.6529098344300777,0.92510239906378,2.6475363134669925,,,,GBLUP__pig__PFAI__R3__main__12345,0.0129393313782991,0.8808043988269794,0.2572816770950179,0.27135552834708265,683.2,1.9761972129306749,7.624746155442329,0.286132241076653
pig,PFAI,R3,GBLUP,main,CalPred-style,0.1,8545,0.9248683440608544,0.0248683440608542,0.0044677844748557,3.00063921357141,0.0,4.3935453013961885,0.0248683440608542,0.9069631363370392,-0.0069631363370391,0.9069631363370392,2.744793357744084,0.9157401989467524,2.9257144439482854,0.9163253364540668,3.017793289741064,0.9315389116442364,3.1016350764707035,0.9537741369221768,3.2132598999529143,,,,GBLUP__pig__PFAI__R3__main__12345,0.0129393313782991,0.8808043988269794,0.2572816770950179,0.27135552834708265,683.2,1.9761972129306749,7.624746155442329,0.286132241076653
pig,PFAI,R3,GBLUP,main,KinCP,0.1,8545,0.8985371562317145,0.0014628437682855,0.0034018588306023,2.6557376956275727,0.0,4.30180192442863,0.0084610883557636,0.8911644236395553,0.0088355763604447,0.8976009362200117,2.6757520730699693,0.8911644236395553,2.665760437694276,0.8911644236395553,2.678197535854416,0.8952603861907549,2.656423698691901,0.9174956114686952,2.6025547328273,,,,GBLUP__pig__PFAI__R3__main__12345,0.0129393313782991,0.8808043988269794,0.2572816770950179,0.27135552834708265,683.2,1.9761972129306749,7.624746155442329,0.286132241076653
pig,PFAI,R3,GBLUP,main,KinCP-ABC,0.1,8545,0.8987712112346401,0.0012287887653599,0.0028365593080259,2.631380948631684,0.0,4.2912384413069775,0.008929198361615,0.8858981860737273,0.0141018139262727,0.8999414862492686,2.6279601551758023,0.8917495611468695,2.6304712346477026,0.8858981860737273,2.634172857085923,0.8970157987126974,2.6340482591702647,0.9192510239906378,2.630252237078728,,,,GBLUP__pig__PFAI__R3__main__12345,0.0129393313782991,0.8808043988269794,0.2572816770950179,0.27135552834708265,683.2,1.9761972129306749,7.624746155442329,0.286132241076653
rice,Plant_height,R1,GBLUP,main,Gauss-PEV,0.1,1760,0.9125,0.0124999999999999,0.0099228688616892,2.61346871043014,0.0,3.4683594903290063,0.0236363636363636,0.8721590909090909,0.027840909090909,0.9232954545454546,2.222273037855209,0.9176136363636364,2.427328441326607,0.8721590909090909,2.585611459409869,0.9090909090909092,2.7678372772304147,0.9403409090909092,3.064293336328595,,,,GBLUP__rice__Plant_height__R1__main__12345,0.0282558571428571,0.857132857142857,0.6386520350169437,0.6264255521610805,281.6,0.17797244518216307,-0.16488454548310782,0.8664772727272727
rice,Plant_height,R1,GBLUP,main,SCP,0.1,1760,0.9176136363636364,0.0176136363636363,0.0147617966554165,2.8243304571958525,0.0,3.580418902544198,0.0207954545454545,0.8920454545454546,0.0079545454545454,0.9403409090909092,2.80726971672329,0.9289772727272728,2.834000180763012,0.90625,2.8599235269893404,0.8920454545454546,2.833655284028927,0.9204545454545454,2.786803577474695,,,,GBLUP__rice__Plant_height__R1__main__12345,0.0282558571428571,0.857132857142857,0.6386520350169437,0.6264255521610805,281.6,0.17797244518216307,-0.16488454548310782,0.8664772727272727
rice,Plant_height,R1,GBLUP,main,CV+,0.1,1760,0.9022727272727272,0.0022727272727272,0.0058910344753771,2.601401137379834,0.0,3.4699529212401057,0.0231818181818181,0.875,0.025,0.9403409090909092,2.593753051074577,0.9232954545454546,2.6001644857874275,0.8835227272727273,2.6101862773326894,0.875,2.5997250971258583,0.8892045454545454,2.6031767755786146,,,,GBLUP__rice__Plant_height__R1__main__12345,0.0282558571428571,0.857132857142857,0.6386520350169437,0.6264255521610805,281.6,0.17797244518216307,-0.16488454548310782,0.8664772727272727
rice,Plant_height,R1,GBLUP,main,CalPred-style,0.1,1760,0.90625,0.0062499999999999,0.006026478248749,2.69125927601732,0.0,3.5326721032008392,0.0205681818181818,0.8806818181818182,0.0193181818181817,0.9375,2.6737590718014763,0.9261363636363636,2.679765830882996,0.8835227272727273,2.6995267502021947,0.8806818181818182,2.694753869986438,0.9034090909090908,2.708490857213492,,,,GBLUP__rice__Plant_height__R1__main__12345,0.0282558571428571,0.857132857142857,0.6386520350169437,0.6264255521610805,281.6,0.17797244518216307,-0.16488454548310782,0.8664772727272727
rice,Plant_height,R1,GBLUP,main,KinCP,0.1,1760,0.9147727272727272,0.0147727272727272,0.0053148542425765,2.667298651934604,0.0,3.4756209530362607,0.0168181818181817,0.8948863636363636,0.0051136363636363,0.9176136363636364,2.175461095727722,0.9176136363636364,2.52729940691544,0.8948863636363636,2.739748203027795,0.9147727272727272,2.90378412237647,0.9289772727272728,2.990200431625593,,,,GBLUP__rice__Plant_height__R1__main__12345,0.0282558571428571,0.857132857142857,0.6386520350169437,0.6264255521610805,281.6,0.17797244518216307,-0.16488454548310782,0.8664772727272727
rice,Plant_height,R1,GBLUP,main,KinCP-ABC,0.1,1760,0.8965909090909091,0.0034090909090909,0.0141476131795326,2.5637167348567624,0.0,3.480106896450033,0.0265909090909091,0.8664772727272727,0.0335227272727273,0.9318181818181818,2.562156534846104,0.9261363636363636,2.562192799646061,0.8693181818181818,2.570137285449138,0.8664772727272727,2.5613362752278546,0.8892045454545454,2.5627607791146536,,,,GBLUP__rice__Plant_height__R1__main__12345,0.0282558571428571,0.857132857142857,0.6386520350169437,0.6264255521610805,281.6,0.17797244518216307,-0.16488454548310782,0.8664772727272727
rice,Plant_height,R2,GBLUP,main,Gauss-PEV,0.1,1760,0.8948863636363636,0.0051136363636363,0.0,3.066872742063501,0.0,4.063702177269577,0.0738430583501006,0.7857142857142857,0.1142857142857143,0.9142857142857144,2.403966162904925,0.7857142857142857,2.5495813023491296,0.8169014084507042,2.7569817134442607,0.9857142857142858,3.717166521915204,0.971830985915493,3.8992045697177695,,,,GBLUP__rice__Plant_height__R2__main__12345,0.0282558571428571,0.857132857142857,0.6601296757063573,0.6045046194602441,281.6,0.17797244518216307,-0.16488454548310782,0.8664772727272727
rice,Plant_height,R2,GBLUP,main,SCP,0.1,1760,0.8846590909090909,0.0153409090909091,0.0230446588530377,2.6116095078815174,0.0,3.6379297708053504,0.0266317907444667,0.828169014084507,0.0718309859154929,0.9057142857142856,2.609652154077182,0.8742857142857143,2.719446713873931,0.828169014084507,2.7136963964439627,0.9228571428571428,2.506708802077951,0.8929577464788733,2.508557263728705,,,,GBLUP__rice__Plant_height__R2__main__12345,0.0282558571428571,0.857132857142857,0.6601296757063573,0.6045046194602441,281.6,0.17797244518216307,-0.16488454548310782,0.8664772727272727
rice,Plant_height,R2,GBLUP,main,CV+,0.1,1760,0.8789772727272728,0.0210227272727272,0.0015560299929124,2.614590555752684,0.0,3.6984594920557057,0.048748490945674,0.7887323943661971,0.1112676056338028,0.9228571428571428,2.627535457547257,0.8371428571428572,2.684246504472904,0.7887323943661971,2.652575128953543,0.92,2.548125927094578,0.9267605633802816,2.5606970314255126,,,,GBLUP__rice__Plant_height__R2__main__12345,0.0282558571428571,0.857132857142857,0.6601296757063573,0.6045046194602441,281.6,0.17797244518216307,-0.16488454548310782,0.8664772727272727
rice,Plant_height,R2,GBLUP,main,CalPred-style,0.1,1760,0.875,0.025,0.0040176521658326,2.6393886362808536,0.0,3.809185003765667,0.0538993963782696,0.7830985915492957,0.1169014084507042,0.9142857142857144,2.6097331432276807,0.82,2.566180349813361,0.7830985915492957,2.585632274284036,0.94,2.7200772266318225,0.9183098591549296,2.715007860839343,,,,GBLUP__rice__Plant_height__R2__main__12345,0.0282558571428571,0.857132857142857,0.6601296757063573,0.6045046194602441,281.6,0.17797244518216307,-0.16488454548310782,0.8664772727272727
rice,Plant_height,R2,GBLUP,main,KinCP,0.1,1760,0.8801136363636364,0.0198863636363636,0.0037040922756833,2.5836129091705247,0.0,3.711489380980946,0.0385674044265593,0.8257142857142857,0.0742857142857142,0.9,2.317866884094107,0.8257142857142857,2.7284858666470897,0.828169014084507,2.80802209184413,0.9171428571428571,2.49555872158138,0.9295774647887324,2.5651883442888894,,,,GBLUP__rice__Plant_height__R2__main__12345,0.0282558571428571,0.857132857142857,0.6601296757063573,0.6045046194602441,281.6,0.17797244518216307,-0.16488454548310782,0.8664772727272727
rice,Plant_height,R2,GBLUP,main,KinCP-ABC,0.1,1760,0.86875,0.03125,0.0046680899787372,2.566844654905023,0.0,3.779716806567314,0.0521609657947686,0.7830985915492957,0.1169014084507042,0.9085714285714286,2.595513923262759,0.8085714285714286,2.6220370345132658,0.7830985915492957,2.5997570938784693,0.9171428571428571,2.5140058606675,0.9267605633802816,2.503346303804927,,,,GBLUP__rice__Plant_height__R2__main__12345,0.0282558571428571,0.857132857142857,0.6601296757063573,0.6045046194602441,281.6,0.17797244518216307,-0.16488454548310782,0.8664772727272727
rice,Plant_height,R3,GBLUP,main,Gauss-PEV,0.1,1760,0.9096590909090908,0.0096590909090908,0.0135353741472404,2.75861243755982,0.0,3.565374261516664,0.0096590909090909,0.9034090909090908,-0.0034090909090909,0.9119318181818182,2.3462070467007297,0.9034090909090908,2.5734071201812343,0.9034090909090908,2.751581752887025,0.9119318181818182,2.921480961094662,0.9176136363636364,3.2003853069354453,,,,GBLUP__rice__Plant_height__R3__main__12345,0.0282558571428571,0.857132857142857,0.5957025412131199,0.574773237096015,140.6,0.17797244518216307,-0.16488454548310782,0.8664772727272727
rice,Plant_height,R3,GBLUP,main,SCP,0.1,1760,0.9318181818181818,0.0318181818181817,0.0063524658451698,3.1923764486167028,0.0,3.820839837010692,0.0318181818181817,0.9176136363636364,-0.0176136363636363,0.9488636363636364,3.170147277087078,0.9403409090909092,3.1995843782273465,0.9176136363636364,3.2195815212512127,0.9232954545454546,3.209562603178523,0.9289772727272728,3.163006463339353,,,,GBLUP__rice__Plant_height__R3__main__12345,0.0282558571428571,0.857132857142857,0.5957025412131199,0.574773237096015,140.6,0.17797244518216307,-0.16488454548310782,0.8664772727272727
rice,Plant_height,R3,GBLUP,main,CV+,0.1,1760,0.9073863636363636,0.0073863636363635,0.0163937932343789,2.799165495293809,0.0,3.600215127917976,0.0171590909090909,0.8863636363636364,0.0136363636363636,0.9431818181818182,2.777088171689438,0.9176136363636364,2.7958741030532366,0.9005681818181818,2.8114795988574675,0.8892045454545454,2.8083240674918417,0.8863636363636364,2.8030615353770623,,,,GBLUP__rice__Plant_height__R3__main__12345,0.0282558571428571,0.857132857142857,0.5957025412131199,0.574773237096015,140.6,0.17797244518216307,-0.16488454548310782,0.8664772727272727
rice,Plant_height,R3,GBLUP,main,CalPred-style,0.1,1760,0.9039772727272728,0.0039772727272726,0.0133854761243065,2.7980063551479506,0.0,3.645457135992391,0.0148863636363636,0.8835227272727273,0.0164772727272727,0.9346590909090908,2.803445364820785,0.9090909090909092,2.8064264524588527,0.9034090909090908,2.812554188278213,0.8835227272727273,2.7945071105789543,0.8892045454545454,2.773098659602948,,,,GBLUP__rice__Plant_height__R3__main__12345,0.0282558571428571,0.857132857142857,0.5957025412131199,0.574773237096015,140.6,0.17797244518216307,-0.16488454548310782,0.8664772727272727
rice,Plant_height,R3,GBLUP,main,KinCP,0.1,1760,0.905681818181818,0.0056818181818181,0.0178999818204811,2.81043150658682,0.0,3.6264972650506686,0.0077272727272727,0.8948863636363636,0.0051136363636363,0.9119318181818182,2.499424355184257,0.9147727272727272,2.806934695585416,0.9005681818181818,2.851302678688713,0.8948863636363636,2.90438277559004,0.90625,2.990113027885673,,,,GBLUP__rice__Plant_height__R3__main__12345,0.0282558571428571,0.857132857142857,0.5957025412131199,0.574773237096015,140.6,0.17797244518216307,-0.16488454548310782,0.8664772727272727
rice,Plant_height,R3,GBLUP,main,KinCP-ABC,0.1,1760,0.9125,0.0124999999999999,0.0183453230579124,2.796654077810546,0.0,3.606308962125373,0.016590909090909,0.8948863636363636,0.0051136363636363,0.9403409090909092,2.778424429500307,0.9232954545454546,2.7931414460928217,0.9090909090909092,2.807878419429222,0.8948863636363636,2.8042000650059618,0.8948863636363636,2.799626029024422,,,,GBLUP__rice__Plant_height__R3__main__12345,0.0282558571428571,0.857132857142857,0.5957025412131199,0.574773237096015,140.6,0.17797244518216307,-0.16488454548310782,0.8664772727272727
rice,Culm_habit,R1,GBLUP,main,Gauss-PEV,0.1,1755,0.9008547008547008,0.0008547008547008,0.0064967260689409,2.630583322224538,0.0,3.404626382734814,0.0222792022792022,0.8717948717948718,0.0282051282051282,0.8746438746438746,2.406787830480781,0.9088319088319088,2.522554247589816,0.8717948717948718,2.6253556504796105,0.9145299145299144,2.7187042278282414,0.9344729344729344,2.8795146547442414,,,,GBLUP__rice__Culm_habit__R1__main__12345,0.0282558571428571,0.857132857142857,0.40201405413823854,0.6140120692683783,280.8,0.4431722138622341,-0.47126243497745035,0.1225071225071225
rice,Culm_habit,R1,GBLUP,main,SCP,0.1,1755,0.9236467236467236,0.0236467236467236,0.0121542615428498,2.843527715047672,0.0,3.476748236390456,0.0236467236467236,0.905982905982906,-0.0059829059829059,0.905982905982906,2.84153031440128,0.945868945868946,2.842033098533289,0.9088319088319088,2.8364210012230866,0.925925925925926,2.8593054685131745,0.9316239316239316,2.8383486925675303,,,,GBLUP__rice__Culm_habit__R1__main__12345,0.0282558571428571,0.857132857142857,0.40201405413823854,0.6140120692683783,280.8,0.4431722138622341,-0.47126243497745035,0.1225071225071225
rice,Culm_habit,R1,GBLUP,main,CV+,0.1,1755,0.9048433048433048,0.0048433048433048,0.0065588971129466,2.619269443460427,0.0,3.362945973984677,0.0161253561253561,0.8717948717948718,0.0282051282051282,0.9002849002849003,2.611635376409915,0.925925925925926,2.60986287597799,0.8717948717948718,2.626740658910509,0.9088319088319088,2.6223257983708548,0.9173789173789174,2.6257825076328656,,,,GBLUP__rice__Culm_habit__R1__main__12345,0.0282558571428571,0.857132857142857,0.40201405413823854,0.6140120692683783,280.8,0.4431722138622341,-0.47126243497745035,0.1225071225071225
rice,Culm_habit,R1,GBLUP,main,CalPred-style,0.1,1755,0.8991452991452992,0.0008547008547008,0.0051754706907649,2.60081291389922,0.0,3.385988133368361,0.0125925925925926,0.8689458689458689,0.0310541310541311,0.8974358974358975,2.5905453705659456,0.9173789173789174,2.593028751158162,0.8689458689458689,2.6041326539049803,0.9002849002849003,2.60538566316956,0.9116809116809116,2.610972130697451,,,,GBLUP__rice__Culm_habit__R1__main__12345,0.0282558571428571,0.857132857142857,0.40201405413823854,0.6140120692683783,280.8,0.4431722138622341,-0.47126243497745035,0.1225071225071225
rice,Culm_habit,R1,GBLUP,main,KinCP,0.1,1755,0.9031339031339032,0.0031339031339031,0.0078023156339767,2.618685554379524,0.0,3.4285304150706346,0.0234188034188034,0.8689458689458689,0.0310541310541311,0.8803418803418803,2.45196792877035,0.9031339031339032,2.474416555363506,0.8689458689458689,2.599875826330394,0.9287749287749288,2.7267950600919577,0.9344729344729344,2.840372401341412,,,,GBLUP__rice__Culm_habit__R1__main__12345,0.0282558571428571,0.857132857142857,0.40201405413823854,0.6140120692683783,280.8,0.4431722138622341,-0.47126243497745035,0.1225071225071225
rice,Culm_habit,R1,GBLUP,main,KinCP-ABC,0.1,1755,0.8991452991452992,0.0008547008547008,0.0111439357353891,2.591889778689506,0.0,3.3970269499194234,0.0124786324786325,0.8746438746438746,0.0253561253561254,0.8974358974358975,2.586145920300005,0.9173789173789174,2.585521283967191,0.8746438746438746,2.6027422418715056,0.8945868945868946,2.5890241379271624,0.9116809116809116,2.5960153093816656,,,,GBLUP__rice__Culm_habit__R1__main__12345,0.0282558571428571,0.857132857142857,0.40201405413823854,0.6140120692683783,280.8,0.4431722138622341,-0.47126243497745035,0.1225071225071225
rice,Culm_habit,R2,GBLUP,main,Gauss-PEV,0.1,1755,0.9202279202279202,0.0202279202279201,0.0,2.913628528237475,0.0,3.43334283326954,0.0601609657947686,0.8142857142857143,0.0857142857142857,0.9857142857142858,2.553432777861583,0.8857142857142857,2.624856370783454,0.8142857142857143,2.735724235561489,0.9714285714285714,3.248578085612537,0.943661971830986,3.398622683436893,,,,GBLUP__rice__Culm_habit__R2__main__12345,0.0282558571428571,0.857132857142857,0.39697471392858397,0.47291100615965465,280.8,0.4431722138622341,-0.47126243497745035,0.1225071225071225
rice,Culm_habit,R2,GBLUP,main,SCP,0.1,1755,0.898005698005698,0.001994301994302,0.0242081433461515,2.713725142498444,0.0,3.4704792865546983,0.0454245472837021,0.7914285714285715,0.1085714285714285,0.9542857142857144,2.5522661972820884,0.8914285714285715,2.689044869464871,0.7914285714285715,2.6711995326293594,0.9542857142857144,2.7622191219782306,0.8985915492957747,2.8913583735512014,,,,GBLUP__rice__Culm_habit__R2__main__12345,0.0282558571428571,0.857132857142857,0.39697471392858397,0.47291100615965465,280.8,0.4431722138622341,-0.47126243497745035,0.1225071225071225
rice,Culm_habit,R2,GBLUP,main,CV+,0.1,1755,0.901994301994302,0.0019943019943019,0.0032483630344704,2.641125085537327,0.0,3.3390540496889605,0.0499879275653923,0.8,0.0999999999999999,0.9714285714285714,2.64086500765781,0.88,2.624702844825704,0.8,2.630224785533565,0.9542857142857144,2.63114159759356,0.904225352112676,2.678162091983902,,,,GBLUP__rice__Culm_habit__R2__main__12345,0.0282558571428571,0.857132857142857,0.39697471392858397,0.47291100615965465,280.8,0.4431722138622341,-0.47126243497745035,0.1225071225071225
rice,Culm_habit,R2,GBLUP,main,CalPred-style,0.1,1755,0.901994301994302,0.0019943019943019,0.0043207267487473,2.632516998860665,0.0,3.364300639461543,0.0493923541247484,0.8085714285714286,0.0914285714285714,0.9857142857142858,2.670996500186977,0.8857142857142857,2.597531261775758,0.8085714285714286,2.6068701039124966,0.9428571428571428,2.592704522847549,0.8873239436619719,2.6936098505563217,,,,GBLUP__rice__Culm_habit__R2__main__12345,0.0282558571428571,0.857132857142857,0.39697471392858397,0.47291100615965465,280.8,0.4431722138622341,-0.47126243497745035,0.1225071225071225
rice,Culm_habit,R2,GBLUP,main,KinCP,0.1,1755,0.8962962962962963,0.0037037037037037,0.0071509403977271,2.560608636306005,0.0,3.368315762609618,0.0573118712273642,0.7971428571428572,0.1028571428571428,0.9857142857142858,2.6662149156387667,0.8914285714285715,2.639492650411562,0.7971428571428572,2.657370672464868,0.9485714285714286,2.592893029184776,0.8591549295774648,2.2514879240057715,,,,GBLUP__rice__Culm_habit__R2__main__12345,0.0282558571428571,0.857132857142857,0.39697471392858397,0.47291100615965465,280.8,0.4431722138622341,-0.47126243497745035,0.1225071225071225
rice,Culm_habit,R2,GBLUP,main,KinCP-ABC,0.1,1755,0.9002849002849003,0.0002849002849002,0.0028490028490028,2.6090594404753964,0.0,3.356877956823642,0.0511146881287726,0.8028571428571428,0.0971428571428572,0.9828571428571428,2.6184221815405824,0.88,2.594965412685496,0.8028571428571428,2.6016782100511704,0.9457142857142856,2.593025997149534,0.8901408450704226,2.6368089789716795,,,,GBLUP__rice__Culm_habit__R2__main__12345,0.0282558571428571,0.857132857142857,0.39697471392858397,0.47291100615965465,280.8,0.4431722138622341,-0.47126243497745035,0.1225071225071225
rice,Culm_habit,R3,GBLUP,main,Gauss-PEV,0.1,1755,0.8968660968660969,0.0031339031339031,0.019983678537607,2.680652313467464,0.0,3.4604957719965426,0.0148717948717948,0.8575498575498576,0.0424501424501424,0.8575498575498576,2.38313657416876,0.9002849002849003,2.55882433321546,0.8974358974358975,2.672218231986501,0.9031339031339032,2.795948372699782,0.925925925925926,2.9931340552668164,,,,GBLUP__rice__Culm_habit__R3__main__12345,0.0282558571428571,0.857132857142857,0.45303343372478383,0.5866519208613918,140.0,0.4431722138622341,-0.47126243497745035,0.1225071225071225
rice,Culm_habit,R3,GBLUP,main,SCP,0.1,1755,0.9384615384615383,0.0384615384615384,0.0207018827630597,3.230377616639288,0.0,3.647782528229517,0.0384615384615384,0.9202279202279202,-0.0202279202279201,0.9544159544159544,3.2282175030815523,0.9544159544159544,3.213089447575899,0.9316239316239316,3.220414122704537,0.9316239316239316,3.233154807876544,0.9202279202279202,3.257012201957904,,,,GBLUP__rice__Culm_habit__R3__main__12345,0.0282558571428571,0.857132857142857,0.45303343372478383,0.5866519208613918,140.0,0.4431722138622341,-0.47126243497745035,0.1225071225071225
rice,Culm_habit,R3,GBLUP,main,CV+,0.1,1755,0.9054131054131054,0.0054131054131053,0.017492970294027,2.696746682577961,0.0,3.4134707896383896,0.0154415954415954,0.8831908831908832,0.0168091168091167,0.9202279202279202,2.674787878515835,0.9230769230769232,2.7020994834787184,0.8917378917378918,2.694269941459919,0.8831908831908832,2.694791515160301,0.9088319088319088,2.7177845942750305,,,,GBLUP__rice__Culm_habit__R3__main__12345,0.0282558571428571,0.857132857142857,0.45303343372478383,0.5866519208613918,140.0,0.4431722138622341,-0.47126243497745035,0.1225071225071225
rice,Culm_habit,R3,GBLUP,main,CalPred-style,0.1,1755,0.898005698005698,0.001994301994302,0.0161666791556821,2.665921557807064,0.0,3.4397596773683223,0.0057549857549857,0.8888888888888888,0.0111111111111111,0.8888888888888888,2.610133138927766,0.9088319088319088,2.662048188335075,0.9002849002849003,2.655577821846697,0.8917378917378918,2.678386015010143,0.9002849002849003,2.72346262491564,,,,GBLUP__rice__Culm_habit__R3__main__12345,0.0282558571428571,0.857132857142857,0.45303343372478383,0.5866519208613918,140.0,0.4431722138622341,-0.47126243497745035,0.1225071225071225
rice,Culm_habit,R3,GBLUP,main,KinCP,0.1,1755,0.901994301994302,0.0019943019943019,0.0243918573139646,2.747293787018584,0.0,3.462901552888688,0.0154415954415954,0.8746438746438746,0.0253561253561254,0.8746438746438746,2.49876516809404,0.9202279202279202,2.6835562598945857,0.8917378917378918,2.748303904566565,0.9088319088319088,2.8478680350874765,0.9145299145299144,2.9579755674502546,,,,GBLUP__rice__Culm_habit__R3__main__12345,0.0282558571428571,0.857132857142857,0.45303343372478383,0.5866519208613918,140.0,0.4431722138622341,-0.47126243497745035,0.1225071225071225
rice,Culm_habit,R3,GBLUP,main,KinCP-ABC,0.1,1755,0.8997150997150997,0.0002849002849003,0.015785635529567,2.665351520545086,0.0,3.443906394916527,0.0108831908831908,0.8774928774928775,0.0225071225071225,0.9088319088319088,2.647486329972524,0.9173789173789174,2.6698110843471947,0.8945868945868946,2.658166673976585,0.8774928774928775,2.662255381335692,0.9002849002849003,2.6890381330934323,,,,GBLUP__rice__Culm_habit__R3__main__12345,0.0282558571428571,0.857132857142857,0.45303343372478383,0.5866519208613918,140.0,0.4431722138622341,-0.47126243497745035,0.1225071225071225
rice,Flag_leaf_length,R1,GBLUP,main,Gauss-PEV,0.1,1730,0.8959537572254336,0.0040462427745664,0.0045697654048675,3.107748108006564,0.0,3.9592820363900416,0.0331791907514451,0.8497109826589595,0.0502890173410405,0.8497109826589595,2.897334111458384,0.861271676300578,3.007577038315158,0.9190751445086706,3.100432924914871,0.953757225433526,3.1932809842788434,0.8959537572254336,3.340115481065561,,,,GBLUP__rice__Flag_leaf_length__R1__main__12345,0.0286529275362318,0.8568159420289856,0.32254200950057005,0.3453883927480441,276.8,0.39836056307136264,0.0014761745247473534,0.9508670520231214
rice,Flag_leaf_length,R1,GBLUP,main,SCP,0.1,1730,0.9023121387283236,0.0023121387283236,0.0184383097199267,3.2244265682742363,0.0,4.002941918215599,0.0314450867052022,0.8670520231213873,0.0329479768786127,0.8670520231213873,3.1917998047712914,0.8815028901734104,3.21602747796104,0.9248554913294798,3.2263223901595843,0.9595375722543352,3.2363245581381226,0.8786127167630058,3.2516586103411416,,,,GBLUP__rice__Flag_leaf_length__R1__main__12345,0.0286529275362318,0.8568159420289856,0.32254200950057005,0.3453883927480441,276.8,0.39836056307136264,0.0014761745247473534,0.9508670520231214
rice,Flag_leaf_length,R1,GBLUP,main,CV+,0.1,1730,0.9,0.0,0.0015830131719802,3.1387998919942635,0.0,3.940832999467207,0.0268208092485549,0.861271676300578,0.038728323699422,0.884393063583815,3.1324773778917985,0.8872832369942196,3.134783915622691,0.9219653179190752,3.140093339276818,0.9450867052023122,3.1427420360204072,0.861271676300578,3.143902791159604,,,,GBLUP__rice__Flag_leaf_length__R1__main__12345,0.0286529275362318,0.8568159420289856,0.32254200950057005,0.3453883927480441,276.8,0.39836056307136264,0.0014761745247473534,0.9508670520231214
rice,Flag_leaf_length,R1,GBLUP,main,CalPred-style,0.1,1730,0.9098265895953758,0.0098265895953757,0.0055593595553963,3.172114445713536,0.0,3.921613478530476,0.0234682080924855,0.8786127167630058,0.0213872832369942,0.8786127167630058,3.167007072459306,0.9046242774566474,3.1706245234589883,0.930635838150289,3.17360887951463,0.9479768786127168,3.1775733261803376,0.8872832369942196,3.171758426954417,,,,GBLUP__rice__Flag_leaf_length__R1__main__12345,0.0286529275362318,0.8568159420289856,0.32254200950057005,0.3453883927480441,276.8,0.39836056307136264,0.0014761745247473534,0.9508670520231214
rice,Flag_leaf_length,R1,GBLUP,main,KinCP,0.1,1730,0.9040462427745664,0.0040462427745664,0.0069001944429556,3.1951287001515367,0.0,3.941895979889632,0.0227745664739884,0.8786127167630058,0.0213872832369942,0.8786127167630058,3.280770873225088,0.884393063583815,3.14337446954734,0.9190751445086706,3.112972994484578,0.9479768786127168,3.139164737108281,0.8901734104046243,3.299360426392396,,,,GBLUP__rice__Flag_leaf_length__R1__main__12345,0.0286529275362318,0.8568159420289856,0.32254200950057005,0.3453883927480441,276.8,0.39836056307136264,0.0014761745247473534,0.9508670520231214
rice,Flag_leaf_length,R1,GBLUP,main,KinCP-ABC,0.1,1730,0.8994219653179191,0.0005780346820809,0.0074810283847079,3.1253125222564835,0.0,3.92758929641923,0.0285549132947976,0.869942196531792,0.030057803468208,0.8786127167630058,3.122557020254984,0.8786127167630058,3.120375295375744,0.9219653179190752,3.1237315992574164,0.9479768786127168,3.1303596516890764,0.869942196531792,3.129539044705195,,,,GBLUP__rice__Flag_leaf_length__R1__main__12345,0.0286529275362318,0.8568159420289856,0.32254200950057005,0.3453883927480441,276.8,0.39836056307136264,0.0014761745247473534,0.9508670520231214
rice,Flag_leaf_length,R2,GBLUP,main,Gauss-PEV,0.1,1730,0.8988439306358381,0.0011560693641619,1.2412670766236366e-16,3.395241761616141,0.0,4.315689479941263,0.0353209109730848,0.8405797101449275,0.0594202898550725,0.8405797101449275,3.051039590684373,0.8840579710144928,3.0980094379996417,0.8840579710144928,3.196365372246735,0.9710144927536232,3.739474706872984,0.9142857142857144,3.88423287258182,,,,GBLUP__rice__Flag_leaf_length__R2__main__12345,0.0286529275362318,0.8568159420289856,0.31527936041584287,0.3872190248270138,276.8,0.39836056307136264,0.0014761745247473534,0.9508670520231214
rice,Flag_leaf_length,R2,GBLUP,main,SCP,0.1,1730,0.8774566473988439,0.0225433526011561,0.0048361851244744,3.1064918358798974,0.0,4.4158853154438615,0.0474285714285714,0.8376811594202899,0.0623188405797101,0.8608695652173913,3.143082102698101,0.863768115942029,3.043185699564014,0.8376811594202899,3.077905099520322,0.9623188405797102,3.1816958309387404,0.8628571428571429,3.086874752238335,,,,GBLUP__rice__Flag_leaf_length__R2__main__12345,0.0286529275362318,0.8568159420289856,0.31527936041584287,0.3872190248270138,276.8,0.39836056307136264,0.0014761745247473534,0.9508670520231214
rice,Flag_leaf_length,R2,GBLUP,main,CV+,0.1,1730,0.8936416184971099,0.0063583815028901,0.0024180925622372,3.123683196749901,0.0,4.2678664783605695,0.0335569358178054,0.8521739130434782,0.0478260869565217,0.8521739130434782,3.156702177863315,0.8898550724637682,3.129593281098197,0.881159420289855,3.1395526862066947,0.9681159420289857,3.107462515298977,0.8771428571428571,3.0856564357604315,,,,GBLUP__rice__Flag_leaf_length__R2__main__12345,0.0286529275362318,0.8568159420289856,0.31527936041584287,0.3872190248270138,276.8,0.39836056307136264,0.0014761745247473534,0.9508670520231214
rice,Flag_leaf_length,R2,GBLUP,main,CalPred-style,0.1,1730,0.8901734104046243,0.0098265895953757,0.0028901734104046,3.1223146572923337,0.0,4.247623268817154,0.0323809523809523,0.855072463768116,0.044927536231884,0.855072463768116,3.1404728996132123,0.8840579710144928,3.119222060201681,0.8840579710144928,3.132705837899349,0.9565217391304348,3.127159340510336,0.8714285714285714,3.09244602693788,,,,GBLUP__rice__Flag_leaf_length__R2__main__12345,0.0286529275362318,0.8568159420289856,0.31527936041584287,0.3872190248270138,276.8,0.39836056307136264,0.0014761745247473534,0.9508670520231214
rice,Flag_leaf_length,R2,GBLUP,main,KinCP,0.1,1730,0.8803468208092485,0.0196531791907514,0.0032953046968183,3.1097918179014723,0.0,4.409570753111536,0.046832298136646,0.8463768115942029,0.0536231884057971,0.8463768115942029,3.137175447526224,0.8724637681159421,3.0150872833953533,0.8579710144927536,3.010641324374048,0.9681159420289857,3.38956341821146,0.8571428571428571,2.9981101903131497,,,,GBLUP__rice__Flag_leaf_length__R2__main__12345,0.0286529275362318,0.8568159420289856,0.31527936041584287,0.3872190248270138,276.8,0.39836056307136264,0.0014761745247473534,0.9508670520231214
rice,Flag_leaf_length,R2,GBLUP,main,KinCP-ABC,0.1,1730,0.8959537572254336,0.0040462427745664,0.0028901734104045,3.110203699853954,0.0,4.250073500171106,0.0323975155279503,0.855072463768116,0.044927536231884,0.855072463768116,3.15833124895125,0.8927536231884058,3.125851718811037,0.8840579710144928,3.1318848614944432,0.9710144927536232,3.0756149964565926,0.8771428571428571,3.060062359646413,,,,GBLUP__rice__Flag_leaf_length__R2__main__12345,0.0286529275362318,0.8568159420289856,0.31527936041584287,0.3872190248270138,276.8,0.39836056307136264,0.0014761745247473534,0.9508670520231214
rice,Flag_leaf_length,R3,GBLUP,main,Gauss-PEV,0.1,1730,0.892485549132948,0.007514450867052,0.0071964737560628,3.206367244316131,0.0,4.20226634851535,0.0304046242774566,0.8294797687861272,0.0705202312138728,0.8294797687861272,2.963172958377602,0.9190751445086706,3.1559553598515566,0.9335260115606936,3.2666277310792453,0.8757225433526011,3.3444027140151347,0.9046242774566474,3.301677458257117,,,,GBLUP__rice__Flag_leaf_length__R3__main__12345,0.0286529275362318,0.8568159420289856,0.18542220305333898,0.20926180258108418,138.0,0.39836056307136264,0.0014761745247473534,0.9508670520231214
rice,Flag_leaf_length,R3,GBLUP,main,SCP,0.1,1730,0.9144508670520232,0.0144508670520231,0.0231755146782999,3.5322830753934245,0.0,4.374418881825815,0.0280924855491329,0.8815028901734104,0.0184971098265895,0.884393063583815,3.56657171064978,0.9479768786127168,3.5418282491367985,0.9219653179190752,3.3937535611028293,0.8815028901734104,3.374236034555119,0.9364161849710982,3.785025821522592,,,,GBLUP__rice__Flag_leaf_length__R3__main__12345,0.0286529275362318,0.8568159420289856,0.18542220305333898,0.20926180258108418,138.0,0.39836056307136264,0.0014761745247473534,0.9508670520231214
rice,Flag_leaf_length,R3,GBLUP,main,CV+,0.1,1730,0.8994219653179191,0.0005780346820809,0.0102997281394251,3.305996194418701,0.0,4.203421419719009,0.0315606936416185,0.8526011560693642,0.0473988439306358,0.8526011560693642,3.254466187841068,0.930635838150289,3.3014666662061027,0.9277456647398844,3.2830284245717807,0.8670520231213873,3.2791379261606304,0.9190751445086706,3.411881767313926,,,,GBLUP__rice__Flag_leaf_length__R3__main__12345,0.0286529275362318,0.8568159420289856,0.18542220305333898,0.20926180258108418,138.0,0.39836056307136264,0.0014761745247473534,0.9508670520231214
rice,Flag_leaf_length,R3,GBLUP,main,CalPred-style,0.1,1730,0.8670520231213873,0.0329479768786127,0.0645615835366724,3.2439379478269443,0.0,4.686110452049385,0.0586127167630057,0.7485549132947977,0.1514450867052023,0.8554913294797688,3.1066070501591327,0.930635838150289,3.261562496083802,0.9335260115606936,3.286530438673027,0.8670520231213873,3.268572298975184,0.7485549132947977,3.296417455243576,,,,GBLUP__rice__Flag_leaf_length__R3__main__12345,0.0286529275362318,0.8568159420289856,0.18542220305333898,0.20926180258108418,138.0,0.39836056307136264,0.0014761745247473534,0.9508670520231214
rice,Flag_leaf_length,R3,GBLUP,main,KinCP,0.1,1730,0.9040462427745664,0.0040462427745664,0.0051700993699416,3.318835588224527,0.0,4.229658689218958,0.0292485549132947,0.8554913294797688,0.0445086705202312,0.8554913294797688,3.1701593329428754,0.930635838150289,3.2828647402601843,0.9364161849710982,3.31941116126866,0.8815028901734104,3.3442824130301307,0.916184971098266,3.477460293620785,,,,GBLUP__rice__Flag_leaf_length__R3__main__12345,0.0286529275362318,0.8568159420289856,0.18542220305333898,0.20926180258108418,138.0,0.39836056307136264,0.0014761745247473534,0.9508670520231214
rice,Flag_leaf_length,R3,GBLUP,main,KinCP-ABC,0.1,1730,0.8994219653179191,0.0005780346820809,0.0074810283847079,3.287693952311379,0.0,4.19931995715166,0.0304046242774566,0.8526011560693642,0.0473988439306358,0.8526011560693642,3.233805406462759,0.930635838150289,3.281274643113658,0.9277456647398844,3.2540510314137507,0.869942196531792,3.271841705784134,0.916184971098266,3.3974969747825936,,,,GBLUP__rice__Flag_leaf_length__R3__main__12345,0.0286529275362318,0.8568159420289856,0.18542220305333898,0.20926180258108418,138.0,0.39836056307136264,0.0014761745247473534,0.9508670520231214
soybean,C13,R1,GBLUP,main,Gauss-PEV,0.1,1730,0.9104046242774566,0.0104046242774565,0.0084262310619151,2.9754791413035,0.0,3.787681163195984,0.0187283236994219,0.884393063583815,0.015606936416185,0.884393063583815,2.596210723648558,0.953757225433526,2.8785351646674022,0.8988439306358381,3.001120461233881,0.9190751445086706,3.114109849765893,0.8959537572254336,3.287419507201764,,,,GBLUP__soybean__C13__R1__main__12345,0.0286529275362318,0.8568159420289856,0.3084946442173808,0.41413589417942803,276.8,-0.11815542098171203,-0.24704510963085546,1.0
soybean,C13,R1,GBLUP,main,SCP,0.1,1730,0.9213872832369944,0.0213872832369942,0.018095347794796,3.338929279056708,0.0,3.9874337824382073,0.0310982658959537,0.8757225433526011,0.0242774566473988,0.9364161849710982,3.355569194974715,0.9595375722543352,3.372104780166667,0.9132947976878611,3.314719548080616,0.9219653179190752,3.3596072191832183,0.8757225433526011,3.292645652878325,,,,GBLUP__soybean__C13__R1__main__12345,0.0286529275362318,0.8568159420289856,0.3084946442173808,0.41413589417942803,276.8,-0.11815542098171203,-0.24704510963085546,1.0
soybean,C13,R1,GBLUP,main,CV+,0.1,1730,0.9057803468208092,0.0057803468208091,0.0038775745274563,3.0526852847650985,0.0,3.848344918944691,0.0286705202312138,0.846820809248555,0.053179190751445,0.916184971098266,3.051168965406855,0.9566473988439308,3.065085189886344,0.8959537572254336,3.0512136046710983,0.9132947976878611,3.048846226836585,0.846820809248555,3.0471124370246123,,,,GBLUP__soybean__C13__R1__main__12345,0.0286529275362318,0.8568159420289856,0.3084946442173808,0.41413589417942803,276.8,-0.11815542098171203,-0.24704510963085546,1.0
soybean,C13,R1,GBLUP,main,CalPred-style,0.1,1730,0.9092485549132948,0.0092485549132947,0.0083265088386635,3.0428283411570827,0.0,3.806676366243635,0.0263583815028901,0.861271676300578,0.038728323699422,0.861271676300578,2.522743177482714,0.9566473988439308,2.9897490665191144,0.907514450867052,3.121060147957053,0.9248554913294798,3.2242077724388114,0.8959537572254336,3.356381541387722,,,,GBLUP__soybean__C13__R1__main__12345,0.0286529275362318,0.8568159420289856,0.3084946442173808,0.41413589417942803,276.8,-0.11815542098171203,-0.24704510963085546,1.0
soybean,C13,R1,GBLUP,main,KinCP,0.1,1730,0.9173410404624276,0.0173410404624276,0.0052502607296488,3.0979208250425865,0.0,3.845334085611505,0.0217341040462427,0.8901734104046243,0.0098265895953757,0.8901734104046243,2.749018983873708,0.9595375722543352,2.9959782001144792,0.8988439306358381,3.090748729106964,0.9219653179190752,3.243762318411048,0.916184971098266,3.410095893706735,,,,GBLUP__soybean__C13__R1__main__12345,0.0286529275362318,0.8568159420289856,0.3084946442173808,0.41413589417942803,276.8,-0.11815542098171203,-0.24704510963085546,1.0
soybean,C13,R1,GBLUP,main,KinCP-ABC,0.1,1730,0.9063583815028902,0.0063583815028901,0.0063320526879209,3.0308998883337805,0.0,3.83233832478279,0.0276300578034681,0.846820809248555,0.053179190751445,0.916184971098266,3.0280715402742064,0.9566473988439308,3.037677711992735,0.9017341040462428,3.025762358524533,0.9104046242774566,3.030914369759765,0.846820809248555,3.032073461117664,,,,GBLUP__soybean__C13__R1__main__12345,0.0286529275362318,0.8568159420289856,0.3084946442173808,0.41413589417942803,276.8,-0.11815542098171203,-0.24704510963085546,1.0
soybean,C13,R2,GBLUP,main,Gauss-PEV,0.1,1730,0.8872832369942196,0.0127167630057803,0.0,3.2794030711936046,0.0,4.182139733528522,0.0236853002070393,0.855072463768116,0.044927536231884,0.8985507246376812,2.992642602749944,0.855072463768116,3.229349568614853,0.927536231884058,3.2801133016615576,0.8840579710144928,3.3441380363226925,0.8714285714285714,3.546895149827183,,,,GBLUP__soybean__C13__R2__main__12345,0.0286529275362318,0.8568159420289856,0.3112527532221745,-0.04449718367549151,276.8,-0.11815542098171203,-0.24704510963085546,1.0
soybean,C13,R2,GBLUP,main,SCP,0.1,1730,0.8514450867052024,0.0485549132947976,0.0386462766484318,3.192037930635162,0.0,4.342856847892636,0.0494575569358178,0.7628571428571429,0.1371428571428571,0.9014492753623188,3.065444569776268,0.8405797101449275,3.2170988289282767,0.9014492753623188,3.243489569711999,0.8521739130434782,3.2438271891774173,0.7628571428571429,3.1903539017968967,,,,GBLUP__soybean__C13__R2__main__12345,0.0286529275362318,0.8568159420289856,0.3112527532221745,-0.04449718367549151,276.8,-0.11815542098171203,-0.24704510963085546,1.0
soybean,C13,R2,GBLUP,main,CV+,0.1,1730,0.8242774566473988,0.0757225433526012,0.0065906093936366,2.990132491560836,0.0,4.35523331973313,0.0794782608695652,0.72,0.18,0.910144927536232,2.984586705370338,0.8,2.965859647854981,0.8956521739130435,2.962136878442029,0.7971014492753623,2.9652151854656426,0.72,3.07168216139818,,,,GBLUP__soybean__C13__R2__main__12345,0.0286529275362318,0.8568159420289856,0.3112527532221745,-0.04449718367549151,276.8,-0.11815542098171203,-0.24704510963085546,1.0
soybean,C13,R2,GBLUP,main,CalPred-style,0.1,1730,0.8861271676300578,0.0138728323699421,0.0032953046968183,3.3346288858142232,0.0,4.189952020394175,0.0266004140786749,0.8231884057971014,0.0768115942028986,0.9043478260869564,3.0267129454294555,0.8231884057971014,3.285200614462773,0.927536231884058,3.3466469562487986,0.8985507246376812,3.411443967582915,0.8771428571428571,3.599304073068131,,,,GBLUP__soybean__C13__R2__main__12345,0.0286529275362318,0.8568159420289856,0.3112527532221745,-0.04449718367549151,276.8,-0.11815542098171203,-0.24704510963085546,1.0
soybean,C13,R2,GBLUP,main,KinCP,0.1,1730,0.8976878612716763,0.0023121387283236,0.0032953046968182,3.382742127895154,0.0,4.185956374859319,0.0150724637681159,0.8666666666666667,0.0333333333333333,0.8898550724637682,2.9839809919401885,0.8666666666666667,3.306038328467257,0.927536231884058,3.367337103551051,0.9043478260869564,3.45456929461124,0.9,3.795798595291594,,,,GBLUP__soybean__C13__R2__main__12345,0.0286529275362318,0.8568159420289856,0.3112527532221745,-0.04449718367549151,276.8,-0.11815542098171203,-0.24704510963085546,1.0
soybean,C13,R2,GBLUP,main,KinCP-ABC,0.1,1730,0.8179190751445087,0.0820809248554913,0.00736852530866,2.962020200358607,0.0,4.369342501825407,0.084703933747412,0.7228571428571429,0.1771428571428571,0.8898550724637682,2.956391313777056,0.7971014492753623,2.9414737989008235,0.9072463768115944,2.926834185967905,0.7739130434782608,2.928806467501058,0.7228571428571429,3.0552441637135144,,,,GBLUP__soybean__C13__R2__main__12345,0.0286529275362318,0.8568159420289856,0.3112527532221745,-0.04449718367549151,276.8,-0.11815542098171203,-0.24704510963085546,1.0
soybean,C13,R3,GBLUP,main,Gauss-PEV,0.1,1730,0.9011560693641618,0.0011560693641617,0.0100949417321231,3.0393389630213337,0.0,3.8876731121333625,0.0117919075144508,0.8872832369942196,0.0127167630057803,0.8872832369942196,2.621998783286539,0.9248554913294798,2.959487170112671,0.8901734104046243,3.0684900466335705,0.8959537572254336,3.1831712995557986,0.907514450867052,3.36354751551809,,,,GBLUP__soybean__C13__R3__main__12345,0.0286529275362318,0.8568159420289856,0.32572778276019226,0.3830541172157435,138.0,-0.11815542098171203,-0.24704510963085546,1.0
soybean,C13,R3,GBLUP,main,SCP,0.1,1730,0.9184971098265896,0.0184971098265895,0.0302710311509275,3.4087842479887014,0.0,4.055725987181011,0.0235838150289017,0.8872832369942196,0.0127167630057803,0.953757225433526,3.428364836305792,0.9335260115606936,3.4180089020481086,0.916184971098266,3.3944386315234265,0.9017341040462428,3.3845777531319965,0.8872832369942196,3.4185311169341843,,,,GBLUP__soybean__C13__R3__main__12345,0.0286529275362318,0.8568159420289856,0.32572778276019226,0.3830541172157435,138.0,-0.11815542098171203,-0.24704510963085546,1.0
soybean,C13,R3,GBLUP,main,CV+,0.1,1730,0.9132947976878611,0.0132947976878612,0.0115606936416184,3.235154059885323,0.0,3.9847978533862745,0.0165317919075144,0.8930635838150289,0.006936416184971,0.9364161849710982,3.2242129453329382,0.9277456647398844,3.246673960178648,0.9104046242774566,3.228146021900958,0.8988439306358381,3.236993063774277,0.8930635838150289,3.239744308239793,,,,GBLUP__soybean__C13__R3__main__12345,0.0286529275362318,0.8568159420289856,0.32572778276019226,0.3830541172157435,138.0,-0.11815542098171203,-0.24704510963085546,1.0
soybean,C13,R3,GBLUP,main,CalPred-style,0.1,1730,0.9034682080924856,0.0034682080924854,0.0092756107143822,3.112173615016404,0.0,3.91668418013806,0.0147976878612716,0.8728323699421965,0.0271676300578035,0.8728323699421965,2.6552767580417247,0.9248554913294798,3.0599575020163825,0.8988439306358381,3.1704423726971345,0.907514450867052,3.263749772794049,0.9132947976878611,3.41144166953273,,,,GBLUP__soybean__C13__R3__main__12345,0.0286529275362318,0.8568159420289856,0.32572778276019226,0.3830541172157435,138.0,-0.11815542098171203,-0.24704510963085546,1.0
soybean,C13,R3,GBLUP,main,KinCP,0.1,1730,0.9127167630057804,0.0127167630057802,0.0069001944429556,3.235633068138565,0.0,3.969744417525826,0.0127167630057803,0.9046242774566474,-0.0046242774566473,0.9046242774566474,2.8597300132352736,0.9277456647398844,3.231966949276317,0.9046242774566474,3.275857106346894,0.907514450867052,3.34656179602357,0.9190751445086706,3.464049475810768,,,,GBLUP__soybean__C13__R3__main__12345,0.0286529275362318,0.8568159420289856,0.32572778276019226,0.3830541172157435,138.0,-0.11815542098171203,-0.24704510963085546,1.0
soybean,C13,R3,GBLUP,main,KinCP-ABC,0.1,1730,0.9092485549132948,0.0092485549132947,0.0116685718139805,3.222434994334096,0.0,3.991670726461819,0.0171098265895953,0.884393063583815,0.015606936416185,0.9335260115606936,3.199992207518531,0.9277456647398844,3.223508222626868,0.9046242774566474,3.2215887378650923,0.8959537572254336,3.227943738498166,0.884393063583815,3.239142065161818,,,,GBLUP__soybean__C13__R3__main__12345,0.0286529275362318,0.8568159420289856,0.32572778276019226,0.3830541172157435,138.0,-0.11815542098171203,-0.24704510963085546,1.0
soybean,Wilt,R1,GBLUP,main,Gauss-PEV,0.1,1730,0.8947976878612717,0.0052023121387283,0.0072542776867116,2.73276114026174,0.0,3.8626764775959215,0.0146820809248554,0.8786127167630058,0.0213872832369942,0.9132947976878611,1.5885623476495705,0.8930635838150289,2.383968734742706,0.8786127167630058,2.9031676430939464,0.8786127167630058,3.192617038885204,0.9104046242774566,3.595489936937275,,,,GBLUP__soybean__Wilt__R1__main__12345,0.0286529275362318,0.8568159420289856,0.7654845993607541,0.4567305885291228,276.8,1.3804199397512151,2.4246861947384852,0.1416184971098266
soybean,Wilt,R1,GBLUP,main,SCP,0.1,1730,0.8913294797687862,0.0086705202312138,0.0085736398694747,2.947597701892444,0.0,4.175585790118503,0.0482080924855491,0.791907514450867,0.1080924855491329,0.9855491329479767,2.961655377283453,0.9132947976878611,2.94042119454537,0.8872832369942196,2.9597199699742687,0.791907514450867,2.917406884672635,0.8786127167630058,2.958785082986492,,,,GBLUP__soybean__Wilt__R1__main__12345,0.0286529275362318,0.8568159420289856,0.7654845993607541,0.4567305885291228,276.8,1.3804199397512151,2.4246861947384852,0.1416184971098266
soybean,Wilt,R1,GBLUP,main,CV+,0.1,1730,0.9138728323699422,0.0138728323699421,0.0051700993699417,2.9944998357950072,0.0,4.084856586757763,0.0402312138728323,0.861271676300578,0.038728323699422,1.0,2.971478827871824,0.9277456647398844,3.022185186298649,0.907514450867052,2.995614757048904,0.861271676300578,2.9911277567519936,0.8728323699421965,2.992092651003666,,,,GBLUP__soybean__Wilt__R1__main__12345,0.0286529275362318,0.8568159420289856,0.7654845993607541,0.4567305885291228,276.8,1.3804199397512151,2.4246861947384852,0.1416184971098266
soybean,Wilt,R1,GBLUP,main,CalPred-style,0.1,1730,0.8947976878612717,0.0052023121387283,0.0083265088386635,2.78776495833295,0.0,3.856879938735034,0.0123699421965318,0.8728323699421965,0.0271676300578035,0.8728323699421965,1.4961239958259995,0.907514450867052,2.5655459489414048,0.8959537572254336,3.0452628627654343,0.8872832369942196,3.2698486209477964,0.9104046242774566,3.5620433631841144,,,,GBLUP__soybean__Wilt__R1__main__12345,0.0286529275362318,0.8568159420289856,0.7654845993607541,0.4567305885291228,276.8,1.3804199397512151,2.4246861947384852,0.1416184971098266
soybean,Wilt,R1,GBLUP,main,KinCP,0.1,1730,0.8872832369942196,0.0127167630057803,0.013401182796959,2.653748289029505,0.0,3.885732758433677,0.0145664739884393,0.8670520231213873,0.0329479768786127,0.9046242774566474,1.5750328347455578,0.8901734104046243,2.3759919021006195,0.8757225433526011,2.847057553958102,0.8670520231213873,3.076358696347956,0.8988439306358381,3.394300457995289,,,,GBLUP__soybean__Wilt__R1__main__12345,0.0286529275362318,0.8568159420289856,0.7654845993607541,0.4567305885291228,276.8,1.3804199397512151,2.4246861947384852,0.1416184971098266
soybean,Wilt,R1,GBLUP,main,KinCP-ABC,0.1,1730,0.9052023121387284,0.0052023121387283,0.0080199057372899,2.9154801874269163,0.0,4.058023487888508,0.041271676300578,0.8583815028901735,0.0416184971098265,1.0,2.9268703931299247,0.916184971098266,2.9088370665516927,0.8815028901734104,2.9107710243770795,0.8583815028901735,2.9168475398045794,0.869942196531792,2.9140749132713046,,,,GBLUP__soybean__Wilt__R1__main__12345,0.0286529275362318,0.8568159420289856,0.7654845993607541,0.4567305885291228,276.8,1.3804199397512151,2.4246861947384852,0.1416184971098266
soybean,Wilt,R2,GBLUP,main,Gauss-PEV,0.1,1730,0.930635838150289,0.030635838150289,0.0,3.4883188830331195,0.0,4.987447723166866,0.0374741200828157,0.8840579710144928,0.0159420289855072,0.9420289855072465,2.8294595425183533,0.9565217391304348,3.2724844605604644,0.8985507246376812,3.442554435514053,0.8840579710144928,3.626251247919495,0.9714285714285714,4.2596657880015165,,,,GBLUP__soybean__Wilt__R2__main__12345,0.0286529275362318,0.8568159420289856,0.7712385274347449,0.169736398452795,276.8,1.3804199397512151,2.4246861947384852,0.1416184971098266
soybean,Wilt,R2,GBLUP,main,SCP,0.1,1730,0.9052023121387284,0.0052023121387283,0.0218585784984844,3.249305534732676,0.0,5.062859282963915,0.0375900621118012,0.8492753623188406,0.0507246376811594,0.9246376811594202,2.9454089935012635,0.9507246376811594,3.3152398331641244,0.8695652173913043,3.3684590411522746,0.8492753623188406,3.356548735503063,0.9314285714285714,3.2607058484053666,,,,GBLUP__soybean__Wilt__R2__main__12345,0.0286529275362318,0.8568159420289856,0.7712385274347449,0.169736398452795,276.8,1.3804199397512151,2.4246861947384852,0.1416184971098266
soybean,Wilt,R2,GBLUP,main,CV+,0.1,1730,0.9104046242774566,0.0104046242774565,0.0040873224346043,3.0546557802768803,0.0,4.936240598416817,0.0416645962732919,0.8521739130434782,0.0478260869565217,0.9391304347826088,3.0606589722341973,0.9652173913043478,3.045591874792304,0.8695652173913043,3.0382383047590014,0.8521739130434782,3.038943610050063,0.9257142857142856,3.089343420130664,,,,GBLUP__soybean__Wilt__R2__main__12345,0.0286529275362318,0.8568159420289856,0.7712385274347449,0.169736398452795,276.8,1.3804199397512151,2.4246861947384852,0.1416184971098266
soybean,Wilt,R2,GBLUP,main,CalPred-style,0.1,1730,0.9265895953757224,0.0265895953757224,0.0025850496849708,3.402524003965399,0.0,5.10856798690825,0.0346583850931676,0.8840579710144928,0.0159420289855072,0.9391304347826088,2.8873156841629,0.9710144927536232,3.2620520207408155,0.8956521739130435,3.368580519550941,0.8840579710144928,3.4926072443486684,0.9428571428571428,3.993499686065696,,,,GBLUP__soybean__Wilt__R2__main__12345,0.0286529275362318,0.8568159420289856,0.7712385274347449,0.169736398452795,276.8,1.3804199397512151,2.4246861947384852,0.1416184971098266
soybean,Wilt,R2,GBLUP,main,KinCP,0.1,1730,0.9289017341040462,0.0289017341040461,0.0015830131719802,3.454876555823603,0.0,5.022340419690773,0.0351884057971014,0.8840579710144928,0.0159420289855072,0.9420289855072465,2.9174090867444087,0.9565217391304348,3.266875564744885,0.9014492753623188,3.40790060679642,0.8840579710144928,3.569961714572827,0.96,4.102844959824675,,,,GBLUP__soybean__Wilt__R2__main__12345,0.0286529275362318,0.8568159420289856,0.7712385274347449,0.169736398452795,276.8,1.3804199397512151,2.4246861947384852,0.1416184971098266
soybean,Wilt,R2,GBLUP,main,KinCP-ABC,0.1,1730,0.9034682080924856,0.0034682080924854,0.0059931911425802,3.0008818613453223,0.0,4.962927945428532,0.0382443064182194,0.8434782608695652,0.0565217391304347,0.9420289855072465,2.9742150296303373,0.9565217391304348,2.9990662143880256,0.8695652173913043,2.99642717108438,0.8434782608695652,2.999391148840368,0.9057142857142856,3.034817915905815,,,,GBLUP__soybean__Wilt__R2__main__12345,0.0286529275362318,0.8568159420289856,0.7712385274347449,0.169736398452795,276.8,1.3804199397512151,2.4246861947384852,0.1416184971098266
soybean,Wilt,R3,GBLUP,main,Gauss-PEV,0.1,1730,0.8982658959537573,0.0017341040462427,0.0158828111722937,2.8654138467975176,0.0,4.132592404861801,0.0112138728323699,0.884393063583815,0.015606936416185,0.9132947976878611,1.7186408935123323,0.884393063583815,2.678765002300348,0.8988439306358381,3.040704874764184,0.884393063583815,3.2706397617791008,0.9104046242774566,3.6183187016316216,,,,GBLUP__soybean__Wilt__R3__main__12345,0.0286529275362318,0.8568159420289856,0.7265385030601142,0.3656878905482293,138.0,1.3804199397512151,2.4246861947384852,0.1416184971098266
soybean,Wilt,R3,GBLUP,main,SCP,0.1,1730,0.9242774566473988,0.0242774566473987,0.0249795265159906,3.5859433254577686,0.0,4.644235245406123,0.0282080924855491,0.8901734104046243,0.0098265895953757,0.9884393063583816,3.5547918806661345,0.9132947976878611,3.506072498141608,0.907514450867052,3.5861482645243155,0.8901734104046243,3.609894589665645,0.9219653179190752,3.672809394291144,,,,GBLUP__soybean__Wilt__R3__main__12345,0.0286529275362318,0.8568159420289856,0.7265385030601142,0.3656878905482293,138.0,1.3804199397512151,2.4246861947384852,0.1416184971098266
soybean,Wilt,R3,GBLUP,main,CV+,0.1,1730,0.9184971098265896,0.0184971098265895,0.0065906093936366,3.1253917358574586,0.0,4.330162707860504,0.0309826589595375,0.8786127167630058,0.0213872832369942,0.9884393063583816,3.120701585466723,0.930635838150289,3.140344178086077,0.9046242774566474,3.117090501609287,0.8786127167630058,3.130191758899604,0.8901734104046243,3.118630655225601,,,,GBLUP__soybean__Wilt__R3__main__12345,0.0286529275362318,0.8568159420289856,0.7265385030601142,0.3656878905482293,138.0,1.3804199397512151,2.4246861947384852,0.1416184971098266
soybean,Wilt,R3,GBLUP,main,CalPred-style,0.1,1730,0.8994219653179191,0.0005780346820809,0.0143639001616059,2.9246084963871497,0.0,4.144934515212349,0.011907514450867,0.8757225433526011,0.0242774566473988,0.8757225433526011,1.582859954464301,0.907514450867052,2.813589915051094,0.907514450867052,3.1589729246151985,0.8930635838150289,3.373020419168171,0.9132947976878611,3.6945992686369866,,,,GBLUP__soybean__Wilt__R3__main__12345,0.0286529275362318,0.8568159420289856,0.7265385030601142,0.3656878905482293,138.0,1.3804199397512151,2.4246861947384852,0.1416184971098266
soybean,Wilt,R3,GBLUP,main,KinCP,0.1,1730,0.892485549132948,0.007514450867052,0.0207811306499971,2.8406580006711883,0.0,4.188114184923042,0.018150289017341,0.8757225433526011,0.0242774566473988,0.916184971098266,1.7280942482879589,0.8815028901734104,2.744506729492126,0.8786127167630058,2.990313365670601,0.8757225433526011,3.207811007219778,0.9104046242774566,3.53256465268548,,,,GBLUP__soybean__Wilt__R3__main__12345,0.0286529275362318,0.8568159420289856,0.7265385030601142,0.3656878905482293,138.0,1.3804199397512151,2.4246861947384852,0.1416184971098266
soybean,Wilt,R3,GBLUP,main,KinCP-ABC,0.1,1730,0.9144508670520232,0.0144508670520231,0.0088138443248421,3.085606273475205,0.0,4.325987841228912,0.0343352601156069,0.8670520231213873,0.0329479768786127,0.9913294797687862,3.0733538818008896,0.930635838150289,3.0858312197382727,0.8988439306358381,3.082967966495692,0.8670520231213873,3.0928045457462745,0.884393063583815,3.093073753594892,,,,GBLUP__soybean__Wilt__R3__main__12345,0.0286529275362318,0.8568159420289856,0.7265385030601142,0.3656878905482293,138.0,1.3804199397512151,2.4246861947384852,0.1416184971098266
wheatG,EW,R1,GBLUP,main,Gauss-PEV,0.1,1855,0.9056603773584906,0.0056603773584905,0.006871993953629,3.0557125816404547,0.0,3.918368279290647,0.0119137466307277,0.8867924528301887,0.0132075471698113,0.921832884097035,2.9046547156635008,0.8867924528301887,3.003327865988874,0.8975741239892183,3.0657495858884616,0.921832884097035,3.1174632298971616,0.9002695417789758,3.1873675107642754,,,,GBLUP__wheatG__EW__R1__main__12345,0.0279778378378378,0.8582641891891891,0.5573819901063061,0.3856362200556794,296.8,0.11658122763788732,0.08384309511981236,1.0
wheatG,EW,R1,GBLUP,main,SCP,0.1,1855,0.9008086253369272,0.0008086253369271,0.0178183222437071,3.1396940597510583,0.0,3.9906114174536,0.0231266846361186,0.8733153638814016,0.0266846361185983,0.9380053908355797,3.1392472673475087,0.889487870619946,3.126277772895105,0.8733153638814016,3.1213769710158967,0.921832884097035,3.159402561942598,0.8814016172506739,3.152165725554183,,,,GBLUP__wheatG__EW__R1__main__12345,0.0279778378378378,0.8582641891891891,0.5573819901063061,0.3856362200556794,296.8,0.11658122763788732,0.08384309511981236,1.0
wheatG,EW,R1,GBLUP,main,CV+,0.1,1855,0.908355795148248,0.0083557951482479,0.0085236594613703,3.095968171148065,0.0,3.939959147366877,0.0123450134770889,0.894878706199461,0.005121293800539,0.9245283018867924,3.093493514406827,0.8975741239892183,3.0948384800516,0.894878706199461,3.0938674819928025,0.9272237196765498,3.1026848044773048,0.8975741239892183,3.0949565748117926,,,,GBLUP__wheatG__EW__R1__main__12345,0.0279778378378378,0.8582641891891891,0.5573819901063061,0.3856362200556794,296.8,0.11658122763788732,0.08384309511981236,1.0
wheatG,EW,R1,GBLUP,main,CalPred-style,0.1,1855,0.9035040431266846,0.0035040431266846,0.0067115361714225,3.0289702650795256,0.0,3.894798385107263,0.0129919137466307,0.8867924528301887,0.0132075471698113,0.9110512129380054,2.831089433928418,0.889487870619946,2.965632188539009,0.8867924528301887,3.0456248247739275,0.9245283018867924,3.1124198438306583,0.9056603773584906,3.190085034325616,,,,GBLUP__wheatG__EW__R1__main__12345,0.0279778378378378,0.8582641891891891,0.5573819901063061,0.3856362200556794,296.8,0.11658122763788732,0.08384309511981236,1.0
wheatG,EW,R1,GBLUP,main,KinCP,0.1,1855,0.9078167115902964,0.0078167115902965,0.0083948309985969,3.0693549970328813,0.0,3.9408747575532894,0.0140700808625336,0.889487870619946,0.0105121293800539,0.9272237196765498,2.9365750085379525,0.889487870619946,2.9990149630351497,0.894878706199461,3.127287655478329,0.9272237196765498,3.151342447500024,0.9002695417789758,3.1325549106129524,,,,GBLUP__wheatG__EW__R1__main__12345,0.0279778378378378,0.8582641891891891,0.5573819901063061,0.3856362200556794,296.8,0.11658122763788732,0.08384309511981236,1.0
wheatG,EW,R1,GBLUP,main,KinCP-ABC,0.1,1855,0.9051212938005392,0.005121293800539,0.0072325648867917,3.0732312254502805,0.0,3.920762272648027,0.0134231805929919,0.889487870619946,0.0105121293800539,0.9245283018867924,3.066242661918887,0.889487870619946,3.066808184076053,0.8975741239892183,3.069748692674311,0.921832884097035,3.082956344663849,0.8921832884097035,3.0804002439183047,,,,GBLUP__wheatG__EW__R1__main__12345,0.0279778378378378,0.8582641891891891,0.5573819901063061,0.3856362200556794,296.8,0.11658122763788732,0.08384309511981236,1.0
wheatG,EW,R2,GBLUP,main,Gauss-PEV,0.1,1855,0.9056603773584906,0.0056603773584905,0.0,3.1465561120078664,0.0,4.035371711751881,0.0153153153153153,0.8918918918918919,0.0081081081081081,0.918918918918919,3.054558118696049,0.8918918918918919,3.105630500170154,0.8918918918918919,3.128289446554803,0.8918918918918919,3.176695682294184,0.9333333333333332,3.265992802986592,,,,GBLUP__wheatG__EW__R2__main__12345,0.0279778378378378,0.8582641891891891,0.5749140636387665,0.2589925450536429,296.8,0.11658122763788732,0.08384309511981236,1.0
wheatG,EW,R2,GBLUP,main,SCP,0.1,1855,0.9029649595687332,0.0029649595687331,0.0132047964570521,3.217837340524345,0.0,4.084404912156219,0.0137009009009008,0.8756756756756757,0.0243243243243242,0.9108108108108108,3.2420086427812547,0.8972972972972973,3.217142269956164,0.9,3.1819375975891773,0.8756756756756757,3.201168041145285,0.9306666666666666,3.2465422470081684,,,,GBLUP__wheatG__EW__R2__main__12345,0.0279778378378378,0.8582641891891891,0.5749140636387665,0.2589925450536429,296.8,0.11658122763788732,0.08384309511981236,1.0
wheatG,EW,R2,GBLUP,main,CV+,0.1,1855,0.9002695417789758,0.0002695417789757,0.0019059481972683,3.090543188170756,0.0,4.035798938041939,0.013218018018018,0.8756756756756757,0.0243243243243242,0.918918918918919,3.1302411824009515,0.9054054054054054,3.1099530335151533,0.8918918918918919,3.0762964983527046,0.8756756756756757,3.078720439741986,0.9093333333333332,3.057945298860684,,,,GBLUP__wheatG__EW__R2__main__12345,0.0279778378378378,0.8582641891891891,0.5749140636387665,0.2589925450536429,296.8,0.11658122763788732,0.08384309511981236,1.0
wheatG,EW,R2,GBLUP,main,CalPred-style,0.1,1855,0.9067385444743936,0.0067385444743934,0.0014763411253508,3.167711640770692,0.0,4.06052075193114,0.0131747747747747,0.8918918918918919,0.0081081081081081,0.918918918918919,3.050972654825125,0.8918918918918919,3.113713575999589,0.9054054054054054,3.1422258421028646,0.8918918918918919,3.203855389795017,0.9253333333333332,3.3256563531260626,,,,GBLUP__wheatG__EW__R2__main__12345,0.0279778378378378,0.8582641891891891,0.5749140636387665,0.2589925450536429,296.8,0.11658122763788732,0.08384309511981236,1.0
wheatG,EW,R2,GBLUP,main,KinCP,0.1,1855,0.9099730458221024,0.0099730458221024,0.0040878034738822,3.143263521105921,0.0,4.039519533722137,0.0142198198198198,0.8918918918918919,0.0081081081081081,0.9216216216216216,3.100864346178189,0.9,3.092024757428639,0.8972972972972973,3.1110279418252613,0.8918918918918919,3.1564506285494303,0.9386666666666666,3.2544474460755226,,,,GBLUP__wheatG__EW__R2__main__12345,0.0279778378378378,0.8582641891891891,0.5749140636387665,0.2589925450536429,296.8,0.11658122763788732,0.08384309511981236,1.0
wheatG,EW,R2,GBLUP,main,KinCP-ABC,0.1,1855,0.9013477088948788,0.0013477088948786,0.0030732491242564,3.0688143352205164,0.0,4.032995601643983,0.0142990990990991,0.8810810810810811,0.0189189189189189,0.9297297297297298,3.109354575608387,0.8945945945945946,3.088419731359348,0.8918918918918919,3.057649230069692,0.8810810810810811,3.0593268487377534,0.9093333333333332,3.029847864259313,,,,GBLUP__wheatG__EW__R2__main__12345,0.0279778378378378,0.8582641891891891,0.5749140636387665,0.2589925450536429,296.8,0.11658122763788732,0.08384309511981236,1.0
wheatG,EW,R3,GBLUP,main,Gauss-PEV,0.1,1855,0.9035040431266846,0.0035040431266846,0.0069769159598624,3.110129926488421,0.0,4.001299207047778,0.0237735849056603,0.8733153638814016,0.0266846361185983,0.9164420485175202,2.9206511324873725,0.876010781671159,3.060945883129262,0.8733153638814016,3.131172262133181,0.9460916442048516,3.185770541906197,0.9056603773584906,3.252109812786093,,,,GBLUP__wheatG__EW__R3__main__12345,0.0279778378378378,0.8582641891891891,0.5721607309565188,0.3233051281711019,148.0,0.11658122763788732,0.08384309511981236,1.0
wheatG,EW,R3,GBLUP,main,SCP,0.1,1855,0.922911051212938,0.022911051212938,0.0220299910961752,3.4673689938614696,0.0,4.170099759204515,0.0229110512129379,0.9002695417789758,-0.0002695417789757,0.9272237196765498,3.438689943275499,0.9137466307277629,3.457055279205884,0.9002695417789758,3.4768913359294378,0.9595687331536388,3.481183054875526,0.9137466307277629,3.4830253560210007,,,,GBLUP__wheatG__EW__R3__main__12345,0.0279778378378378,0.8582641891891891,0.5721607309565188,0.3233051281711019,148.0,0.11658122763788732,0.08384309511981236,1.0
wheatG,EW,R3,GBLUP,main,CV+,0.1,1855,0.9132075471698112,0.0132075471698113,0.0058435265198595,3.270478070737534,0.0,4.040524317953408,0.0237735849056603,0.876010781671159,0.023989218328841,0.935309973045822,3.2658063597860463,0.8975741239892183,3.2749889208190863,0.876010781671159,3.268704939763793,0.954177897574124,3.283077089658551,0.9029649595687332,3.259813043660193,,,,GBLUP__wheatG__EW__R3__main__12345,0.0279778378378378,0.8582641891891891,0.5721607309565188,0.3233051281711019,148.0,0.11658122763788732,0.08384309511981236,1.0
wheatG,EW,R3,GBLUP,main,CalPred-style,0.1,1855,0.8970350404312668,0.0029649595687332,0.0119635261569661,3.062639398458613,0.0,3.993561937799594,0.0183827493261455,0.8706199460916442,0.0293800539083558,0.9002695417789758,2.841444143253552,0.876010781671159,3.003379915452929,0.8706199460916442,3.086267437004385,0.9380053908355797,3.150016547674604,0.9002695417789758,3.232088948907596,,,,GBLUP__wheatG__EW__R3__main__12345,0.0279778378378378,0.8582641891891891,0.5721607309565188,0.3233051281711019,148.0,0.11658122763788732,0.08384309511981236,1.0
wheatG,EW,R3,GBLUP,main,KinCP,0.1,1855,0.9078167115902964,0.0078167115902965,0.0116559290083232,3.1959552400038467,0.0,4.024289975445107,0.0216172506738544,0.8787061994609164,0.0212938005390835,0.9137466307277629,3.039471625697757,0.8867924528301887,3.205099934188212,0.8787061994609164,3.2380668843049825,0.9514824797843666,3.2299771031821347,0.908355795148248,3.2671606526461487,,,,GBLUP__wheatG__EW__R3__main__12345,0.0279778378378378,0.8582641891891891,0.5721607309565188,0.3233051281711019,148.0,0.11658122763788732,0.08384309511981236,1.0
wheatG,EW,R3,GBLUP,main,KinCP-ABC,0.1,1855,0.9142857142857144,0.0142857142857142,0.0103343878774559,3.263987542291692,0.0,4.020170684356399,0.0226954177897573,0.8814016172506739,0.0185983827493261,0.9299191374663072,3.2453174791089365,0.8975741239892183,3.2663275785460764,0.8814016172506739,3.2651380611078187,0.954177897574124,3.2815810334892515,0.908355795148248,3.261573559206375,,,,GBLUP__wheatG__EW__R3__main__12345,0.0279778378378378,0.8582641891891891,0.5721607309565188,0.3233051281711019,148.0,0.11658122763788732,0.08384309511981236,1.0
wheatG,GH,R1,GBLUP,main,Gauss-PEV,0.1,1855,0.894878706199461,0.005121293800539,0.0085236594613702,2.6158890493499545,0.0,3.7058924433885294,0.0215094339622641,0.8733153638814016,0.0266846361185983,0.9299191374663072,2.269370936005693,0.8787061994609164,2.5014277766358086,0.8814016172506739,2.637031456949241,0.8733153638814016,2.7492615552027853,0.9110512129380054,2.922353521956246,,,,GBLUP__wheatG__GH__R1__main__12345,0.0279778378378378,0.8582641891891891,0.8476052864307594,0.595112061879463,296.8,-1.203534850952171,0.9137983380685122,0.9784366576819407
wheatG,GH,R1,GBLUP,main,SCP,0.1,1855,0.8997304582210243,0.0002695417789757,0.0178183222437072,2.8811212524183563,0.0,3.9857377747321,0.0166576819407008,0.8733153638814016,0.0266846361185983,0.9380053908355797,2.8500417288284714,0.9029649595687332,2.8987460268202017,0.889487870619946,2.906357738686601,0.8733153638814016,2.852152363639171,0.894878706199461,2.898308404117336,,,,GBLUP__wheatG__GH__R1__main__12345,0.0279778378378378,0.8582641891891891,0.8476052864307594,0.595112061879463,296.8,-1.203534850952171,0.9137983380685122,0.9784366576819407
wheatG,GH,R1,GBLUP,main,CV+,0.1,1855,0.907277628032345,0.0072776280323449,0.0072826178361758,2.815724871384042,0.0,3.764275584113205,0.0156873315363881,0.8814016172506739,0.0185983827493261,0.9568733153638814,2.808263354485685,0.8975741239892183,2.814591651466235,0.9002695417789758,2.816815417729805,0.8814016172506739,2.822440798693981,0.9002695417789758,2.816513134544506,,,,GBLUP__wheatG__GH__R1__main__12345,0.0279778378378378,0.8582641891891891,0.8476052864307594,0.595112061879463,296.8,-1.203534850952171,0.9137983380685122,0.9784366576819407
wheatG,GH,R1,GBLUP,main,CalPred-style,0.1,1855,0.8943396226415095,0.0056603773584905,0.0099766876136505,2.6561476630346084,0.0,3.7509680297014807,0.0145013477088948,0.8733153638814016,0.0266846361185983,0.9110512129380054,2.1812133850078794,0.8733153638814016,2.519932474687156,0.894878706199461,2.702415205338359,0.8814016172506739,2.8359352894064864,0.9110512129380054,3.04124196073316,,,,GBLUP__wheatG__GH__R1__main__12345,0.0279778378378378,0.8582641891891891,0.8476052864307594,0.595112061879463,296.8,-1.203534850952171,0.9137983380685122,0.9784366576819407
wheatG,GH,R1,GBLUP,main,KinCP,0.1,1855,0.9153638814016172,0.0153638814016172,0.011687053039719,2.8399398144862102,0.0,3.719291183920188,0.0153638814016172,0.908355795148248,-0.0083557951482479,0.9272237196765498,2.2922773740803533,0.9110512129380054,2.766833008526397,0.908355795148248,2.938309429906805,0.9110512129380054,3.039609141791366,0.9191374663072776,3.162670118126131,,,,GBLUP__wheatG__GH__R1__main__12345,0.0279778378378378,0.8582641891891891,0.8476052864307594,0.595112061879463,296.8,-1.203534850952171,0.9137983380685122,0.9784366576819407
wheatG,GH,R1,GBLUP,main,KinCP-ABC,0.1,1855,0.9056603773584906,0.0056603773584905,0.0126426300803866,2.7632791966718058,0.0,3.740505865224832,0.0173045822102425,0.8733153638814016,0.0266846361185983,0.954177897574124,2.752721706917657,0.9002695417789758,2.7592146622531963,0.8975741239892183,2.762969173981527,0.8733153638814016,2.768964637673862,0.9029649595687332,2.772525802532784,,,,GBLUP__wheatG__GH__R1__main__12345,0.0279778378378378,0.8582641891891891,0.8476052864307594,0.595112061879463,296.8,-1.203534850952171,0.9137983380685122,0.9784366576819407
wheatG,GH,R2,GBLUP,main,Gauss-PEV,0.1,1855,0.8652291105121294,0.0347708894878706,1.2412670766236366e-16,2.820292872697684,0.0,4.558505536761588,0.0347747747747747,0.8378378378378378,0.0621621621621621,0.8783783783783784,2.4614450259764507,0.8513513513513513,2.707147311854145,0.8378378378378378,2.853004446316388,0.8918918918918919,2.9618447169411284,0.8666666666666667,3.1140531292042675,,,,GBLUP__wheatG__GH__R2__main__12345,0.0279778378378378,0.8582641891891891,0.8644683563160916,0.3407082597049,296.8,-1.203534850952171,0.9137983380685122,0.9784366576819407
wheatG,GH,R2,GBLUP,main,SCP,0.1,1855,0.8598382749326146,0.0401617250673854,0.0119026426769916,2.830196001499229,0.0,4.781545996314963,0.0443459459459459,0.808,0.0919999999999999,0.9108108108108108,2.858851738607251,0.8675675675675676,2.8564602663912697,0.8378378378378378,2.8333398573727293,0.8756756756756757,2.835262001721112,0.808,2.7679078748450587,,,,GBLUP__wheatG__GH__R2__main__12345,0.0279778378378378,0.8582641891891891,0.8644683563160916,0.3407082597049,296.8,-1.203534850952171,0.9137983380685122,0.9784366576819407
wheatG,GH,R2,GBLUP,main,CV+,0.1,1855,0.859299191374663,0.0407008086253369,0.0048217099245278,2.6993960974881617,0.0,4.61933585950295,0.0406414414414414,0.8243243243243243,0.0756756756756756,0.9,2.6054398881235072,0.8432432432432433,2.669649141972809,0.8243243243243243,2.733094429319647,0.8918918918918919,2.752026157416449,0.8373333333333334,2.736272540300128,,,,GBLUP__wheatG__GH__R2__main__12345,0.0279778378378378,0.8582641891891891,0.8644683563160916,0.3407082597049,296.8,-1.203534850952171,0.9137983380685122,0.9784366576819407
wheatG,GH,R2,GBLUP,main,CalPred-style,0.1,1855,0.8690026954177897,0.0309973045822102,0.0048964695753598,2.87945197410467,0.0,4.678817581193687,0.0309909909909909,0.8432432432432433,0.0567567567567567,0.8783783783783784,2.4883376919933244,0.8594594594594595,2.765785330031808,0.8432432432432433,2.915637114260343,0.8972972972972973,3.034017225473564,0.8666666666666667,3.1892954349688485,,,,GBLUP__wheatG__GH__R2__main__12345,0.0279778378378378,0.8582641891891891,0.8644683563160916,0.3407082597049,296.8,-1.203534850952171,0.9137983380685122,0.9784366576819407
wheatG,GH,R2,GBLUP,main,KinCP,0.1,1855,0.8776280323450135,0.0223719676549865,0.0036162824433958,2.926245535980474,0.0,4.720581025035096,0.0234234234234234,0.8621621621621621,0.0378378378378378,0.9027027027027028,2.678405490794256,0.8621621621621621,2.837679023055454,0.8648648648648649,2.9245440878430715,0.8918918918918919,3.04656924096611,0.8666666666666667,3.141126046559971,,,,GBLUP__wheatG__GH__R2__main__12345,0.0279778378378378,0.8582641891891891,0.8644683563160916,0.3407082597049,296.8,-1.203534850952171,0.9137983380685122,0.9784366576819407
wheatG,GH,R2,GBLUP,main,KinCP-ABC,0.1,1855,0.845822102425876,0.054177897574124,0.0035143948276025,2.632929179100447,0.0,4.665626759163787,0.0540756756756756,0.808,0.0919999999999999,0.8918918918918919,2.51577036056185,0.827027027027027,2.5954321372544764,0.8351351351351352,2.666388444462192,0.8675675675675676,2.701536526975236,0.808,2.6848172362865075,,,,GBLUP__wheatG__GH__R2__main__12345,0.0279778378378378,0.8582641891891891,0.8644683563160916,0.3407082597049,296.8,-1.203534850952171,0.9137983380685122,0.9784366576819407
wheatG,GH,R3,GBLUP,main,Gauss-PEV,0.1,1855,0.8862533692722372,0.0137466307277628,0.0029526822507016,2.792280900321767,0.0,4.077908467934061,0.024743935309973,0.8355795148247979,0.0644204851752021,0.9245283018867924,2.4121631538209005,0.8355795148247979,2.679500518420372,0.876010781671159,2.824166040944473,0.8921832884097035,2.943362668942441,0.9029649595687332,3.102212119480644,,,,GBLUP__wheatG__GH__R3__main__12345,0.0279778378378378,0.8582641891891891,0.8249243502311496,0.5139940160040375,148.0,-1.203534850952171,0.9137983380685122,0.9784366576819407
wheatG,GH,R3,GBLUP,main,SCP,0.1,1855,0.8975741239892183,0.0024258760107817,0.030435551996324,3.2213579948695763,0.0,4.413442100188791,0.0231266846361186,0.862533692722372,0.037466307277628,0.9514824797843666,3.2175044269673463,0.862533692722372,3.216014908300884,0.8867924528301887,3.1982313546756416,0.8867924528301887,3.1560304792132383,0.9002695417789758,3.3190088051907733,,,,GBLUP__wheatG__GH__R3__main__12345,0.0279778378378378,0.8582641891891891,0.8249243502311496,0.5139940160040375,148.0,-1.203534850952171,0.9137983380685122,0.9784366576819407
wheatG,GH,R3,GBLUP,main,CV+,0.1,1855,0.9099730458221024,0.0099730458221024,0.009829963627391,3.154074960179479,0.0,4.168044207272831,0.0228032345013476,0.8679245283018868,0.0320754716981132,0.9622641509433962,3.121338924019594,0.8679245283018868,3.107581159251909,0.9002695417789758,3.1504636749762773,0.9110512129380054,3.162967561043067,0.908355795148248,3.2280234816065487,,,,GBLUP__wheatG__GH__R3__main__12345,0.0279778378378378,0.8582641891891891,0.8249243502311496,0.5139940160040375,148.0,-1.203534850952171,0.9137983380685122,0.9784366576819407
wheatG,GH,R3,GBLUP,main,CalPred-style,0.1,1855,0.8851752021563343,0.0148247978436657,0.0092590641710607,2.8190309441485804,0.0,4.112907236169525,0.02366576819407,0.8301886792452831,0.0698113207547169,0.9137466307277629,2.391159512073488,0.8301886792452831,2.7122810596371463,0.8787061994609164,2.863770315208648,0.894878706199461,2.981304821175599,0.908355795148248,3.146639012648019,,,,GBLUP__wheatG__GH__R3__main__12345,0.0279778378378378,0.8582641891891891,0.8249243502311496,0.5139940160040375,148.0,-1.203534850952171,0.9137983380685122,0.9784366576819407
wheatG,GH,R3,GBLUP,main,KinCP,0.1,1855,0.9126684636118598,0.0126684636118598,0.0090607742932461,3.210685816436301,0.0,4.122953040371483,0.0222641509433962,0.876010781671159,0.023989218328841,0.9326145552560648,2.6663688021105068,0.876010781671159,3.135114035021853,0.9137466307277629,3.3617942151412983,0.921832884097035,3.402847946208877,0.9191374663072776,3.487304083698972,,,,GBLUP__wheatG__GH__R3__main__12345,0.0279778378378378,0.8582641891891891,0.8249243502311496,0.5139940160040375,148.0,-1.203534850952171,0.9137983380685122,0.9784366576819407
wheatG,GH,R3,GBLUP,main,KinCP-ABC,0.1,1855,0.909433962264151,0.0094339622641509,0.007028789655205,3.135839543575329,0.0,4.14852749202936,0.017843665768194,0.8814016172506739,0.0185983827493261,0.9514824797843666,3.090653903955594,0.8814016172506739,3.077916800070693,0.8975741239892183,3.1399983942556053,0.9056603773584906,3.149256122542432,0.9110512129380054,3.221372497052319,,,,GBLUP__wheatG__GH__R3__main__12345,0.0279778378378378,0.8582641891891891,0.8249243502311496,0.5139940160040375,148.0,-1.203534850952171,0.9137983380685122,0.9784366576819407
wheatG,GPE,R1,GBLUP,main,Gauss-PEV,0.1,1855,0.8981132075471698,0.0018867924528301,0.0044290233760525,3.037318495154224,0.0,3.877884983964052,0.0194609164420485,0.8517520215633423,0.0482479784366577,0.894878706199461,2.8942663400390654,0.9029649595687332,2.992471200066855,0.9191374663072776,3.0446688153697554,0.921832884097035,3.094157404235657,0.8517520215633423,3.161028716059783,,,,GBLUP__wheatG__GPE__R1__main__12345,0.0279778378378378,0.8582641891891891,0.5494713558401202,0.3837759735138976,296.8,0.22594264435641137,0.04518473438839665,1.0
wheatG,GPE,R1,GBLUP,main,SCP,0.1,1855,0.9002695417789758,0.0002695417789757,0.0151279948252315,3.111502778137274,0.0,3.980846136610812,0.0194609164420485,0.8544474393530997,0.0455525606469002,0.908355795148248,3.0970801524030827,0.8975741239892183,3.109131054069945,0.9164420485175202,3.0972604425494743,0.9245283018867924,3.1127058543430546,0.8544474393530997,3.141336387320814,,,,GBLUP__wheatG__GPE__R1__main__12345,0.0279778378378378,0.8582641891891891,0.5494713558401202,0.3837759735138976,296.8,0.22594264435641137,0.04518473438839665,1.0
wheatG,GPE,R1,GBLUP,main,CV+,0.1,1855,0.9051212938005392,0.005121293800539,0.0048217099245278,3.1012224326543523,0.0,3.91446960056032,0.027654986522911,0.8436657681940701,0.0563342318059298,0.9245283018867924,3.0883622122776173,0.9029649595687332,3.102709123516156,0.9272237196765498,3.098675081601267,0.9272237196765498,3.11420858090366,0.8436657681940701,3.10215716497306,,,,GBLUP__wheatG__GPE__R1__main__12345,0.0279778378378378,0.8582641891891891,0.5494713558401202,0.3837759735138976,296.8,0.22594264435641137,0.04518473438839665,1.0
wheatG,GPE,R1,GBLUP,main,CalPred-style,0.1,1855,0.8954177897574124,0.0045822102425876,0.0029526822507017,2.994429581791449,0.0,3.873318447516016,0.0167654986522911,0.8598382749326146,0.0401617250673854,0.8867924528301887,2.789664211820516,0.9002695417789758,2.935469106503922,0.9110512129380054,3.006946392066605,0.9191374663072776,3.076503458244338,0.8598382749326146,3.163564740321864,,,,GBLUP__wheatG__GPE__R1__main__12345,0.0279778378378378,0.8582641891891891,0.5494713558401202,0.3837759735138976,296.8,0.22594264435641137,0.04518473438839665,1.0
wheatG,GPE,R1,GBLUP,main,KinCP,0.1,1855,0.9008086253369272,0.0008086253369271,0.0069769159598623,3.046388620666289,0.0,3.941706495463691,0.0222641509433962,0.8463611859838275,0.0536388140161725,0.908355795148248,3.0528342260000314,0.9191374663072776,3.1168224273790908,0.9137466307277629,2.989506969751339,0.9164420485175202,2.977098965826753,0.8463611859838275,3.09568051437423,,,,GBLUP__wheatG__GPE__R1__main__12345,0.0279778378378378,0.8582641891891891,0.5494713558401202,0.3837759735138976,296.8,0.22594264435641137,0.04518473438839665,1.0
wheatG,GPE,R1,GBLUP,main,KinCP-ABC,0.1,1855,0.9056603773584906,0.0056603773584905,0.0060271374056598,3.0833888957663675,0.0,3.911574772074322,0.0249595687331536,0.8517520215633423,0.0482479784366577,0.9164420485175202,3.064208370304929,0.9110512129380054,3.0834044570812136,0.921832884097035,3.084473702808665,0.9272237196765498,3.0960957979345416,0.8517520215633423,3.088762150702488,,,,GBLUP__wheatG__GPE__R1__main__12345,0.0279778378378378,0.8582641891891891,0.5494713558401202,0.3837759735138976,296.8,0.22594264435641137,0.04518473438839665,1.0
wheatG,GPE,R2,GBLUP,main,Gauss-PEV,0.1,1855,0.9110512129380054,0.0110512129380053,1.2412670766236366e-16,3.1455290188941576,0.0,3.951684809946741,0.0245045045045044,0.8666666666666667,0.0333333333333333,0.918918918918919,3.071181916707438,0.9054054054054054,3.107649054979577,0.9324324324324323,3.1325957257428856,0.9324324324324323,3.1717551440275664,0.8666666666666667,3.2431441298917343,,,,GBLUP__wheatG__GPE__R2__main__12345,0.0279778378378378,0.8582641891891891,0.5307525412779901,0.31748663753151635,296.8,0.22594264435641137,0.04518473438839665,1.0
wheatG,GPE,R2,GBLUP,main,SCP,0.1,1855,0.9008086253369272,0.0008086253369271,0.0212579451785771,3.1530161260602507,0.0,4.055318907441698,0.023899099099099,0.8426666666666667,0.0573333333333333,0.9135135135135136,3.219222981270744,0.9162162162162162,3.162048978834983,0.9216216216216216,3.1155135871980364,0.9108108108108108,3.1194530814741115,0.8426666666666667,3.1488976565172044,,,,GBLUP__wheatG__GPE__R2__main__12345,0.0279778378378378,0.8582641891891891,0.5307525412779901,0.31748663753151635,296.8,0.22594264435641137,0.04518473438839665,1.0
wheatG,GPE,R2,GBLUP,main,CV+,0.1,1855,0.9051212938005392,0.005121293800539,0.0035143948276024,3.110618836135078,0.0,3.977055363548639,0.0282234234234234,0.8426666666666667,0.0573333333333333,0.918918918918919,3.1205077684931783,0.918918918918919,3.114243485347267,0.9216216216216216,3.100055791820691,0.9243243243243244,3.1118191222645626,0.8426666666666667,3.1065233570614983,,,,GBLUP__wheatG__GPE__R2__main__12345,0.0279778378378378,0.8582641891891891,0.5307525412779901,0.31748663753151635,296.8,0.22594264435641137,0.04518473438839665,1.0
wheatG,GPE,R2,GBLUP,main,CalPred-style,0.1,1855,0.9067385444743936,0.0067385444743934,0.0014763411253508,3.1230569260652614,0.0,3.926582710478996,0.0223279279279279,0.8613333333333333,0.0386666666666667,0.9162162162162162,2.908149438194199,0.9054054054054054,3.0514684485390857,0.918918918918919,3.117914187514645,0.9324324324324323,3.2009306738075445,0.8613333333333333,3.3339716828547603,,,,GBLUP__wheatG__GPE__R2__main__12345,0.0279778378378378,0.8582641891891891,0.5307525412779901,0.31748663753151635,296.8,0.22594264435641137,0.04518473438839665,1.0
wheatG,GPE,R2,GBLUP,main,KinCP,0.1,1855,0.9040431266846362,0.0040431266846361,0.0040878034738822,3.101480524317462,0.0,3.945892753469193,0.0164108108108108,0.872,0.028,0.9108108108108108,2.9678244223086008,0.8972972972972973,2.975134085746056,0.9081081081081082,3.0155563676635504,0.9324324324324323,3.1303163080016807,0.872,3.414343559020091,,,,GBLUP__wheatG__GPE__R2__main__12345,0.0279778378378378,0.8582641891891891,0.5307525412779901,0.31748663753151635,296.8,0.22594264435641137,0.04518473438839665,1.0
wheatG,GPE,R2,GBLUP,main,KinCP-ABC,0.1,1855,0.907277628032345,0.0072776280323449,0.0040878034738822,3.09686935536016,0.0,3.9515570704777394,0.0239423423423423,0.8586666666666667,0.0413333333333333,0.918918918918919,3.1041987670238567,0.9135135135135136,3.098092012553518,0.9162162162162162,3.0876612718291936,0.9297297297297298,3.1002845932114083,0.8586666666666667,3.094146921825186,,,,GBLUP__wheatG__GPE__R2__main__12345,0.0279778378378378,0.8582641891891891,0.5307525412779901,0.31748663753151635,296.8,0.22594264435641137,0.04518473438839665,1.0
wheatG,GPE,R3,GBLUP,main,Gauss-PEV,0.1,1855,0.8943396226415095,0.0056603773584905,0.0122634104216467,3.1112721572065047,0.0,3.9846210529304105,0.02,0.8652291105121294,0.0347708894878706,0.8652291105121294,2.929891943360283,0.9110512129380054,3.0678754618667625,0.9002695417789758,3.13403085818328,0.9245283018867924,3.18016278955441,0.8706199460916442,3.2443997330677905,,,,GBLUP__wheatG__GPE__R3__main__12345,0.0279778378378378,0.8582641891891891,0.5437048358965645,0.3290551423013456,148.0,0.22594264435641137,0.04518473438839665,1.0
wheatG,GPE,R3,GBLUP,main,SCP,0.1,1855,0.9013477088948788,0.0013477088948786,0.0164619207381158,3.279658158257734,0.0,4.081922266242367,0.0163342318059298,0.862533692722372,0.037466307277628,0.9029649595687332,3.303176137203214,0.921832884097035,3.3206009014067623,0.9029649595687332,3.2582983832711925,0.9164420485175202,3.2718791455526106,0.862533692722372,3.244336223854892,,,,GBLUP__wheatG__GPE__R3__main__12345,0.0279778378378378,0.8582641891891891,0.5437048358965645,0.3290551423013456,148.0,0.22594264435641137,0.04518473438839665,1.0
wheatG,GPE,R3,GBLUP,main,CV+,0.1,1855,0.9132075471698112,0.0132075471698113,0.0106801146933471,3.284472891134078,0.0,4.004655843472394,0.0249595687331536,0.8706199460916442,0.0293800539083558,0.9029649595687332,3.267003241411493,0.921832884097035,3.2634671542206144,0.9299191374663072,3.287709284826146,0.9407008086253368,3.2915044079101468,0.8706199460916442,3.312680367301993,,,,GBLUP__wheatG__GPE__R3__main__12345,0.0279778378378378,0.8582641891891891,0.5437048358965645,0.3290551423013456,148.0,0.22594264435641137,0.04518473438839665,1.0
wheatG,GPE,R3,GBLUP,main,CalPred-style,0.1,1855,0.8867924528301887,0.0132075471698113,0.0151279948252315,3.051370237106432,0.0,4.015488322449518,0.0198921832884097,0.8571428571428571,0.0428571428571429,0.8571428571428571,2.8155324567019084,0.8921832884097035,2.987883499960712,0.9029649595687332,3.066591796116552,0.9137466307277629,3.136427466225505,0.8679245283018868,3.250415966527479,,,,GBLUP__wheatG__GPE__R3__main__12345,0.0279778378378378,0.8582641891891891,0.5437048358965645,0.3290551423013456,148.0,0.22594264435641137,0.04518473438839665,1.0
wheatG,GPE,R3,GBLUP,main,KinCP,0.1,1855,0.8959568733153639,0.0040431266846361,0.0189255953439805,3.1446999550625248,0.0,4.01980557204642,0.0106199460916442,0.8840970350404312,0.0159029649595687,0.8840970350404312,3.0425541246067547,0.8975741239892183,3.083293142382069,0.889487870619946,3.0693889248166326,0.9164420485175202,3.1320919044317312,0.8921832884097035,3.396171679075436,,,,GBLUP__wheatG__GPE__R3__main__12345,0.0279778378378378,0.8582641891891891,0.5437048358965645,0.3290551423013456,148.0,0.22594264435641137,0.04518473438839665,1.0
wheatG,GPE,R3,GBLUP,main,KinCP-ABC,0.1,1855,0.907277628032345,0.0072776280323449,0.0122929964970257,3.256594075578669,0.0,4.0028541487920535,0.0199999999999999,0.8706199460916442,0.0293800539083558,0.8975741239892183,3.232641735940505,0.9164420485175202,3.237088600597371,0.921832884097035,3.262709790086656,0.9299191374663072,3.2657849749387244,0.8706199460916442,3.284745276330086,,,,GBLUP__wheatG__GPE__R3__main__12345,0.0279778378378378,0.8582641891891891,0.5437048358965645,0.3290551423013456,148.0,0.22594264435641137,0.04518473438839665,1.0
