base,regime,dataset,trait,method,n,coverage,cov_sd_reps,cond_err,worst_bin_cov,width,iscore,frac_inf,cov_b1,cov_b2,cov_b3,cov_b4,cov_b5
GBLUP,R1,barley,BaMMV,CV+,7190,0.9152990264255912,0.0036268163589444,0.029874826147427,0.8678720445062587,2.5263329774501995,3.1307430949365505,0.0,0.9756606397774688,0.9290681502086232,0.8956884561891516,0.9082058414464534,0.8678720445062587
GBLUP,R1,barley,BaMMV,CalPred-style,7190,0.903894297635605,0.0035595226403532,0.0112378303198887,0.8908205841446454,2.39318329183426,3.036789948833199,0.0,0.9054242002781642,0.8908205841446454,0.8908205841446454,0.9193324061196104,0.9130737134909596
GBLUP,R1,barley,BaMMV,CalPred-style(rand),7190,0.9006954102920723,0.0014251670050013,0.0105424200278164,0.8873435326842837,2.3711801204498832,3.046686616077113,0.0,0.9109874826147428,0.8873435326842837,0.8880389429763561,0.9151599443671766,0.9019471488178024
GBLUP,R1,barley,BaMMV,Gauss-PEV,7190,0.8998609179415855,0.0018398826919781,0.0153268428372739,0.8824756606397774,2.3533977988274657,3.0585616417248005,0.0,0.935326842837274,0.8824756606397774,0.8831710709318498,0.9026425591098748,0.8956884561891516
GBLUP,R1,barley,BaMMV,Gauss-homosc,7190,0.9061196105702364,0.0044798674293203,0.0324339360222531,0.8484005563282336,2.4582941110860346,3.152758241869069,0.0,0.97009735744089,0.9262865090403338,0.8901251738525731,0.8956884561891516,0.8484005563282336
GBLUP,R1,barley,BaMMV,KinCP,7190,0.9050069541029208,0.0032839273861245,0.0075660639777468,0.8936022253129347,2.400207039668461,3.049790515465609,0.0,0.911682892906815,0.9033379694019472,0.8936022253129347,0.9151599443671766,0.9012517385257302
GBLUP,R1,barley,BaMMV,KinCP-A,7190,0.9044506258692628,0.0051243764748096,0.0081223922114046,0.8908205841446454,2.391131766048619,3.048698381778142,0.0,0.909596662030598,0.9033379694019472,0.8908205841446454,0.9172461752433936,0.9012517385257302
GBLUP,R1,barley,BaMMV,KinCP-AB,7190,0.905980528511822,0.0058472386674764,0.0130458970792767,0.8873435326842837,2.410455139353952,3.0605120327694606,0.0,0.917941585535466,0.9151599443671766,0.8949930458970793,0.9144645340751044,0.8873435326842837
GBLUP,R1,barley,BaMMV,KinCP-ABC,7190,0.9076495132127956,0.0061691947472091,0.0317385257301808,0.8504867872044506,2.479685545116827,3.155163738736884,0.0,0.9707927677329624,0.9276773296244784,0.8901251738525731,0.8991655076495132,0.8504867872044506
GBLUP,R1,barley,BaMMV,KinCP-AC,7190,0.9045897079276772,0.0034909319605038,0.015326842837274,0.8845618915159944,2.38208452990978,3.059714801843468,0.0,0.9408901251738526,0.8887343532684284,0.8845618915159944,0.9089012517385258,0.8998609179415855
GBLUP,R1,barley,BaMMV,KinCP-B,7190,0.9189151599443672,0.0032839273861245,0.0189151599443671,0.9089012517385258,2.5303128655217684,3.070345202188556,0.0,0.9207232267037552,0.9186369958275382,0.9089012517385258,0.93115438108484,0.9151599443671766
GBLUP,R1,barley,BaMMV,KinCP-BC,7190,0.9440890125173852,0.0048329764544907,0.0440890125173852,0.9089012517385258,2.932840479660232,3.2775686124073453,0.0,0.9840055632823366,0.948539638386648,0.9429763560500696,0.9360222531293464,0.9089012517385258
GBLUP,R1,barley,BaMMV,KinCP-C,7190,0.8980528511821975,0.0053551107950426,0.0163004172461752,0.8783031988873435,2.3385305579238223,3.0603481866614874,0.0,0.9339360222531292,0.8796940194714882,0.8783031988873435,0.9019471488178024,0.8963838664812239
GBLUP,R1,barley,BaMMV,KinCP[fixed-h],7190,0.9048678720445062,0.0030471352295141,0.0074269819193323,0.8936022253129347,2.4001126807258903,3.050031357273933,0.0,0.9109874826147428,0.9033379694019472,0.8936022253129347,0.9151599443671766,0.9012517385257302
GBLUP,R1,barley,BaMMV,KinCP[h=0.25],7190,0.9073713490959666,0.0028840669476116,0.0082614742698191,0.8977746870653686,2.4299127188997254,3.065562292023326,0.0,0.909596662030598,0.9047287899860916,0.8977746870653686,0.9165507649513212,0.9082058414464534
GBLUP,R1,barley,BaMMV,KinCP[h=1.0],7190,0.9044506258692628,0.0041023313501398,0.0110152990264256,0.8852573018080667,2.3796806134963866,3.0474937655852505,0.0,0.9283727399165508,0.8984700973574409,0.8852573018080667,0.9102920723226704,0.8998609179415855
GBLUP,R1,barley,BaMMV,KinCP[h=2.0],7190,0.902086230876217,0.0061495663336395,0.015326842837274,0.8810848400556328,2.3633733105603123,3.059149220998225,0.0,0.9367176634214186,0.8873435326842837,0.8810848400556328,0.9068150208623088,0.8984700973574409
GBLUP,R1,barley,BaMMV,KinCP[nmin=100],7190,0.9062586926286508,0.0033132487481423,0.008817802503477,0.8936022253129347,2.406444410739479,3.051002093738209,0.0,0.917941585535466,0.9033379694019472,0.8936022253129347,0.9151599443671766,0.9012517385257302
GBLUP,R1,barley,BaMMV,KinCP[nmin=25],7190,0.9048678720445062,0.0030471352295141,0.0074269819193323,0.8936022253129347,2.4001126807258903,3.050031357273933,0.0,0.9109874826147428,0.9033379694019472,0.8936022253129347,0.9151599443671766,0.9012517385257302
GBLUP,R1,barley,BaMMV,NormCP,7190,0.9090403337969402,0.0055502280776731,0.0202781641168289,0.8769123783031989,2.4581415092804164,3.1020442516949305,0.0,0.943671766342142,0.8949930458970793,0.8769123783031989,0.9144645340751044,0.9151599443671766
GBLUP,R1,barley,BaMMV,SCP,7190,0.9097357440890124,0.0074477111184924,0.0318219749652294,0.8560500695410292,2.536581475002896,3.202533299493345,0.0,0.974269819193324,0.9235048678720446,0.8887343532684284,0.9061196105702364,0.8560500695410292
GBLUP,R1,barley,BaYMV,CV+,7190,0.9093184979137692,0.0027642012398263,0.0280111265646731,0.8532684283727399,2.775599447907847,3.616319404587621,0.0,0.9457579972183588,0.9130737134909596,0.9200278164116829,0.9144645340751044,0.8532684283727399
GBLUP,R1,barley,BaYMV,CalPred-style,7190,0.90778859527121,0.0007928897253818,0.0134075104311543,0.885952712100139,2.805374218322184,3.61915742372348,0.0,0.9040333796940194,0.9075104311543812,0.9228094575799722,0.9186369958275382,0.885952712100139
GBLUP,R1,barley,BaYMV,CalPred-style(rand),7190,0.9047287899860916,0.0025551005661855,0.0134075104311543,0.8783031988873435,2.77810538298732,3.5981453448377128,0.0,0.9012517385257302,0.9033379694019472,0.9214186369958276,0.9193324061196104,0.8783031988873435
GBLUP,R1,barley,BaYMV,Gauss-PEV,7190,0.9082058414464534,0.0039029805842565,0.0149930458970792,0.8831710709318498,2.77107609941214,3.588741785253325,0.0,0.9242002781641168,0.8998609179415855,0.9165507649513212,0.9172461752433936,0.8831710709318498
GBLUP,R1,barley,BaYMV,Gauss-homosc,7190,0.9118219749652294,0.0015076135875298,0.0299582753824756,0.8546592489568846,2.81578369243064,3.627250538417864,0.0,0.9471488178025036,0.9172461752433936,0.9228094575799722,0.9172461752433936,0.8546592489568846
GBLUP,R1,barley,BaYMV,KinCP,7190,0.8991655076495132,0.0049662228293065,0.0126286509040333,0.8776077885952712,2.7002036566893937,3.593244811265144,0.0,0.9109874826147428,0.8887343532684284,0.9082058414464534,0.9102920723226704,0.8776077885952712
GBLUP,R1,barley,BaYMV,KinCP-A,7190,0.9012517385257302,0.0045335204486805,0.0102642559109874,0.8887343532684284,2.706630416597876,3.5912995980537525,0.0,0.9130737134909596,0.8887343532684284,0.9054242002781642,0.9102920723226704,0.8887343532684284
GBLUP,R1,barley,BaYMV,KinCP-AB,7190,0.9022253129346316,0.0050291195359567,0.0123504867872044,0.8824756606397774,2.7227204647800223,3.594934754726434,0.0,0.9144645340751044,0.89221140472879,0.9102920723226704,0.911682892906815,0.8824756606397774
GBLUP,R1,barley,BaYMV,KinCP-ABC,7190,0.9045897079276772,0.0045707028442712,0.0280111265646731,0.8414464534075105,2.744310065284057,3.625753075276795,0.0,0.9450625869262864,0.9123783031988874,0.9151599443671766,0.9089012517385258,0.8414464534075105
GBLUP,R1,barley,BaYMV,KinCP-AC,7190,0.8988873435326843,0.0038593704938835,0.0145757997218358,0.8692628650904033,2.7023011240009387,3.5869585937795767,0.0,0.913769123783032,0.8915159944367177,0.9102920723226704,0.909596662030598,0.8692628650904033
GBLUP,R1,barley,BaYMV,KinCP-B,7190,0.9058414464534076,0.0032839273861245,0.0129068150208623,0.8852573018080667,2.7644714040387286,3.598202200293962,0.0,0.913769123783032,0.8970792767732962,0.9151599443671766,0.917941585535466,0.8852573018080667
GBLUP,R1,barley,BaYMV,KinCP-BC,7190,0.9207232267037552,0.0030708487017829,0.032183588317107,0.8713490959666204,2.9646585107825083,3.655949190386575,0.0,0.9520166898470096,0.9283727399165508,0.9290681502086232,0.9228094575799722,0.8713490959666204
GBLUP,R1,barley,BaYMV,KinCP-C,7190,0.8968011126564673,0.0032839273861244,0.0138803894297635,0.8671766342141863,2.680177670809268,3.5889934445131955,0.0,0.9109874826147428,0.8901251738525731,0.9075104311543812,0.9082058414464534,0.8671766342141863
GBLUP,R1,barley,BaYMV,KinCP[fixed-h],7190,0.8991655076495132,0.0049662228293065,0.0126286509040333,0.8776077885952712,2.7004331179784784,3.593209706147795,0.0,0.9109874826147428,0.8887343532684284,0.9082058414464534,0.9102920723226704,0.8776077885952712
GBLUP,R1,barley,BaYMV,KinCP[h=0.25],7190,0.9006954102920723,0.0044364778602883,0.0108205841446453,0.8831710709318498,2.71391767115024,3.597911781833929,0.0,0.9158553546592488,0.8915159944367177,0.9026425591098748,0.9102920723226704,0.8831710709318498
GBLUP,R1,barley,BaYMV,KinCP[h=1.0],7190,0.8980528511821975,0.0046804780724516,0.0126286509040334,0.8706536856745479,2.6963428618258645,3.591847311113835,0.0,0.9061196105702364,0.8929068150208623,0.909596662030598,0.9109874826147428,0.8706536856745479
GBLUP,R1,barley,BaYMV,KinCP[h=2.0],7190,0.8974965229485397,0.0032839273861244,0.0137413073713491,0.8678720445062587,2.6878025844033115,3.589291733876608,0.0,0.911682892906815,0.8915159944367177,0.9075104311543812,0.9089012517385258,0.8678720445062587
GBLUP,R1,barley,BaYMV,KinCP[nmin=100],7190,0.8988873435326843,0.0050050220348947,0.0123504867872044,0.8776077885952712,2.6960910770473867,3.591572974691434,0.0,0.909596662030598,0.8887343532684284,0.9082058414464534,0.9102920723226704,0.8776077885952712
GBLUP,R1,barley,BaYMV,KinCP[nmin=25],7190,0.8991655076495132,0.0049662228293065,0.0126286509040333,0.8776077885952712,2.7004331179784784,3.593209706147795,0.0,0.9109874826147428,0.8887343532684284,0.9082058414464534,0.9102920723226704,0.8776077885952712
GBLUP,R1,barley,BaYMV,NormCP,7190,0.8997218358831711,0.0083651817155469,0.0123504867872044,0.8720445062586927,2.746584453838813,3.6333757291598032,0.0,0.9130737134909596,0.8963838664812239,0.9075104311543812,0.909596662030598,0.8720445062586927
GBLUP,R1,barley,BaYMV,SCP,7190,0.9031988873435328,0.0059700072409832,0.024673157162726,0.8463143254520167,2.7610710502887144,3.65917026083054,0.0,0.9429763560500696,0.909596662030598,0.9123783031988874,0.9047287899860916,0.8463143254520167
GBLUP,R1,bean,DF,CV+,2220,0.9256756756756755,0.0118109104523665,0.0388288288288288,0.8671171171171171,2.1240951112868074,2.7379412315272984,0.0,0.9617117117117115,0.9436936936936936,0.8671171171171171,0.9076576576576576,0.9481981981981982
GBLUP,R1,bean,DF,CalPred-style,2220,0.9373873873873874,0.0068314193189653,0.0433333333333333,0.8851351351351351,2.2691669825026337,2.827680676798536,0.0,0.972972972972973,0.9527027027027029,0.8851351351351351,0.9144144144144144,0.9617117117117115
GBLUP,R1,bean,DF,CalPred-style(rand),2220,0.9288288288288288,0.0097655330579634,0.0356756756756756,0.8828828828828829,2.1894635995663347,2.8151180366415387,0.0,0.9617117117117115,0.9481981981981982,0.8828828828828829,0.9009009009009008,0.9504504504504504
GBLUP,R1,bean,DF,Gauss-PEV,2220,0.9225225225225224,0.0106357828406464,0.0344144144144143,0.8716216216216216,2.1357410808572985,2.7718109619368647,0.0,0.9481981981981982,0.9369369369369368,0.8716216216216216,0.8986486486486487,0.9572072072072072
GBLUP,R1,bean,DF,Gauss-homosc,2220,0.9306306306306308,0.010247128978448,0.0398198198198198,0.8806306306306306,2.1922937770161264,2.7891992852940497,0.0,0.9707207207207208,0.9504504504504504,0.8806306306306306,0.8963963963963963,0.954954954954955
GBLUP,R1,bean,DF,KinCP,2220,0.9166666666666666,0.0145091201877535,0.0357657657657657,0.8581081081081081,2.08504623871842,2.76844691179972,0.0,0.9436936936936936,0.9301801801801802,0.8581081081081081,0.8941441441441441,0.9572072072072072
GBLUP,R1,bean,DF,KinCP-A,2220,0.9094594594594596,0.0130747074537838,0.0357657657657657,0.8536036036036037,2.030766164010493,2.773043907527487,0.0,0.9414414414414416,0.9234234234234234,0.8536036036036037,0.8806306306306306,0.9481981981981982
GBLUP,R1,bean,DF,KinCP-AB,2220,0.9126126126126126,0.0141013295878365,0.0389189189189189,0.8513513513513513,2.048360539932888,2.773781706286312,0.0,0.9527027027027029,0.927927927927928,0.8513513513513513,0.8828828828828829,0.9481981981981982
GBLUP,R1,bean,DF,KinCP-ABC,2220,0.9126126126126126,0.0133625197965687,0.0362162162162162,0.8581081081081081,2.0515244992496138,2.7563651594378054,0.0,0.9527027027027029,0.9301801801801802,0.8581081081081081,0.8828828828828829,0.9391891891891893
GBLUP,R1,bean,DF,KinCP-AC,2220,0.904054054054054,0.0156527480665712,0.0303603603603603,0.8513513513513513,2.0000007767338635,2.7533229762052667,0.0,0.9256756756756755,0.9166666666666666,0.8513513513513513,0.8828828828828829,0.9436936936936936
GBLUP,R1,bean,DF,KinCP-B,2220,0.9207207207207208,0.0147173957231572,0.0371171171171171,0.8626126126126126,2.116196479494369,2.7717026861580147,0.0,0.9572072072072072,0.9324324324324323,0.8626126126126126,0.8963963963963963,0.954954954954955
GBLUP,R1,bean,DF,KinCP-BC,2220,0.9225225225225224,0.0150749554330463,0.038018018018018,0.8648648648648649,2.125606291636386,2.7721133370034527,0.0,0.963963963963964,0.9391891891891893,0.8648648648648649,0.8963963963963963,0.9481981981981982
GBLUP,R1,bean,DF,KinCP-C,2220,0.9054054054054054,0.01766259813216,0.0290090090090089,0.8536036036036037,2.0101843229062624,2.757308458516345,0.0,0.9234234234234234,0.9166666666666666,0.8536036036036037,0.8873873873873874,0.945945945945946
GBLUP,R1,bean,DF,KinCP[fixed-h],2220,0.9202702702702704,0.0136628386379307,0.0393693693693693,0.8581081081081081,2.104637408865935,2.793046423238508,0.0229729729729729,0.9617117117117115,0.9301801801801802,0.8581081081081081,0.8941441441441441,0.9572072072072072
GBLUP,R1,bean,DF,KinCP[h=0.25],2220,0.9202702702702704,0.0120868539324313,0.0393693693693693,0.8603603603603603,2.104674734480872,2.778890017107692,0.0,0.9436936936936936,0.9391891891891893,0.8603603603603603,0.8918918918918919,0.9662162162162162
GBLUP,R1,bean,DF,KinCP[h=1.0],2220,0.9153153153153152,0.0144741162279816,0.0344144144144144,0.8603603603603603,2.0689551073903814,2.7598263120666133,0.0,0.9436936936936936,0.9324324324324323,0.8603603603603603,0.8918918918918919,0.9481981981981982
GBLUP,R1,bean,DF,KinCP[h=2.0],2220,0.9108108108108108,0.0170488206015996,0.0344144144144143,0.8536036036036037,2.039888215195257,2.7579039155855334,0.0,0.9369369369369368,0.9301801801801802,0.8536036036036037,0.8873873873873874,0.945945945945946
GBLUP,R1,bean,DF,KinCP[nmin=100],2220,0.9157657657657656,0.013755343679822,0.0348648648648648,0.8581081081081081,2.082315895268988,2.765794433831904,0.0,0.9414414414414416,0.927927927927928,0.8581081081081081,0.8941441441441441,0.9572072072072072
GBLUP,R1,bean,DF,KinCP[nmin=25],2220,0.9162162162162162,0.0147173957231572,0.0353153153153153,0.8581081081081081,2.090958194293918,2.7722051330828217,0.0,0.9414414414414416,0.9301801801801802,0.8581081081081081,0.8941441441441441,0.9572072072072072
GBLUP,R1,bean,DF,NormCP,2220,0.8995495495495496,0.021871213308667,0.0276576576576576,0.8445945945945946,2.053218412352349,2.846858215527885,0.0,0.9031531531531533,0.9211711711711712,0.8445945945945946,0.8851351351351351,0.9436936936936936
GBLUP,R1,bean,DF,SCP,2220,0.8990990990990991,0.0219753349867576,0.0317117117117117,0.8445945945945946,2.0346286635672923,2.8278838094312486,0.0,0.9211711711711712,0.9144144144144144,0.8445945945945946,0.8738738738738738,0.9414414414414416
GBLUP,R1,bean,DPM,CV+,2220,0.9126126126126126,0.0064494689474217,0.0145945945945946,0.8963963963963963,2.5286113741278338,3.1399780001981394,0.0,0.9301801801801802,0.8963963963963963,0.9031531531531533,0.8986486486486487,0.9346846846846848
GBLUP,R1,bean,DPM,CalPred-style,2220,0.9018018018018018,0.0034157096594826,0.0142342342342342,0.8851351351351351,2.4366750437903044,3.165467366678546,0.0,0.9076576576576576,0.8851351351351351,0.8918918918918919,0.8918918918918919,0.9324324324324323
GBLUP,R1,bean,DPM,CalPred-style(rand),2220,0.8873873873873874,0.0042135781382589,0.0246846846846847,0.8648648648648649,2.333258008662013,3.1754217636606312,0.0,0.8873873873873874,0.8648648648648649,0.8716216216216216,0.8828828828828829,0.9301801801801802
GBLUP,R1,bean,DPM,Gauss-PEV,2220,0.9009009009009008,0.0045045045045045,0.0151351351351351,0.8828828828828829,2.4036133406144344,3.141422375756938,0.0,0.9121621621621622,0.8828828828828829,0.8918918918918919,0.8896396396396397,0.927927927927928
GBLUP,R1,bean,DPM,Gauss-homosc,2220,0.9067567567567568,0.0049344374550014,0.0146846846846846,0.8873873873873874,2.4705626273962804,3.1461328320007023,0.0,0.9234234234234234,0.8873873873873874,0.8986486486486487,0.8941441441441441,0.9301801801801802
GBLUP,R1,bean,DPM,KinCP,2220,0.9018018018018018,0.0074016561825022,0.016036036036036,0.8806306306306306,2.463618100863231,3.166406650273548,0.0,0.90990990990991,0.8806306306306306,0.8896396396396397,0.8941441441441441,0.9346846846846848
GBLUP,R1,bean,DPM,KinCP-A,2220,0.8990990990990991,0.0077038880074266,0.0187387387387387,0.8716216216216216,2.428131258567604,3.1613357048423856,0.0,0.9121621621621622,0.8716216216216216,0.8828828828828829,0.8963963963963963,0.9324324324324323
GBLUP,R1,bean,DPM,KinCP-AB,2220,0.9022522522522524,0.0078989540165541,0.0173873873873874,0.8806306306306306,2.454069220198319,3.16452360073659,0.0,0.9166666666666666,0.8806306306306306,0.8851351351351351,0.8963963963963963,0.9324324324324323
GBLUP,R1,bean,DPM,KinCP-ABC,2220,0.9058558558558558,0.0043322937075836,0.0146846846846846,0.8918918918918919,2.4744652866002466,3.1494521860339373,0.0,0.9234234234234234,0.8918918918918919,0.8941441441441441,0.8918918918918919,0.927927927927928
GBLUP,R1,bean,DPM,KinCP-AC,2220,0.8986486486486487,0.0042135781382589,0.0173873873873873,0.8806306306306306,2.398646691709682,3.1461441054538506,0.0,0.9121621621621622,0.8806306306306306,0.8828828828828829,0.8896396396396397,0.927927927927928
GBLUP,R1,bean,DPM,KinCP-B,2220,0.9063063063063064,0.0074016561825022,0.0151351351351351,0.8851351351351351,2.499228782310339,3.1712754147932287,0.0,0.9166666666666666,0.8851351351351351,0.8941441441441441,0.8986486486486487,0.9369369369369368
GBLUP,R1,bean,DPM,KinCP-BC,2220,0.9130630630630632,0.0072282912323789,0.0145045045045045,0.8963963963963963,2.541105796294973,3.1653366199570363,0.0,0.9301801801801802,0.9009009009009008,0.9031531531531533,0.8963963963963963,0.9346846846846848
GBLUP,R1,bean,DPM,KinCP-C,2220,0.8995495495495496,0.004091419397429,0.0173873873873874,0.8828828828828829,2.404945555383869,3.14769861138934,0.0,0.9121621621621622,0.8828828828828829,0.8828828828828829,0.8896396396396397,0.9301801801801802
GBLUP,R1,bean,DPM,KinCP[fixed-h],2220,0.9031531531531533,0.0074698756539536,0.0173873873873873,0.8806306306306306,2.474628937482344,3.188861123203421,0.022072072072072,0.9166666666666666,0.8806306306306306,0.8896396396396397,0.8941441441441441,0.9346846846846848
GBLUP,R1,bean,DPM,KinCP[h=0.25],2220,0.9063063063063064,0.0064886758067063,0.014054054054054,0.8806306306306306,2.490457255103202,3.172528836187398,0.0,0.90990990990991,0.8806306306306306,0.9009009009009008,0.9009009009009008,0.9391891891891893
GBLUP,R1,bean,DPM,KinCP[h=1.0],2220,0.9036036036036036,0.005829810407903,0.016036036036036,0.8873873873873874,2.444483674287313,3.156867130909794,0.0,0.9144144144144144,0.8873873873873874,0.8873873873873874,0.8941441441441441,0.9346846846846848
GBLUP,R1,bean,DPM,KinCP[h=2.0],2220,0.9022522522522524,0.0058731553200024,0.0164864864864864,0.8828828828828829,2.422543804410225,3.150725932290866,0.0,0.9144144144144144,0.8896396396396397,0.8828828828828829,0.8918918918918919,0.9324324324324323
GBLUP,R1,bean,DPM,KinCP[nmin=100],2220,0.9027027027027028,0.007367309564773,0.0169369369369369,0.8806306306306306,2.4638682626885178,3.1640785429949574,0.0,0.9144144144144144,0.8806306306306306,0.8896396396396397,0.8941441441441441,0.9346846846846848
GBLUP,R1,bean,DPM,KinCP[nmin=25],2220,0.9022522522522524,0.0077367405573503,0.0164864864864864,0.8806306306306306,2.4656814056843888,3.169399207932236,0.0,0.9121621621621622,0.8806306306306306,0.8896396396396397,0.8941441441441441,0.9346846846846848
GBLUP,R1,bean,DPM,NormCP,2220,0.8882882882882883,0.0068684462531427,0.0156756756756756,0.8738738738738738,2.4230682367209315,3.2588978518456955,0.0,0.8986486486486487,0.8738738738738738,0.8761261261261262,0.8828828828828829,0.90990990990991
GBLUP,R1,bean,DPM,SCP,2220,0.8927927927927928,0.0056531082873923,0.0124324324324324,0.8783783783783784,2.4673918164620066,3.25870677180939,0.0,0.9121621621621622,0.8783783783783784,0.8851351351351351,0.8873873873873874,0.9009009009009008
GBLUP,R1,bean,PHI,CV+,2220,0.9076576576576576,0.0045045045045045,0.0289189189189188,0.8468468468468469,2.868776734189464,4.104741958218357,0.0,0.9369369369369368,0.9369369369369368,0.9009009009009008,0.9166666666666666,0.8468468468468469
GBLUP,R1,bean,PHI,CalPred-style,2220,0.8864864864864865,0.0054241417021586,0.025045045045045,0.8490990990990991,2.634675926362572,4.101236592133749,0.0,0.8738738738738738,0.9234234234234234,0.8806306306306306,0.9054054054054054,0.8490990990990991
GBLUP,R1,bean,PHI,CalPred-style(rand),2220,0.886936936936937,0.0086352655462525,0.0227927927927928,0.8603603603603603,2.64703615609525,4.100857423131996,0.0,0.8603603603603603,0.918918918918919,0.8783783783783784,0.9054054054054054,0.8716216216216216
GBLUP,R1,bean,PHI,Gauss-PEV,2220,0.913963963963964,0.0053771785523933,0.0316216216216216,0.8558558558558559,2.941113952976903,4.080861929202443,0.0,0.9369369369369368,0.9414414414414416,0.9144144144144144,0.9211711711711712,0.8558558558558559
GBLUP,R1,bean,PHI,Gauss-homosc,2220,0.9162162162162162,0.005829810407903,0.0356756756756756,0.8513513513513513,3.010449427777848,4.10534701057632,0.0,0.9414414414414416,0.9436936936936936,0.918918918918919,0.9256756756756755,0.8513513513513513
GBLUP,R1,bean,PHI,KinCP,2220,0.8905405405405405,0.0030217134831077,0.0231531531531531,0.8445945945945946,2.651584436833861,4.066248141707731,0.0,0.90990990990991,0.9234234234234234,0.8738738738738738,0.9009009009009008,0.8445945945945946
GBLUP,R1,bean,PHI,KinCP-A,2220,0.8918918918918919,0.0078020306647246,0.0232432432432432,0.8490990990990991,2.6765437885812915,4.058303300058215,0.0,0.9166666666666666,0.9211711711711712,0.8761261261261262,0.8963963963963963,0.8490990990990991
GBLUP,R1,bean,PHI,KinCP-AB,2220,0.8918918918918919,0.0078020306647246,0.0232432432432432,0.8490990990990991,2.6886950375034284,4.06335148032239,0.0,0.9166666666666666,0.9211711711711712,0.8761261261261262,0.8963963963963963,0.8490990990990991
GBLUP,R1,bean,PHI,KinCP-ABC,2220,0.9027027027027028,0.0048827665289817,0.029009009009009,0.8445945945945946,2.81042650443061,4.094619504261334,0.0,0.9324324324324323,0.9369369369369368,0.8896396396396397,0.90990990990991,0.8445945945945946
GBLUP,R1,bean,PHI,KinCP-AC,2220,0.9,0.0034157096594826,0.0272072072072072,0.8423423423423423,2.7794086417516697,4.081107851225563,0.0,0.9234234234234234,0.9346846846846848,0.8896396396396397,0.90990990990991,0.8423423423423423
GBLUP,R1,bean,PHI,KinCP-B,2220,0.8923423423423423,0.0029365776600011,0.024054054054054,0.8468468468468469,2.6713444913058657,4.065329904750741,0.0,0.9144144144144144,0.9256756756756755,0.8738738738738738,0.9009009009009008,0.8468468468468469
GBLUP,R1,bean,PHI,KinCP-BC,2220,0.9094594594594596,0.0037008280912511,0.0307207207207207,0.8468468468468469,2.931995728907418,4.109556000865167,0.0,0.9369369369369368,0.9436936936936936,0.90990990990991,0.90990990990991,0.8468468468468469
GBLUP,R1,bean,PHI,KinCP-C,2220,0.9036036036036036,0.0033406299491421,0.0263063063063063,0.8490990990990991,2.836742098459095,4.088853044438843,0.0,0.927927927927928,0.9369369369369368,0.8941441441441441,0.90990990990991,0.8490990990990991
GBLUP,R1,bean,PHI,KinCP[fixed-h],2220,0.8927927927927928,0.004390447903067,0.0254054054054054,0.8445945945945946,2.692905027407228,4.098917909980609,0.0166666666666667,0.9211711711711712,0.9234234234234234,0.8738738738738738,0.9009009009009008,0.8445945945945946
GBLUP,R1,bean,PHI,KinCP[h=0.25],2220,0.8896396396396397,0.0042135781382589,0.0245945945945945,0.8445945945945946,2.676670859573682,4.072516031465772,0.0,0.9076576576576576,0.927927927927928,0.8761261261261262,0.8918918918918919,0.8445945945945946
GBLUP,R1,bean,PHI,KinCP[h=1.0],2220,0.8914414414414414,0.0033406299491421,0.024054054054054,0.8423423423423423,2.6985145304047355,4.057615139144446,0.0,0.9054054054054054,0.927927927927928,0.8761261261261262,0.9054054054054054,0.8423423423423423
GBLUP,R1,bean,PHI,KinCP[h=2.0],2220,0.9009009009009008,0.0035611234911806,0.0254054054054054,0.8490990990990991,2.7875296870049864,4.075007025029667,0.0,0.9211711711711712,0.9346846846846848,0.8896396396396397,0.90990990990991,0.8490990990990991
GBLUP,R1,bean,PHI,KinCP[nmin=100],2220,0.8887387387387388,0.0025679626691422,0.0213513513513513,0.8445945945945946,2.637816234920764,4.056499461466155,0.0,0.9009009009009008,0.9234234234234234,0.8738738738738738,0.9009009009009008,0.8445945945945946
GBLUP,R1,bean,PHI,KinCP[nmin=25],2220,0.890990990990991,0.0034157096594826,0.0236036036036036,0.8445945945945946,2.675588379297454,4.081430151700952,0.0,0.9121621621621622,0.9234234234234234,0.8738738738738738,0.9009009009009008,0.8445945945945946
GBLUP,R1,bean,PHI,NormCP,2220,0.8882882882882883,0.0157335578347504,0.0196396396396396,0.8490990990990991,2.851117330999276,4.18196250209721,0.0,0.8828828828828829,0.9166666666666666,0.8896396396396397,0.9031531531531533,0.8490990990990991
GBLUP,R1,bean,PHI,SCP,2220,0.8882882882882883,0.0157335578347504,0.0196396396396396,0.8400900900900901,2.860678154117366,4.198399466895292,0.0,0.8918918918918919,0.9166666666666666,0.8896396396396397,0.9031531531531533,0.8400900900900901
GBLUP,R1,lentil,DTF,CV+,1620,0.9092592592592592,0.0101430103241697,0.0465432098765431,0.845679012345679,2.092546469297726,2.714341144777113,0.0,0.9660493827160492,0.9320987654320988,0.941358024691358,0.8611111111111112,0.845679012345679
GBLUP,R1,lentil,DTF,CalPred-style,1620,0.9117283950617284,0.0103751458728219,0.0218518518518518,0.8796296296296297,2.0289691213001504,2.72411503654983,0.0,0.8796296296296297,0.9135802469135802,0.941358024691358,0.8950617283950617,0.9290123456790124
GBLUP,R1,lentil,DTF,CalPred-style(rand),1620,0.8919753086419753,0.0138028887499987,0.0287654320987654,0.845679012345679,1.871641826252608,2.7081141962290114,0.0,0.8734567901234568,0.9166666666666666,0.9351851851851852,0.845679012345679,0.8888888888888888
GBLUP,R1,lentil,DTF,Gauss-PEV,1620,0.8969135802469136,0.0118736938652292,0.0206172839506173,0.8703703703703703,1.8799922524351007,2.689982959702028,0.0,0.8703703703703703,0.904320987654321,0.9351851851851852,0.8703703703703703,0.904320987654321
GBLUP,R1,lentil,DTF,Gauss-homosc,1620,0.8901234567901235,0.01537024641727,0.0558024691358024,0.808641975308642,1.976434031875139,2.769643938088473,0.0,0.9506172839506172,0.925925925925926,0.9382716049382716,0.808641975308642,0.8271604938271605
GBLUP,R1,lentil,DTF,KinCP,1620,0.9123456790123456,0.013733700902029,0.0162962962962963,0.8919753086419753,2.05260542607231,2.7495322037949315,0.0,0.8919753086419753,0.904320987654321,0.9444444444444444,0.8981481481481481,0.9228395061728396
GBLUP,R1,lentil,DTF,KinCP-A,1620,0.8993827160493827,0.0128374286068428,0.0176543209876543,0.8703703703703703,1.9484766891036367,2.743554879943346,0.0,0.8888888888888888,0.8950617283950617,0.9351851851851852,0.8703703703703703,0.9074074074074074
GBLUP,R1,lentil,DTF,KinCP-AB,1620,0.912962962962963,0.0145422456659132,0.0198765432098765,0.8827160493827161,2.034733357999432,2.727688483599064,0.0,0.9290123456790124,0.910493827160494,0.9382716049382716,0.8827160493827161,0.904320987654321
GBLUP,R1,lentil,DTF,KinCP-ABC,1620,0.901851851851852,0.0129849901036806,0.0490123456790123,0.8364197530864198,2.0376909317176377,2.774293744803736,0.0,0.9506172839506172,0.9351851851851852,0.941358024691358,0.8364197530864198,0.845679012345679
GBLUP,R1,lentil,DTF,KinCP-AC,1620,0.8919753086419753,0.0106916716516597,0.0220987654320988,0.8672839506172839,1.870995301278168,2.702715485042687,0.0,0.8672839506172839,0.8981481481481481,0.9351851851851852,0.8672839506172839,0.8919753086419753
GBLUP,R1,lentil,DTF,KinCP-B,1620,0.9290123456790124,0.010236496266529,0.0290123456790123,0.904320987654321,2.2317862642385857,2.756115153890664,0.0,0.9290123456790124,0.9135802469135802,0.9629629629629628,0.904320987654321,0.9351851851851852
GBLUP,R1,lentil,DTF,KinCP-BC,1620,0.9425925925925924,0.0094123152357882,0.0425925925925925,0.904320987654321,2.5469840769674774,2.892762768966922,0.0,0.9537037037037036,0.9660493827160492,0.9722222222222222,0.904320987654321,0.9166666666666666
GBLUP,R1,lentil,DTF,KinCP-C,1620,0.9135802469135802,0.0111282446773579,0.0180246913580246,0.8888888888888888,2.012391465828884,2.7102174186941723,0.0,0.9012345679012346,0.9197530864197532,0.941358024691358,0.8888888888888888,0.9166666666666666
GBLUP,R1,lentil,DTF,KinCP[fixed-h],1620,0.9135802469135802,0.0151203070542171,0.0162962962962963,0.8950617283950617,2.0999557194207066,2.7927717065781184,0.0,0.8950617283950617,0.9074074074074074,0.9444444444444444,0.8981481481481481,0.9228395061728396
GBLUP,R1,lentil,DTF,KinCP[h=0.25],1620,0.9098765432098764,0.0171011051570309,0.0150617283950617,0.8888888888888888,2.067184243445036,2.754988398266478,0.0,0.8888888888888888,0.904320987654321,0.925925925925926,0.8981481481481481,0.9320987654320988
GBLUP,R1,lentil,DTF,KinCP[h=1.0],1620,0.9098765432098764,0.0122293905902215,0.0175308641975308,0.8888888888888888,2.028925918187523,2.730872579557781,0.0,0.8919753086419753,0.910493827160494,0.941358024691358,0.8888888888888888,0.9166666666666666
GBLUP,R1,lentil,DTF,KinCP[h=2.0],1620,0.912962962962963,0.0120330794380357,0.0161728395061728,0.8919753086419753,2.015263267476344,2.7128551707967654,0.0,0.9012345679012346,0.9135802469135802,0.941358024691358,0.8919753086419753,0.9166666666666666
GBLUP,R1,lentil,DTF,KinCP[nmin=100],1620,0.9123456790123456,0.013733700902029,0.0162962962962963,0.8919753086419753,2.0370794909374457,2.728908291202046,0.0,0.8919753086419753,0.904320987654321,0.9444444444444444,0.8981481481481481,0.9228395061728396
GBLUP,R1,lentil,DTF,KinCP[nmin=25],1620,0.9135802469135802,0.0151203070542171,0.0162962962962963,0.8950617283950617,2.0888156968950486,2.783178980700749,0.0,0.8950617283950617,0.9074074074074074,0.9444444444444444,0.8981481481481481,0.9228395061728396
GBLUP,R1,lentil,DTF,NormCP,1620,0.9117283950617284,0.0203094862671137,0.0218518518518518,0.8765432098765432,2.0495400159134256,2.734909371005448,0.0,0.9012345679012346,0.8981481481481481,0.9567901234567902,0.8765432098765432,0.925925925925926
GBLUP,R1,lentil,DTF,SCP,1620,0.9049382716049382,0.0221921950768488,0.0409876543209876,0.8364197530864198,2.112375024504761,2.825791004116311,0.0,0.9506172839506172,0.9166666666666666,0.9475308641975309,0.8364197530864198,0.8734567901234568
GBLUP,R1,lentil,DTM,CV+,1620,0.910493827160494,0.0075601535271085,0.0309876543209876,0.8487654320987654,1.821562016912108,2.4438953982005995,0.0,0.9444444444444444,0.941358024691358,0.9135802469135802,0.904320987654321,0.8487654320987654
GBLUP,R1,lentil,DTM,CalPred-style,1620,0.9234567901234568,0.0096125996928379,0.0241975308641975,0.8981481481481481,1.8230327551021075,2.4641848058735274,0.0,0.8981481481481481,0.925925925925926,0.9290123456790124,0.9444444444444444,0.9197530864197532
GBLUP,R1,lentil,DTM,CalPred-style(rand),1620,0.9123456790123456,0.0088918890684493,0.0155555555555555,0.8919753086419753,1.7701290990755356,2.4599438267887708,0.0,0.904320987654321,0.9228395061728396,0.9166666666666666,0.925925925925926,0.8919753086419753
GBLUP,R1,lentil,DTM,Gauss-PEV,1620,0.915432098765432,0.0132032405161774,0.015432098765432,0.9074074074074074,1.789445507342408,2.451128598667219,0.0,0.9074074074074074,0.9197530864197532,0.9166666666666666,0.9228395061728396,0.910493827160494
GBLUP,R1,lentil,DTM,Gauss-homosc,1620,0.9074074074074074,0.0075601535271085,0.0291358024691357,0.845679012345679,1.8171973217349453,2.467190477054102,0.0,0.9320987654320988,0.9382716049382716,0.9135802469135802,0.9074074074074074,0.845679012345679
GBLUP,R1,lentil,DTM,KinCP,1620,0.9080246913580248,0.0085644672379701,0.01,0.8950617283950617,1.7987423402591756,2.4847076118615106,0.0,0.904320987654321,0.910493827160494,0.9074074074074074,0.9228395061728396,0.8950617283950617
GBLUP,R1,lentil,DTM,KinCP-A,1620,0.9055555555555556,0.0064001362201628,0.0124691358024691,0.8827160493827161,1.7773556662238668,2.4878982952091064,0.0,0.910493827160494,0.910493827160494,0.9012345679012346,0.9228395061728396,0.8827160493827161
GBLUP,R1,lentil,DTM,KinCP-AB,1620,0.910493827160494,0.0125370963034505,0.0223456790123456,0.8703703703703703,1.8219748427013367,2.509326392198224,0.0,0.9135802469135802,0.9320987654320988,0.9135802469135802,0.9228395061728396,0.8703703703703703
GBLUP,R1,lentil,DTM,KinCP-ABC,1620,0.9061728395061728,0.0080483980311143,0.0303703703703703,0.8395061728395061,1.7947304245113949,2.4675500886160773,0.0,0.9351851851851852,0.9382716049382716,0.910493827160494,0.9074074074074074,0.8395061728395061
GBLUP,R1,lentil,DTM,KinCP-AC,1620,0.8987654320987655,0.0100959427369111,0.0120987654320987,0.8734567901234568,1.6745673270779633,2.4411212714948327,0.0,0.8950617283950617,0.910493827160494,0.8981481481481481,0.9166666666666666,0.8734567901234568
GBLUP,R1,lentil,DTM,KinCP-B,1620,0.924074074074074,0.0128374286068428,0.024074074074074,0.9074074074074074,1.912123339768198,2.512788798354873,0.0,0.9135802469135802,0.9320987654320988,0.9290123456790124,0.9382716049382716,0.9074074074074074
GBLUP,R1,lentil,DTM,KinCP-BC,1620,0.9444444444444444,0.0072382959256534,0.0444444444444444,0.9074074074074074,2.123525315175778,2.562130825486698,0.0,0.9382716049382716,0.9660493827160492,0.9567901234567902,0.9537037037037036,0.9074074074074074
GBLUP,R1,lentil,DTM,KinCP-C,1620,0.9092592592592592,0.0132032405161774,0.0137037037037037,0.8888888888888888,1.7612320595406843,2.4506551501785108,0.0,0.9074074074074074,0.9197530864197532,0.9074074074074074,0.9228395061728396,0.8888888888888888
GBLUP,R1,lentil,DTM,KinCP[fixed-h],1620,0.9080246913580248,0.0085644672379701,0.01,0.8950617283950617,1.8063576104145624,2.490619073188403,0.0,0.904320987654321,0.910493827160494,0.9074074074074074,0.9228395061728396,0.8950617283950617
GBLUP,R1,lentil,DTM,KinCP[h=0.25],1620,0.9141975308641976,0.0112135198299907,0.0161728395061728,0.8950617283950617,1.807326257303929,2.490873910381748,0.0,0.910493827160494,0.9197530864197532,0.9166666666666666,0.9290123456790124,0.8950617283950617
GBLUP,R1,lentil,DTM,KinCP[h=1.0],1620,0.9080246913580248,0.010557179862029,0.0132098765432098,0.8919753086419753,1.7537706431435125,2.454162548126682,0.0,0.8950617283950617,0.9197530864197532,0.910493827160494,0.9228395061728396,0.8919753086419753
GBLUP,R1,lentil,DTM,KinCP[h=2.0],1620,0.9092592592592592,0.0120725970466715,0.0124691358024691,0.8919753086419753,1.753543792880011,2.4482663378493594,0.0,0.9012345679012346,0.9197530864197532,0.9074074074074074,0.925925925925926,0.8919753086419753
GBLUP,R1,lentil,DTM,KinCP[nmin=100],1620,0.9080246913580248,0.0100959427369111,0.0099999999999999,0.8950617283950617,1.7501517404346896,2.455417622734725,0.0,0.9012345679012346,0.9135802469135802,0.9074074074074074,0.9228395061728396,0.8950617283950617
GBLUP,R1,lentil,DTM,KinCP[nmin=25],1620,0.908641975308642,0.009662022124999,0.0106172839506172,0.8950617283950617,1.807764707373892,2.491697915823736,0.0,0.9074074074074074,0.910493827160494,0.9074074074074074,0.9228395061728396,0.8950617283950617
GBLUP,R1,lentil,DTM,NormCP,1620,0.8882716049382716,0.0040241990155571,0.0146913580246913,0.8734567901234568,1.6653622857408377,2.481567029770731,0.0,0.8827160493827161,0.9074074074074074,0.8888888888888888,0.8888888888888888,0.8734567901234568
GBLUP,R1,lentil,DTM,SCP,1620,0.8925925925925926,0.0124225998749988,0.0293827160493827,0.8333333333333334,1.779210862893664,2.50556860785771,0.0,0.9320987654320988,0.9228395061728396,0.8950617283950617,0.8796296296296297,0.8333333333333334
GBLUP,R1,lentil,VEG,CV+,1620,0.910493827160494,0.0106916716516597,0.0453086419753086,0.8549382716049383,1.9670827728072584,2.5171443023314,0.0,0.9537037037037036,0.9290123456790124,0.9567901234567902,0.8549382716049383,0.8580246913580247
GBLUP,R1,lentil,VEG,CalPred-style,1620,0.9055555555555556,0.0046807873111429,0.0181481481481481,0.8827160493827161,1.9257225255467405,2.551496772620649,0.0,0.8858024691358025,0.8827160493827161,0.9537037037037036,0.9012345679012346,0.904320987654321
GBLUP,R1,lentil,VEG,CalPred-style(rand),1620,0.8895061728395062,0.0109990923958058,0.0307407407407407,0.8611111111111112,1.7819872993552452,2.5280060721883384,0.0,0.8888888888888888,0.8734567901234568,0.9506172839506172,0.8611111111111112,0.8734567901234568
GBLUP,R1,lentil,VEG,Gauss-PEV,1620,0.8950617283950617,0.0109121416849775,0.0251851851851852,0.8672839506172839,1.7981089323525434,2.517423909254591,0.0,0.8888888888888888,0.8672839506172839,0.9506172839506172,0.8765432098765432,0.8919753086419753
GBLUP,R1,lentil,VEG,Gauss-homosc,1620,0.8944444444444445,0.0107804007386253,0.0502469135802469,0.8240740740740741,1.8693064341158951,2.560488158622185,0.0,0.9351851851851852,0.9228395061728396,0.9537037037037036,0.8240740740740741,0.8364197530864198
GBLUP,R1,lentil,VEG,KinCP,1620,0.9135802469135802,0.0106916716516597,0.0212345679012345,0.8858024691358025,1.9678908343901909,2.569254491842461,0.0,0.904320987654321,0.8858024691358025,0.9475308641975309,0.8950617283950617,0.9351851851851852
GBLUP,R1,lentil,VEG,KinCP-A,1620,0.9061728395061728,0.0152145154862545,0.0187654320987654,0.8827160493827161,1.88456754515525,2.5655356284663986,0.0,0.904320987654321,0.8858024691358025,0.9475308641975309,0.8827160493827161,0.910493827160494
GBLUP,R1,lentil,VEG,KinCP-AB,1620,0.908641975308642,0.0144106389258379,0.017037037037037,0.8858024691358025,1.951326722766391,2.550695860135185,0.0,0.9135802469135802,0.8981481481481481,0.9506172839506172,0.8858024691358025,0.8950617283950617
GBLUP,R1,lentil,VEG,KinCP-ABC,1620,0.9012345679012346,0.0065472850109865,0.0471604938271604,0.8364197530864198,1.922996069040044,2.562095380878193,0.0,0.941358024691358,0.9290123456790124,0.9506172839506172,0.8364197530864198,0.8487654320987654
GBLUP,R1,lentil,VEG,KinCP-AC,1620,0.8944444444444445,0.0142109437447177,0.0245679012345679,0.8672839506172839,1.802277858667662,2.524468691463484,0.0,0.8919753086419753,0.8672839506172839,0.9475308641975309,0.8703703703703703,0.8950617283950617
GBLUP,R1,lentil,VEG,KinCP-B,1620,0.928395061728395,0.0091036303726868,0.0291358024691357,0.8981481481481481,2.14305606667863,2.572270572368597,0.0,0.9135802469135802,0.8981481481481481,0.9753086419753086,0.9135802469135802,0.941358024691358
GBLUP,R1,lentil,VEG,KinCP-BC,1620,0.9555555555555556,0.0060165397190178,0.0555555555555555,0.9166666666666666,2.469582878429412,2.7321148187331072,0.0,0.9567901234567902,0.9938271604938272,0.9876543209876544,0.9166666666666666,0.9228395061728396
GBLUP,R1,lentil,VEG,KinCP-C,1620,0.9141975308641976,0.0109990923958058,0.0206172839506173,0.8888888888888888,1.9582460667836088,2.5385708851743614,0.0,0.9012345679012346,0.8888888888888888,0.9567901234567902,0.8950617283950617,0.9290123456790124
GBLUP,R1,lentil,VEG,KinCP[fixed-h],1620,0.912962962962963,0.0100959427369111,0.0206172839506172,0.8858024691358025,2.000079761178761,2.5929482356680125,0.0012345679012345,0.9012345679012346,0.8858024691358025,0.9475308641975309,0.8950617283950617,0.9351851851851852
GBLUP,R1,lentil,VEG,KinCP[h=0.25],1620,0.9117283950617284,0.0135591868126474,0.0206172839506172,0.8858024691358025,1.9484444515215689,2.569020563034098,0.0,0.904320987654321,0.8919753086419753,0.9382716049382716,0.8858024691358025,0.9382716049382716
GBLUP,R1,lentil,VEG,KinCP[h=1.0],1620,0.9123456790123456,0.0091558006013526,0.0212345679012345,0.8827160493827161,1.96406783753384,2.554155871671955,0.0,0.9012345679012346,0.8827160493827161,0.9537037037037036,0.8950617283950617,0.9290123456790124
GBLUP,R1,lentil,VEG,KinCP[h=2.0],1620,0.912962962962963,0.0098572342115254,0.021358024691358,0.8858024691358025,1.95376184761632,2.5385573920476427,0.0,0.8981481481481481,0.8858024691358025,0.9567901234567902,0.8950617283950617,0.9290123456790124
GBLUP,R1,lentil,VEG,KinCP[nmin=100],1620,0.910493827160494,0.010466558615934,0.0225925925925926,0.8765432098765432,1.9356145311309667,2.5477511641973014,0.0,0.8981481481481481,0.8765432098765432,0.9475308641975309,0.8950617283950617,0.9351851851851852
GBLUP,R1,lentil,VEG,KinCP[nmin=25],1620,0.912962962962963,0.0100959427369111,0.0206172839506172,0.8858024691358025,1.9946754751524207,2.584621576680785,0.0,0.9012345679012346,0.8858024691358025,0.9475308641975309,0.8950617283950617,0.9351851851851852
GBLUP,R1,lentil,VEG,NormCP,1620,0.910493827160494,0.022149228540752,0.0317283950617284,0.8672839506172839,2.008843377875837,2.5761646692347764,0.0,0.910493827160494,0.8672839506172839,0.9814814814814816,0.8796296296296297,0.9135802469135802
GBLUP,R1,lentil,VEG,SCP,1620,0.9055555555555556,0.0251311147973114,0.0490123456790123,0.8364197530864198,2.045466029756005,2.629604733940976,0.0,0.9351851851851852,0.9228395061728396,0.9783950617283952,0.8364197530864198,0.8549382716049383
GBLUP,R1,oyster,mm,CV+,1860,0.9064516129032258,0.0061299754037588,0.016774193548387,0.8763440860215054,3.07898024592924,3.7955862465387904,0.0,0.9247311827956988,0.8978494623655914,0.913978494623656,0.9193548387096774,0.8763440860215054
GBLUP,R1,oyster,mm,CalPred-style,1860,0.8811827956989248,0.0051708021671159,0.0190322580645161,0.8548387096774194,2.8273377964761464,3.766105912401481,0.0,0.8924731182795699,0.8709677419354839,0.8870967741935484,0.9005376344086021,0.8548387096774194
GBLUP,R1,oyster,mm,CalPred-style(rand),1860,0.8919354838709678,0.0029447449328234,0.0125806451612903,0.8790322580645161,2.866153875196135,3.739203943824254,0.0,0.8924731182795699,0.8790322580645161,0.8951612903225806,0.9112903225806452,0.8817204301075269
GBLUP,R1,oyster,mm,Gauss-PEV,1860,0.8903225806451613,0.0072131225080638,0.0131182795698924,0.8682795698924731,2.884853275879196,3.7554068391337,0.0,0.8924731182795699,0.8844086021505376,0.8978494623655914,0.9086021505376344,0.8682795698924731
GBLUP,R1,oyster,mm,Gauss-homosc,1860,0.896774193548387,0.0048833070227378,0.0135483870967741,0.8655913978494624,2.9371089760244344,3.763898427780658,0.0,0.9112903225806452,0.8924731182795699,0.9032258064516128,0.9112903225806452,0.8655913978494624
GBLUP,R1,oyster,mm,KinCP,1860,0.896236559139785,0.0030649877018794,0.013010752688172,0.8709677419354839,2.940476567375013,3.7804953200857727,0.0,0.9059139784946236,0.8870967741935484,0.9005376344086021,0.9166666666666666,0.8709677419354839
GBLUP,R1,oyster,mm,KinCP-A,1860,0.9086021505376344,0.0038016493612179,0.0156989247311827,0.8870967741935484,3.090259810715561,3.805752356249336,0.0,0.9166666666666666,0.8951612903225806,0.922043010752688,0.922043010752688,0.8870967741935484
GBLUP,R1,oyster,mm,KinCP-AB,1860,0.9102150537634408,0.0058894898656469,0.0173118279569892,0.8844086021505376,3.101056465365619,3.8193942202319406,0.0,0.922043010752688,0.8978494623655914,0.9247311827956988,0.922043010752688,0.8844086021505376
GBLUP,R1,oyster,mm,KinCP-ABC,1860,0.9043010752688172,0.0072630409065087,0.0156989247311827,0.8790322580645161,3.0487250370486656,3.7828673742732746,0.0,0.9193548387096774,0.8924731182795699,0.9112903225806452,0.9193548387096774,0.8790322580645161
GBLUP,R1,oyster,mm,KinCP-AC,1860,0.9037634408602152,0.0097666140454757,0.0151612903225806,0.8844086021505376,3.030706599452283,3.771216924812383,0.0,0.9112903225806452,0.8870967741935484,0.913978494623656,0.922043010752688,0.8844086021505376
GBLUP,R1,oyster,mm,KinCP-B,1860,0.8994623655913978,0.0048833070227378,0.0151612903225806,0.8736559139784946,2.972525067612124,3.781832274077424,0.0,0.913978494623656,0.8870967741935484,0.9032258064516128,0.9193548387096774,0.8736559139784946
GBLUP,R1,oyster,mm,KinCP-BC,1860,0.9091397849462366,0.0064179227883404,0.0143010752688171,0.8870967741935484,3.100103088229088,3.783357376012902,0.0,0.9247311827956988,0.9005376344086021,0.913978494623656,0.9193548387096774,0.8870967741935484
GBLUP,R1,oyster,mm,KinCP-C,1860,0.8709677419354839,0.0063043222578271,0.0290322580645161,0.8521505376344086,2.7662369507058555,3.785169499617008,0.0,0.8763440860215054,0.8575268817204301,0.8763440860215054,0.8924731182795699,0.8521505376344086
GBLUP,R1,oyster,mm,KinCP[fixed-h],1860,0.896236559139785,0.0030649877018794,0.013010752688172,0.8709677419354839,2.94126398125821,3.7812827339689687,0.0,0.9059139784946236,0.8870967741935484,0.9005376344086021,0.9166666666666666,0.8709677419354839
GBLUP,R1,oyster,mm,KinCP[h=0.25],1860,0.9016129032258065,0.0030649877018794,0.0162365591397849,0.8736559139784946,3.009945619393502,3.787560803844633,0.0,0.9112903225806452,0.8897849462365591,0.9112903225806452,0.922043010752688,0.8736559139784946
GBLUP,R1,oyster,mm,KinCP[h=1.0],1860,0.8924731182795699,0.0019008246806089,0.0144086021505376,0.8655913978494624,2.886314953266503,3.77821295459228,0.0,0.9032258064516128,0.8844086021505376,0.8951612903225806,0.913978494623656,0.8655913978494624
GBLUP,R1,oyster,mm,KinCP[h=2.0],1860,0.878494623655914,0.0058278181152362,0.021505376344086,0.8548387096774194,2.817259191170665,3.778295455042369,0.0,0.8817204301075269,0.8736559139784946,0.8844086021505376,0.8978494623655914,0.8548387096774194
GBLUP,R1,oyster,mm,KinCP[nmin=100],1860,0.896236559139785,0.0030649877018794,0.013010752688172,0.8709677419354839,2.939963960237926,3.779982712948684,0.0,0.9059139784946236,0.8870967741935484,0.9005376344086021,0.9166666666666666,0.8709677419354839
GBLUP,R1,oyster,mm,KinCP[nmin=25],1860,0.896236559139785,0.0030649877018794,0.013010752688172,0.8709677419354839,2.940851608724754,3.780870361435513,0.0,0.9059139784946236,0.8870967741935484,0.9005376344086021,0.9166666666666666,0.8709677419354839
GBLUP,R1,oyster,mm,NormCP,1860,0.9021505376344086,0.0121116992753427,0.0135483870967741,0.8736559139784946,3.105380614347872,3.840849432727498,0.0,0.913978494623656,0.8978494623655914,0.9112903225806452,0.913978494623656,0.8736559139784946
GBLUP,R1,oyster,mm,SCP,1860,0.9016129032258065,0.0116556362304724,0.0162365591397849,0.8655913978494624,3.1210289068960577,3.8569287601531976,0.0,0.922043010752688,0.8978494623655914,0.9086021505376344,0.913978494623656,0.8655913978494624
GBLUP,R1,pig,PFAI,CV+,8545,0.9060269163253364,0.0012819720479934,0.0095845523698069,0.8946752486834406,2.673471149536206,4.257255541537517,0.0,0.9122293739028672,0.901111761263897,0.8964306612053833,0.8946752486834406,0.9256875365710944
GBLUP,R1,pig,PFAI,CalPred-style,8545,0.9200702165008776,0.0021339476335647,0.0200702165008776,0.9104739613809244,2.9556705153482308,4.34304862975738,0.0,0.9133996489174956,0.9122293739028672,0.9104739613809244,0.9128145114101814,0.9514335868929198
GBLUP,R1,pig,PFAI,CalPred-style(rand),8545,0.927325921591574,0.0011255344682077,0.027325921591574,0.9192510239906378,3.056164356290351,4.354328438072084,0.0,0.9204212990052664,0.9192510239906378,0.9192510239906378,0.9239321240491516,0.9537741369221768
GBLUP,R1,pig,PFAI,Gauss-PEV,8545,0.932592159157402,0.0018224004098768,0.0325921591574019,0.9221767115272088,3.129108664155564,4.3470970126775015,0.0,0.9362200117027502,0.930368636629608,0.9227618490345232,0.9221767115272088,0.9514335868929198
GBLUP,R1,pig,PFAI,Gauss-homosc,8545,0.9335283791691048,0.0020521565730544,0.0335283791691046,0.9227618490345232,3.151131031510397,4.354613998260072,0.0,0.938560561732007,0.9321240491515506,0.9233469865418372,0.9227618490345232,0.9508484493856056
GBLUP,R1,pig,PFAI,KinCP,8545,0.9016968987712112,0.0014918137839651,0.0080866003510825,0.890579286132241,2.6612633459168613,4.257714543439881,0.0,0.9046225863077824,0.8964306612053833,0.8970157987126974,0.890579286132241,0.919836161497952
GBLUP,R1,pig,PFAI,KinCP-A,8545,0.9032182562902282,0.0008874049671213,0.0063311878291398,0.8946752486834406,2.6900089193848435,4.262851410524199,0.0,0.9034523112931538,0.898186073727326,0.8993563487419544,0.8946752486834406,0.9204212990052664
GBLUP,R1,pig,PFAI,KinCP-AB,8545,0.9031012287887652,0.0012819720479933,0.0064482153306026,0.8940901111761264,2.692108604453393,4.263809646366094,0.0,0.9034523112931538,0.898186073727326,0.8993563487419544,0.8940901111761264,0.9204212990052664
GBLUP,R1,pig,PFAI,KinCP-ABC,8545,0.901111761263897,0.0027131710051186,0.0105441778818022,0.8894090111176126,2.655447312456232,4.260337277273695,0.0,0.9075482738443534,0.895845523698069,0.8911644236395553,0.8894090111176126,0.9215915740198948
GBLUP,R1,pig,PFAI,KinCP-AC,8545,0.90040959625512,0.0028784959335866,0.0119485078993563,0.8894090111176126,2.646858155104311,4.260142336512935,0.0,0.9057928613224108,0.8911644236395553,0.890579286132241,0.8894090111176126,0.92510239906378
GBLUP,R1,pig,PFAI,KinCP-B,8545,0.902633118782914,0.0015258519380228,0.0076184903452311,0.8911644236395553,2.666994978574213,4.25873004118468,0.0,0.9057928613224108,0.8987712112346401,0.8976009362200117,0.8911644236395553,0.919836161497952
GBLUP,R1,pig,PFAI,KinCP-BC,8545,0.9028671737858396,0.0020687734967423,0.0101930953774137,0.8917495611468695,2.6716687981501552,4.260365595102948,0.0,0.909303686366296,0.8970157987126974,0.892919836161498,0.8917495611468695,0.9233469865418372
GBLUP,R1,pig,PFAI,KinCP-C,8545,0.8985371562317145,0.0019669673860704,0.0119485078993563,0.88765359859567,2.642468160534027,4.260199077608203,0.0,0.9034523112931538,0.8882387361029842,0.890579286132241,0.88765359859567,0.9227618490345232
GBLUP,R1,pig,PFAI,KinCP[fixed-h],8545,0.9027501462843768,0.0013969966514117,0.0091398478642481,0.890579286132241,2.666512799924672,4.212120444510238,0.0038619075482738,0.9069631363370392,0.8964306612053833,0.8970157987126974,0.890579286132241,0.9227618490345232
GBLUP,R1,pig,PFAI,KinCP[h=0.25],8545,0.901111761263897,0.0010946920382603,0.0061205383265067,0.8940901111761264,2.680800347347843,4.258982274082726,0.0,0.8987712112346401,0.8946752486834406,0.8999414862492686,0.8940901111761264,0.9180807489760092
GBLUP,R1,pig,PFAI,KinCP[h=1.0],8545,0.8995904037448801,0.0021339476335647,0.0113633703920421,0.8882387361029842,2.640034323659737,4.2588215916279255,0.0,0.9057928613224108,0.890579286132241,0.8917495611468695,0.8882387361029842,0.9215915740198948
GBLUP,R1,pig,PFAI,KinCP[h=2.0],8545,0.8983031012287888,0.0022434510839883,0.0117144528964306,0.88765359859567,2.633271323483857,4.260017788134041,0.0,0.9028671737858396,0.8888238736102985,0.8899941486249269,0.88765359859567,0.9221767115272088
GBLUP,R1,pig,PFAI,KinCP[nmin=100],8545,0.9016968987712112,0.0014918137839651,0.0080866003510825,0.890579286132241,2.660530479184962,4.258316682814812,0.0,0.9046225863077824,0.8964306612053833,0.8970157987126974,0.890579286132241,0.919836161497952
GBLUP,R1,pig,PFAI,KinCP[nmin=25],8545,0.901813926272674,0.0013969966514117,0.0082036278525453,0.890579286132241,2.663787515360472,4.258155968040428,0.0,0.9052077238150964,0.8964306612053833,0.8970157987126974,0.890579286132241,0.919836161497952
GBLUP,R1,pig,PFAI,NormCP,8545,0.905558806319485,0.0117436383422371,0.0103101228788765,0.8940901111761264,2.723708578575663,4.283489657011919,0.0,0.9087185488589818,0.8976009362200117,0.8940901111761264,0.8964306612053833,0.9309537741369222
GBLUP,R1,pig,PFAI,SCP,8545,0.9046225863077824,0.0112325066240213,0.0105441778818022,0.8935049736688122,2.722170962843089,4.283534952307391,0.0,0.9110590988882388,0.8976009362200117,0.8935049736688122,0.8940901111761264,0.9268578115857228
GBLUP,R1,pine,c5c6,CV+,4550,0.9092307692307692,0.0043680454756816,0.0127472527472527,0.8912087912087913,1.496880846818949,1.8637454442793475,0.0,0.9285714285714286,0.9010989010989012,0.9208791208791208,0.9043956043956044,0.8912087912087913
GBLUP,R1,pine,c5c6,CalPred-style,4550,0.8714285714285714,0.0041117114140372,0.0312087912087912,0.8395604395604396,1.4069888023001718,1.97817242262752,0.0,0.8637362637362638,0.8395604395604396,0.8714285714285714,0.8758241758241758,0.9065934065934066
GBLUP,R1,pine,c5c6,CalPred-style(rand),4550,0.8901098901098901,0.0058148380462958,0.0147252747252747,0.8747252747252747,1.432213748549522,1.908185621425753,0.0,0.910989010989011,0.8758241758241758,0.9010989010989012,0.8879120879120879,0.8747252747252747
GBLUP,R1,pine,c5c6,Gauss-PEV,4550,0.8934065934065935,0.0047265523445289,0.007032967032967,0.8747252747252747,1.45722718682849,1.9101026894009108,0.0,0.9010989010989012,0.8747252747252747,0.9,0.8912087912087913,0.9
GBLUP,R1,pine,c5c6,Gauss-homosc,4550,0.8912087912087913,0.0052125455936841,0.0158241758241758,0.8736263736263736,1.4414852314220636,1.9018546381880947,0.0,0.9175824175824177,0.8769230769230769,0.9,0.8879120879120879,0.8736263736263736
GBLUP,R1,pine,c5c6,KinCP,4550,0.892967032967033,0.0047009339859796,0.0109890109890109,0.8681318681318682,1.488430615669186,1.9456929612533016,0.0,0.9043956043956044,0.8681318681318682,0.8989010989010989,0.8879120879120879,0.9054945054945056
GBLUP,R1,pine,c5c6,KinCP-A,4550,0.8916483516483517,0.0059988325555851,0.0096703296703296,0.8681318681318682,1.4527804766173746,1.9131345517395184,0.0,0.9,0.8681318681318682,0.9032967032967032,0.889010989010989,0.8978021978021978
GBLUP,R1,pine,c5c6,KinCP-AB,4550,0.896043956043956,0.0040822364002212,0.0127472527472527,0.8813186813186813,1.4621675296140806,1.903246649382716,0.0,0.9131868131868132,0.8813186813186813,0.9087912087912088,0.8923076923076924,0.8846153846153846
GBLUP,R1,pine,c5c6,KinCP-ABC,4550,0.8956043956043956,0.0036446426267641,0.0153846153846154,0.878021978021978,1.4627502760389204,1.9034531626759568,0.0,0.921978021978022,0.8835164835164835,0.9054945054945056,0.889010989010989,0.878021978021978
GBLUP,R1,pine,c5c6,KinCP-AC,4550,0.8874725274725275,0.0039315480923073,0.0125274725274725,0.865934065934066,1.4332342541679794,1.9139087193630755,0.0,0.8989010989010989,0.865934065934066,0.8956043956043956,0.8857142857142857,0.8912087912087913
GBLUP,R1,pine,c5c6,KinCP-B,4550,0.9008791208791208,0.0039925059614472,0.0105494505494505,0.8857142857142857,1.5167042388585277,1.935413172552109,0.0,0.9186813186813186,0.8857142857142857,0.9054945054945056,0.8901098901098901,0.9043956043956044
GBLUP,R1,pine,c5c6,KinCP-BC,4550,0.9742857142857144,0.0045706888666121,0.0742857142857142,0.967032967032967,2.065534589026707,2.1536465412376216,0.0,0.9802197802197802,0.968131868131868,0.9846153846153848,0.9714285714285714,0.967032967032967
GBLUP,R1,pine,c5c6,KinCP-C,4550,0.9410989010989012,0.0041555319563052,0.041098901098901,0.9230769230769232,1.7563030627069112,1.974259879261736,0.0,0.9516483516483516,0.9230769230769232,0.945054945054945,0.9362637362637364,0.9494505494505494
GBLUP,R1,pine,c5c6,KinCP[fixed-h],4550,0.892967032967033,0.0047009339859796,0.0109890109890109,0.8681318681318682,1.4744206706580287,1.9338032435014207,0.0046153846153845,0.9043956043956044,0.8681318681318682,0.8989010989010989,0.8879120879120879,0.9054945054945056
GBLUP,R1,pine,c5c6,KinCP[h=0.25],4550,0.892087912087912,0.0057311669496287,0.0105494505494505,0.865934065934066,1.490709956745551,1.9485368046601568,0.0,0.8967032967032967,0.865934065934066,0.9032967032967032,0.8912087912087913,0.9032967032967032
GBLUP,R1,pine,c5c6,KinCP[h=1.0],4550,0.9024175824175824,0.0038382965267193,0.0116483516483516,0.8791208791208791,1.5358060999764136,1.9362394287638955,0.0,0.9076923076923076,0.8791208791208791,0.9087912087912088,0.8978021978021978,0.9186813186813186
GBLUP,R1,pine,c5c6,KinCP[h=2.0],4550,0.925934065934066,0.0029690672716717,0.0259340659340659,0.9043956043956044,1.6680305434413163,1.9468194417670035,0.0,0.9296703296703296,0.9043956043956044,0.934065934065934,0.921978021978022,0.9395604395604396
GBLUP,R1,pine,c5c6,KinCP[nmin=100],4550,0.892967032967033,0.0047009339859796,0.0109890109890109,0.8681318681318682,1.486873400728704,1.94413574631282,0.0,0.9043956043956044,0.8681318681318682,0.8989010989010989,0.8879120879120879,0.9054945054945056
GBLUP,R1,pine,c5c6,KinCP[nmin=25],4550,0.892967032967033,0.0047009339859796,0.0109890109890109,0.8681318681318682,1.4897736404311674,1.947035986015283,0.0,0.9043956043956044,0.8681318681318682,0.8989010989010989,0.8879120879120879,0.9054945054945056
GBLUP,R1,pine,c5c6,NormCP,4550,0.907032967032967,0.0056355522659156,0.0105494505494505,0.8912087912087913,1.5337980610680606,1.931902229250288,0.0,0.9131868131868132,0.8912087912087913,0.912087912087912,0.9076923076923076,0.910989010989011
GBLUP,R1,pine,c5c6,SCP,4550,0.9072527472527472,0.0056888699365031,0.0103296703296703,0.8945054945054945,1.5257309022332235,1.9229069735532205,0.0,0.9241758241758242,0.8978021978021978,0.9153846153846154,0.9043956043956044,0.8945054945054945
GBLUP,R1,pine,rootnum,CV+,4625,0.9176216216216216,0.0029998782541646,0.0178378378378378,0.8994594594594595,1.693840433574916,2.080153776555401,0.0,0.9254054054054054,0.9221621621621622,0.9254054054054054,0.8994594594594595,0.9156756756756756
GBLUP,R1,pine,rootnum,CalPred-style,4625,0.8856216216216216,0.0114001524985635,0.0258378378378378,0.8616216216216216,1.6094475494690752,2.150995488838432,0.0,0.8616216216216216,0.8681081081081081,0.8962162162162162,0.8735135135135135,0.9286486486486486
GBLUP,R1,pine,rootnum,CalPred-style(rand),4625,0.9003243243243243,0.0073878268381707,0.0087567567567567,0.8821621621621621,1.628479062772992,2.109440906901156,0.0,0.8994594594594595,0.8972972972972973,0.9102702702702704,0.8821621621621621,0.9124324324324324
GBLUP,R1,pine,rootnum,Gauss-PEV,4625,0.9063783783783784,0.0054377411199823,0.0119999999999999,0.8875675675675676,1.652572991313348,2.106683947444914,0.0,0.9027027027027028,0.8983783783783784,0.9145945945945946,0.8875675675675676,0.9286486486486486
GBLUP,R1,pine,rootnum,Gauss-homosc,4625,0.9068108108108108,0.0046120495151787,0.0096216216216216,0.892972972972973,1.6656607962383545,2.115514120524852,0.0,0.9113513513513514,0.9091891891891892,0.918918918918919,0.892972972972973,0.9016216216216216
GBLUP,R1,pine,rootnum,KinCP,4625,0.9044324324324324,0.0072762459115519,0.0130810810810811,0.8854054054054054,1.6635880279543769,2.129362019229073,0.0,0.9005405405405406,0.892972972972973,0.9113513513513514,0.8854054054054054,0.931891891891892
GBLUP,R1,pine,rootnum,KinCP-A,4625,0.9016216216216216,0.008408837397894,0.0126486486486486,0.8843243243243243,1.6380806401249306,2.112411464743728,0.0,0.8994594594594595,0.8886486486486487,0.9091891891891892,0.8843243243243243,0.9264864864864863
GBLUP,R1,pine,rootnum,KinCP-AB,4625,0.904,0.0094987600590221,0.0094054054054053,0.8864864864864865,1.64622257357573,2.1179026029719696,0.0,0.907027027027027,0.9016216216216216,0.9145945945945946,0.8864864864864865,0.9102702702702704
GBLUP,R1,pine,rootnum,KinCP-ABC,4625,0.9057297297297298,0.004548255993073,0.0096216216216216,0.8908108108108108,1.6622937380356062,2.116057545632209,0.0,0.9113513513513514,0.9081081081081082,0.918918918918919,0.8908108108108108,0.8994594594594595
GBLUP,R1,pine,rootnum,KinCP-AC,4625,0.8983783783783784,0.0066202425480626,0.0124324324324324,0.8767567567567568,1.6155821027865018,2.108065180680323,0.0,0.8972972972972973,0.8908108108108108,0.9081081081081082,0.8767567567567568,0.918918918918919
GBLUP,R1,pine,rootnum,KinCP-B,4625,0.909837837837838,0.0078182420461684,0.0143783783783783,0.8886486486486487,1.6956843584568078,2.1222582864503745,0.0,0.9081081081081082,0.907027027027027,0.9178378378378378,0.8886486486486487,0.9275675675675676
GBLUP,R1,pine,rootnum,KinCP-BC,4625,0.9695135135135136,0.0032790812731033,0.0695135135135134,0.9675675675675676,2.2177712980441777,2.356728519999584,0.0,0.9708108108108108,0.9697297297297296,0.9675675675675676,0.9718918918918918,0.9675675675675676
GBLUP,R1,pine,rootnum,KinCP-C,4625,0.9362162162162162,0.0052407349809906,0.0362162162162161,0.9264864864864863,1.8588010212592847,2.157206891090796,0.0,0.9264864864864863,0.932972972972973,0.9362162162162162,0.9286486486486486,0.9567567567567568
GBLUP,R1,pine,rootnum,KinCP[fixed-h],4625,0.9044324324324324,0.0072762459115519,0.0130810810810811,0.8854054054054054,1.6505280603749803,2.1183249571492406,0.0043243243243242,0.9005405405405406,0.892972972972973,0.9113513513513514,0.8854054054054054,0.931891891891892
GBLUP,R1,pine,rootnum,KinCP[h=0.25],4625,0.9027027027027028,0.0083390533084008,0.0139459459459459,0.8843243243243243,1.6644881365192103,2.13335416998327,0.0,0.9005405405405406,0.8875675675675676,0.9091891891891892,0.8843243243243243,0.931891891891892
GBLUP,R1,pine,rootnum,KinCP[h=1.0],4625,0.9091891891891892,0.0054054054054053,0.0135135135135134,0.8897297297297297,1.692144101931292,2.1249911258747423,0.0,0.9037837837837838,0.8994594594594595,0.9178378378378378,0.8897297297297297,0.9351351351351352
GBLUP,R1,pine,rootnum,KinCP[h=2.0],4625,0.9262702702702704,0.0036179893039311,0.0262702702702702,0.9145945945945946,1.789924913751785,2.137908026822348,0.0,0.9156756756756756,0.9210810810810812,0.9297297297297298,0.9145945945945946,0.9502702702702702
GBLUP,R1,pine,rootnum,KinCP[nmin=100],4625,0.9044324324324324,0.0072762459115519,0.0130810810810811,0.8854054054054054,1.6620222303836978,2.127796221658394,0.0,0.9005405405405406,0.892972972972973,0.9113513513513514,0.8854054054054054,0.931891891891892
GBLUP,R1,pine,rootnum,KinCP[nmin=25],4625,0.9044324324324324,0.0072762459115519,0.0130810810810811,0.8854054054054054,1.6644816846866095,2.130255675961306,0.0,0.9005405405405406,0.892972972972973,0.9113513513513514,0.8854054054054054,0.931891891891892
GBLUP,R1,pine,rootnum,NormCP,4625,0.9024864864864864,0.0046749726076626,0.0126486486486486,0.8832432432432432,1.6708120994638045,2.101706288677032,0.0,0.8994594594594595,0.8918918918918919,0.9102702702702704,0.8832432432432432,0.9275675675675676
GBLUP,R1,pine,rootnum,SCP,4625,0.9001081081081082,0.004930488324753,0.0113513513513513,0.8778378378378379,1.6576934788094864,2.109049725514259,0.0,0.9135135135135136,0.9027027027027028,0.9124324324324324,0.8778378378378379,0.894054054054054
GBLUP,R1,pine,rootnumbin,CV+,4625,0.9167567567567568,0.0054054054054053,0.0251891891891891,0.8789189189189189,1.826322658672147,2.196735579709204,0.0,0.9264864864864863,0.9383783783783785,0.934054054054054,0.905945945945946,0.8789189189189189
GBLUP,R1,pine,rootnumbin,CalPred-style,4625,0.8743783783783784,0.0093123699318304,0.031027027027027,0.8281081081081081,1.6991480519275814,2.2406842459536747,0.0,0.8281081081081081,0.8702702702702703,0.8864864864864865,0.8735135135135135,0.9135135135135136
GBLUP,R1,pine,rootnumbin,CalPred-style(rand),4625,0.8838918918918919,0.0065134574406019,0.0161081081081081,0.8562162162162162,1.7130625003092692,2.2277586284413684,0.0,0.8562162162162162,0.8983783783783784,0.8994594594594595,0.8767567567567568,0.8886486486486487
GBLUP,R1,pine,rootnumbin,Gauss-PEV,4625,0.8934054054054054,0.0059015541898188,0.0122162162162162,0.8745945945945945,1.7485723584432282,2.2077327785918324,0.0,0.8745945945945945,0.9037837837837838,0.9102702702702704,0.8821621621621621,0.8962162162162162
GBLUP,R1,pine,rootnumbin,Gauss-homosc,4625,0.8988108108108108,0.0062385029389204,0.0167567567567567,0.8681081081081081,1.769843986898265,2.2339087136545928,0.0,0.8972972972972973,0.9167567567567568,0.9221621621621622,0.8897297297297297,0.8681081081081081
GBLUP,R1,pine,rootnumbin,KinCP,4625,0.8968648648648648,0.004930488324753,0.0115675675675675,0.8745945945945945,1.7780290508661418,2.2188169179276875,0.0,0.8745945945945945,0.9027027027027028,0.9113513513513514,0.8886486486486487,0.907027027027027
GBLUP,R1,pine,rootnumbin,KinCP-A,4625,0.8957837837837838,0.0059508579219558,0.0111351351351351,0.88,1.764348857401052,2.209544526713233,0.0,0.88,0.9048648648648648,0.9124324324324324,0.8832432432432432,0.8983783783783784
GBLUP,R1,pine,rootnumbin,KinCP-AB,4625,0.8981621621621622,0.0046749726076626,0.0130810810810811,0.8832432432432432,1.766718051461722,2.2280066720462472,0.0,0.8962162162162162,0.9091891891891892,0.918918918918919,0.8832432432432432,0.8832432432432432
GBLUP,R1,pine,rootnumbin,KinCP-ABC,4625,0.9044324324324324,0.005801689887567,0.0174054054054054,0.8724324324324324,1.78994872056261,2.2357607710337577,0.0,0.905945945945946,0.9221621621621622,0.9264864864864863,0.8951351351351351,0.8724324324324324
GBLUP,R1,pine,rootnumbin,KinCP-AC,4625,0.8947027027027027,0.0055441649318737,0.0117837837837837,0.8745945945945945,1.755626462626035,2.2061472827616377,0.0,0.8745945945945945,0.9027027027027028,0.9135135135135136,0.8886486486486487,0.894054054054054
GBLUP,R1,pine,rootnumbin,KinCP-B,4625,0.9042162162162162,0.003114564387219,0.0115675675675675,0.8886486486486487,1.802524486532348,2.215177800697339,0.0,0.892972972972973,0.9135135135135136,0.9210810810810812,0.8886486486486487,0.9048648648648648
GBLUP,R1,pine,rootnumbin,KinCP-BC,4625,0.968,0.0055441649318737,0.0679999999999999,0.948108108108108,2.361740079013983,2.4799657427609105,0.0,0.9762162162162162,0.9794594594594594,0.972972972972973,0.9632432432432432,0.948108108108108
GBLUP,R1,pine,rootnumbin,KinCP-C,4625,0.939027027027027,0.0067772661702302,0.0390270270270269,0.9243243243243244,2.003386082175526,2.2552772566374726,0.0,0.9243243243243244,0.9502702702702702,0.948108108108108,0.9362162162162162,0.9362162162162162
GBLUP,R1,pine,rootnumbin,KinCP[fixed-h],4625,0.8968648648648648,0.004930488324753,0.0115675675675675,0.8745945945945945,1.7649461232999952,2.207648378492101,0.0043243243243242,0.8745945945945945,0.9027027027027028,0.9113513513513514,0.8886486486486487,0.907027027027027
GBLUP,R1,pine,rootnumbin,KinCP[h=0.25],4625,0.8972972972972973,0.0053510783441143,0.0119999999999999,0.8810810810810811,1.784306739458614,2.22102168947311,0.0,0.8810810810810811,0.9048648648648648,0.9124324324324324,0.8821621621621621,0.905945945945946
GBLUP,R1,pine,rootnumbin,KinCP[h=1.0],4625,0.9068108108108108,0.0041449274622012,0.0145945945945946,0.8810810810810811,1.8181739194352624,2.217624384979043,0.0,0.8810810810810811,0.9135135135135136,0.9210810810810812,0.8994594594594595,0.918918918918919
GBLUP,R1,pine,rootnumbin,KinCP[h=2.0],4625,0.9267027027027028,0.0059900087252735,0.0267027027027026,0.9048648648648648,1.927946407859774,2.2310461155294417,0.0,0.9048648648648648,0.9383783783783785,0.9416216216216216,0.9221621621621622,0.9264864864864863
GBLUP,R1,pine,rootnumbin,KinCP[nmin=100],4625,0.8968648648648648,0.004930488324753,0.0115675675675675,0.8745945945945945,1.777067729511978,2.217855596573524,0.0,0.8745945945945945,0.9027027027027028,0.9113513513513514,0.8886486486486487,0.907027027027027
GBLUP,R1,pine,rootnumbin,KinCP[nmin=25],4625,0.8968648648648648,0.004930488324753,0.0115675675675675,0.8745945945945945,1.7787983704493964,2.2195862375109425,0.0,0.8745945945945945,0.9027027027027028,0.9113513513513514,0.8886486486486487,0.907027027027027
GBLUP,R1,pine,rootnumbin,NormCP,4625,0.9044324324324324,0.008039348083277,0.0087567567567567,0.8897297297297297,1.8212493774219631,2.225389598168044,0.0,0.8897297297297297,0.9124324324324324,0.9156756756756756,0.9048648648648648,0.8994594594594595
GBLUP,R1,pine,rootnumbin,SCP,4625,0.9061621621621622,0.0061345993336696,0.0167567567567567,0.8735135135135135,1.823719846123244,2.249213228574982,0.0,0.9037837837837838,0.9254054054054054,0.9243243243243244,0.9037837837837838,0.8735135135135135
GBLUP,R1,rice,Culm_habit,CV+,1755,0.9048433048433048,0.0065588971129466,0.0161253561253561,0.8717948717948718,2.619269443460427,3.362945973984677,0.0,0.9002849002849003,0.925925925925926,0.8717948717948718,0.9088319088319088,0.9173789173789174
GBLUP,R1,rice,Culm_habit,CalPred-style,1755,0.8991452991452992,0.0051754706907649,0.0125925925925926,0.8689458689458689,2.60081291389922,3.385988133368361,0.0,0.8974358974358975,0.9173789173789174,0.8689458689458689,0.9002849002849003,0.9116809116809116
GBLUP,R1,rice,Culm_habit,CalPred-style(rand),1755,0.9025641025641026,0.0061764909939255,0.0148717948717948,0.8746438746438746,2.616644745480258,3.400125017880166,0.0,0.8945868945868946,0.9145299145299144,0.8746438746438746,0.9088319088319088,0.9202279202279202
GBLUP,R1,rice,Culm_habit,Gauss-PEV,1755,0.9008547008547008,0.0064967260689409,0.0222792022792022,0.8717948717948718,2.630583322224538,3.404626382734814,0.0,0.8746438746438746,0.9088319088319088,0.8717948717948718,0.9145299145299144,0.9344729344729344
GBLUP,R1,rice,Culm_habit,Gauss-homosc,1755,0.9037037037037036,0.0073744610288004,0.0138461538461538,0.8746438746438746,2.625813832180523,3.388100738556082,0.0,0.9002849002849003,0.9230769230769232,0.8746438746438746,0.9088319088319088,0.9116809116809116
GBLUP,R1,rice,Culm_habit,KinCP,1755,0.9031339031339032,0.0078023156339767,0.0234188034188034,0.8689458689458689,2.618685554379524,3.4285304150706346,0.0,0.8803418803418803,0.9031339031339032,0.8689458689458689,0.9287749287749288,0.9344729344729344
GBLUP,R1,rice,Culm_habit,KinCP-A,1755,0.905982905982906,0.0069786032557925,0.0228490028490028,0.8746438746438746,2.696958058950441,3.453773798944571,0.0,0.8831908831908832,0.9145299145299144,0.8746438746438746,0.925925925925926,0.9316239316239316
GBLUP,R1,rice,Culm_habit,KinCP-AB,1755,0.9111111111111112,0.0050964512307687,0.0178347578347578,0.8831908831908832,2.6985887754598834,3.4369652297723263,0.0,0.9002849002849003,0.9202279202279202,0.8831908831908832,0.925925925925926,0.925925925925926
GBLUP,R1,rice,Culm_habit,KinCP-ABC,1755,0.8991452991452992,0.0111439357353891,0.0124786324786325,0.8746438746438746,2.591889778689506,3.3970269499194234,0.0,0.8974358974358975,0.9173789173789174,0.8746438746438746,0.8945868945868946,0.9116809116809116
GBLUP,R1,rice,Culm_habit,KinCP-AC,1755,0.8985754985754986,0.0129934521378818,0.0211396011396011,0.8717948717948718,2.586772279020676,3.416641659788459,0.0,0.8717948717948718,0.9031339031339032,0.8717948717948718,0.9173789173789174,0.9287749287749288
GBLUP,R1,rice,Culm_habit,KinCP-B,1755,0.9071225071225072,0.0071509403977271,0.0205698005698005,0.8746438746438746,2.641379524307223,3.4217084625480867,0.0,0.8917378917378918,0.905982905982906,0.8746438746438746,0.9287749287749288,0.9344729344729344
GBLUP,R1,rice,Culm_habit,KinCP-BC,1755,0.8997150997150997,0.0054801663993365,0.012022792022792,0.8717948717948718,2.59115956498074,3.390307047380076,0.0,0.8974358974358975,0.9145299145299144,0.8717948717948718,0.9031339031339032,0.9116809116809116
GBLUP,R1,rice,Culm_habit,KinCP-C,1755,0.8923076923076924,0.0064967260689409,0.0215954415954416,0.8603988603988604,2.507344691454229,3.4128761848428453,0.0,0.8689458689458689,0.8974358974358975,0.8603988603988604,0.905982905982906,0.9287749287749288
GBLUP,R1,rice,Culm_habit,KinCP[fixed-h],1755,0.905982905982906,0.0078023156339767,0.0205698005698005,0.8689458689458689,2.631780791521011,3.441004664747457,0.0051282051282051,0.8945868945868946,0.9031339031339032,0.8689458689458689,0.9287749287749288,0.9344729344729344
GBLUP,R1,rice,Culm_habit,KinCP[h=0.25],1755,0.9048433048433048,0.0084515082474024,0.0251282051282051,0.8689458689458689,2.6604994786563028,3.4556220276264704,0.0,0.8803418803418803,0.905982905982906,0.8689458689458689,0.9316239316239316,0.9373219373219374
GBLUP,R1,rice,Culm_habit,KinCP[h=1.0],1755,0.8997150997150997,0.0073744610288004,0.0234188034188034,0.8689458689458689,2.5816265822947875,3.4134767849108387,0.0,0.8717948717948718,0.9031339031339032,0.8689458689458689,0.9202279202279202,0.9344729344729344
GBLUP,R1,rice,Culm_habit,KinCP[h=2.0],1755,0.8957264957264958,0.0074292904902594,0.0205698005698005,0.8660968660968661,2.54100688050665,3.412382074832817,0.0,0.8717948717948718,0.9002849002849003,0.8660968660968661,0.9116809116809116,0.9287749287749288
GBLUP,R1,rice,Culm_habit,KinCP[nmin=100],1755,0.9014245014245016,0.0084515082474024,0.0251282051282051,0.8689458689458689,2.609383908347576,3.422622566009365,0.0,0.8717948717948718,0.9031339031339032,0.8689458689458689,0.9287749287749288,0.9344729344729344
GBLUP,R1,rice,Culm_habit,KinCP[nmin=25],1755,0.9042735042735044,0.0082078976016455,0.0222792022792022,0.8689458689458689,2.6266498791710906,3.43278960638172,0.0,0.886039886039886,0.9031339031339032,0.8689458689458689,0.9287749287749288,0.9344729344729344
GBLUP,R1,rice,Culm_habit,NormCP,1755,0.9202279202279202,0.0156046312679534,0.0258119658119657,0.886039886039886,2.837313307170487,3.4935663975057545,0.0,0.886039886039886,0.9287749287749288,0.9145299145299144,0.9344729344729344,0.9373219373219374
GBLUP,R1,rice,Culm_habit,SCP,1755,0.9236467236467236,0.0121542615428498,0.0236467236467236,0.905982905982906,2.843527715047672,3.476748236390456,0.0,0.905982905982906,0.945868945868946,0.9088319088319088,0.925925925925926,0.9316239316239316
GBLUP,R1,rice,Flag_leaf_length,CV+,1730,0.9,0.0015830131719802,0.0268208092485549,0.861271676300578,3.1387998919942635,3.940832999467207,0.0,0.884393063583815,0.8872832369942196,0.9219653179190752,0.9450867052023122,0.861271676300578
GBLUP,R1,rice,Flag_leaf_length,CalPred-style,1730,0.9098265895953758,0.0055593595553963,0.0234682080924855,0.8786127167630058,3.172114445713536,3.921613478530476,0.0,0.8786127167630058,0.9046242774566474,0.930635838150289,0.9479768786127168,0.8872832369942196
GBLUP,R1,rice,Flag_leaf_length,CalPred-style(rand),1730,0.8976878612716763,0.0072542776867116,0.0291329479768786,0.861271676300578,3.105546736612506,3.9572780614555847,0.0,0.8757225433526011,0.884393063583815,0.9248554913294798,0.9421965317919077,0.861271676300578
GBLUP,R1,rice,Flag_leaf_length,Gauss-PEV,1730,0.8959537572254336,0.0045697654048675,0.0331791907514451,0.8497109826589595,3.107748108006564,3.9592820363900416,0.0,0.8497109826589595,0.861271676300578,0.9190751445086706,0.953757225433526,0.8959537572254336
GBLUP,R1,rice,Flag_leaf_length,Gauss-homosc,1730,0.8976878612716763,0.0056339851704098,0.0302890173410404,0.8641618497109826,3.118432493229074,3.9275785348099377,0.0,0.8815028901734104,0.8728323699421965,0.9219653179190752,0.9479768786127168,0.8641618497109826
GBLUP,R1,rice,Flag_leaf_length,KinCP,1730,0.9040462427745664,0.0069001944429556,0.0227745664739884,0.8786127167630058,3.1951287001515367,3.941895979889632,0.0,0.8786127167630058,0.884393063583815,0.9190751445086706,0.9479768786127168,0.8901734104046243
GBLUP,R1,rice,Flag_leaf_length,KinCP-A,1730,0.8976878612716763,0.0072542776867116,0.0233526011560693,0.8757225433526011,3.128341705684208,3.938602881658293,0.0,0.8757225433526011,0.884393063583815,0.916184971098266,0.9364161849710982,0.8757225433526011
GBLUP,R1,rice,Flag_leaf_length,KinCP-AB,1730,0.8988439306358381,0.0067780574563922,0.0210404624277456,0.8670520231213873,3.1313204322576733,3.925695202451532,0.0,0.8872832369942196,0.8901734104046243,0.9132947976878611,0.9364161849710982,0.8670520231213873
GBLUP,R1,rice,Flag_leaf_length,KinCP-ABC,1730,0.8994219653179191,0.0074810283847079,0.0285549132947976,0.869942196531792,3.1253125222564835,3.92758929641923,0.0,0.8786127167630058,0.8786127167630058,0.9219653179190752,0.9479768786127168,0.869942196531792
GBLUP,R1,rice,Flag_leaf_length,KinCP-AC,1730,0.8976878612716763,0.0056339851704098,0.0302890173410404,0.8526011560693642,3.1436941172082418,3.95703808246382,0.0,0.8526011560693642,0.869942196531792,0.9219653179190752,0.9479768786127168,0.8959537572254336
GBLUP,R1,rice,Flag_leaf_length,KinCP-B,1730,0.9046242774566474,0.0057803468208092,0.0221965317919075,0.8757225433526011,3.203338349202092,3.939532871638858,0.0,0.8872832369942196,0.8930635838150289,0.9190751445086706,0.9479768786127168,0.8757225433526011
GBLUP,R1,rice,Flag_leaf_length,KinCP-BC,1730,0.9034682080924856,0.0078088185468822,0.025664739884393,0.8670520231213873,3.155938710467743,3.932632744708514,0.0,0.884393063583815,0.8930635838150289,0.9248554913294798,0.9479768786127168,0.8670520231213873
GBLUP,R1,rice,Flag_leaf_length,KinCP-C,1730,0.891907514450867,0.0043831649965615,0.033757225433526,0.8497109826589595,3.095551112296871,3.9619138088195776,0.0,0.8497109826589595,0.8554913294797688,0.916184971098266,0.9479768786127168,0.8901734104046243
GBLUP,R1,rice,Flag_leaf_length,KinCP[fixed-h],1730,0.9069364161849712,0.0069001944429556,0.0198843930635838,0.884393063583815,3.2305203702919023,3.9145578146364888,0.0028901734104046,0.8930635838150289,0.884393063583815,0.9190751445086706,0.9479768786127168,0.8901734104046243
GBLUP,R1,rice,Flag_leaf_length,KinCP[h=0.25],1730,0.9098265895953758,0.0051700993699417,0.0188439306358381,0.8786127167630058,3.2188056361094923,3.928698750846162,0.0,0.8786127167630058,0.9017341040462428,0.9277456647398844,0.9421965317919077,0.8988439306358381
GBLUP,R1,rice,Flag_leaf_length,KinCP[h=1.0],1730,0.9011560693641618,0.0031660263439604,0.025664739884393,0.869942196531792,3.1461029350594782,3.943236700189297,0.0,0.869942196531792,0.8786127167630058,0.9190751445086706,0.9479768786127168,0.8901734104046243
GBLUP,R1,rice,Flag_leaf_length,KinCP[h=2.0],1730,0.8965317919075144,0.0047490395159407,0.0302890173410404,0.8583815028901735,3.1162892573719576,3.951557355135521,0.0,0.8583815028901735,0.869942196531792,0.9190751445086706,0.9479768786127168,0.8872832369942196
GBLUP,R1,rice,Flag_leaf_length,KinCP[nmin=100],1730,0.9034682080924856,0.0059931911425802,0.0233526011560693,0.8757225433526011,3.167425536606096,3.9378876477083375,0.0,0.8757225433526011,0.884393063583815,0.9190751445086706,0.9479768786127168,0.8901734104046243
GBLUP,R1,rice,Flag_leaf_length,KinCP[nmin=25],1730,0.9052023121387284,0.0055593595553963,0.0216184971098266,0.884393063583815,3.224644378813569,3.928238733759181,0.0,0.884393063583815,0.884393063583815,0.9190751445086706,0.9479768786127168,0.8901734104046243
GBLUP,R1,rice,Flag_leaf_length,NormCP,1730,0.8976878612716763,0.0222562119169693,0.0349132947976878,0.8439306358381503,3.204809172205222,4.028803432324663,0.0,0.8439306358381503,0.8641618497109826,0.9219653179190752,0.9595375722543352,0.8988439306358381
GBLUP,R1,rice,Flag_leaf_length,SCP,1730,0.9023121387283236,0.0184383097199267,0.0314450867052022,0.8670520231213873,3.2244265682742363,4.002941918215599,0.0,0.8670520231213873,0.8815028901734104,0.9248554913294798,0.9595375722543352,0.8786127167630058
GBLUP,R1,rice,Plant_height,CV+,1760,0.9022727272727272,0.0058910344753771,0.0231818181818181,0.875,2.601401137379834,3.4699529212401057,0.0,0.9403409090909092,0.9232954545454546,0.8835227272727273,0.875,0.8892045454545454
GBLUP,R1,rice,Plant_height,CalPred-style,1760,0.90625,0.006026478248749,0.0205681818181818,0.8806818181818182,2.69125927601732,3.5326721032008392,0.0,0.9375,0.9261363636363636,0.8835227272727273,0.8806818181818182,0.9034090909090908
GBLUP,R1,rice,Plant_height,CalPred-style(rand),1760,0.9028409090909092,0.010124164591594,0.0217045454545454,0.8693181818181818,2.580871407767668,3.46840670179428,0.0,0.9346590909090908,0.9204545454545454,0.8693181818181818,0.8835227272727273,0.90625
GBLUP,R1,rice,Plant_height,Gauss-PEV,1760,0.9125,0.0099228688616892,0.0236363636363636,0.8721590909090909,2.61346871043014,3.4683594903290063,0.0,0.9232954545454546,0.9176136363636364,0.8721590909090909,0.9090909090909092,0.9403409090909092
GBLUP,R1,rice,Plant_height,Gauss-homosc,1760,0.9022727272727272,0.0074081845513666,0.0222727272727272,0.8721590909090909,2.603656304777469,3.47315923931486,0.0,0.9346590909090908,0.9261363636363636,0.8721590909090909,0.8778409090909091,0.9005681818181818
GBLUP,R1,rice,Plant_height,KinCP,1760,0.9147727272727272,0.0053148542425765,0.0168181818181817,0.8948863636363636,2.667298651934604,3.4756209530362607,0.0,0.9176136363636364,0.9176136363636364,0.8948863636363636,0.9147727272727272,0.9289772727272728
GBLUP,R1,rice,Plant_height,KinCP-A,1760,0.905681818181818,0.0126092846711205,0.016590909090909,0.875,2.5986305750690546,3.490798470224932,0.0,0.9204545454545454,0.9147727272727272,0.875,0.8977272727272727,0.9204545454545454
GBLUP,R1,rice,Plant_height,KinCP-AB,1760,0.90625,0.007780149964562,0.012840909090909,0.8835227272727273,2.6353155109053152,3.514655556293309,0.0,0.9261363636363636,0.9147727272727272,0.8835227272727273,0.9005681818181818,0.90625
GBLUP,R1,rice,Plant_height,KinCP-ABC,1760,0.8965909090909091,0.0141476131795326,0.0265909090909091,0.8664772727272727,2.5637167348567624,3.480106896450033,0.0,0.9318181818181818,0.9261363636363636,0.8693181818181818,0.8664772727272727,0.8892045454545454
GBLUP,R1,rice,Plant_height,KinCP-AC,1760,0.8954545454545455,0.0073535108554231,0.0211363636363636,0.8494318181818182,2.478648275879972,3.460123817242087,0.0,0.9090909090909092,0.90625,0.8494318181818182,0.8863636363636364,0.9261363636363636
GBLUP,R1,rice,Plant_height,KinCP-B,1760,0.9227272727272728,0.0054645977447929,0.0227272727272727,0.9147727272727272,2.727945385939595,3.4904315563859365,0.0,0.9232954545454546,0.9289772727272728,0.9176136363636364,0.9147727272727272,0.9289772727272728
GBLUP,R1,rice,Plant_height,KinCP-BC,1760,0.9113636363636364,0.0105152020018873,0.0188636363636363,0.8892045454545454,2.69919445105756,3.4869707555710856,0.0,0.9375,0.9318181818181818,0.8920454545454546,0.8892045454545454,0.90625
GBLUP,R1,rice,Plant_height,KinCP-C,1760,0.897159090909091,0.0107053657280776,0.0194318181818181,0.8551136363636364,2.490552425685656,3.463332405701061,0.0,0.90625,0.9090909090909092,0.8551136363636364,0.8892045454545454,0.9261363636363636
GBLUP,R1,rice,Plant_height,KinCP[fixed-h],1760,0.9147727272727272,0.0053148542425765,0.0168181818181817,0.8948863636363636,2.6766908175748974,3.492845115909254,0.0085227272727272,0.9176136363636364,0.9176136363636364,0.8948863636363636,0.9147727272727272,0.9289772727272728
GBLUP,R1,rice,Plant_height,KinCP[h=0.25],1760,0.9176136363636364,0.0056818181818181,0.0176136363636363,0.9005681818181818,2.698075817482103,3.4985614994608656,0.0,0.9119318181818182,0.9204545454545454,0.9005681818181818,0.9176136363636364,0.9375
GBLUP,R1,rice,Plant_height,KinCP[h=1.0],1760,0.9125,0.0090731360356087,0.019090909090909,0.8835227272727273,2.627199314812757,3.464558381115801,0.0,0.9261363636363636,0.9176136363636364,0.8835227272727273,0.9034090909090908,0.9318181818181818
GBLUP,R1,rice,Plant_height,KinCP[h=2.0],1760,0.9051136363636364,0.0124806151343686,0.0205681818181818,0.8693181818181818,2.553532602862765,3.4644992891611484,0.0,0.9232954545454546,0.9119318181818182,0.8693181818181818,0.8920454545454546,0.9289772727272728
GBLUP,R1,rice,Plant_height,KinCP[nmin=100],1760,0.9159090909090908,0.0058910344753771,0.0179545454545454,0.8948863636363636,2.675465213021988,3.4789374363665537,0.0,0.9232954545454546,0.9176136363636364,0.8948863636363636,0.9147727272727272,0.9289772727272728
GBLUP,R1,rice,Plant_height,KinCP[nmin=25],1760,0.9147727272727272,0.0053148542425765,0.0168181818181817,0.8948863636363636,2.6659439440406696,3.4751423818778595,0.0,0.9176136363636364,0.9176136363636364,0.8948863636363636,0.9147727272727272,0.9289772727272728
GBLUP,R1,rice,Plant_height,NormCP,1760,0.91875,0.0118162695131167,0.0207954545454545,0.8948863636363636,2.800598310540321,3.5706016408748145,0.0,0.9204545454545454,0.9204545454545454,0.8948863636363636,0.9034090909090908,0.9545454545454546
GBLUP,R1,rice,Plant_height,SCP,1760,0.9176136363636364,0.0147617966554165,0.0207954545454545,0.8920454545454546,2.8243304571958525,3.580418902544198,0.0,0.9403409090909092,0.9289772727272728,0.90625,0.8920454545454546,0.9204545454545454
GBLUP,R1,soybean,C13,CV+,1730,0.9057803468208092,0.0038775745274563,0.0286705202312138,0.846820809248555,3.0526852847650985,3.848344918944691,0.0,0.916184971098266,0.9566473988439308,0.8959537572254336,0.9132947976878611,0.846820809248555
GBLUP,R1,soybean,C13,CalPred-style,1730,0.9092485549132948,0.0083265088386635,0.0263583815028901,0.861271676300578,3.0428283411570827,3.806676366243635,0.0,0.861271676300578,0.9566473988439308,0.907514450867052,0.9248554913294798,0.8959537572254336
GBLUP,R1,soybean,C13,CalPred-style(rand),1730,0.9057803468208092,0.0097154545167465,0.0263583815028901,0.8670520231213873,2.9798499176249185,3.797190871067792,0.0,0.8670520231213873,0.953757225433526,0.9046242774566474,0.9219653179190752,0.8815028901734104
GBLUP,R1,soybean,C13,Gauss-PEV,1730,0.9104046242774566,0.0084262310619151,0.0187283236994219,0.884393063583815,2.9754791413035,3.787681163195984,0.0,0.884393063583815,0.953757225433526,0.8988439306358381,0.9190751445086706,0.8959537572254336
GBLUP,R1,soybean,C13,Gauss-homosc,1730,0.9109826589595376,0.0055593595553963,0.02878612716763,0.8554913294797688,3.030163768227711,3.81921357209484,0.0,0.9219653179190752,0.9566473988439308,0.9046242774566474,0.916184971098266,0.8554913294797688
GBLUP,R1,soybean,C13,KinCP,1730,0.9173410404624276,0.0052502607296488,0.0217341040462427,0.8901734104046243,3.0979208250425865,3.845334085611505,0.0,0.8901734104046243,0.9595375722543352,0.8988439306358381,0.9219653179190752,0.916184971098266
GBLUP,R1,soybean,C13,KinCP-A,1730,0.9127167630057804,0.0071964737560628,0.0228901734104046,0.884393063583815,3.020538392760284,3.852332144707909,0.0,0.8901734104046243,0.953757225433526,0.884393063583815,0.9248554913294798,0.9104046242774566
GBLUP,R1,soybean,C13,KinCP-AB,1730,0.9173410404624276,0.0059931911425802,0.019421965317919,0.8959537572254336,3.099652078870395,3.865745011349056,0.0,0.9104046242774566,0.9566473988439308,0.8988439306358381,0.9248554913294798,0.8959537572254336
GBLUP,R1,soybean,C13,KinCP-ABC,1730,0.9063583815028902,0.0063320526879209,0.0276300578034681,0.846820809248555,3.0308998883337805,3.83233832478279,0.0,0.916184971098266,0.9566473988439308,0.9017341040462428,0.9104046242774566,0.846820809248555
GBLUP,R1,soybean,C13,KinCP-AC,1730,0.9063583815028902,0.009047673897398,0.0223121387283237,0.8728323699421965,2.944211617155621,3.80904395013713,0.0,0.8728323699421965,0.9508670520231214,0.8872832369942196,0.9190751445086706,0.9017341040462428
GBLUP,R1,soybean,C13,KinCP-B,1730,0.9248554913294798,0.0061309836519064,0.0248554913294797,0.9017341040462428,3.2263144653293057,3.881579730784084,0.0,0.916184971098266,0.9595375722543352,0.9017341040462428,0.9335260115606936,0.9132947976878611
GBLUP,R1,soybean,C13,KinCP-BC,1730,0.923699421965318,0.0080718150542017,0.0299421965317918,0.884393063583815,3.2436184484065245,3.862414161600025,0.0,0.9393063583815028,0.9595375722543352,0.9104046242774566,0.9248554913294798,0.884393063583815
GBLUP,R1,soybean,C13,KinCP-C,1730,0.9138728323699422,0.0077551490549125,0.0182658959537572,0.8901734104046243,3.02800710878612,3.7985430073922974,0.0,0.8901734104046243,0.953757225433526,0.8988439306358381,0.9219653179190752,0.9046242774566474
GBLUP,R1,soybean,C13,KinCP[fixed-h],1730,0.922543352601156,0.0051700993699417,0.0230057803468207,0.8988439306358381,3.189362089416582,3.931210911022056,0.0445086705202312,0.916184971098266,0.9595375722543352,0.8988439306358381,0.9219653179190752,0.916184971098266
GBLUP,R1,soybean,C13,KinCP[h=0.25],1730,0.916184971098266,0.005407019345049,0.0252023121387283,0.8872832369942196,3.10971020562192,3.865929768365997,0.0,0.8901734104046243,0.953757225433526,0.8872832369942196,0.9277456647398844,0.9219653179190752
GBLUP,R1,soybean,C13,KinCP[h=1.0],1730,0.916184971098266,0.005407019345049,0.021271676300578,0.8872832369942196,3.063068131346076,3.82203300623282,0.0,0.8872832369942196,0.953757225433526,0.9046242774566474,0.9219653179190752,0.9132947976878611
GBLUP,R1,soybean,C13,KinCP[h=2.0],1730,0.9167630057803468,0.0047490395159407,0.0195375722543352,0.8930635838150289,3.045605366730988,3.807703350635603,0.0,0.8930635838150289,0.953757225433526,0.9046242774566474,0.9219653179190752,0.9104046242774566
GBLUP,R1,soybean,C13,KinCP[nmin=100],1730,0.9167630057803468,0.0055593595553963,0.0211560693641618,0.8901734104046243,3.07421750475662,3.836383751701492,0.0,0.8901734104046243,0.9566473988439308,0.8988439306358381,0.9219653179190752,0.916184971098266
GBLUP,R1,soybean,C13,KinCP[nmin=25],1730,0.9202312138728324,0.0043831649965615,0.020693641618497,0.8988439306358381,3.1413432929199345,3.8550215017092153,0.0,0.9046242774566474,0.9595375722543352,0.8988439306358381,0.9219653179190752,0.916184971098266
GBLUP,R1,soybean,C13,NormCP,1730,0.9167630057803468,0.0105005214592976,0.0172254335260115,0.8988439306358381,3.218423622661891,3.948252299923533,0.0,0.9017341040462428,0.9508670520231214,0.8988439306358381,0.930635838150289,0.9017341040462428
GBLUP,R1,soybean,C13,SCP,1730,0.9213872832369944,0.018095347794796,0.0310982658959537,0.8757225433526011,3.338929279056708,3.9874337824382073,0.0,0.9364161849710982,0.9595375722543352,0.9132947976878611,0.9219653179190752,0.8757225433526011
GBLUP,R1,soybean,Wilt,CV+,1730,0.9138728323699422,0.0051700993699417,0.0402312138728323,0.861271676300578,2.9944998357950072,4.084856586757763,0.0,1.0,0.9277456647398844,0.907514450867052,0.861271676300578,0.8728323699421965
GBLUP,R1,soybean,Wilt,CalPred-style,1730,0.8947976878612717,0.0083265088386635,0.0123699421965318,0.8728323699421965,2.78776495833295,3.856879938735034,0.0,0.8728323699421965,0.907514450867052,0.8959537572254336,0.8872832369942196,0.9104046242774566
GBLUP,R1,soybean,Wilt,CalPred-style(rand),1730,0.9017341040462428,0.005407019345049,0.0107514450867052,0.884393063583815,2.813084388726782,3.8476568350474696,0.0,0.884393063583815,0.9104046242774566,0.907514450867052,0.8930635838150289,0.9132947976878611
GBLUP,R1,soybean,Wilt,Gauss-PEV,1730,0.8947976878612717,0.0072542776867116,0.0146820809248554,0.8786127167630058,2.73276114026174,3.8626764775959215,0.0,0.9132947976878611,0.8930635838150289,0.8786127167630058,0.8786127167630058,0.9104046242774566
GBLUP,R1,soybean,Wilt,Gauss-homosc,1730,0.9080924855491328,0.0051700993699417,0.0395375722543352,0.861271676300578,2.976722280925413,4.063691831024305,0.0,1.0,0.9190751445086706,0.8872832369942196,0.861271676300578,0.8728323699421965
GBLUP,R1,soybean,Wilt,KinCP,1730,0.8872832369942196,0.013401182796959,0.0145664739884393,0.8670520231213873,2.653748289029505,3.885732758433677,0.0,0.9046242774566474,0.8901734104046243,0.8757225433526011,0.8670520231213873,0.8988439306358381
GBLUP,R1,soybean,Wilt,KinCP-A,1730,0.9011560693641618,0.0077551490549125,0.0078612716763005,0.8872832369942196,2.8186392506159024,3.87719490111709,0.0,0.9046242774566474,0.9017341040462428,0.8959537572254336,0.8872832369942196,0.916184971098266
GBLUP,R1,soybean,Wilt,KinCP-AB,1730,0.916184971098266,0.005407019345049,0.0205780346820809,0.8930635838150289,3.0142876107237884,3.938912657032845,0.0,0.9595375722543352,0.9190751445086706,0.9132947976878611,0.8930635838150289,0.8959537572254336
GBLUP,R1,soybean,Wilt,KinCP-ABC,1730,0.9052023121387284,0.0080199057372899,0.041271676300578,0.8583815028901735,2.9154801874269163,4.058023487888508,0.0,1.0,0.916184971098266,0.8815028901734104,0.8583815028901735,0.869942196531792
GBLUP,R1,soybean,Wilt,KinCP-AC,1730,0.8930635838150289,0.0091395308097351,0.0164161849710982,0.869942196531792,2.7348877304112413,3.868219350301473,0.0,0.9104046242774566,0.8930635838150289,0.8786127167630058,0.869942196531792,0.9132947976878611
GBLUP,R1,soybean,Wilt,KinCP-B,1730,0.9115606936416184,0.0069604592940996,0.0228901734104046,0.8786127167630058,2.94665846134783,3.947349841083031,0.0,0.9653179190751444,0.9190751445086706,0.9017341040462428,0.8786127167630058,0.8930635838150289
GBLUP,R1,soybean,Wilt,KinCP-BC,1730,0.9104046242774566,0.0045697654048675,0.0383815028901734,0.8641618497109826,2.977883114308604,4.062263913025509,0.0,1.0,0.9219653179190752,0.8930635838150289,0.8641618497109826,0.8728323699421965
GBLUP,R1,soybean,Wilt,KinCP-C,1730,0.8757225433526011,0.0113786240953927,0.0242774566473988,0.8526011560693642,2.5745585643118574,3.8896448387694766,0.0,0.8988439306358381,0.8526011560693642,0.8670520231213873,0.861271676300578,0.8988439306358381
GBLUP,R1,soybean,Wilt,KinCP[fixed-h],1730,0.891907514450867,0.0111187191107927,0.0203468208092485,0.8670520231213873,2.7252400086289943,3.960076299648034,0.022543352601156,0.930635838150289,0.8872832369942196,0.8757225433526011,0.8670520231213873,0.8988439306358381
GBLUP,R1,soybean,Wilt,KinCP[h=0.25],1730,0.8930635838150289,0.0111935934861486,0.0101734104046242,0.869942196531792,2.694542287942021,3.8902034384679753,0.0,0.9046242774566474,0.9017341040462428,0.8872832369942196,0.869942196531792,0.9017341040462428
GBLUP,R1,soybean,Wilt,KinCP[h=1.0],1730,0.8815028901734104,0.0115606936416185,0.0203468208092485,0.8670520231213873,2.624454576848286,3.8889317645395294,0.0,0.9046242774566474,0.869942196531792,0.8670520231213873,0.8670520231213873,0.8988439306358381
GBLUP,R1,soybean,Wilt,KinCP[h=2.0],1730,0.8791907514450867,0.0087663299931231,0.0226589595375722,0.8583815028901735,2.5970392913500984,3.887182827970133,0.0,0.9046242774566474,0.8583815028901735,0.8670520231213873,0.8670520231213873,0.8988439306358381
GBLUP,R1,soybean,Wilt,KinCP[nmin=100],1730,0.8878612716763006,0.012329901160521,0.0139884393063584,0.8670520231213873,2.64700973766983,3.878822606624437,0.0,0.9046242774566474,0.8930635838150289,0.8757225433526011,0.8670520231213873,0.8988439306358381
GBLUP,R1,soybean,Wilt,KinCP[nmin=25],1730,0.8878612716763006,0.0128279427868047,0.0163005780346821,0.8670520231213873,2.677195380445586,3.8959917643834734,0.0,0.9104046242774566,0.8872832369942196,0.8757225433526011,0.8670520231213873,0.8988439306358381
GBLUP,R1,soybean,Wilt,NormCP,1730,0.891907514450867,0.0085736398694747,0.025664739884393,0.8526011560693642,2.872209584260697,3.998819205413092,0.0,0.9248554913294798,0.8786127167630058,0.884393063583815,0.8526011560693642,0.9190751445086706
GBLUP,R1,soybean,Wilt,SCP,1730,0.8913294797687862,0.0085736398694747,0.0482080924855491,0.791907514450867,2.947597701892444,4.175585790118503,0.0,0.9855491329479767,0.9132947976878611,0.8872832369942196,0.791907514450867,0.8786127167630058
GBLUP,R1,wheatG,EW,CV+,1855,0.908355795148248,0.0085236594613703,0.0123450134770889,0.894878706199461,3.095968171148065,3.939959147366877,0.0,0.9245283018867924,0.8975741239892183,0.894878706199461,0.9272237196765498,0.8975741239892183
GBLUP,R1,wheatG,EW,CalPred-style,1855,0.9035040431266846,0.0067115361714225,0.0129919137466307,0.8867924528301887,3.0289702650795256,3.894798385107263,0.0,0.9110512129380054,0.889487870619946,0.8867924528301887,0.9245283018867924,0.9056603773584906
GBLUP,R1,wheatG,EW,CalPred-style(rand),1855,0.907277628032345,0.0082199195051088,0.0124528301886792,0.889487870619946,3.039365296759556,3.902168271815068,0.0,0.9110512129380054,0.889487870619946,0.8975741239892183,0.9191374663072776,0.9191374663072776
GBLUP,R1,wheatG,EW,Gauss-PEV,1855,0.9056603773584906,0.006871993953629,0.0119137466307277,0.8867924528301887,3.0557125816404547,3.918368279290647,0.0,0.921832884097035,0.8867924528301887,0.8975741239892183,0.921832884097035,0.9002695417789758
GBLUP,R1,wheatG,EW,Gauss-homosc,1855,0.9099730458221024,0.0064914256489446,0.0129919137466307,0.894878706199461,3.101786255719561,3.925343987110781,0.0,0.9326145552560648,0.8975741239892183,0.9002695417789758,0.9245283018867924,0.894878706199461
GBLUP,R1,wheatG,EW,KinCP,1855,0.9078167115902964,0.0083948309985969,0.0140700808625336,0.889487870619946,3.0693549970328813,3.9408747575532894,0.0,0.9272237196765498,0.889487870619946,0.894878706199461,0.9272237196765498,0.9002695417789758
GBLUP,R1,wheatG,EW,KinCP-A,1855,0.9078167115902964,0.0051847396392645,0.0150404312668463,0.889487870619946,3.0982481932976893,3.959101181651685,0.0,0.9299191374663072,0.889487870619946,0.894878706199461,0.9272237196765498,0.8975741239892183
GBLUP,R1,wheatG,EW,KinCP-AB,1855,0.9067385444743936,0.0067654449584965,0.0150404312668463,0.8921832884097035,3.1220033409193744,3.964586526331119,0.0,0.9272237196765498,0.8921832884097035,0.894878706199461,0.9272237196765498,0.8921832884097035
GBLUP,R1,wheatG,EW,KinCP-ABC,1855,0.9051212938005392,0.0072325648867917,0.0134231805929919,0.889487870619946,3.0732312254502805,3.920762272648027,0.0,0.9245283018867924,0.889487870619946,0.8975741239892183,0.921832884097035,0.8921832884097035
GBLUP,R1,wheatG,EW,KinCP-AC,1855,0.906199460916442,0.0067115361714224,0.0146091644204851,0.8867924528301887,3.016128018361619,3.914952408753444,0.0,0.921832884097035,0.8867924528301887,0.8921832884097035,0.9245283018867924,0.9056603773584906
GBLUP,R1,wheatG,EW,KinCP-B,1855,0.907277628032345,0.0077654233374059,0.0145013477088948,0.8921832884097035,3.098183170035328,3.9459413880458447,0.0,0.9272237196765498,0.8921832884097035,0.894878706199461,0.9272237196765498,0.894878706199461
GBLUP,R1,wheatG,EW,KinCP-BC,1855,0.9078167115902964,0.0094146895938398,0.0150404312668463,0.8921832884097035,3.083754918692902,3.923362243879611,0.0,0.9326145552560648,0.8921832884097035,0.894878706199461,0.9245283018867924,0.894878706199461
GBLUP,R1,wheatG,EW,KinCP-C,1855,0.9018867924528302,0.0105431844828075,0.0135309973045822,0.8840970350404312,2.995875350670213,3.916776408158996,0.0,0.921832884097035,0.8840970350404312,0.8867924528301887,0.9164420485175202,0.9002695417789758
GBLUP,R1,wheatG,EW,KinCP[fixed-h],1855,0.9110512129380054,0.0087341518846467,0.0173045822102425,0.889487870619946,3.14217685196109,3.9590579874396536,0.0177897574123989,0.9433962264150944,0.889487870619946,0.894878706199461,0.9272237196765498,0.9002695417789758
GBLUP,R1,wheatG,EW,KinCP[h=0.25],1855,0.9088948787061994,0.0069769159598624,0.0129919137466307,0.8921832884097035,3.116121162050309,3.9555297206722098,0.0,0.9272237196765498,0.8921832884097035,0.9002695417789758,0.9272237196765498,0.8975741239892183
GBLUP,R1,wheatG,EW,KinCP[h=1.0],1855,0.9056603773584906,0.0085236594613702,0.0140700808625336,0.8867924528301887,3.0307973990945625,3.9306070123085175,0.0,0.9245283018867924,0.8867924528301887,0.8921832884097035,0.921832884097035,0.9029649595687332
GBLUP,R1,wheatG,EW,KinCP[h=2.0],1855,0.9035040431266846,0.0094146895938398,0.0129919137466307,0.8867924528301887,3.007153735141132,3.9204082094872943,0.0,0.921832884097035,0.8867924528301887,0.889487870619946,0.9164420485175202,0.9029649595687332
GBLUP,R1,wheatG,EW,KinCP[nmin=100],1855,0.9078167115902964,0.0083948309985969,0.0140700808625336,0.889487870619946,3.0572657852799505,3.9322727255173744,0.0,0.9272237196765498,0.889487870619946,0.894878706199461,0.9272237196765498,0.9002695417789758
GBLUP,R1,wheatG,EW,KinCP[nmin=25],1855,0.9078167115902964,0.0088169419050113,0.0140700808625336,0.889487870619946,3.114332359074808,3.961489635373505,0.0,0.9272237196765498,0.889487870619946,0.894878706199461,0.9272237196765498,0.9002695417789758
GBLUP,R1,wheatG,EW,NormCP,1855,0.9035040431266846,0.0169832711612112,0.0194609164420484,0.8733153638814016,3.1216963177258545,3.986474799177503,0.0,0.9272237196765498,0.8867924528301887,0.8733153638814016,0.9272237196765498,0.9029649595687332
GBLUP,R1,wheatG,EW,SCP,1855,0.9008086253369272,0.0178183222437071,0.0231266846361186,0.8733153638814016,3.1396940597510583,3.9906114174536,0.0,0.9380053908355797,0.889487870619946,0.8733153638814016,0.921832884097035,0.8814016172506739
GBLUP,R1,wheatG,GH,CV+,1855,0.907277628032345,0.0072826178361758,0.0156873315363881,0.8814016172506739,2.815724871384042,3.764275584113205,0.0,0.9568733153638814,0.8975741239892183,0.9002695417789758,0.8814016172506739,0.9002695417789758
GBLUP,R1,wheatG,GH,CalPred-style,1855,0.8943396226415095,0.0099766876136505,0.0145013477088948,0.8733153638814016,2.6561476630346084,3.7509680297014807,0.0,0.9110512129380054,0.8733153638814016,0.894878706199461,0.8814016172506739,0.9110512129380054
GBLUP,R1,wheatG,GH,CalPred-style(rand),1855,0.8911051212938005,0.008858046752105,0.0177358490566037,0.8706199460916442,2.6082174906389906,3.722752419001069,0.0,0.908355795148248,0.8706199460916442,0.889487870619946,0.8733153638814016,0.9137466307277629
GBLUP,R1,wheatG,GH,Gauss-PEV,1855,0.894878706199461,0.0085236594613702,0.0215094339622641,0.8733153638814016,2.6158890493499545,3.7058924433885294,0.0,0.9299191374663072,0.8787061994609164,0.8814016172506739,0.8733153638814016,0.9110512129380054
GBLUP,R1,wheatG,GH,Gauss-homosc,1855,0.9024258760107816,0.0099766876136505,0.0182749326145552,0.8652291105121294,2.71380907349798,3.732851905940766,0.0,0.9514824797843666,0.9002695417789758,0.8975741239892183,0.8652291105121294,0.8975741239892183
GBLUP,R1,wheatG,GH,KinCP,1855,0.9153638814016172,0.011687053039719,0.0153638814016172,0.908355795148248,2.8399398144862102,3.719291183920188,0.0,0.9272237196765498,0.9110512129380054,0.908355795148248,0.9110512129380054,0.9191374663072776
GBLUP,R1,wheatG,GH,KinCP-A,1855,0.9099730458221024,0.0094531956424529,0.0099730458221024,0.9002695417789758,2.8322463637779127,3.727138027646349,0.0,0.9245283018867924,0.908355795148248,0.9029649595687332,0.9002695417789758,0.9137466307277629
GBLUP,R1,wheatG,GH,KinCP-AB,1855,0.9132075471698112,0.0125561344462017,0.0152560646900269,0.894878706199461,2.872706573622041,3.7335787912498906,0.0,0.9299191374663072,0.921832884097035,0.9029649595687332,0.894878706199461,0.9164420485175202
GBLUP,R1,wheatG,GH,KinCP-ABC,1855,0.9056603773584906,0.0126426300803866,0.0173045822102425,0.8733153638814016,2.7632791966718058,3.740505865224832,0.0,0.954177897574124,0.9002695417789758,0.8975741239892183,0.8733153638814016,0.9029649595687332
GBLUP,R1,wheatG,GH,KinCP-AC,1855,0.9029649595687332,0.0091406064462604,0.0155795148247978,0.8840970350404312,2.6944447595885785,3.706035577000089,0.0,0.9326145552560648,0.8921832884097035,0.8921832884097035,0.8840970350404312,0.9137466307277629
GBLUP,R1,wheatG,GH,KinCP-B,1855,0.9159029649595688,0.0096056763780083,0.0159029649595687,0.9056603773584906,2.9077612549561085,3.7440838416438553,0.0,0.9326145552560648,0.9110512129380054,0.9056603773584906,0.9137466307277629,0.9164420485175202
GBLUP,R1,wheatG,GH,KinCP-BC,1855,0.9202156334231806,0.0086505695611219,0.0202156334231806,0.9002695417789758,2.9365430200136005,3.764435640102699,0.0,0.9622641509433962,0.9245283018867924,0.9002695417789758,0.9002695417789758,0.9137466307277629
GBLUP,R1,wheatG,GH,KinCP-C,1855,0.9088948787061994,0.0106801146933471,0.0129919137466307,0.8921832884097035,2.760503840651447,3.709638680015893,0.0,0.9380053908355797,0.8975741239892183,0.9002695417789758,0.8921832884097035,0.9164420485175202
GBLUP,R1,wheatG,GH,KinCP[fixed-h],1855,0.9148247978436658,0.011687053039719,0.0148247978436657,0.908355795148248,2.8491247267517936,3.733448014198458,0.0242587601078166,0.9245283018867924,0.9110512129380054,0.908355795148248,0.9110512129380054,0.9191374663072776
GBLUP,R1,wheatG,GH,KinCP[h=0.25],1855,0.9153638814016172,0.0121443453650337,0.0153638814016172,0.908355795148248,2.8826800079449946,3.7430682970066,0.0,0.9272237196765498,0.9137466307277629,0.9110512129380054,0.908355795148248,0.9164420485175202
GBLUP,R1,wheatG,GH,KinCP[h=1.0],1855,0.910512129380054,0.0111786745840041,0.0105121293800539,0.9002695417789758,2.8034697784095264,3.710902340347448,0.0,0.9245283018867924,0.9029649595687332,0.9002695417789758,0.9056603773584906,0.9191374663072776
GBLUP,R1,wheatG,GH,KinCP[h=2.0],1855,0.9115902964959568,0.0106801146933471,0.0115902964959568,0.9002695417789758,2.788541230811967,3.70764203744708,0.0,0.935309973045822,0.9002695417789758,0.9002695417789758,0.9029649595687332,0.9191374663072776
GBLUP,R1,wheatG,GH,KinCP[nmin=100],1855,0.9153638814016172,0.0112111236350864,0.0153638814016172,0.908355795148248,2.852166492704487,3.716577424298727,0.0,0.9299191374663072,0.908355795148248,0.908355795148248,0.9110512129380054,0.9191374663072776
GBLUP,R1,wheatG,GH,KinCP[nmin=25],1855,0.9115902964959568,0.0110149955480876,0.0115902964959568,0.908355795148248,2.816903118871485,3.710209592738632,0.0,0.908355795148248,0.9110512129380054,0.908355795148248,0.9110512129380054,0.9191374663072776
GBLUP,R1,wheatG,GH,NormCP,1855,0.8991913746630728,0.0197704806694255,0.0150404312668463,0.8840970350404312,2.859793068875486,3.97210291849876,0.0,0.9245283018867924,0.889487870619946,0.8867924528301887,0.8840970350404312,0.9110512129380054
GBLUP,R1,wheatG,GH,SCP,1855,0.8997304582210243,0.0178183222437072,0.0166576819407008,0.8733153638814016,2.8811212524183563,3.9857377747321,0.0,0.9380053908355797,0.9029649595687332,0.889487870619946,0.8733153638814016,0.894878706199461
GBLUP,R1,wheatG,GPE,CV+,1855,0.9051212938005392,0.0048217099245278,0.027654986522911,0.8436657681940701,3.1012224326543523,3.91446960056032,0.0,0.9245283018867924,0.9029649595687332,0.9272237196765498,0.9272237196765498,0.8436657681940701
GBLUP,R1,wheatG,GPE,CalPred-style,1855,0.8954177897574124,0.0029526822507017,0.0167654986522911,0.8598382749326146,2.994429581791449,3.873318447516016,0.0,0.8867924528301887,0.9002695417789758,0.9110512129380054,0.9191374663072776,0.8598382749326146
GBLUP,R1,wheatG,GPE,CalPred-style(rand),1855,0.9002695417789758,0.0042618297306851,0.0162264150943396,0.8679245283018868,3.0162902522035755,3.893043199018682,0.0,0.8921832884097035,0.9002695417789758,0.9191374663072776,0.921832884097035,0.8679245283018868
GBLUP,R1,wheatG,GPE,Gauss-PEV,1855,0.8981132075471698,0.0044290233760525,0.0194609164420485,0.8517520215633423,3.037318495154224,3.877884983964052,0.0,0.894878706199461,0.9029649595687332,0.9191374663072776,0.921832884097035,0.8517520215633423
GBLUP,R1,wheatG,GPE,Gauss-homosc,1855,0.9035040431266846,0.0039979506668979,0.0238814016172506,0.8490566037735849,3.078791456319673,3.897705248532616,0.0,0.9191374663072776,0.908355795148248,0.9191374663072776,0.921832884097035,0.8490566037735849
GBLUP,R1,wheatG,GPE,KinCP,1855,0.9008086253369272,0.0069769159598623,0.0222641509433962,0.8463611859838275,3.046388620666289,3.941706495463691,0.0,0.908355795148248,0.9191374663072776,0.9137466307277629,0.9164420485175202,0.8463611859838275
GBLUP,R1,wheatG,GPE,KinCP-A,1855,0.9040431266846362,0.0082199195051088,0.0201078167115902,0.8598382749326146,3.075070452647513,3.9361956151692734,0.0,0.9110512129380054,0.9191374663072776,0.9110512129380054,0.9191374663072776,0.8598382749326146
GBLUP,R1,wheatG,GPE,KinCP-AB,1855,0.9045822102425876,0.0072826178361758,0.0206469002695417,0.8598382749326146,3.083089687709926,3.943265665329632,0.0,0.9164420485175202,0.9191374663072776,0.9110512129380054,0.9164420485175202,0.8598382749326146
GBLUP,R1,wheatG,GPE,KinCP-ABC,1855,0.9056603773584906,0.0060271374056598,0.0249595687331536,0.8517520215633423,3.0833888957663675,3.911574772074322,0.0,0.9164420485175202,0.9110512129380054,0.921832884097035,0.9272237196765498,0.8517520215633423
GBLUP,R1,wheatG,GPE,KinCP-AC,1855,0.8997304582210243,0.0077185019209036,0.0199999999999999,0.8517520215633423,3.0505079050517723,3.896712138254344,0.0,0.8975741239892183,0.9029649595687332,0.9191374663072776,0.9272237196765498,0.8517520215633423
GBLUP,R1,wheatG,GPE,KinCP-B,1855,0.9018867924528302,0.0067654449584965,0.0244204851752021,0.8436657681940701,3.06508333282465,3.946828049446279,0.0,0.9137466307277629,0.9191374663072776,0.9164420485175202,0.9164420485175202,0.8436657681940701
GBLUP,R1,wheatG,GPE,KinCP-BC,1855,0.9040431266846362,0.0064914256489446,0.0254986522911051,0.8463611859838275,3.0726435684742013,3.900700402176729,0.0,0.921832884097035,0.908355795148248,0.9191374663072776,0.9245283018867924,0.8463611859838275
GBLUP,R1,wheatG,GPE,KinCP-C,1855,0.8959568733153639,0.0059053645014033,0.0204312668463612,0.8517520215633423,3.0028134663690964,3.889507620278683,0.0,0.889487870619946,0.8975741239892183,0.9191374663072776,0.921832884097035,0.8517520215633423
GBLUP,R1,wheatG,GPE,KinCP[fixed-h],1855,0.9024258760107816,0.0088169419050113,0.0238814016172506,0.8463611859838275,3.068377505799316,3.968433419157651,0.015633423180593,0.9164420485175202,0.9191374663072776,0.9137466307277629,0.9164420485175202,0.8463611859838275
GBLUP,R1,wheatG,GPE,KinCP[h=0.25],1855,0.9002695417789758,0.0076237927890732,0.0228032345013476,0.8436657681940701,3.086459526574344,3.972705532237755,0.0,0.908355795148248,0.9191374663072776,0.9164420485175202,0.9137466307277629,0.8436657681940701
GBLUP,R1,wheatG,GPE,KinCP[h=1.0],1855,0.8975741239892183,0.0026954177897574,0.0190296495956873,0.8463611859838275,3.013404018394173,3.917151348051577,0.0,0.9029649595687332,0.9029649595687332,0.9164420485175202,0.9191374663072776,0.8463611859838275
GBLUP,R1,wheatG,GPE,KinCP[h=2.0],1855,0.8954177897574124,0.0051847396392645,0.0198921832884097,0.8490566037735849,3.000074386185737,3.897252029783903,0.0,0.8921832884097035,0.8975741239892183,0.9191374663072776,0.9191374663072776,0.8490566037735849
GBLUP,R1,wheatG,GPE,KinCP[nmin=100],1855,0.8964959568733154,0.0084379923679237,0.018921832884097,0.8463611859838275,3.0162760043044474,3.9266056718616658,0.0,0.8975741239892183,0.908355795148248,0.9137466307277629,0.9164420485175202,0.8463611859838275
GBLUP,R1,wheatG,GPE,KinCP[nmin=25],1855,0.9018867924528302,0.0082199195051088,0.0233423180592992,0.8463611859838275,3.0604903147103646,3.9521241482245113,0.0,0.9137466307277629,0.9191374663072776,0.9137466307277629,0.9164420485175202,0.8463611859838275
GBLUP,R1,wheatG,GPE,NormCP,1855,0.9024258760107816,0.01405757931041,0.0183827493261455,0.8679245283018868,3.134963016620644,3.958738525819298,0.0,0.9002695417789758,0.8921832884097035,0.9191374663072776,0.9326145552560648,0.8679245283018868
GBLUP,R1,wheatG,GPE,SCP,1855,0.9002695417789758,0.0151279948252315,0.0194609164420485,0.8544474393530997,3.111502778137274,3.980846136610812,0.0,0.908355795148248,0.8975741239892183,0.9164420485175202,0.9245283018867924,0.8544474393530997
GBLUP,R2,barley,BaMMV,CV+,7190,0.8477051460361613,0.0054090226655438,0.0522798102981029,0.8284722222222223,2.576462732454983,3.363145553920428,0.0,0.8564459930313589,0.8527777777777777,0.8606271777003485,0.8284722222222223,0.8402777777777778
GBLUP,R2,barley,BaMMV,CalPred-style,7190,0.9535465924895687,0.0036268163589444,0.0535341656987998,0.9229166666666668,3.5443325855009657,3.747426994162508,0.0,0.924738675958188,0.9229166666666668,0.9644599303135888,0.9618055555555556,0.99375
GBLUP,R2,barley,BaMMV,CalPred-style(rand),7190,0.9535465924895687,0.0021658430462305,0.0535394889663182,0.9233449477351916,3.4359277011692173,3.659971225870208,0.0,0.9233449477351916,0.9256944444444444,0.9735191637630662,0.9513888888888888,0.99375
GBLUP,R2,barley,BaMMV,Gauss-PEV,7190,0.9582753824756608,0.0,0.0582631629887727,0.9233449477351916,3.490763156437848,3.6875068838512712,0.0,0.9233449477351916,0.9270833333333334,0.975609756097561,0.96875,0.9965277777777778
GBLUP,R2,barley,BaMMV,Gauss-homosc,7190,0.7987482614742698,0.0050050220348947,0.1012272551296941,0.76875,2.412944179051804,3.53458295540359,0.0,0.8174216027874565,0.8222222222222222,0.8153310104529616,0.7701388888888889,0.76875
GBLUP,R2,barley,BaMMV,KinCP,7190,0.9603616133518776,0.0024586466661563,0.0603571428571428,0.9372822299651568,3.5517309153961376,3.73347336653976,0.0,0.9372822299651568,0.9381944444444444,0.9770034843205576,0.9527777777777776,0.9965277777777778
GBLUP,R2,barley,BaMMV,KinCP-A,7190,0.9631432545201668,0.0010995402156357,0.0631295973674022,0.9282229965156794,3.5609048327003765,3.728789789352307,0.0,0.9282229965156794,0.9395833333333332,0.978397212543554,0.9715277777777778,0.9979166666666668
GBLUP,R2,barley,BaMMV,KinCP-AB,7190,0.9305980528511822,0.0036928840187348,0.031149825783972,0.8986111111111111,3.120353808542108,3.46600277738621,0.0,0.9094076655052264,0.8986111111111111,0.946341463414634,0.9284722222222224,0.9701388888888888
GBLUP,R2,barley,BaMMV,KinCP-ABC,7190,0.8257301808066759,0.0101801036412602,0.0742629694154084,0.8194444444444444,2.5086272050722784,3.4769252002988105,0.0,0.8257839721254355,0.8277777777777777,0.8355400696864111,0.8194444444444444,0.8201388888888889
GBLUP,R2,barley,BaMMV,KinCP-AC,7190,0.9600834492350486,0.0020034576204295,0.0600701703445605,0.924738675958188,3.566964501116756,3.7521992844957937,0.0,0.924738675958188,0.9319444444444444,0.9763066202090592,0.9708333333333332,0.9965277777777778
GBLUP,R2,barley,BaMMV,KinCP-B,7190,0.9567454798331017,0.0012439877482613,0.056747483546264,0.9368055555555556,3.4305169371346285,3.6421467849853655,0.0,0.940766550522648,0.9368055555555556,0.975609756097561,0.9409722222222222,0.9895833333333334
GBLUP,R2,barley,BaMMV,KinCP-BC,7190,0.935883171070932,0.0010314601511954,0.0358812427409988,0.9145833333333332,3.1603582452900363,3.487205232568188,0.0,0.919163763066202,0.9145833333333332,0.9498257839721256,0.9243055555555556,0.9715277777777778
GBLUP,R2,barley,BaMMV,KinCP-C,7190,0.960778859527121,0.001523567614757,0.0607650987224157,0.9254355400696864,3.584098697030301,3.7587794770196647,0.0,0.9254355400696864,0.9381944444444444,0.9763066202090592,0.9673611111111112,0.9965277777777778
GBLUP,R2,barley,BaMMV,KinCP[fixed-h],7190,0.9603616133518776,0.0024586466661563,0.0603571428571428,0.9372822299651568,3.5517309153961376,3.73347336653976,0.0,0.9372822299651568,0.9381944444444444,0.9770034843205576,0.9527777777777776,0.9965277777777778
GBLUP,R2,barley,BaMMV,KinCP[h=0.25],7190,0.9575799721835884,0.0025551005661855,0.0575798490127758,0.9361111111111112,3.498136612949918,3.7008660631669774,0.0,0.9393728222996516,0.9361111111111112,0.975609756097561,0.9416666666666668,0.9951388888888888
GBLUP,R2,barley,BaMMV,KinCP[h=1.0],7190,0.9631432545201668,0.002027451980127,0.0631349206349206,0.9344947735191638,3.596020877767936,3.765733566161743,0.0,0.9344947735191638,0.9395833333333332,0.9797909407665504,0.9652777777777778,0.9965277777777778
GBLUP,R2,barley,BaMMV,KinCP[h=2.0],7190,0.9627260083449236,0.0017454659802518,0.0627143825009678,0.929616724738676,3.605351955906932,3.772319287546258,0.0,0.929616724738676,0.9395833333333332,0.9790940766550522,0.96875,0.9965277777777778
GBLUP,R2,barley,BaMMV,KinCP[nmin=100],7190,0.9603616133518776,0.0024586466661563,0.0603571428571428,0.9372822299651568,3.5517309153961376,3.73347336653976,0.0,0.9372822299651568,0.9381944444444444,0.9770034843205576,0.9527777777777776,0.9965277777777778
GBLUP,R2,barley,BaMMV,KinCP[nmin=25],7190,0.9603616133518776,0.0024586466661563,0.0603571428571428,0.9372822299651568,3.5517309153961376,3.73347336653976,0.0,0.9372822299651568,0.9381944444444444,0.9770034843205576,0.9527777777777776,0.9965277777777778
GBLUP,R2,barley,BaMMV,NormCP,7190,0.9593880389429764,0.0104265172817754,0.0593805652342237,0.93125,3.536894425129029,3.720035836996326,0.0,0.9331010452961672,0.93125,0.9749128919860628,0.9666666666666668,0.9909722222222224
GBLUP,R2,barley,BaMMV,SCP,7190,0.7691237830319889,0.0730031774975912,0.1308425280681378,0.6833333333333333,2.3936008803209083,3.77987414173752,0.0,0.7958188153310104,0.8055555555555556,0.7909407665505227,0.6833333333333333,0.7701388888888889
GBLUP,R2,barley,BaYMV,CV+,7190,0.8194714881780251,0.0068065003077842,0.0804568331397599,0.7048611111111112,2.8042881623318783,4.202413619339548,0.0,0.8780487804878049,0.84375,0.8641114982578397,0.8069444444444445,0.7048611111111112
GBLUP,R2,barley,BaYMV,CalPred-style,7190,0.89221140472879,0.0018398826919781,0.0222469028261711,0.84375,3.248513776986796,4.005199744408344,0.0,0.9142857142857144,0.9006944444444445,0.9212543554006968,0.88125,0.84375
GBLUP,R2,barley,BaYMV,CalPred-style(rand),7190,0.8705146036161335,0.0085651289222265,0.0371012388695315,0.7895833333333333,3.146771653436871,4.046798393424167,0.0,0.8933797909407666,0.8930555555555556,0.919163763066202,0.8576388888888888,0.7895833333333333
GBLUP,R2,barley,BaYMV,Gauss-PEV,7190,0.9123783031988874,0.0,0.0140553619821912,0.8958333333333334,3.409565123758836,3.9733694608530814,0.0,0.9059233449477352,0.9131944444444444,0.9337979094076656,0.8958333333333334,0.9131944444444444
GBLUP,R2,barley,BaYMV,Gauss-homosc,7190,0.817663421418637,0.0028418382116415,0.0822648083623693,0.7055555555555556,2.8201753605758304,4.242083181444388,0.0,0.8710801393728222,0.8381944444444445,0.867595818815331,0.80625,0.7055555555555556
GBLUP,R2,barley,BaYMV,KinCP,7190,0.8963838664812239,0.0024089719159511,0.0161328881145954,0.8680555555555556,3.291812407716049,3.9835155280279473,0.0,0.9010452961672474,0.8979166666666667,0.9303135888501742,0.8847222222222222,0.8680555555555556
GBLUP,R2,barley,BaYMV,KinCP-A,7190,0.9132127955493742,0.0100462119970966,0.0132244483159117,0.9006944444444445,3.4465028222307152,4.021096352932226,0.0,0.90801393728223,0.9166666666666666,0.935191637630662,0.9055555555555556,0.9006944444444445
GBLUP,R2,barley,BaYMV,KinCP-AB,7190,0.8905424200278164,0.0073034636178671,0.0226601819589624,0.8402777777777778,3.281739527542126,4.025746165675078,0.0,0.8982578397212544,0.9041666666666668,0.9289198606271776,0.88125,0.8402777777777778
GBLUP,R2,barley,BaYMV,KinCP-ABC,7190,0.8083449235048679,0.0041316970173888,0.0915781068524971,0.6916666666666667,2.742510463506284,4.297938772292782,0.0,0.8696864111498258,0.8243055555555555,0.8578397212543554,0.7986111111111112,0.6916666666666667
GBLUP,R2,barley,BaYMV,KinCP-AC,7190,0.8991655076495132,0.0057555442827701,0.0129379597367402,0.8819444444444444,3.300216242429195,3.971640857987672,0.0,0.8989547038327527,0.9006944444444445,0.929616724738676,0.8847222222222222,0.8819444444444444
GBLUP,R2,barley,BaYMV,KinCP-B,7190,0.8905424200278164,0.002231822883989,0.0244691250483933,0.8361111111111111,3.2454376561431086,3.9869660257339232,0.0,0.9059233449477352,0.9020833333333332,0.929616724738676,0.8791666666666667,0.8361111111111111
GBLUP,R2,barley,BaYMV,KinCP-BC,7190,0.8446453407510431,0.0047826839677466,0.0587664537359659,0.7388888888888889,2.972886191099677,4.112488119131011,0.0,0.8850174216027874,0.8520833333333333,0.9087108013937282,0.8388888888888889,0.7388888888888889
GBLUP,R2,barley,BaYMV,KinCP-C,7190,0.8955493741307371,0.0022209623675481,0.0159935152922957,0.8729166666666667,3.278504830905279,3.977960733974682,0.0,0.8982578397212544,0.8958333333333334,0.9289198606271776,0.8819444444444444,0.8729166666666667
GBLUP,R2,barley,BaYMV,KinCP[fixed-h],7190,0.8963838664812239,0.0024089719159511,0.0161328881145954,0.8680555555555556,3.291812407716049,3.9835155280279473,0.0,0.9010452961672474,0.8979166666666667,0.9303135888501742,0.8847222222222222,0.8680555555555556
GBLUP,R2,barley,BaYMV,KinCP[h=0.25],7190,0.8962447844228094,0.001337648404845,0.0212727448703058,0.8527777777777777,3.302895983123364,3.9822349296537753,0.0,0.9017421602787457,0.9111111111111112,0.9310104529616724,0.8847222222222222,0.8527777777777777
GBLUP,R2,barley,BaYMV,KinCP[h=1.0],7190,0.8952712100139082,0.0023888128007395,0.0162712930700735,0.86875,3.2840130694571634,3.9833745612622673,0.0,0.8982578397212544,0.8965277777777778,0.9289198606271776,0.8840277777777777,0.86875
GBLUP,R2,barley,BaYMV,KinCP[h=2.0],7190,0.8954102920723227,0.0027201122692083,0.0161328881145954,0.8715277777777778,3.280054665311892,3.980891341453406,0.0,0.8975609756097561,0.8965277777777778,0.9289198606271776,0.8826388888888889,0.8715277777777778
GBLUP,R2,barley,BaYMV,KinCP[nmin=100],7190,0.8963838664812239,0.0024089719159511,0.0161328881145954,0.8680555555555556,3.291812407716049,3.9835155280279473,0.0,0.9010452961672474,0.8979166666666667,0.9303135888501742,0.8847222222222222,0.8680555555555556
GBLUP,R2,barley,BaYMV,KinCP[nmin=25],7190,0.8963838664812239,0.0024089719159511,0.0161328881145954,0.8680555555555556,3.291812407716049,3.9835155280279473,0.0,0.9010452961672474,0.8979166666666667,0.9303135888501742,0.8847222222222222,0.8680555555555556
GBLUP,R2,barley,BaYMV,NormCP,7190,0.9130737134909596,0.0142091910582076,0.0133730158730158,0.8993055555555556,3.374047137945723,3.944156975757417,0.0,0.9198606271777005,0.9083333333333332,0.9372822299651568,0.8993055555555556,0.9006944444444445
GBLUP,R2,barley,BaYMV,SCP,7190,0.8129346314325452,0.023669502677493,0.0869797715834301,0.6951388888888889,2.7735715710674027,4.238870850489628,0.0,0.8738675958188153,0.8381944444444445,0.8752613240418119,0.7826388888888889,0.6951388888888889
GBLUP,R2,bean,DF,CV+,2220,0.9054054054054054,0.0022522522522522,0.0278753830439223,0.8674157303370786,2.22702102102293,2.913584925282465,0.0,0.8954545454545455,0.8674157303370786,0.9595505617977528,0.8808988764044944,0.9235955056179777
GBLUP,R2,bean,DF,CalPred-style,2220,0.9054054054054054,0.0015925828405102,0.0215832482124616,0.8651685393258427,2.348945028287234,3.061906634495253,0.0,0.8954545454545455,0.8651685393258427,0.9550561797752808,0.9123595505617976,0.898876404494382
GBLUP,R2,bean,DF,CalPred-style(rand),2220,0.8945945945945946,0.00461574358827,0.030582226762002,0.8584269662921349,2.253566488952832,3.0064172536339915,0.0,0.8909090909090909,0.8606741573033708,0.9550561797752808,0.8584269662921349,0.907865168539326
GBLUP,R2,bean,DF,Gauss-PEV,2220,0.8963963963963963,1.2412670766236366e-16,0.0296935648621041,0.8651685393258427,2.231474622122669,2.9409809885588443,0.0,0.8863636363636364,0.8651685393258427,0.9550561797752808,0.8651685393258427,0.9101123595505618
GBLUP,R2,bean,DF,Gauss-homosc,2220,0.8918918918918919,0.0015925828405102,0.0301276813074566,0.851685393258427,2.2124089013866857,2.966487038197646,0.0,0.8931818181818182,0.8606741573033708,0.9550561797752808,0.851685393258427,0.898876404494382
GBLUP,R2,bean,DF,KinCP,2220,0.9018018018018018,0.0034157096594826,0.0224974463738508,0.8606741573033708,2.311845214282402,3.093306683747695,0.0,0.8886363636363637,0.8606741573033708,0.9550561797752808,0.898876404494382,0.90561797752809
GBLUP,R2,bean,DF,KinCP-A,2220,0.8900900900900901,0.0053771785523934,0.0319356486210419,0.8539325842696629,2.186911907642672,3.0354029237891345,0.0,0.8886363636363637,0.8539325842696629,0.9550561797752808,0.8561797752808988,0.8966292134831461
GBLUP,R2,bean,DF,KinCP-AB,2220,0.8914414414414414,0.0056080628819768,0.0305873340143003,0.8561797752808988,2.191392899214886,3.0474094919245447,0.0,0.8886363636363637,0.8561797752808988,0.9550561797752808,0.8584269662921349,0.898876404494382
GBLUP,R2,bean,DF,KinCP-ABC,2220,0.8882882882882883,0.0020144756554052,0.0337334014300306,0.8471910112359551,2.142754497405928,2.9814846773580115,0.0,0.8886363636363637,0.851685393258427,0.9550561797752808,0.8471910112359551,0.898876404494382
GBLUP,R2,bean,DF,KinCP-AC,2220,0.8851351351351351,0.0047777485215307,0.0359856996935648,0.8426966292134831,2.142808515443208,2.9597035027554845,0.0,0.8863636363636364,0.8449438202247191,0.952808988764045,0.8426966292134831,0.898876404494382
GBLUP,R2,bean,DF,KinCP-B,2220,0.9027027027027028,0.0018843694291307,0.0220480081716036,0.8629213483146068,2.3285350127668183,3.1050551727836964,0.0,0.8886363636363637,0.8629213483146068,0.9550561797752808,0.901123595505618,0.90561797752809
GBLUP,R2,bean,DF,KinCP-BC,2220,0.9013513513513514,0.0018843694291307,0.0215883554647599,0.8561797752808988,2.2753495470353866,3.0142240636854027,0.0,0.8931818181818182,0.8561797752808988,0.9550561797752808,0.901123595505618,0.901123595505618
GBLUP,R2,bean,DF,KinCP-C,2220,0.8954954954954955,0.0046703696741729,0.026996935648621,0.8539325842696629,2.2195845702420827,2.99213001107157,0.0,0.8863636363636364,0.8539325842696629,0.9550561797752808,0.8808988764044944,0.901123595505618
GBLUP,R2,bean,DF,KinCP[fixed-h],2220,0.9018018018018018,0.0034157096594826,0.0224974463738508,0.8606741573033708,2.34522952249829,3.129517254059299,0.0036036036036035,0.8886363636363637,0.8606741573033708,0.9550561797752808,0.898876404494382,0.90561797752809
GBLUP,R2,bean,DF,KinCP[h=0.25],2220,0.9009009009009008,0.0031851656810204,0.0260929519918283,0.8584269662921349,2.329330807847256,3.1251854334098907,0.0,0.8886363636363637,0.8584269662921349,0.9550561797752808,0.8898876404494382,0.9123595505617976
GBLUP,R2,bean,DF,KinCP[h=1.0],2220,0.8995495495495496,0.0012336093637503,0.0229519918283963,0.8561797752808988,2.27005972713933,3.038202790374335,0.0,0.8863636363636364,0.8561797752808988,0.9550561797752808,0.898876404494382,0.901123595505618
GBLUP,R2,bean,DF,KinCP[h=2.0],2220,0.8954954954954955,0.0046703696741729,0.026996935648621,0.851685393258427,2.2375589320282647,3.008871139337415,0.0,0.8863636363636364,0.851685393258427,0.9550561797752808,0.8831460674157303,0.901123595505618
GBLUP,R2,bean,DF,KinCP[nmin=100],2220,0.9013513513513514,0.0033406299491421,0.0229519918283963,0.8606741573033708,2.2877293853732645,3.0742208296585787,0.0,0.8863636363636364,0.8606741573033708,0.9550561797752808,0.898876404494382,0.90561797752809
GBLUP,R2,bean,DF,KinCP[nmin=25],2220,0.9018018018018018,0.0034157096594826,0.0224974463738508,0.8606741573033708,2.3416711440369804,3.123132613502273,0.0,0.8886363636363637,0.8606741573033708,0.9550561797752808,0.898876404494382,0.90561797752809
GBLUP,R2,bean,DF,NormCP,2220,0.9027027027027028,0.0244346015407486,0.0225127681307456,0.8719101123595505,2.324938279355014,3.0935902428934225,0.0,0.8818181818181818,0.8719101123595505,0.9258426966292136,0.8966292134831461,0.9370786516853932
GBLUP,R2,bean,DF,SCP,2220,0.8882882882882883,0.0184767065783726,0.0279213483146067,0.8584269662921349,2.1890562994660385,3.0302068356193264,0.0,0.875,0.8674157303370786,0.9258426966292136,0.8584269662921349,0.9146067415730336
GBLUP,R2,bean,DPM,CV+,2220,0.9135135135135136,0.0064886758067063,0.0387946884576098,0.8363636363636363,2.676383433565928,3.270682072581761,0.0,0.8363636363636363,0.9123595505617976,0.9280898876404494,0.9550561797752808,0.9348314606741572
GBLUP,R2,bean,DPM,CalPred-style,2220,0.8995495495495496,0.0012336093637503,0.0262155260469867,0.8340909090909091,2.545325874428896,3.280107687336636,0.0,0.8340909090909091,0.898876404494382,0.9191011235955056,0.9348314606741572,0.9101123595505618
GBLUP,R2,bean,DPM,CalPred-style(rand),2220,0.9094594594594596,0.0018843694291307,0.034749744637385,0.8363636363636363,2.547646272028648,3.2572049328528667,0.0,0.8363636363636363,0.9280898876404494,0.9258426966292136,0.9348314606741572,0.9213483146067416
GBLUP,R2,bean,DPM,Gauss-PEV,2220,0.9031531531531533,0.0,0.0311695607763023,0.8295454545454546,2.532086194613992,3.263509116195028,0.0,0.8295454545454546,0.9101123595505618,0.9213483146067416,0.9325842696629212,0.9213483146067416
GBLUP,R2,bean,DPM,Gauss-homosc,2220,0.9058558558558558,0.0024672187275007,0.0329622063329928,0.8318181818181818,2.561565969947284,3.287190560641261,0.0,0.8318181818181818,0.9123595505617976,0.9303370786516854,0.9438202247191012,0.9101123595505618
GBLUP,R2,bean,DPM,KinCP,2220,0.9085585585585586,0.0054241417021586,0.0320429009193053,0.8409090909090909,2.581163317275533,3.290219809645546,0.0,0.8409090909090909,0.9213483146067416,0.9280898876404494,0.9303370786516854,0.9213483146067416
GBLUP,R2,bean,DPM,KinCP-A,2220,0.9058558558558558,0.0068314193189653,0.0293462717058222,0.8409090909090909,2.592328409973426,3.27540549100308,0.0,0.8409090909090909,0.9168539325842696,0.9213483146067416,0.9213483146067416,0.9280898876404494
GBLUP,R2,bean,DPM,KinCP-AB,2220,0.9063063063063064,0.0051850740690186,0.0297957099080694,0.8409090909090909,2.603547456129395,3.283551490842438,0.0,0.8409090909090909,0.9235955056179777,0.9191011235955056,0.9258426966292136,0.9213483146067416
GBLUP,R2,bean,DPM,KinCP-ABC,2220,0.9135135135135136,0.004091419397429,0.0378907048008171,0.8386363636363636,2.6370779598717604,3.3063270997911083,0.0,0.8386363636363636,0.9258426966292136,0.9393258426966292,0.9483146067415732,0.9146067415730336
GBLUP,R2,bean,DPM,KinCP-AC,2220,0.9126126126126126,0.006249746362843,0.0378958120531154,0.8363636363636363,2.6055127251269377,3.2843669741754686,0.0,0.8363636363636363,0.9235955056179777,0.9325842696629212,0.9438202247191012,0.9258426966292136
GBLUP,R2,bean,DPM,KinCP-B,2220,0.9081081081081082,0.0053771785523933,0.0315934627170582,0.8409090909090909,2.5970422651160825,3.297561520715876,0.0,0.8409090909090909,0.9191011235955056,0.9258426966292136,0.9325842696629212,0.9213483146067416
GBLUP,R2,bean,DPM,KinCP-BC,2220,0.9184684684684684,0.0040289513108104,0.0392185903983656,0.8477272727272728,2.6879953080479724,3.321140825526969,0.0,0.8477272727272728,0.9303370786516854,0.9438202247191012,0.9550561797752808,0.9146067415730336
GBLUP,R2,bean,DPM,KinCP-C,2220,0.9112612612612612,0.0062901982179139,0.0374514811031664,0.8340909090909091,2.599915176750572,3.285564852549436,0.0,0.8340909090909091,0.9191011235955056,0.9325842696629212,0.9438202247191012,0.9258426966292136
GBLUP,R2,bean,DPM,KinCP[fixed-h],2220,0.9085585585585586,0.0054241417021586,0.0320429009193053,0.8409090909090909,2.588253345077835,3.2985897228131376,0.0018018018018017,0.8409090909090909,0.9213483146067416,0.9280898876404494,0.9303370786516854,0.9213483146067416
GBLUP,R2,bean,DPM,KinCP[h=0.25],2220,0.9085585585585586,0.0046703696741729,0.032946884576098,0.8386363636363636,2.6054448783091897,3.308133007525825,0.0,0.8386363636363636,0.9146067415730336,0.9348314606741572,0.9258426966292136,0.9280898876404494
GBLUP,R2,bean,DPM,KinCP[h=1.0],2220,0.90990990990991,0.002758434395026,0.0333912155260469,0.8409090909090909,2.576320667593321,3.2776263325976003,0.0,0.8409090909090909,0.9168539325842696,0.9280898876404494,0.9415730337078652,0.9213483146067416
GBLUP,R2,bean,DPM,KinCP[h=2.0],2220,0.90990990990991,0.0055168687900522,0.0361031664964248,0.8340909090909091,2.588324386719445,3.2793453858135027,0.0,0.8340909090909091,0.9168539325842696,0.9280898876404494,0.9438202247191012,0.9258426966292136
GBLUP,R2,bean,DPM,KinCP[nmin=100],2220,0.9067567567567568,0.006085250489237,0.0302451481103166,0.8409090909090909,2.567052915184647,3.277225586655492,0.0,0.8409090909090909,0.9146067415730336,0.9258426966292136,0.9303370786516854,0.9213483146067416
GBLUP,R2,bean,DPM,KinCP[nmin=25],2220,0.9085585585585586,0.0054241417021586,0.0320429009193053,0.8409090909090909,2.5868254239039725,3.2958819162739856,0.0,0.8409090909090909,0.9213483146067416,0.9280898876404494,0.9303370786516854,0.9213483146067416
GBLUP,R2,bean,DPM,NormCP,2220,0.913963963963964,0.0214496728843407,0.036532175689479,0.8431818181818181,2.7963646453423547,3.435378909087879,0.0,0.8431818181818181,0.9168539325842696,0.9146067415730336,0.946067415730337,0.9483146067415732
GBLUP,R2,bean,DPM,SCP,2220,0.9049549549549548,0.013550999059902,0.0284473953013278,0.8409090909090909,2.7102204628386866,3.419880835456738,0.0,0.8409090909090909,0.90561797752809,0.90561797752809,0.9393258426966292,0.9325842696629212
GBLUP,R2,bean,PHI,CV+,2220,0.8981981981981982,0.0089241498901616,0.03511746680286,0.8404494382022472,2.879675090701436,4.032380652215697,0.0,0.9272727272727272,0.8674157303370786,0.8404494382022472,0.9325842696629212,0.9235955056179777
GBLUP,R2,bean,PHI,CalPred-style,2220,0.90990990990991,0.0,0.0243156281920326,0.8651685393258427,2.866238257165673,3.99439720761222,0.0,0.9204545454545454,0.898876404494382,0.8651685393258427,0.9325842696629212,0.9325842696629212
GBLUP,R2,bean,PHI,CalPred-style(rand),2220,0.9171171171171172,0.0018843694291308,0.0175689479060265,0.898876404494382,3.0628650896843825,3.9845974786377294,0.0,0.9181818181818182,0.898876404494382,0.903370786516854,0.9325842696629212,0.9325842696629212
GBLUP,R2,bean,PHI,Gauss-PEV,2220,0.90990990990991,0.0,0.0288100102145045,0.8651685393258427,3.0592429922378868,4.111277132417272,0.0,0.9204545454545454,0.8876404494382022,0.8651685393258427,0.9438202247191012,0.9325842696629212
GBLUP,R2,bean,PHI,Gauss-homosc,2220,0.9153153153153152,0.0012336093637503,0.0288151174668028,0.8764044943820225,3.0942767384529883,4.147158415260449,0.0,0.9227272727272728,0.8898876404494382,0.8764044943820225,0.9550561797752808,0.9325842696629212
GBLUP,R2,bean,PHI,KinCP,2220,0.9013513513513514,0.0040289513108104,0.0247599591419816,0.8539325842696629,2.730835812863642,3.995968448881188,0.0,0.9181818181818182,0.8876404494382022,0.8539325842696629,0.9325842696629212,0.9146067415730336
GBLUP,R2,bean,PHI,KinCP-A,2220,0.9121621621621622,0.002758434395026,0.0220582226762001,0.8764044943820225,2.9193152976987684,3.9750671813085736,0.0,0.9159090909090908,0.898876404494382,0.8764044943820225,0.9325842696629212,0.9370786516853932
GBLUP,R2,bean,PHI,KinCP-AB,2220,0.9117117117117116,0.0018843694291307,0.0225076608784473,0.8741573033707866,2.918023387617327,3.983855126742276,0.0,0.9159090909090908,0.898876404494382,0.8741573033707866,0.9325842696629212,0.9370786516853932
GBLUP,R2,bean,PHI,KinCP-ABC,2220,0.8914414414414414,0.0060434269662156,0.0373493360572012,0.8202247191011236,2.786541125697448,4.113868079173588,0.0,0.9204545454545454,0.8651685393258427,0.8202247191011236,0.9325842696629212,0.9191011235955056
GBLUP,R2,bean,PHI,KinCP-AC,2220,0.8959459459459459,0.006249746362843,0.0337538304392236,0.8359550561797753,2.795293052602534,4.078205012378135,0.0,0.9204545454545454,0.8696629213483146,0.8359550561797753,0.9325842696629212,0.9213483146067416
GBLUP,R2,bean,PHI,KinCP-B,2220,0.9013513513513514,0.0037008280912511,0.0247599591419816,0.8539325842696629,2.739901001798412,4.002171555416294,0.0,0.9181818181818182,0.8876404494382022,0.8539325842696629,0.9325842696629212,0.9146067415730336
GBLUP,R2,bean,PHI,KinCP-BC,2220,0.9004504504504505,0.0040289513108104,0.0301583248212461,0.8426966292134831,2.88238681741306,4.088190627052366,0.0,0.9204545454545454,0.8831460674157303,0.8426966292134831,0.9325842696629212,0.9235955056179777
GBLUP,R2,bean,PHI,KinCP-C,2220,0.8995495495495496,0.0030217134831078,0.0301583248212461,0.8404494382022472,2.833173592174389,4.058597889512503,0.0,0.9204545454545454,0.8831460674157303,0.8404494382022472,0.9325842696629212,0.9213483146067416
GBLUP,R2,bean,PHI,KinCP[fixed-h],2220,0.9036036036036036,0.0040289513108104,0.0270326864147088,0.8539325842696629,2.7507206381370435,4.004026510767682,0.0063063063063063,0.9295454545454546,0.8876404494382022,0.8539325842696629,0.9325842696629212,0.9146067415730336
GBLUP,R2,bean,PHI,KinCP[h=0.25],2220,0.8954954954954955,0.0080579026216208,0.0278855975485188,0.8337078651685393,2.751660845355531,3.998918024341172,0.0,0.9090909090909092,0.8853932584269663,0.8337078651685393,0.9325842696629212,0.9168539325842696
GBLUP,R2,bean,PHI,KinCP[h=1.0],2220,0.9049549549549548,0.0029365776600012,0.0256639427987742,0.8606741573033708,2.759042939417274,4.013035681801829,0.0,0.9204545454545454,0.8876404494382022,0.8606741573033708,0.9325842696629212,0.9235955056179777
GBLUP,R2,bean,PHI,KinCP[h=2.0],2220,0.9018018018018018,0.0025679626691421,0.0297088866189989,0.8449438202247191,2.809553989173032,4.0417911051838376,0.0,0.9204545454545454,0.8853932584269663,0.8449438202247191,0.9325842696629212,0.9258426966292136
GBLUP,R2,bean,PHI,KinCP[nmin=100],2220,0.9013513513513514,0.0040289513108104,0.0247599591419816,0.8539325842696629,2.729721185646844,3.995045500312291,0.0,0.9181818181818182,0.8876404494382022,0.8539325842696629,0.9325842696629212,0.9146067415730336
GBLUP,R2,bean,PHI,KinCP[nmin=25],2220,0.9013513513513514,0.0040289513108104,0.0247599591419816,0.8539325842696629,2.738094511161163,4.003482217504947,0.0,0.9181818181818182,0.8876404494382022,0.8539325842696629,0.9325842696629212,0.9146067415730336
GBLUP,R2,bean,PHI,NormCP,2220,0.886936936936937,0.0301499108660927,0.0364096016343207,0.8359550561797753,2.872198933532985,4.228336883068717,0.0,0.9022727272727272,0.8404494382022472,0.8359550561797753,0.9393258426966292,0.9168539325842696
GBLUP,R2,bean,PHI,SCP,2220,0.8851351351351351,0.0305094981624866,0.0391113381001021,0.8269662921348314,2.850203877825348,4.268652092753015,0.0,0.9045454545454544,0.8382022471910112,0.8269662921348314,0.9370786516853932,0.9191011235955056
GBLUP,R2,lentil,DTF,CV+,1620,0.7246913580246913,0.0082817332499992,0.1753076923076923,0.6615384615384615,2.026175220602298,5.134272506240128,0.0,0.725,0.72,0.7138461538461538,0.6615384615384615,0.803076923076923
GBLUP,R2,lentil,DTF,CalPred-style,1620,0.8629629629629629,0.0077468520975377,0.0489038461538461,0.80625,2.852865596873287,4.248960348444133,0.0,0.80625,0.8830769230769231,0.8307692307692308,0.8646153846153846,0.9292307692307692
GBLUP,R2,lentil,DTF,CalPred-style(rand),1620,0.825925925925926,0.0241649125074856,0.074875,0.765625,2.4245129271989208,4.660453869609575,0.0,0.765625,0.8276923076923077,0.8,0.8338461538461538,0.9015384615384616
GBLUP,R2,lentil,DTF,Gauss-PEV,1620,0.845679012345679,0.0,0.06375,0.78125,2.596220683670349,4.58663777525949,0.0,0.78125,0.8769230769230769,0.8,0.8461538461538461,0.9230769230769232
GBLUP,R2,lentil,DTF,Gauss-homosc,1620,0.6888888888888889,0.0284888413807761,0.2111826923076923,0.6338461538461538,1.9225892241466704,5.2664558177322975,0.0,0.665625,0.6861538461538461,0.7015384615384616,0.6338461538461538,0.7569230769230769
GBLUP,R2,lentil,DTF,KinCP,1620,0.8611111111111112,0.0021824283369954,0.0576057692307692,0.778125,2.9614809833551554,4.634885617341657,0.0,0.778125,0.9076923076923076,0.803076923076923,0.8769230769230769,0.9384615384615383
GBLUP,R2,lentil,DTF,KinCP-A,1620,0.858641975308642,0.0138717315149655,0.0532596153846153,0.790625,2.7398919847027736,4.49148739900821,0.0,0.790625,0.8861538461538462,0.8307692307692308,0.8553846153846154,0.9292307692307692
GBLUP,R2,lentil,DTF,KinCP-AB,1620,0.8314814814814815,0.0269598367924968,0.0686442307692307,0.790625,2.4388595913270947,4.569193168307237,0.0,0.790625,0.8738461538461538,0.7938461538461539,0.8307692307692308,0.8676923076923077
GBLUP,R2,lentil,DTF,KinCP-ABC,1620,0.7185185185185186,0.0165346854765171,0.1815288461538461,0.676923076923077,1.9990318600766024,5.239094422142013,0.0,0.703125,0.7107692307692308,0.7076923076923077,0.676923076923077,0.7938461538461539
GBLUP,R2,lentil,DTF,KinCP-AC,1620,0.841358024691358,0.0145749616705155,0.0693076923076923,0.775,2.5708905424625508,4.615095317313048,0.0,0.775,0.8707692307692307,0.7907692307692308,0.8430769230769231,0.926153846153846
GBLUP,R2,lentil,DTF,KinCP-B,1620,0.8580246913580247,0.0048800581175437,0.0538365384615384,0.803125,2.826069617608704,4.467671030849864,0.0,0.803125,0.8861538461538462,0.8061538461538461,0.8646153846153846,0.9292307692307692
GBLUP,R2,lentil,DTF,KinCP-BC,1620,0.8450617283950618,0.0050715051620848,0.0556634615384615,0.7907692307692308,2.540945964645338,4.498576699711464,0.0,0.809375,0.8769230769230769,0.7907692307692308,0.8461538461538461,0.9015384615384616
GBLUP,R2,lentil,DTF,KinCP-C,1620,0.854320987654321,0.0013802888749998,0.0612884615384615,0.78125,2.8036983405668523,4.562862825334995,0.0,0.78125,0.8769230769230769,0.8,0.8738461538461538,0.9384615384615383
GBLUP,R2,lentil,DTF,KinCP[fixed-h],1620,0.8611111111111112,0.0021824283369954,0.0576057692307692,0.778125,2.9614809833551554,4.634885617341657,0.0,0.778125,0.9076923076923076,0.803076923076923,0.8769230769230769,0.9384615384615383
GBLUP,R2,lentil,DTF,KinCP[h=0.25],1620,0.8660493827160494,0.0027605777499997,0.0526442307692307,0.790625,2.940035740498668,4.617260711450226,0.0,0.790625,0.9076923076923076,0.8153846153846154,0.8769230769230769,0.9384615384615383
GBLUP,R2,lentil,DTF,KinCP[h=1.0],1620,0.8549382716049383,0.0,0.0606730769230769,0.78125,2.8981543221649337,4.596480743057016,0.0,0.78125,0.8769230769230769,0.8,0.8769230769230769,0.9384615384615383
GBLUP,R2,lentil,DTF,KinCP[h=2.0],1620,0.8549382716049383,0.0,0.0606730769230769,0.78125,2.848830886246157,4.575079712879926,0.0,0.78125,0.8769230769230769,0.8,0.8769230769230769,0.9384615384615383
GBLUP,R2,lentil,DTF,KinCP[nmin=100],1620,0.8611111111111112,0.0021824283369954,0.0576057692307692,0.778125,2.957300087637235,4.635236554538562,0.0,0.778125,0.9076923076923076,0.803076923076923,0.8769230769230769,0.9384615384615383
GBLUP,R2,lentil,DTF,KinCP[nmin=25],1620,0.8611111111111112,0.0021824283369954,0.0576057692307692,0.778125,2.9614809833551554,4.634885617341657,0.0,0.778125,0.9076923076923076,0.803076923076923,0.8769230769230769,0.9384615384615383
GBLUP,R2,lentil,DTF,NormCP,1620,0.8703703703703703,0.0097601162350875,0.0440480769230769,0.784375,3.073552049274842,4.445049905596493,0.0,0.784375,0.8769230769230769,0.8707692307692307,0.8830769230769231,0.9353846153846154
GBLUP,R2,lentil,DTF,SCP,1620,0.7314814814814815,0.0397058034884833,0.1688461538461538,0.625,2.29051615936596,4.97329444144123,0.0,0.625,0.7230769230769231,0.76,0.7476923076923077,0.8
GBLUP,R2,lentil,DTM,CV+,1620,0.7777777777777778,0.015888318118807,0.1223076923076923,0.75,1.836779119005565,3.6475429344298367,0.0,0.75,0.7569230769230769,0.7569230769230769,0.8246153846153846,0.8
GBLUP,R2,lentil,DTM,CalPred-style,1620,0.8796296296296297,0.004364856673991,0.023451923076923,0.8615384615384616,2.35103561086077,3.276171726543234,0.0,0.878125,0.9076923076923076,0.8615384615384616,0.8769230769230769,0.8738461538461538
GBLUP,R2,lentil,DTM,CalPred-style(rand),1620,0.85,0.0091558006013527,0.0519230769230769,0.8184615384615385,2.0973956013011663,3.2664755736291573,0.0,0.825,0.9046153846153846,0.8184615384615385,0.8615384615384616,0.84
GBLUP,R2,lentil,DTM,Gauss-PEV,1620,0.8672839506172839,1.2412670766236366e-16,0.0389903846153846,0.828125,2.293905874768192,3.262443963935564,0.0,0.828125,0.9076923076923076,0.8307692307692308,0.8615384615384616,0.9076923076923076
GBLUP,R2,lentil,DTM,Gauss-homosc,1620,0.7691358024691358,0.0118335120448646,0.1309903846153846,0.728125,1.8091168799547843,3.611766449932744,0.0,0.728125,0.7630769230769231,0.7446153846153846,0.8307692307692308,0.7784615384615384
GBLUP,R2,lentil,DTM,KinCP,1620,0.8759259259259259,0.0079889994478671,0.0419807692307692,0.8215384615384616,2.2973145676708424,3.2177484485083565,0.0,0.85625,0.8892307692307693,0.8215384615384616,0.8676923076923077,0.9446153846153846
GBLUP,R2,lentil,DTM,KinCP-A,1620,0.8635802469135803,0.0059368469326145,0.0469711538461538,0.8153846153846154,2.229481243508161,3.2106187294340858,0.0,0.834375,0.926153846153846,0.8153846153846154,0.8738461538461538,0.8676923076923077
GBLUP,R2,lentil,DTM,KinCP-AB,1620,0.8358024691358025,0.0114239231625442,0.0642596153846154,0.8092307692307692,2.0057460383637733,3.3754796283349813,0.0,0.815625,0.88,0.8092307692307692,0.8553846153846154,0.8184615384615385
GBLUP,R2,lentil,DTM,KinCP-ABC,1620,0.769753086419753,0.0116714014822154,0.130375,0.728125,1.8160268387489809,3.604916491299217,0.0,0.728125,0.7415384615384616,0.7753846153846153,0.8307692307692308,0.7723076923076924
GBLUP,R2,lentil,DTM,KinCP-AC,1620,0.8444444444444444,0.0027605777499997,0.0556730769230769,0.80625,2.147944636570585,3.33170011723292,0.0,0.80625,0.8769230769230769,0.8153846153846154,0.8615384615384616,0.8615384615384616
GBLUP,R2,lentil,DTM,KinCP-B,1620,0.8746913580246913,0.0016905017206949,0.027125,0.8461538461538461,2.265975812361515,3.2316231361451533,0.0,0.884375,0.9046153846153846,0.8461538461538461,0.8615384615384616,0.8769230769230769
GBLUP,R2,lentil,DTM,KinCP-BC,1620,0.8611111111111112,0.0030864197530863,0.0388461538461538,0.8307692307692308,2.155234312392506,3.328882864302187,0.0,0.875,0.8984615384615384,0.84,0.8615384615384616,0.8307692307692308
GBLUP,R2,lentil,DTM,KinCP-C,1620,0.8722222222222222,0.0064001362201628,0.0382596153846154,0.8153846153846154,2.289737612805788,3.221389526958757,0.0,0.865625,0.926153846153846,0.8153846153846154,0.8738461538461538,0.88
GBLUP,R2,lentil,DTM,KinCP[fixed-h],1620,0.8759259259259259,0.0079889994478671,0.0419807692307692,0.8215384615384616,2.2973145676708424,3.2177484485083565,0.0,0.85625,0.8892307692307693,0.8215384615384616,0.8676923076923077,0.9446153846153846
GBLUP,R2,lentil,DTM,KinCP[h=0.25],1620,0.8858024691358025,0.0065472850109865,0.0468653846153846,0.8307692307692308,2.282758240159106,3.271022812753813,0.0,0.86875,0.8861538461538462,0.8307692307692308,0.8615384615384616,0.9815384615384616
GBLUP,R2,lentil,DTM,KinCP[h=1.0],1620,0.8790123456790123,0.0055211554999995,0.0345673076923076,0.8184615384615385,2.310417586579163,3.1923722167900923,0.0,0.865625,0.926153846153846,0.8184615384615385,0.8769230769230769,0.9076923076923076
GBLUP,R2,lentil,DTM,KinCP[h=2.0],1620,0.8796296296296297,0.004364856673991,0.0351730769230769,0.8153846153846154,2.3054599652894776,3.2039941018232674,0.0,0.86875,0.9292307692307692,0.8153846153846154,0.8769230769230769,0.9076923076923076
GBLUP,R2,lentil,DTM,KinCP[nmin=100],1620,0.8759259259259259,0.0079889994478671,0.0419807692307692,0.8215384615384616,2.292351301233808,3.2127851820713222,0.0,0.85625,0.8892307692307693,0.8215384615384616,0.8676923076923077,0.9446153846153846
GBLUP,R2,lentil,DTM,KinCP[nmin=25],1620,0.8759259259259259,0.0079889994478671,0.0419807692307692,0.8215384615384616,2.2973145676708424,3.2177484485083565,0.0,0.85625,0.8892307692307693,0.8215384615384616,0.8676923076923077,0.9446153846153846
GBLUP,R2,lentil,DTM,NormCP,1620,0.8537037037037037,0.0395615930720107,0.0464615384615384,0.8,2.328353941605985,3.448109277830657,0.0,0.8,0.8738461538461538,0.8246153846153846,0.8830769230769231,0.8861538461538462
GBLUP,R2,lentil,DTM,SCP,1620,0.7709876543209877,0.0358210892406275,0.1292403846153846,0.696875,1.924931612271101,3.827563043290923,0.0,0.696875,0.7538461538461538,0.7753846153846153,0.8369230769230769,0.7907692307692308
GBLUP,R2,lentil,VEG,CV+,1620,0.7080246913580247,0.0077468520975377,0.1919711538461538,0.5876923076923077,1.959949061035666,4.737424349917,0.0,0.709375,0.7538461538461538,0.7076923076923077,0.5876923076923077,0.7815384615384615
GBLUP,R2,lentil,VEG,CalPred-style,1620,0.8691358024691358,0.0067620068827798,0.0401346153846154,0.8369230769230769,2.6881795120362946,3.905479231832546,0.0,0.85625,0.8769230769230769,0.8523076923076923,0.8369230769230769,0.9230769230769232
GBLUP,R2,lentil,VEG,CalPred-style(rand),1620,0.7932098765432098,0.029684234663073,0.1068365384615385,0.7046153846153846,2.2589179721097787,4.348302908034792,0.0,0.778125,0.8061538461538461,0.7815384615384615,0.7046153846153846,0.8953846153846153
GBLUP,R2,lentil,VEG,Gauss-PEV,1620,0.8333333333333334,0.0,0.0760576923076923,0.78125,2.46096283433834,4.192894290294652,0.0,0.78125,0.8153846153846154,0.8153846153846154,0.8307692307692308,0.9230769230769232
GBLUP,R2,lentil,VEG,Gauss-homosc,1620,0.6808641975308642,0.0169893320302751,0.2190480769230769,0.5876923076923077,1.831503433444449,4.97354584899121,0.0,0.709375,0.683076923076923,0.6923076923076923,0.5876923076923077,0.7323076923076923
GBLUP,R2,lentil,VEG,KinCP,1620,0.8641975308641975,0.0,0.0514423076923076,0.78125,2.807236034456716,4.168924493694904,0.0,0.78125,0.8923076923076924,0.8461538461538461,0.8615384615384616,0.9384615384615383
GBLUP,R2,lentil,VEG,KinCP-A,1620,0.8506172839506173,0.0132032405161774,0.0588173076923077,0.784375,2.5490148000821486,4.110723254564921,0.0,0.784375,0.8553846153846154,0.8369230769230769,0.8523076923076923,0.9230769230769232
GBLUP,R2,lentil,VEG,KinCP-AB,1620,0.8018518518518518,0.0244392998701594,0.0981826923076923,0.7230769230769231,2.274657104375384,4.273045826605503,0.0,0.790625,0.8215384615384616,0.7938461538461539,0.7230769230769231,0.88
GBLUP,R2,lentil,VEG,KinCP-ABC,1620,0.7154320987654321,0.0177837781368986,0.1845,0.5938461538461538,1.957361514213679,4.730636756560413,0.0,0.7375,0.7507692307692307,0.7046153846153846,0.5938461538461538,0.7907692307692308
GBLUP,R2,lentil,VEG,KinCP-AC,1620,0.8290123456790124,0.0172674083095053,0.0803557692307692,0.784375,2.4438206717066584,4.255875504476334,0.0,0.784375,0.8246153846153846,0.796923076923077,0.8153846153846154,0.9230769230769232
GBLUP,R2,lentil,VEG,KinCP-B,1620,0.8685185185185185,0.0046807873111429,0.0432692307692307,0.8375,2.691484630977259,4.074121757674996,0.0,0.8375,0.8830769230769231,0.8461538461538461,0.8461538461538461,0.9292307692307692
GBLUP,R2,lentil,VEG,KinCP-BC,1620,0.8469135802469135,0.0027605777499997,0.0561634615384615,0.7876923076923077,2.4819288963500736,4.118169322978898,0.0,0.846875,0.8615384615384616,0.8307692307692308,0.7876923076923077,0.9076923076923076
GBLUP,R2,lentil,VEG,KinCP-C,1620,0.8629629629629629,0.0046807873111428,0.0526153846153846,0.8,2.713077342618273,4.1273158308272855,0.0,0.8,0.8738461538461538,0.8430769230769231,0.8584615384615385,0.9384615384615383
GBLUP,R2,lentil,VEG,KinCP[fixed-h],1620,0.8641975308641975,0.0,0.0514423076923076,0.78125,2.807236034456716,4.168924493694904,0.0,0.78125,0.8923076923076924,0.8461538461538461,0.8615384615384616,0.9384615384615383
GBLUP,R2,lentil,VEG,KinCP[h=0.25],1620,0.8666666666666667,0.0013802888749998,0.0489423076923076,0.79375,2.805303298086781,4.178179053997423,0.0,0.79375,0.8923076923076924,0.8461538461538461,0.8615384615384616,0.9384615384615383
GBLUP,R2,lentil,VEG,KinCP[h=1.0],1620,0.8623456790123457,0.0016905017206949,0.0532884615384615,0.78125,2.753418349284345,4.141759600425068,0.0,0.78125,0.8830769230769231,0.8461538461538461,0.8615384615384616,0.9384615384615383
GBLUP,R2,lentil,VEG,KinCP[h=2.0],1620,0.8635802469135803,0.0040241990155571,0.052,0.8,2.7239000165756977,4.129930715308658,0.0,0.8,0.8738461538461538,0.8430769230769231,0.8615384615384616,0.9384615384615383
GBLUP,R2,lentil,VEG,KinCP[nmin=100],1620,0.8641975308641975,0.0,0.0514423076923076,0.78125,2.797332796084324,4.170500719566819,0.0,0.78125,0.8923076923076924,0.8461538461538461,0.8615384615384616,0.9384615384615383
GBLUP,R2,lentil,VEG,KinCP[nmin=25],1620,0.8641975308641975,0.0,0.0514423076923076,0.78125,2.807236034456716,4.168924493694904,0.0,0.78125,0.8923076923076924,0.8461538461538461,0.8615384615384616,0.9384615384615383
GBLUP,R2,lentil,VEG,NormCP,1620,0.8679012345679012,0.0193240442499981,0.0465096153846153,0.784375,3.002794500694355,4.0907655428967935,0.0,0.784375,0.8584615384615385,0.8707692307692307,0.8892307692307693,0.9353846153846154
GBLUP,R2,lentil,VEG,SCP,1620,0.7179012345679012,0.0286721584259101,0.1823942307692308,0.621875,2.1841820117801185,4.686835246654872,0.0,0.621875,0.7169230769230769,0.7753846153846153,0.68,0.7938461538461539
GBLUP,R2,oyster,mm,CV+,1860,0.878494623655914,0.0048087483387092,0.0365117117117117,0.84,3.035813406137868,3.9927322680604456,0.0,0.9324324324324323,0.9054054054054054,0.84,0.845945945945946,0.8693333333333333
GBLUP,R2,oyster,mm,CalPred-style,1860,0.9021505376344086,0.0024043741693546,0.0285117117117116,0.8756756756756757,3.274770611693293,4.029569259971916,0.0,0.945945945945946,0.8756756756756757,0.88,0.8783783783783784,0.9306666666666666
GBLUP,R2,oyster,mm,CalPred-style(rand),1860,0.810752688172043,0.0201702489057033,0.096381981981982,0.6826666666666666,3.919206076507227,6.667286789677138,0.0,0.918918918918919,0.8945945945945946,0.7786666666666666,0.7810810810810811,0.6826666666666666
GBLUP,R2,oyster,mm,Gauss-PEV,1860,0.9408602150537636,1.2412670766236366e-16,0.0407927927927927,0.918918918918919,3.62321897308906,4.012434787315286,0.0,0.9324324324324323,0.918918918918919,0.9466666666666668,0.945945945945946,0.96
GBLUP,R2,oyster,mm,Gauss-homosc,1860,0.864516129032258,0.0014723724664117,0.0483243243243243,0.8133333333333334,2.913819474026305,4.021579797470352,0.0,0.9324324324324323,0.8783783783783784,0.8133333333333334,0.8324324324324325,0.8666666666666667
GBLUP,R2,oyster,mm,KinCP,1860,0.9198924731182796,0.0058278181152362,0.0311279279279279,0.88,3.509153745076888,4.041452348296381,0.0,0.945945945945946,0.918918918918919,0.88,0.8918918918918919,0.9626666666666668
GBLUP,R2,oyster,mm,KinCP-A,1860,0.9521505376344086,0.0035049475296788,0.0520648648648648,0.9243243243243244,3.888251017130208,4.141056157397894,0.0,0.9486486486486486,0.9243243243243244,0.9626666666666668,0.9513513513513514,0.9733333333333334
GBLUP,R2,oyster,mm,KinCP-AB,1860,0.8978494623655914,0.0063043222578271,0.0306522522522522,0.8586666666666667,3.153384033537734,3.949375145775024,0.0,0.9486486486486486,0.9054054054054054,0.8586666666666667,0.8594594594594595,0.9173333333333332
GBLUP,R2,oyster,mm,KinCP-ABC,1860,0.8736559139784946,0.0053763440860215,0.0424504504504504,0.8297297297297297,3.0156511364310976,4.000201135496626,0.0,0.9405405405405406,0.8918918918918919,0.832,0.8297297297297297,0.8746666666666667
GBLUP,R2,oyster,mm,KinCP-AC,1860,0.95,0.0048833070227378,0.0499603603603603,0.9405405405405406,3.782522141341291,4.0771521950144,0.0,0.945945945945946,0.9486486486486486,0.952,0.9405405405405406,0.9626666666666668
GBLUP,R2,oyster,mm,KinCP-B,1860,0.9037634408602152,0.0035049475296788,0.0279351351351351,0.8693333333333333,3.315331147107311,3.994359741763014,0.0,0.945945945945946,0.8918918918918919,0.8693333333333333,0.8783783783783784,0.9333333333333332
GBLUP,R2,oyster,mm,KinCP-BC,1860,0.8811827956989248,0.0012021870846773,0.0403099099099099,0.8266666666666667,3.0919893980493343,3.992894656519028,0.0,0.945945945945946,0.9081081081081082,0.8266666666666667,0.8378378378378378,0.888
GBLUP,R2,oyster,mm,KinCP-C,1860,0.9263440860215054,0.0024043741693546,0.0262918918918918,0.9054054054054054,3.574563998885317,3.9964247124324,0.0,0.9324324324324323,0.9216216216216216,0.9253333333333332,0.9054054054054054,0.9466666666666668
GBLUP,R2,oyster,mm,KinCP[fixed-h],1860,0.9301075268817204,0.0026881720430107,0.0348684684684684,0.888,3.5790269610508485,4.083805793813031,0.0381720430107527,0.945945945945946,0.9243243243243244,0.888,0.9054054054054054,0.9866666666666668
GBLUP,R2,oyster,mm,KinCP[h=0.25],1860,0.9134408602150538,0.0048087483387092,0.0354162162162162,0.8666666666666667,3.440751877207992,4.023225153332402,0.0,0.945945945945946,0.9135135135135136,0.8666666666666667,0.8783783783783784,0.9626666666666668
GBLUP,R2,oyster,mm,KinCP[h=1.0],1860,0.9263440860215054,0.0048833070227378,0.0268684684684684,0.8986666666666666,3.600529793314898,4.036965438897922,0.0,0.9432432432432432,0.9297297297297298,0.8986666666666666,0.9027027027027028,0.9573333333333334
GBLUP,R2,oyster,mm,KinCP[h=2.0],1860,0.9268817204301076,0.0029447449328234,0.0268324324324324,0.9054054054054054,3.5555571009463978,3.9900464616096056,0.0,0.9324324324324323,0.9243243243243244,0.9253333333333332,0.9054054054054054,0.9466666666666668
GBLUP,R2,oyster,mm,KinCP[nmin=100],1860,0.9193548387096774,0.0026881720430107,0.0252612612612612,0.8918918918918919,3.4432764157179414,3.9899413691705456,0.0,0.945945945945946,0.918918918918919,0.8933333333333333,0.8918918918918919,0.9466666666666668
GBLUP,R2,oyster,mm,KinCP[nmin=25],1860,0.9274193548387096,0.0026881720430107,0.0322018018018017,0.888,3.573779115255348,4.06358906881269,0.0,0.945945945945946,0.9243243243243244,0.888,0.9054054054054054,0.9733333333333334
GBLUP,R2,oyster,mm,NormCP,1860,0.946236559139785,0.0160166334513615,0.0461981981981981,0.9351351351351352,3.797673384391476,4.1466442843400975,0.0,0.9486486486486486,0.9405405405405406,0.9493333333333334,0.9351351351351352,0.9573333333333334
GBLUP,R2,oyster,mm,SCP,1860,0.8779569892473118,0.0223781240734058,0.0413837837837838,0.8297297297297297,3.036122750310375,4.052404405469871,0.0,0.9432432432432432,0.9054054054054054,0.8506666666666667,0.8297297297297297,0.8613333333333333
GBLUP,R2,pig,PFAI,CV+,8545,0.9060269163253364,0.0007850443455236,0.04392927577987,0.8052631578947368,2.6839121140126965,4.63173876317921,0.0,0.9190615835777126,0.9473684210526316,0.954970760233918,0.9035087719298246,0.8052631578947368
GBLUP,R2,pig,PFAI,CalPred-style,8545,0.9412521942656524,0.0006671594061434,0.057631664694483,0.8590643274853801,3.308069164567474,4.729638371295063,0.0,0.9501466275659824,0.9789473684210528,0.9678362573099416,0.9502923976608189,0.8590643274853801
GBLUP,R2,pig,PFAI,CalPred-style(rand),8545,0.9458162668227034,0.0003204930119983,0.0593891375555212,0.8660818713450292,3.3969656364811662,4.779034378671328,0.0,0.955425219941349,0.9824561403508772,0.9707602339181286,0.9543859649122808,0.8660818713450292
GBLUP,R2,pig,PFAI,Gauss-PEV,8545,0.9344645991808076,1.2412670766236366e-16,0.0576368095213595,0.8421052631578947,3.174450194077898,4.728888104881421,0.0,0.9589442815249268,0.9707602339181286,0.9649122807017544,0.935672514619883,0.8421052631578947
GBLUP,R2,pig,PFAI,Gauss-homosc,8545,0.9315389116442364,0.0005851375073142,0.0570520141997221,0.8362573099415205,3.1373932266011915,4.720765467277426,0.0,0.9589442815249268,0.968421052631579,0.9643274853801168,0.9298245614035088,0.8362573099415205
GBLUP,R2,pig,PFAI,KinCP,8545,0.8991222937390286,0.0003204930119983,0.0367885990636414,0.8058479532163743,2.642982416591517,4.633094529174465,0.0,0.9085043988269794,0.9444444444444444,0.9362573099415205,0.9005847953216374,0.8058479532163743
GBLUP,R2,pig,PFAI,KinCP-A,8545,0.8827384435342306,0.0044869021679767,0.0480255869389995,0.7818713450292397,2.536508121313999,4.6454417828647045,0.0,0.9237536656891496,0.9444444444444444,0.9087719298245616,0.8549707602339182,0.7818713450292397
GBLUP,R2,pig,PFAI,KinCP-AB,8545,0.8809830310122879,0.0050267364762819,0.0481415170379516,0.7795321637426901,2.522925586065729,4.651427840894793,0.0,0.9219941348973608,0.9444444444444444,0.9064327485380116,0.8526315789473684,0.7795321637426901
GBLUP,R2,pig,PFAI,KinCP-ABC,8545,0.90040959625512,0.0004895611623955,0.0387789610879593,0.804093567251462,2.662872968723771,4.643441241789426,0.0,0.9120234604105572,0.9444444444444444,0.939766081871345,0.9017543859649124,0.804093567251462
GBLUP,R2,pig,PFAI,KinCP-AC,8545,0.9046225863077824,0.0010946920382604,0.0408859391881463,0.8093567251461988,2.706871771166247,4.644280316178161,0.0,0.9149560117302052,0.945029239766082,0.9502923976608189,0.9035087719298246,0.8093567251461988
GBLUP,R2,pig,PFAI,KinCP-B,8545,0.8991222937390286,0.0007850443455236,0.0372574642863267,0.8052631578947368,2.640592944085671,4.633262673576715,0.0,0.9102639296187685,0.9444444444444444,0.9362573099415205,0.8994152046783626,0.8052631578947368
GBLUP,R2,pig,PFAI,KinCP-BC,8545,0.9045055588063194,0.0004895611623955,0.0428773301778395,0.804093567251462,2.6941262084126523,4.650223682418696,0.0,0.920234604105572,0.945029239766082,0.9497076023391812,0.9035087719298246,0.804093567251462
GBLUP,R2,pig,PFAI,KinCP-C,8545,0.9047396138092452,0.0004895611623955,0.041939599732469,0.8070175438596491,2.708190632571932,4.64669002502906,0.0,0.9167155425219942,0.945029239766082,0.9514619883040936,0.9035087719298246,0.8070175438596491
GBLUP,R2,pig,PFAI,KinCP[fixed-h],8545,0.8997074312463429,0.0003204930119983,0.036203803742004,0.8087719298245614,2.643121706425731,4.566469876997638,0.000702165008777,0.9085043988269794,0.9444444444444444,0.9362573099415205,0.9005847953216374,0.8087719298245614
GBLUP,R2,pig,PFAI,KinCP[h=0.25],8545,0.8960795787009947,0.0009791223247911,0.0372605511824527,0.8099415204678363,2.6329318591413164,4.635325364665765,0.0,0.9155425219941348,0.9409356725146198,0.9269005847953216,0.8871345029239766,0.8099415204678363
GBLUP,R2,pig,PFAI,KinCP[h=1.0],8545,0.9021650087770626,0.0002616814485078,0.039362384455763,0.8070175438596491,2.6872405585506858,4.644625078139779,0.0,0.9096774193548388,0.9444444444444444,0.9461988304093568,0.9035087719298246,0.8070175438596491
GBLUP,R2,pig,PFAI,KinCP[h=2.0],8545,0.904037448800468,1.2412670766236366e-16,0.0412368163811287,0.8070175438596491,2.700861631150714,4.646565663652985,0.0,0.9149560117302052,0.9444444444444444,0.9502923976608189,0.9035087719298246,0.8070175438596491
GBLUP,R2,pig,PFAI,KinCP[nmin=100],8545,0.8991222937390286,0.0003204930119983,0.0367885990636414,0.8058479532163743,2.6428998739794363,4.63325937872192,0.0,0.9085043988269794,0.9444444444444444,0.9362573099415205,0.9005847953216374,0.8058479532163743
GBLUP,R2,pig,PFAI,KinCP[nmin=25],8545,0.8991222937390286,0.0003204930119983,0.0367885990636414,0.8058479532163743,2.6434111609944515,4.632380310333904,0.0,0.9085043988269794,0.9444444444444444,0.9362573099415205,0.9005847953216374,0.8058479532163743
GBLUP,R2,pig,PFAI,NormCP,8545,0.9082504388531304,0.0052073950757839,0.0445154430553411,0.8093567251461988,2.766971155891269,4.659091767942946,0.0,0.9214076246334312,0.950877192982456,0.9502923976608189,0.9093567251461988,0.8093567251461988
GBLUP,R2,pig,PFAI,SCP,8545,0.903335283791691,0.0051909315661127,0.0410035842293906,0.8058479532163743,2.71677777531782,4.652718967957083,0.0,0.9161290322580644,0.947953216374269,0.9461988304093568,0.9005847953216374,0.8058479532163743
GBLUP,R2,pine,c5c6,CV+,4535,0.7034178610804851,0.0030194187293559,0.1964495173334952,0.5977900552486188,1.4393061677946288,4.79729360132583,0.0,0.887292817679558,0.5977900552486188,0.6384615384615384,0.7458563535911602,0.6483516483516484
GBLUP,R2,pine,c5c6,CalPred-style,4535,0.84696802646086,0.0054795032590029,0.0651800133568089,0.7690607734806629,2.232377633176056,3.964090923330379,0.0,0.9292817679558012,0.7690607734806629,0.789010989010989,0.8464088397790055,0.9010989010989012
GBLUP,R2,pine,c5c6,CalPred-style(rand),4535,0.7272326350606395,0.0047164828304757,0.1726658976382733,0.6287292817679558,1.5271097520927732,4.264109544061803,0.0,0.876243093922652,0.6287292817679558,0.6593406593406593,0.7690607734806629,0.7032967032967034
GBLUP,R2,pine,c5c6,Gauss-PEV,4535,0.7783902976846747,0.0,0.1261817740270779,0.6795580110497238,1.711249747765067,4.206498061794407,0.0,0.9116022099447514,0.6795580110497238,0.7032967032967034,0.8066298342541437,0.7912087912087912
GBLUP,R2,pine,c5c6,Gauss-homosc,4535,0.6908489525909592,0.0034514830964715,0.2090122032663469,0.6,1.3797496038230694,4.77884531770992,0.0,0.8685082872928177,0.6,0.6329670329670329,0.7303867403314918,0.6230769230769231
GBLUP,R2,pine,c5c6,KinCP,4535,0.8703417861080485,0.0156622190580637,0.0616198166474409,0.8044198895027624,2.532917541509539,4.038874807900235,0.0,0.9392265193370166,0.8044198895027624,0.8065934065934066,0.8607734806629834,0.9406593406593406
GBLUP,R2,pine,c5c6,KinCP-A,4535,0.748180815876516,0.007935194802843,0.1517467063323417,0.6430939226519337,1.6183828635020423,4.185099685114419,0.0,0.8795580110497238,0.6430939226519337,0.6802197802197802,0.7878453038674034,0.7505494505494505
GBLUP,R2,pine,c5c6,KinCP-AB,4535,0.68864388092613,0.011605466255295,0.2112100054641491,0.5933701657458563,1.3966224675264345,4.6165425178493456,0.0,0.8707182320441988,0.5933701657458563,0.6230769230769231,0.7348066298342542,0.621978021978022
GBLUP,R2,pine,c5c6,KinCP-ABC,4535,0.6985667034178611,0.0024155349834847,0.2012968247222391,0.6044198895027625,1.41571446169009,4.676965557390674,0.0,0.8784530386740331,0.6044198895027625,0.6384615384615384,0.7370165745856354,0.6351648351648351
GBLUP,R2,pine,c5c6,KinCP-AC,4535,0.772657111356119,0.0018116512376135,0.127280675125979,0.6751381215469613,1.698878471930775,4.168147347459545,0.0,0.8983425414364641,0.6751381215469613,0.7054945054945055,0.8011049723756906,0.7835164835164835
GBLUP,R2,pine,c5c6,KinCP-B,4535,0.8718853362734289,0.0143414443585526,0.0569910752231194,0.8088397790055248,2.56613479434918,4.0512306996458936,0.0,0.9337016574585636,0.8088397790055248,0.8153846153846154,0.8629834254143647,0.9384615384615383
GBLUP,R2,pine,c5c6,KinCP-BC,4535,0.8429988974641676,0.0037062263095857,0.0814923198348612,0.765934065934066,2.347862777904699,4.277229990402985,0.0,0.9613259668508288,0.7867403314917127,0.765934065934066,0.8165745856353591,0.8846153846153846
GBLUP,R2,pine,c5c6,KinCP-C,4535,0.8478500551267916,0.0058859306791793,0.0744484245036731,0.7769230769230769,2.271982179358244,4.060698323319559,0.0,0.9558011049723756,0.7801104972375691,0.7769230769230769,0.8276243093922652,0.8989010989010989
GBLUP,R2,pine,c5c6,KinCP[fixed-h],4535,0.8703417861080485,0.0156622190580637,0.0616198166474409,0.8044198895027624,2.5261149815324875,4.036401625292285,0.0028665931642778,0.9392265193370166,0.8044198895027624,0.8065934065934066,0.8607734806629834,0.9406593406593406
GBLUP,R2,pine,c5c6,KinCP[h=0.25],4535,0.8615214994487321,0.0224143121394479,0.0576322020520915,0.7955801104972375,2.5753151094888187,4.10865586628465,0.0,0.9027624309392264,0.7955801104972375,0.8021978021978022,0.861878453038674,0.945054945054945
GBLUP,R2,pine,c5c6,KinCP[h=1.0],4535,0.8650496141124586,0.0079734001022115,0.069567117964908,0.7923076923076923,2.4351655132583936,4.038633120836295,0.0,0.952486187845304,0.7988950276243094,0.7923076923076923,0.8475138121546961,0.934065934065934
GBLUP,R2,pine,c5c6,KinCP[h=2.0],4535,0.8540242557883131,0.0065968138044769,0.0726719689150628,0.7802197802197802,2.329222700638102,4.052105694121541,0.0,0.9546961325966852,0.7889502762430939,0.7802197802197802,0.8342541436464088,0.912087912087912
GBLUP,R2,pine,c5c6,KinCP[nmin=100],4535,0.8703417861080485,0.0156622190580637,0.0616198166474409,0.8044198895027624,2.528835284405605,4.034792550796301,0.0,0.9392265193370166,0.8044198895027624,0.8065934065934066,0.8607734806629834,0.9406593406593406
GBLUP,R2,pine,c5c6,KinCP[nmin=25],4535,0.8703417861080485,0.0156622190580637,0.0616198166474409,0.8044198895027624,2.535308102807347,4.041265369198043,0.0,0.9392265193370166,0.8044198895027624,0.8065934065934066,0.8607734806629834,0.9406593406593406
GBLUP,R2,pine,c5c6,NormCP,4535,0.7836824696802646,0.0141923387034452,0.1204553457592131,0.6895027624309392,1.828647987321456,4.2525798105257975,0.0,0.9104972375690608,0.6895027624309392,0.7076923076923077,0.8066298342541437,0.8043956043956044
GBLUP,R2,pine,c5c6,SCP,4535,0.7003307607497243,0.0204103177144424,0.1995288689211341,0.6022099447513812,1.455483681983487,4.854888387040287,0.0,0.8806629834254144,0.6022099447513812,0.6285714285714286,0.7458563535911602,0.6450549450549451
GBLUP,R2,pine,rootnum,CV+,4610,0.7631236442516269,0.009411667310159,0.1371480611045828,0.5524324324324325,1.7616654369176918,3.899471581720656,0.0,0.9010869565217392,0.8369565217391305,0.8237837837837838,0.7021739130434783,0.5524324324324325
GBLUP,R2,pine,rootnum,CalPred-style,4610,0.8835140997830803,0.0032174396907139,0.0296415981198589,0.7859459459459459,2.433543929709819,3.273952249906828,0.0,0.9130434782608696,0.9043478260869564,0.9156756756756756,0.8989130434782608,0.7859459459459459
GBLUP,R2,pine,rootnum,CalPred-style(rand),4610,0.8281995661605206,0.0088313245057797,0.071695652173913,0.6778378378378378,2.0048414690097816,3.481603482150732,0.0,0.8869565217391304,0.866304347826087,0.8821621621621621,0.8282608695652174,0.6778378378378378
GBLUP,R2,pine,rootnum,Gauss-PEV,4610,0.8383947939262473,0.0,0.0615041128084606,0.6918918918918919,2.0601914255271385,3.4361783830032047,0.0,0.8913043478260869,0.8858695652173914,0.8918918918918919,0.8315217391304348,0.6918918918918919
GBLUP,R2,pine,rootnum,Gauss-homosc,4610,0.7462039045553145,0.005583313525481,0.1536498237367803,0.5351351351351351,1.723781009462178,3.911160246800823,0.0,0.8739130434782608,0.8184782608695652,0.8227027027027027,0.6815217391304348,0.5351351351351351
GBLUP,R2,pine,rootnum,KinCP,4610,0.9049891540130152,0.00653465090299,0.036385428907168,0.8216216216216217,2.467570815179421,3.2124022366173137,0.0,0.9010869565217392,0.9282608695652174,0.947027027027027,0.9271739130434784,0.8216216216216217
GBLUP,R2,pine,rootnum,KinCP-A,4610,0.8429501084598698,0.0044322812888725,0.0573819036427732,0.6983783783783784,2.0953530978591663,3.418301491603615,0.0,0.9010869565217392,0.8847826086956522,0.892972972972973,0.8380434782608696,0.6983783783783784
GBLUP,R2,pine,rootnum,KinCP-AB,4610,0.776355748373102,0.0180578354778893,0.1235041128084606,0.587027027027027,1.8203096229165328,3.75365182489981,0.0,0.8847826086956522,0.842391304347826,0.8367567567567568,0.7315217391304348,0.587027027027027
GBLUP,R2,pine,rootnum,KinCP-ABC,4610,0.7449023861171367,0.0080946239293038,0.154957696827262,0.5416216216216216,1.722015971767331,3.9097915583005576,0.0,0.8695652173913043,0.816304347826087,0.8194594594594594,0.6782608695652174,0.5416216216216216
GBLUP,R2,pine,rootnum,KinCP-AC,4610,0.8344902386117137,0.0050056315658196,0.065406580493537,0.6875675675675675,2.0387460210981274,3.4435082905299703,0.0,0.8880434782608696,0.8760869565217392,0.8864864864864865,0.8347826086956521,0.6875675675675675
GBLUP,R2,pine,rootnum,KinCP-B,4610,0.909761388286334,0.0063428162764483,0.0394383078730905,0.8345945945945946,2.51751798108182,3.2023481109000014,0.0,0.8913043478260869,0.9369565217391304,0.9513513513513514,0.9347826086956522,0.8345945945945946
GBLUP,R2,pine,rootnum,KinCP-BC,4610,0.8889370932754881,0.0016448753674732,0.0654136310223266,0.7243243243243244,2.4417169171834656,3.3917680755653947,0.0,0.957608695652174,0.9347826086956522,0.9437837837837838,0.8847826086956522,0.7243243243243244
GBLUP,R2,pine,rootnum,KinCP-C,4610,0.8932754880694144,0.0033953309853576,0.0515370152761456,0.7578378378378379,2.389411414043975,3.2931127073320288,0.0,0.9358695652173912,0.932608695652174,0.9437837837837838,0.8967391304347826,0.7578378378378379
GBLUP,R2,pine,rootnum,KinCP[fixed-h],4610,0.9049891540130152,0.00653465090299,0.036385428907168,0.8216216216216217,2.461687513040218,3.20895037546213,0.0032537960954447,0.9010869565217392,0.9282608695652174,0.947027027027027,0.9271739130434784,0.8216216216216217
GBLUP,R2,pine,rootnum,KinCP[h=0.25],4610,0.8915401301518439,0.0111402595358861,0.0233678025851938,0.8205405405405405,2.4233634209316555,3.213940814167997,0.0,0.9032608695652172,0.9010869565217392,0.9221621621621622,0.9108695652173912,0.8205405405405405
GBLUP,R2,pine,rootnum,KinCP[h=1.0],4610,0.9062906724511932,0.0037257188801122,0.0420235017626321,0.8108108108108109,2.467252319822844,3.235028678942555,0.0,0.9184782608695652,0.9369565217391304,0.9491891891891892,0.9163043478260868,0.8108108108108109
GBLUP,R2,pine,rootnum,KinCP[h=2.0],4610,0.8991323210412148,0.003678053136185,0.0456944770857814,0.7837837837837838,2.4275058070135964,3.255687604760793,0.0,0.9315217391304348,0.9358695652173912,0.9448648648648648,0.9,0.7837837837837838
GBLUP,R2,pine,rootnum,KinCP[nmin=100],4610,0.9049891540130152,0.00653465090299,0.036385428907168,0.8216216216216217,2.46664126483617,3.2114726862740635,0.0,0.9010869565217392,0.9282608695652174,0.947027027027027,0.9271739130434784,0.8216216216216217
GBLUP,R2,pine,rootnum,KinCP[nmin=25],4610,0.9049891540130152,0.00653465090299,0.036385428907168,0.8216216216216217,2.4683750999889584,3.2132065214268515,0.0,0.9010869565217392,0.9282608695652174,0.947027027027027,0.9271739130434784,0.8216216216216217
GBLUP,R2,pine,rootnum,NormCP,4610,0.8188720173535792,0.0221879311773088,0.0823113983548766,0.6572972972972972,2.041380275857257,3.609839443674722,0.0,0.9032608695652172,0.8793478260869565,0.8691891891891892,0.7858695652173913,0.6572972972972972
GBLUP,R2,pine,rootnum,SCP,4610,0.7162689804772234,0.0306828351965613,0.1835428907168038,0.4897297297297297,1.6664142310180634,4.253547926847234,0.0,0.8739130434782608,0.8021739130434783,0.7697297297297298,0.6467391304347826,0.4897297297297297
GBLUP,R2,pine,rootnumbin,CV+,4610,0.7394793926247288,0.0037883403897121,0.1689988249118684,0.4994594594594594,1.8659809938303595,4.260863991277427,0.0,0.9217391304347826,0.8206521739130435,0.7794594594594595,0.6771739130434783,0.4994594594594594
GBLUP,R2,pine,rootnumbin,CalPred-style,4610,0.8718004338394794,0.0039405427602136,0.0446192714453584,0.787027027027027,2.555429850125553,3.452172540564578,0.0,0.941304347826087,0.8858695652173914,0.8627027027027027,0.8826086956521739,0.787027027027027
GBLUP,R2,pine,rootnumbin,CalPred-style(rand),4610,0.7865509761388286,0.0065256437989116,0.1189283196239718,0.6,2.0931063525411333,3.806771445426296,0.0,0.9141304347826088,0.8489130434782609,0.8140540540540541,0.7565217391304347,0.6
GBLUP,R2,pine,rootnumbin,Gauss-PEV,4610,0.7993492407809111,0.0,0.1078730904817861,0.6270270270270271,2.1319358630044505,3.74454568678102,0.0,0.9184782608695652,0.8586956521739131,0.8162162162162162,0.7771739130434783,0.6270270270270271
GBLUP,R2,pine,rootnumbin,Gauss-homosc,4610,0.7199566160520607,0.0017821775189972,0.1798507638072855,0.4918918918918919,1.8092861080757048,4.395037054217376,0.0,0.8967391304347826,0.7869565217391304,0.7708108108108108,0.6543478260869565,0.4918918918918919
GBLUP,R2,pine,rootnumbin,KinCP,4610,0.8891540130151844,0.0067472151908875,0.0320587544065805,0.8227027027027027,2.622577122965989,3.32451225664993,0.0,0.9358695652173912,0.8989130434782608,0.8713513513513513,0.917391304347826,0.8227027027027027
GBLUP,R2,pine,rootnumbin,KinCP-A,4610,0.8132321041214751,0.0114885576371933,0.102674500587544,0.6324324324324324,2.20102862527856,3.711481113062389,0.0,0.9402173913043478,0.8793478260869565,0.8281081081081081,0.7869565217391304,0.6324324324324324
GBLUP,R2,pine,rootnumbin,KinCP-AB,4610,0.7533622559652928,0.0068424339677168,0.1529424206815511,0.5178378378378379,1.957071336448012,4.130711070287831,0.0,0.9163043478260868,0.8336956521739131,0.7891891891891892,0.7108695652173913,0.5178378378378379
GBLUP,R2,pine,rootnumbin,KinCP-ABC,4610,0.7232104121475055,0.0046270561838831,0.1765945945945946,0.4951351351351351,1.8323249735312863,4.3531799001705,0.0,0.8989130434782608,0.7956521739130434,0.7718918918918919,0.6554347826086957,0.4951351351351351
GBLUP,R2,pine,rootnumbin,KinCP-AC,4610,0.7978308026030368,0.0077683317047592,0.1128636897767332,0.6227027027027027,2.1415992059300124,3.737660312060996,0.0,0.9271739130434784,0.8521739130434782,0.8118918918918919,0.7760869565217391,0.6227027027027027
GBLUP,R2,pine,rootnumbin,KinCP-B,4610,0.8952277657266812,0.0051217869644762,0.0316404230317273,0.8281081081081081,2.682317383445452,3.3130852559975668,0.0,0.9293478260869564,0.9010869565217392,0.8810810810810811,0.9369565217391304,0.8281081081081081
GBLUP,R2,pine,rootnumbin,KinCP-BC,4610,0.8696312364425163,0.0030096392463148,0.0710587544065805,0.7102702702702702,2.629193452694344,3.600293073388705,0.0,0.9902173913043478,0.9119565217391304,0.8637837837837837,0.8728260869565218,0.7102702702702702
GBLUP,R2,pine,rootnumbin,KinCP-C,4610,0.8744034707158351,0.0017821775189972,0.05372267920094,0.7589189189189189,2.553905815753427,3.466958381246513,0.0,0.967391304347826,0.9032608695652172,0.865945945945946,0.8771739130434782,0.7589189189189189
GBLUP,R2,pine,rootnumbin,KinCP[fixed-h],4610,0.8891540130151844,0.0067472151908875,0.0320587544065805,0.8227027027027027,2.61738186159179,3.3216084048525016,0.0032537960954447,0.9358695652173912,0.8989130434782608,0.8713513513513513,0.917391304347826,0.8227027027027027
GBLUP,R2,pine,rootnumbin,KinCP[h=0.25],4610,0.8806941431670282,0.0092668153419929,0.0348683901292596,0.8172972972972973,2.57270132614589,3.3508290371028355,0.0,0.932608695652174,0.8858695652173914,0.8616216216216216,0.9065217391304348,0.8172972972972973
GBLUP,R2,pine,rootnumbin,KinCP[h=1.0],4610,0.8898047722342733,0.0019702713801068,0.0374794359576968,0.8075675675675675,2.62397309085427,3.354817731611839,0.0,0.9510869565217392,0.9054347826086956,0.8735135135135135,0.9119565217391304,0.8075675675675675
GBLUP,R2,pine,rootnumbin,KinCP[h=2.0],4610,0.8811279826464208,0.0028282873775282,0.0465828437132785,0.7859459459459459,2.57614514902176,3.428086521748273,0.0,0.967391304347826,0.9021739130434784,0.8702702702702703,0.8804347826086957,0.7859459459459459
GBLUP,R2,pine,rootnumbin,KinCP[nmin=100],4610,0.8891540130151844,0.0067472151908875,0.0320587544065805,0.8227027027027027,2.62186096706869,3.323796100752631,0.0,0.9358695652173912,0.8989130434782608,0.8713513513513513,0.917391304347826,0.8227027027027027
GBLUP,R2,pine,rootnumbin,KinCP[nmin=25],4610,0.8891540130151844,0.0067472151908875,0.0320587544065805,0.8227027027027027,2.623015544099722,3.324950677783664,0.0,0.9358695652173912,0.8989130434782608,0.8713513513513513,0.917391304347826,0.8227027027027027
GBLUP,R2,pine,rootnumbin,NormCP,4610,0.820824295010846,0.0228719210726119,0.0985616921269095,0.652972972972973,2.268747842225632,3.681010228362328,0.0,0.9489130434782608,0.8695652173913043,0.8237837837837838,0.8097826086956522,0.652972972972973
GBLUP,R2,pine,rootnumbin,SCP,4610,0.7392624728850326,0.0162074033514257,0.1705182138660399,0.5167567567567568,1.8966280120216927,4.303667989414908,0.0,0.925,0.8108695652173913,0.76,0.6847826086956522,0.5167567567567568
GBLUP,R2,rice,Culm_habit,CV+,1755,0.901994301994302,0.0032483630344704,0.0499879275653923,0.8,2.641125085537327,3.3390540496889605,0.0,0.9714285714285714,0.88,0.8,0.9542857142857144,0.904225352112676
GBLUP,R2,rice,Culm_habit,CalPred-style,1755,0.901994301994302,0.0043207267487473,0.0493923541247484,0.8085714285714286,2.632516998860665,3.364300639461543,0.0,0.9857142857142858,0.8857142857142857,0.8085714285714286,0.9428571428571428,0.8873239436619719
GBLUP,R2,rice,Culm_habit,CalPred-style(rand),1755,0.9122507122507124,0.0012741128076921,0.0510985915492957,0.8142857142857143,2.705983581045944,3.352299035956237,0.0,0.9857142857142858,0.8885714285714286,0.8142857142857143,0.9571428571428572,0.9154929577464788
GBLUP,R2,rice,Culm_habit,Gauss-PEV,1755,0.9202279202279202,0.0,0.0601609657947686,0.8142857142857143,2.913628528237475,3.43334283326954,0.0,0.9857142857142858,0.8857142857142857,0.8142857142857143,0.9714285714285714,0.943661971830986
GBLUP,R2,rice,Culm_habit,Gauss-homosc,1755,0.9037037037037036,0.0023836467992423,0.0488209255533199,0.8114285714285714,2.6347576295188206,3.3521045128040963,0.0,0.9857142857142858,0.8885714285714286,0.8114285714285714,0.9457142857142856,0.8873239436619719
GBLUP,R2,rice,Culm_habit,KinCP,1755,0.8962962962962963,0.0071509403977271,0.0573118712273642,0.7971428571428572,2.560608636306005,3.368315762609618,0.0,0.9857142857142858,0.8914285714285715,0.7971428571428572,0.9485714285714286,0.8591549295774648
GBLUP,R2,rice,Culm_habit,KinCP-A,1755,0.9236467236467236,0.0023836467992423,0.0601609657947685,0.8085714285714286,2.9403268513796488,3.4694180716452183,0.0,0.9857142857142858,0.9,0.8085714285714286,0.98,0.943661971830986
GBLUP,R2,rice,Culm_habit,KinCP-AB,1755,0.9082621082621084,0.0012741128076921,0.0465674044265593,0.8085714285714286,2.711856496465461,3.371491966805974,0.0,0.9857142857142858,0.8971428571428571,0.8085714285714286,0.9514285714285714,0.8985915492957747
GBLUP,R2,rice,Culm_habit,KinCP-ABC,1755,0.9002849002849003,0.0028490028490028,0.0511146881287726,0.8028571428571428,2.6090594404753964,3.356877956823642,0.0,0.9828571428571428,0.88,0.8028571428571428,0.9457142857142856,0.8901408450704226
GBLUP,R2,rice,Culm_habit,KinCP-AC,1755,0.9185185185185184,0.0032483630344704,0.0607323943661971,0.8142857142857143,2.8940656220476773,3.438730988061168,0.0,0.98,0.88,0.8142857142857143,0.9742857142857144,0.943661971830986
GBLUP,R2,rice,Culm_habit,KinCP-B,1755,0.8962962962962963,0.0025482256153843,0.055010060362173,0.8,2.549742809898785,3.3677838151784107,0.0,0.9857142857142858,0.9,0.8,0.9428571428571428,0.8535211267605634
GBLUP,R2,rice,Culm_habit,KinCP-BC,1755,0.8985754985754986,0.0025482256153843,0.0516700201207243,0.8057142857142857,2.58962906491655,3.355949387268572,0.0,0.9828571428571428,0.8771428571428571,0.8057142857142857,0.9428571428571428,0.8845070422535212
GBLUP,R2,rice,Culm_habit,KinCP-C,1755,0.8991452991452992,0.0038223384230765,0.0618752515090543,0.7914285714285715,2.7612396314054166,3.4251918470864897,0.0,0.9428571428571428,0.8514285714285714,0.7914285714285715,0.9657142857142856,0.943661971830986
GBLUP,R2,rice,Culm_habit,KinCP[fixed-h],1755,0.8962962962962963,0.0071509403977271,0.0573118712273642,0.7971428571428572,2.545584847611688,3.3661527652020107,0.0,0.9857142857142858,0.8914285714285715,0.7971428571428572,0.9485714285714286,0.8591549295774648
GBLUP,R2,rice,Culm_habit,KinCP[h=0.25],1755,0.8985754985754986,0.0059078180493811,0.0595734406438632,0.7971428571428572,2.5884572524784364,3.374397919301543,0.0,0.9857142857142858,0.9114285714285716,0.7971428571428572,0.9485714285714286,0.8507042253521127
GBLUP,R2,rice,Culm_habit,KinCP[h=1.0],1755,0.9116809116809116,0.0028490028490028,0.0595975855130784,0.8,2.758806813698768,3.406980968208273,0.0,0.9771428571428572,0.88,0.8,0.96,0.9408450704225352
GBLUP,R2,rice,Culm_habit,KinCP[h=2.0],1755,0.9025641025641026,0.004681389380386,0.05958953722334,0.7942857142857143,2.7803457212609954,3.427551148873224,0.0,0.9457142857142856,0.8628571428571429,0.7942857142857143,0.9657142857142856,0.943661971830986
GBLUP,R2,rice,Culm_habit,KinCP[nmin=100],1755,0.9122507122507124,0.004681389380386,0.0567806841046277,0.7971428571428572,2.7551807250074614,3.3937798184567662,0.0,0.9857142857142858,0.8914285714285715,0.7971428571428572,0.96,0.9267605633802816
GBLUP,R2,rice,Culm_habit,KinCP[nmin=25],1755,0.8962962962962963,0.0071509403977271,0.0573118712273642,0.7971428571428572,2.545584847611688,3.3661527652020107,0.0,0.9857142857142858,0.8914285714285715,0.7971428571428572,0.9485714285714286,0.8591549295774648
GBLUP,R2,rice,Culm_habit,NormCP,1755,0.9116809116809116,0.0204454417299249,0.0572877263581488,0.8,2.9965765844016694,3.566096255430928,0.0,0.94,0.8857142857142857,0.8,0.9828571428571428,0.9492957746478872
GBLUP,R2,rice,Culm_habit,SCP,1755,0.898005698005698,0.0242081433461515,0.0454245472837021,0.7914285714285715,2.713725142498444,3.4704792865546983,0.0,0.9542857142857144,0.8914285714285715,0.7914285714285715,0.9542857142857144,0.8985915492957747
GBLUP,R2,rice,Flag_leaf_length,CV+,1730,0.8936416184971099,0.0024180925622372,0.0335569358178054,0.8521739130434782,3.123683196749901,4.2678664783605695,0.0,0.8521739130434782,0.8898550724637682,0.881159420289855,0.9681159420289857,0.8771428571428571
GBLUP,R2,rice,Flag_leaf_length,CalPred-style,1730,0.8901734104046243,0.0028901734104046,0.0323809523809523,0.855072463768116,3.1223146572923337,4.247623268817154,0.0,0.855072463768116,0.8840579710144928,0.8840579710144928,0.9565217391304348,0.8714285714285714
GBLUP,R2,rice,Flag_leaf_length,CalPred-style(rand),1730,0.8913294797687862,0.0032953046968183,0.0323809523809523,0.8521739130434782,3.072903182559875,4.35127074547164,0.0,0.8521739130434782,0.8898550724637682,0.8840579710144928,0.9594202898550724,0.8714285714285714
GBLUP,R2,rice,Flag_leaf_length,Gauss-PEV,1730,0.8988439306358381,1.2412670766236366e-16,0.0353209109730848,0.8405797101449275,3.395241761616141,4.315689479941263,0.0,0.8405797101449275,0.8840579710144928,0.8840579710144928,0.9710144927536232,0.9142857142857144
GBLUP,R2,rice,Flag_leaf_length,Gauss-homosc,1730,0.8947976878612717,0.0032953046968183,0.0335569358178053,0.8492753623188406,3.10463289909787,4.252131956235119,0.0,0.8492753623188406,0.8927536231884058,0.8840579710144928,0.9710144927536232,0.8771428571428571
GBLUP,R2,rice,Flag_leaf_length,KinCP,1730,0.8803468208092485,0.0032953046968183,0.046832298136646,0.8463768115942029,3.1097918179014723,4.409570753111536,0.0,0.8463768115942029,0.8724637681159421,0.8579710144927536,0.9681159420289857,0.8571428571428571
GBLUP,R2,rice,Flag_leaf_length,KinCP-A,1730,0.8884393063583815,0.0025850496849708,0.041151138716356,0.8492753623188406,3.274653029602736,4.341124173467906,0.0,0.8492753623188406,0.863768115942029,0.855072463768116,0.9710144927536232,0.9028571428571428
GBLUP,R2,rice,Flag_leaf_length,KinCP-AB,1730,0.884393063583815,0.0028901734104045,0.044,0.8521739130434782,3.090485587047216,4.30884086716313,0.0,0.855072463768116,0.863768115942029,0.8521739130434782,0.9710144927536232,0.88
GBLUP,R2,rice,Flag_leaf_length,KinCP-ABC,1730,0.8959537572254336,0.0028901734104045,0.0323975155279503,0.855072463768116,3.110203699853954,4.250073500171106,0.0,0.855072463768116,0.8927536231884058,0.8840579710144928,0.9710144927536232,0.8771428571428571
GBLUP,R2,rice,Flag_leaf_length,KinCP-AC,1730,0.9017341040462428,0.0035397250618254,0.031271221532091,0.8434782608695652,3.4062450171127487,4.307947450365341,0.0,0.8434782608695652,0.8956521739130435,0.8869565217391304,0.9710144927536232,0.9114285714285716
GBLUP,R2,rice,Flag_leaf_length,KinCP-B,1730,0.8803468208092485,0.0032953046968183,0.0445134575569358,0.8463768115942029,3.0766659328914163,4.3890163217404,0.0,0.8463768115942029,0.8753623188405797,0.8608695652173913,0.9623188405797102,0.8571428571428571
GBLUP,R2,rice,Flag_leaf_length,KinCP-BC,1730,0.8959537572254336,0.0028901734104045,0.0324057971014492,0.8521739130434782,3.116580149684475,4.25851736925873,0.0,0.8521739130434782,0.8927536231884058,0.8840579710144928,0.9710144927536232,0.88
GBLUP,R2,rice,Flag_leaf_length,KinCP-C,1730,0.892485549132948,0.0055593595553963,0.0405465838509316,0.8289855072463768,3.3214887743517307,4.327622471031072,0.0,0.8289855072463768,0.8724637681159421,0.8782608695652174,0.9710144927536232,0.9114285714285716
GBLUP,R2,rice,Flag_leaf_length,KinCP[fixed-h],1730,0.8803468208092485,0.0032953046968183,0.046832298136646,0.8463768115942029,3.1097918179014723,4.409570753111536,0.0,0.8463768115942029,0.8724637681159421,0.8579710144927536,0.9681159420289857,0.8571428571428571
GBLUP,R2,rice,Flag_leaf_length,KinCP[h=0.25],1730,0.8803468208092485,0.0015830131719802,0.046832298136646,0.8434782608695652,3.087541601599149,4.410207660680248,0.0,0.8521739130434782,0.881159420289855,0.8434782608695652,0.9681159420289857,0.8571428571428571
GBLUP,R2,rice,Flag_leaf_length,KinCP[h=1.0],1730,0.8901734104046243,0.0028901734104046,0.0382360248447205,0.8405797101449275,3.274201486153322,4.316711290945316,0.0,0.8405797101449275,0.8753623188405797,0.8724637681159421,0.9710144927536232,0.8914285714285715
GBLUP,R2,rice,Flag_leaf_length,KinCP[h=2.0],1730,0.892485549132948,0.0042868199347373,0.0370931677018633,0.8347826086956521,3.297146791026571,4.31802242160814,0.0,0.8347826086956521,0.8753623188405797,0.8782608695652174,0.9710144927536232,0.9028571428571428
GBLUP,R2,rice,Flag_leaf_length,KinCP[nmin=100],1730,0.8878612716763006,0.0031660263439605,0.0405548654244306,0.8463768115942029,3.2491295108056275,4.325125886667689,0.0,0.8463768115942029,0.8724637681159421,0.8579710144927536,0.9710144927536232,0.8914285714285715
GBLUP,R2,rice,Flag_leaf_length,KinCP[nmin=25],1730,0.8803468208092485,0.0032953046968183,0.046832298136646,0.8463768115942029,3.1097918179014723,4.409570753111536,0.0,0.8463768115942029,0.8724637681159421,0.8579710144927536,0.9681159420289857,0.8571428571428571
GBLUP,R2,rice,Flag_leaf_length,NormCP,1730,0.8965317919075144,0.0123299011605211,0.0376645962732919,0.8579710144927536,3.4226163449792404,4.485261778885122,0.0,0.8579710144927536,0.8695652173913043,0.8695652173913043,0.9797101449275364,0.9057142857142856
GBLUP,R2,rice,Flag_leaf_length,SCP,1730,0.8774566473988439,0.0048361851244744,0.0474285714285714,0.8376811594202899,3.1064918358798974,4.4158853154438615,0.0,0.8608695652173913,0.863768115942029,0.8376811594202899,0.9623188405797102,0.8628571428571429
GBLUP,R2,rice,Plant_height,CV+,1760,0.8789772727272728,0.0015560299929124,0.048748490945674,0.7887323943661971,2.614590555752684,3.6984594920557057,0.0,0.9228571428571428,0.8371428571428572,0.7887323943661971,0.92,0.9267605633802816
GBLUP,R2,rice,Plant_height,CalPred-style,1760,0.875,0.0040176521658326,0.0538993963782696,0.7830985915492957,2.6393886362808536,3.809185003765667,0.0,0.9142857142857144,0.82,0.7830985915492957,0.94,0.9183098591549296
GBLUP,R2,rice,Plant_height,CalPred-style(rand),1760,0.8806818181818182,0.0056818181818181,0.0607404426559355,0.7885714285714286,2.702540569804559,3.841447625106164,0.0,0.9114285714285716,0.7885714285714286,0.8112676056338028,0.94,0.952112676056338
GBLUP,R2,rice,Plant_height,Gauss-PEV,1760,0.8948863636363636,0.0,0.0738430583501006,0.7857142857142857,3.066872742063501,4.063702177269577,0.0,0.9142857142857144,0.7857142857142857,0.8169014084507042,0.9857142857142858,0.971830985915493
GBLUP,R2,rice,Plant_height,Gauss-homosc,1760,0.8704545454545455,0.0047537501507617,0.0584064386317907,0.780281690140845,2.593967709175049,3.794888000271381,0.0,0.9142857142857144,0.8,0.780281690140845,0.92,0.9380281690140844
GBLUP,R2,rice,Plant_height,KinCP,1760,0.8801136363636364,0.0037040922756833,0.0385674044265593,0.8257142857142857,2.5836129091705247,3.711489380980946,0.0,0.9,0.8257142857142857,0.828169014084507,0.9171428571428571,0.9295774647887324
GBLUP,R2,rice,Plant_height,KinCP-A,1760,0.8948863636363636,0.0053148542425766,0.0658189134808853,0.8084507042253521,2.9767107152048315,3.9735310797387497,0.0,0.9114285714285716,0.8142857142857143,0.8084507042253521,0.9685714285714284,0.971830985915493
GBLUP,R2,rice,Plant_height,KinCP-AB,1760,0.8857954545454545,0.0037040922756832,0.0487887323943661,0.8169014084507042,2.661960489961872,3.747929055755504,0.0,0.9142857142857144,0.8257142857142857,0.8169014084507042,0.9314285714285714,0.9408450704225352
GBLUP,R2,rice,Plant_height,KinCP-ABC,1760,0.86875,0.0046680899787372,0.0521609657947686,0.7830985915492957,2.566844654905023,3.779716806567314,0.0,0.9085714285714286,0.8085714285714286,0.7830985915492957,0.9171428571428571,0.9267605633802816
GBLUP,R2,rice,Plant_height,KinCP-AC,1760,0.8818181818181818,0.0103605582550059,0.0732072434607646,0.7828571428571428,2.895516795049089,4.002654808918252,0.0,0.8942857142857142,0.7828571428571428,0.7943661971830986,0.9657142857142856,0.971830985915493
GBLUP,R2,rice,Plant_height,KinCP-B,1760,0.8818181818181818,0.0015560299929123,0.0391388329979879,0.828169014084507,2.595573857753091,3.695008457465769,0.0,0.9085714285714286,0.8285714285714286,0.828169014084507,0.9142857142857144,0.9295774647887324
GBLUP,R2,rice,Plant_height,KinCP-BC,1760,0.8767045454545455,0.0032391347303952,0.0555653923541247,0.7887323943661971,2.6408689307426694,3.7837654700271535,0.0,0.9057142857142856,0.8142857142857143,0.7887323943661971,0.9342857142857144,0.9408450704225352
GBLUP,R2,rice,Plant_height,KinCP-C,1760,0.8693181818181818,0.0044918716763755,0.0925472837022132,0.7485714285714286,2.863830579831848,4.098650306524858,0.0,0.8742857142857143,0.7485714285714286,0.7690140845070422,0.9771428571428572,0.9774647887323944
GBLUP,R2,rice,Plant_height,KinCP[fixed-h],1760,0.8801136363636364,0.0037040922756833,0.0385674044265593,0.8257142857142857,2.5836129091705247,3.711489380980946,0.0,0.9,0.8257142857142857,0.828169014084507,0.9171428571428571,0.9295774647887324
GBLUP,R2,rice,Plant_height,KinCP[h=0.25],1760,0.8801136363636364,0.0023768750753809,0.0351629778672032,0.8309859154929577,2.6129896961979275,3.704033189609905,0.0,0.8971428571428571,0.8342857142857143,0.8309859154929577,0.9142857142857144,0.923943661971831
GBLUP,R2,rice,Plant_height,KinCP[h=1.0],1760,0.8880681818181818,0.0025409863380679,0.0635010060362173,0.7971830985915493,2.812487430602092,3.921806867803437,0.0,0.9,0.8142857142857143,0.7971830985915493,0.9571428571428572,0.971830985915493
GBLUP,R2,rice,Plant_height,KinCP[h=2.0],1760,0.8755681818181819,0.0058221311170225,0.0840080482897384,0.7628571428571429,2.8844693008462343,4.056040668699225,0.0,0.8914285714285715,0.7628571428571429,0.7746478873239436,0.9771428571428572,0.971830985915493
GBLUP,R2,rice,Plant_height,KinCP[nmin=100],1760,0.8926136363636363,0.0012704931690339,0.0510342052313883,0.8257142857142857,2.7111223111099774,3.763001250022641,0.0,0.9,0.8257142857142857,0.828169014084507,0.9428571428571428,0.9661971830985916
GBLUP,R2,rice,Plant_height,KinCP[nmin=25],1760,0.8801136363636364,0.0037040922756833,0.0385674044265593,0.8257142857142857,2.5836129091705247,3.711489380980946,0.0,0.9,0.8257142857142857,0.828169014084507,0.9171428571428571,0.9295774647887324
GBLUP,R2,rice,Plant_height,NormCP,1760,0.9107954545454544,0.0201484354846558,0.0499315895372233,0.856338028169014,2.9859172913212224,3.843712173813977,0.0,0.8885714285714286,0.8571428571428571,0.856338028169014,0.9714285714285714,0.9802816901408452
GBLUP,R2,rice,Plant_height,SCP,1760,0.8846590909090909,0.0230446588530377,0.0266317907444667,0.828169014084507,2.6116095078815174,3.6379297708053504,0.0,0.9057142857142856,0.8742857142857143,0.828169014084507,0.9228571428571428,0.8929577464788733
GBLUP,R2,soybean,C13,CV+,1730,0.8242774566473988,0.0065906093936366,0.0794782608695652,0.72,2.990132491560836,4.35523331973313,0.0,0.910144927536232,0.8,0.8956521739130435,0.7971014492753623,0.72
GBLUP,R2,soybean,C13,CalPred-style,1730,0.8861271676300578,0.0032953046968183,0.0266004140786749,0.8231884057971014,3.3346288858142232,4.189952020394175,0.0,0.9043478260869564,0.8231884057971014,0.927536231884058,0.8985507246376812,0.8771428571428571
GBLUP,R2,soybean,C13,CalPred-style(rand),1730,0.8664739884393063,0.0037683250897125,0.0408778467908902,0.8028571428571428,3.246438989603332,4.217369019947903,0.0,0.8985507246376812,0.863768115942029,0.9188405797101448,0.8492753623188406,0.8028571428571428
GBLUP,R2,soybean,C13,Gauss-PEV,1730,0.8872832369942196,0.0,0.0236853002070393,0.855072463768116,3.2794030711936046,4.182139733528522,0.0,0.8985507246376812,0.855072463768116,0.927536231884058,0.8840579710144928,0.8714285714285714
GBLUP,R2,soybean,C13,Gauss-homosc,1730,0.8283236994219653,0.0025850496849708,0.0765714285714285,0.7171428571428572,3.050088371839064,4.333061843400721,0.0,0.8985507246376812,0.8,0.9130434782608696,0.8144927536231884,0.7171428571428572
GBLUP,R2,soybean,C13,KinCP,1730,0.8976878612716763,0.0032953046968182,0.0150724637681159,0.8666666666666667,3.382742127895154,4.185956374859319,0.0,0.8898550724637682,0.8666666666666667,0.927536231884058,0.9043478260869564,0.9
GBLUP,R2,soybean,C13,KinCP-A,1730,0.8682080924855491,0.0090476738973979,0.0370269151138716,0.8057971014492754,3.228601219038304,4.209262188843322,0.0,0.8782608695652174,0.8057971014492754,0.9130434782608696,0.8695652173913043,0.8742857142857143
GBLUP,R2,soybean,C13,KinCP-AB,1730,0.8653179190751445,0.0149620567694159,0.0398343685300207,0.8202898550724638,3.1678614919247177,4.206623812902564,0.0,0.8927536231884058,0.8202898550724638,0.9130434782608696,0.8579710144927536,0.8428571428571429
GBLUP,R2,soybean,C13,KinCP-ABC,1730,0.8179190751445087,0.00736852530866,0.084703933747412,0.7228571428571429,2.962020200358607,4.369342501825407,0.0,0.8898550724637682,0.7971014492753623,0.9072463768115944,0.7739130434782608,0.7228571428571429
GBLUP,R2,soybean,C13,KinCP-AC,1730,0.8578034682080925,0.0098859140904549,0.0474037267080745,0.7971014492753623,3.163953828802848,4.215904265212546,0.0,0.8666666666666667,0.7971014492753623,0.9130434782608696,0.8579710144927536,0.8542857142857143
GBLUP,R2,soybean,C13,KinCP-B,1730,0.9,0.0048361851244744,0.0161656314699792,0.8771428571428571,3.3711386868484268,4.162175986208499,0.0,0.9130434782608696,0.8840579710144928,0.927536231884058,0.8985507246376812,0.8771428571428571
GBLUP,R2,soybean,C13,KinCP-BC,1730,0.8572254335260115,0.0038775745274562,0.0529109730848861,0.7542857142857143,3.2450725545853416,4.196408427167436,0.0,0.9130434782608696,0.8521739130434782,0.9130434782608696,0.855072463768116,0.7542857142857143
GBLUP,R2,soybean,C13,KinCP-C,1730,0.8838150289017341,0.0077551490549125,0.0231884057971014,0.8202898550724638,3.2768590083594065,4.158906474917116,0.0,0.9014492753623188,0.8202898550724638,0.9159420289855073,0.881159420289855,0.9
GBLUP,R2,soybean,C13,KinCP[fixed-h],1730,0.8976878612716763,0.0032953046968182,0.0150724637681159,0.8666666666666667,3.3829316060772228,4.186145853041388,0.0,0.8898550724637682,0.8666666666666667,0.927536231884058,0.9043478260869564,0.9
GBLUP,R2,soybean,C13,KinCP[h=0.25],1730,0.8965317919075144,0.0055593595553963,0.0185341614906832,0.8695652173913043,3.417509371145899,4.210345841151952,0.0,0.8753623188405797,0.8695652173913043,0.927536231884058,0.9043478260869564,0.9057142857142856
GBLUP,R2,soybean,C13,KinCP[h=1.0],1730,0.8913294797687862,0.0059931911425802,0.0191304347826086,0.8318840579710145,3.3132851533881262,4.160583754196132,0.0,0.9043478260869564,0.8318840579710145,0.9217391304347826,0.8985507246376812,0.9
GBLUP,R2,soybean,C13,KinCP[h=2.0],1730,0.8890173410404625,0.0083265088386635,0.0191304347826086,0.8289855072463768,3.3019684045775923,4.157008160188204,0.0,0.9014492753623188,0.8289855072463768,0.9188405797101448,0.8956521739130435,0.9
GBLUP,R2,soybean,C13,KinCP[nmin=100],1730,0.8976878612716763,0.0032953046968182,0.0150724637681159,0.8666666666666667,3.38115385901107,4.184368105975234,0.0,0.8898550724637682,0.8666666666666667,0.927536231884058,0.9043478260869564,0.9
GBLUP,R2,soybean,C13,KinCP[nmin=25],1730,0.8976878612716763,0.0032953046968182,0.0150724637681159,0.8666666666666667,3.3829316060772228,4.186145853041388,0.0,0.8898550724637682,0.8666666666666667,0.927536231884058,0.9043478260869564,0.9
GBLUP,R2,soybean,C13,NormCP,1730,0.8774566473988439,0.0365923804289396,0.023047619047619,0.8492753623188406,3.3610600765644776,4.290085497968788,0.0,0.8985507246376812,0.8492753623188406,0.9014492753623188,0.8869565217391304,0.8514285714285714
GBLUP,R2,soybean,C13,SCP,1730,0.8514450867052024,0.0386462766484318,0.0494575569358178,0.7628571428571429,3.192037930635162,4.342856847892636,0.0,0.9014492753623188,0.8405797101449275,0.9014492753623188,0.8521739130434782,0.7628571428571429
GBLUP,R2,soybean,Wilt,CV+,1730,0.9104046242774566,0.0040873224346043,0.0416645962732919,0.8521739130434782,3.0546557802768803,4.936240598416817,0.0,0.9391304347826088,0.9652173913043478,0.8695652173913043,0.8521739130434782,0.9257142857142856
GBLUP,R2,soybean,Wilt,CalPred-style,1730,0.9265895953757224,0.0025850496849708,0.0346583850931676,0.8840579710144928,3.402524003965399,5.10856798690825,0.0,0.9391304347826088,0.9710144927536232,0.8956521739130435,0.8840579710144928,0.9428571428571428
GBLUP,R2,soybean,Wilt,CalPred-style(rand),1730,0.930635838150289,0.0028901734104045,0.036927536231884,0.8840579710144928,3.475683719003606,4.932260872778274,0.0,0.9420289855072465,0.9594202898550724,0.9072463768115944,0.8840579710144928,0.96
GBLUP,R2,soybean,Wilt,Gauss-PEV,1730,0.930635838150289,0.0,0.0374741200828157,0.8840579710144928,3.4883188830331195,4.987447723166866,0.0,0.9420289855072465,0.9565217391304348,0.8985507246376812,0.8840579710144928,0.9714285714285714
GBLUP,R2,soybean,Wilt,Gauss-homosc,1730,0.9057803468208092,0.0015830131719802,0.0382277432712215,0.8405797101449275,2.946005209646919,4.900160408276116,0.0,0.9420289855072465,0.9565217391304348,0.8782608695652174,0.8405797101449275,0.9114285714285716
GBLUP,R2,soybean,Wilt,KinCP,1730,0.9289017341040462,0.0015830131719802,0.0351884057971014,0.8840579710144928,3.454876555823603,5.022340419690773,0.0,0.9420289855072465,0.9565217391304348,0.9014492753623188,0.8840579710144928,0.96
GBLUP,R2,soybean,Wilt,KinCP-A,1730,0.9352601156069364,0.0015830131719802,0.0415320910973084,0.8840579710144928,3.66116516394192,5.074312005230341,0.0,0.9420289855072465,0.9681159420289857,0.910144927536232,0.8840579710144928,0.9714285714285714
GBLUP,R2,soybean,Wilt,KinCP-AB,1730,0.9265895953757224,0.0025850496849708,0.0334989648033126,0.8840579710144928,3.3943080887991006,4.985257755287004,0.0,0.9420289855072465,0.9652173913043478,0.8985507246376812,0.8840579710144928,0.9428571428571428
GBLUP,R2,soybean,Wilt,KinCP-ABC,1730,0.9034682080924856,0.0059931911425802,0.0382443064182194,0.8434782608695652,3.0008818613453223,4.962927945428532,0.0,0.9420289855072465,0.9565217391304348,0.8695652173913043,0.8434782608695652,0.9057142857142856
GBLUP,R2,soybean,Wilt,KinCP-AC,1730,0.93121387283237,0.0024180925622371,0.0374824016563146,0.8840579710144928,3.518063330520674,5.000149285686342,0.0,0.9391304347826088,0.9565217391304348,0.9072463768115944,0.8840579710144928,0.9685714285714284
GBLUP,R2,soybean,Wilt,KinCP-B,1730,0.9248554913294798,0.0028901734104046,0.0340786749482401,0.8782608695652174,3.3095011308493283,4.979237025051882,0.0,0.9420289855072465,0.9623188405797102,0.8985507246376812,0.8782608695652174,0.9428571428571428
GBLUP,R2,soybean,Wilt,KinCP-BC,1730,0.9098265895953758,0.0031660263439604,0.0353209109730848,0.8492753623188406,3.064847524007486,4.931179180529776,0.0,0.9420289855072465,0.9565217391304348,0.8869565217391304,0.8492753623188406,0.9142857142857144
GBLUP,R2,soybean,Wilt,KinCP-C,1730,0.9254335260115608,0.0012925248424854,0.0322981366459627,0.8840579710144928,3.388334399708643,4.977243402676258,0.0,0.9304347826086956,0.9565217391304348,0.8985507246376812,0.8840579710144928,0.9571428571428572
GBLUP,R2,soybean,Wilt,KinCP[fixed-h],1730,0.9289017341040462,0.0015830131719802,0.0351884057971014,0.8840579710144928,3.454876555823603,5.022340419690773,0.0,0.9420289855072465,0.9565217391304348,0.9014492753623188,0.8840579710144928,0.96
GBLUP,R2,soybean,Wilt,KinCP[h=0.25],1730,0.93121387283237,0.0024180925622371,0.0374906832298136,0.8840579710144928,3.5141979224737363,5.069766176702677,0.0,0.9420289855072465,0.9594202898550724,0.9043478260869564,0.8840579710144928,0.9657142857142856
GBLUP,R2,soybean,Wilt,KinCP[h=1.0],1730,0.9271676300578034,0.0024180925622372,0.0340289855072463,0.8840579710144928,3.4415454765437845,5.007928338517501,0.0,0.936231884057971,0.9565217391304348,0.8985507246376812,0.8840579710144928,0.96
GBLUP,R2,soybean,Wilt,KinCP[h=2.0],1730,0.9265895953757224,0.0015830131719802,0.0334492753623188,0.8840579710144928,3.419443626212691,4.99645205188492,0.0,0.9333333333333332,0.9565217391304348,0.8985507246376812,0.8840579710144928,0.96
GBLUP,R2,soybean,Wilt,KinCP[nmin=100],1730,0.9289017341040462,0.0015830131719802,0.0351884057971014,0.8840579710144928,3.4545521041484166,5.022015968015586,0.0,0.9420289855072465,0.9565217391304348,0.9014492753623188,0.8840579710144928,0.96
GBLUP,R2,soybean,Wilt,KinCP[nmin=25],1730,0.9289017341040462,0.0015830131719802,0.0351884057971014,0.8840579710144928,3.454876555823603,5.022340419690773,0.0,0.9420289855072465,0.9565217391304348,0.9014492753623188,0.8840579710144928,0.96
GBLUP,R2,soybean,Wilt,NormCP,1730,0.9323699421965318,0.022067756264533,0.0409440993788819,0.8782608695652174,3.86334307110994,5.081614435616498,0.0,0.927536231884058,0.9594202898550724,0.9217391304347826,0.8782608695652174,0.9742857142857144
GBLUP,R2,soybean,Wilt,SCP,1730,0.9052023121387284,0.0218585784984844,0.0375900621118012,0.8492753623188406,3.249305534732676,5.062859282963915,0.0,0.9246376811594202,0.9507246376811594,0.8695652173913043,0.8492753623188406,0.9314285714285714
GBLUP,R2,wheatG,EW,CV+,1855,0.9002695417789758,0.0019059481972683,0.013218018018018,0.8756756756756757,3.090543188170756,4.035798938041939,0.0,0.918918918918919,0.9054054054054054,0.8918918918918919,0.8756756756756757,0.9093333333333332
GBLUP,R2,wheatG,EW,CalPred-style,1855,0.9067385444743936,0.0014763411253508,0.0131747747747747,0.8918918918918919,3.167711640770692,4.06052075193114,0.0,0.918918918918919,0.8918918918918919,0.9054054054054054,0.8918918918918919,0.9253333333333332
GBLUP,R2,wheatG,EW,CalPred-style(rand),1855,0.9045822102425876,0.0014763411253508,0.0142918918918919,0.8837837837837837,3.184303345817606,4.049509798940128,0.0,0.9297297297297298,0.9054054054054054,0.8918918918918919,0.8837837837837837,0.912
GBLUP,R2,wheatG,EW,Gauss-PEV,1855,0.9056603773584906,0.0,0.0153153153153153,0.8918918918918919,3.1465561120078664,4.035371711751881,0.0,0.918918918918919,0.8918918918918919,0.8918918918918919,0.8918918918918919,0.9333333333333332
GBLUP,R2,wheatG,EW,Gauss-homosc,1855,0.9029649595687332,0.0,0.018054054054054,0.8783783783783784,3.0889372067085565,4.031615907536089,0.0,0.9324324324324323,0.8918918918918919,0.8918918918918919,0.8783783783783784,0.92
GBLUP,R2,wheatG,EW,KinCP,1855,0.9099730458221024,0.0040878034738822,0.0142198198198198,0.8918918918918919,3.143263521105921,4.039519533722137,0.0,0.9216216216216216,0.9,0.8972972972972973,0.8918918918918919,0.9386666666666666
GBLUP,R2,wheatG,EW,KinCP-A,1855,0.9126684636118598,0.0030732491242564,0.0158414414414414,0.8918918918918919,3.18409679255189,4.049104908844473,0.0,0.927027027027027,0.9054054054054054,0.9,0.8918918918918919,0.9386666666666666
GBLUP,R2,wheatG,EW,KinCP-AB,1855,0.9088948787061994,0.0044290233760525,0.0131819819819819,0.8891891891891892,3.172004198916514,4.046303119591838,0.0,0.9297297297297298,0.9027027027027028,0.9,0.8891891891891892,0.9226666666666666
GBLUP,R2,wheatG,EW,KinCP-ABC,1855,0.9013477088948788,0.0030732491242564,0.0142990990990991,0.8810810810810811,3.0688143352205164,4.032995601643983,0.0,0.9297297297297298,0.8945945945945946,0.8918918918918919,0.8810810810810811,0.9093333333333332
GBLUP,R2,wheatG,EW,KinCP-AC,1855,0.906199460916442,0.0022551483194988,0.0137009009009009,0.8918918918918919,3.112711580291865,4.028842148092026,0.0,0.918918918918919,0.8945945945945946,0.8945945945945946,0.8918918918918919,0.9306666666666666
GBLUP,R2,wheatG,EW,KinCP-B,1855,0.9078167115902964,0.0035143948276025,0.0142486486486486,0.8918918918918919,3.149242867982528,4.037999265800066,0.0,0.927027027027027,0.8945945945945946,0.8972972972972973,0.8918918918918919,0.928
GBLUP,R2,wheatG,EW,KinCP-BC,1855,0.9024258760107816,0.0039979506668979,0.0142918918918919,0.8837837837837837,3.097443969318724,4.034468699384561,0.0,0.9297297297297298,0.8945945945945946,0.8918918918918919,0.8837837837837837,0.912
GBLUP,R2,wheatG,EW,KinCP-C,1855,0.9051212938005392,0.0012054274811319,0.0147819819819819,0.8918918918918919,3.102171680455214,4.032844785766765,0.0,0.918918918918919,0.8918918918918919,0.8918918918918919,0.8918918918918919,0.9306666666666666
GBLUP,R2,wheatG,EW,KinCP[fixed-h],1855,0.910512129380054,0.0044290233760525,0.0147531531531531,0.8918918918918919,3.152307179383667,4.047486165460382,0.0,0.9216216216216216,0.9,0.8972972972972973,0.8918918918918919,0.9413333333333334
GBLUP,R2,wheatG,EW,KinCP[h=0.25],1855,0.909433962264151,0.0014763411253508,0.0180108108108108,0.8864864864864865,3.1833722874808856,4.037727993679401,0.0,0.9297297297297298,0.8918918918918919,0.9027027027027028,0.8864864864864865,0.936
GBLUP,R2,wheatG,EW,KinCP[h=1.0],1855,0.9056603773584906,0.0019059481972683,0.0131675675675676,0.8918918918918919,3.118990699339084,4.034733415065334,0.0,0.918918918918919,0.8945945945945946,0.8945945945945946,0.8918918918918919,0.928
GBLUP,R2,wheatG,EW,KinCP[h=2.0],1855,0.9051212938005392,0.0012054274811319,0.0147819819819819,0.8918918918918919,3.108807700941734,4.033582972429194,0.0,0.918918918918919,0.8918918918918919,0.8918918918918919,0.8918918918918919,0.9306666666666666
GBLUP,R2,wheatG,EW,KinCP[nmin=100],1855,0.9088948787061994,0.0044290233760525,0.0131531531531531,0.8918918918918919,3.13668284771747,4.03302361140184,0.0,0.9216216216216216,0.9,0.8972972972972973,0.8918918918918919,0.9333333333333332
GBLUP,R2,wheatG,EW,KinCP[nmin=25],1855,0.910512129380054,0.0044290233760525,0.0147531531531531,0.8918918918918919,3.149156565327511,4.044335551404226,0.0,0.9216216216216216,0.9,0.8972972972972973,0.8918918918918919,0.9413333333333334
GBLUP,R2,wheatG,EW,NormCP,1855,0.9121293800539084,0.0128704435431949,0.0152936936936936,0.8918918918918919,3.304376449307457,4.104280749061047,0.0,0.9135135135135136,0.9054054054054054,0.9081081081081082,0.8918918918918919,0.9413333333333334
GBLUP,R2,wheatG,EW,SCP,1855,0.9029649595687332,0.0132047964570521,0.0137009009009008,0.8756756756756757,3.217837340524345,4.084404912156219,0.0,0.9108108108108108,0.8972972972972973,0.9,0.8756756756756757,0.9306666666666666
GBLUP,R2,wheatG,GH,CV+,1855,0.859299191374663,0.0048217099245278,0.0406414414414414,0.8243243243243243,2.6993960974881617,4.61933585950295,0.0,0.9,0.8432432432432433,0.8243243243243243,0.8918918918918919,0.8373333333333334
GBLUP,R2,wheatG,GH,CalPred-style,1855,0.8690026954177897,0.0048964695753598,0.0309909909909909,0.8432432432432433,2.87945197410467,4.678817581193687,0.0,0.8783783783783784,0.8594594594594595,0.8432432432432433,0.8972972972972973,0.8666666666666667
GBLUP,R2,wheatG,GH,CalPred-style(rand),1855,0.8673854447439353,0.0044290233760525,0.0336936936936937,0.8405405405405405,2.8749080260372644,4.613950852233284,0.0,0.8783783783783784,0.8486486486486486,0.8405405405405405,0.9027027027027028,0.8666666666666667
GBLUP,R2,wheatG,GH,Gauss-PEV,1855,0.8652291105121294,1.2412670766236366e-16,0.0347747747747747,0.8378378378378378,2.820292872697684,4.558505536761588,0.0,0.8783783783783784,0.8513513513513513,0.8378378378378378,0.8918918918918919,0.8666666666666667
GBLUP,R2,wheatG,GH,Gauss-homosc,1855,0.8501347708894879,0.005254336574021,0.0497801801801802,0.8186666666666667,2.676202080202531,4.595246296421685,0.0,0.8918918918918919,0.8351351351351352,0.8378378378378378,0.8675675675675676,0.8186666666666667
GBLUP,R2,wheatG,GH,KinCP,1855,0.8776280323450135,0.0036162824433958,0.0234234234234234,0.8621621621621621,2.926245535980474,4.720581025035096,0.0,0.9027027027027028,0.8621621621621621,0.8648648648648649,0.8918918918918919,0.8666666666666667
GBLUP,R2,wheatG,GH,KinCP-A,1855,0.8657681940700809,0.0029526822507016,0.0341477477477477,0.8346666666666667,2.856248254143633,4.781431321778029,0.0,0.9,0.8486486486486486,0.8621621621621621,0.8837837837837837,0.8346666666666667
GBLUP,R2,wheatG,GH,KinCP-AB,1855,0.8652291105121294,0.0071314051511174,0.0368504504504504,0.8346666666666667,2.8079917801539853,4.764188962381685,0.0,0.9054054054054054,0.845945945945946,0.8567567567567568,0.8837837837837837,0.8346666666666667
GBLUP,R2,wheatG,GH,KinCP-ABC,1855,0.845822102425876,0.0035143948276025,0.0540756756756756,0.808,2.632929179100447,4.665626759163787,0.0,0.8918918918918919,0.827027027027027,0.8351351351351352,0.8675675675675676,0.808
GBLUP,R2,wheatG,GH,KinCP-AC,1855,0.8630727762803234,0.0044290233760525,0.0369369369369369,0.8405405405405405,2.794225702085016,4.612575729487248,0.0,0.8756756756756757,0.8432432432432433,0.8405405405405405,0.8891891891891892,0.8666666666666667
GBLUP,R2,wheatG,GH,KinCP-B,1855,0.877088948787062,0.0045102966389977,0.0261117117117117,0.8594594594594595,2.928755717838797,4.677315993752043,0.0,0.9081081081081082,0.8594594594594595,0.8648648648648649,0.8918918918918919,0.8613333333333333
GBLUP,R2,wheatG,GH,KinCP-BC,1855,0.8706199460916442,0.0038118963945366,0.0347315315315315,0.845945945945946,2.8496193322913097,4.610164432036953,0.0,0.9135135135135136,0.8648648648648649,0.845945945945946,0.8783783783783784,0.8506666666666667
GBLUP,R2,wheatG,GH,KinCP-C,1855,0.8738544474393531,0.0039979506668979,0.0261261261261261,0.8513513513513513,2.870209475915238,4.643713433100991,0.0,0.8945945945945946,0.8594594594594595,0.8513513513513513,0.8972972972972973,0.8666666666666667
GBLUP,R2,wheatG,GH,KinCP[fixed-h],1855,0.8776280323450135,0.0036162824433958,0.0234234234234234,0.8621621621621621,2.925682734153215,4.720018223207836,0.0,0.9027027027027028,0.8621621621621621,0.8648648648648649,0.8918918918918919,0.8666666666666667
GBLUP,R2,wheatG,GH,KinCP[h=0.25],1855,0.8765498652291105,0.0048217099245278,0.0266306306306306,0.8533333333333334,2.9704257817060737,4.754404811775886,0.0,0.9081081081081082,0.8648648648648649,0.8648648648648649,0.8918918918918919,0.8533333333333334
GBLUP,R2,wheatG,GH,KinCP[h=1.0],1855,0.8749326145552561,0.0030732491242564,0.025045045045045,0.8594594594594595,2.894229747406019,4.68247206353763,0.0,0.8972972972972973,0.8594594594594595,0.8594594594594595,0.8918918918918919,0.8666666666666667
GBLUP,R2,wheatG,GH,KinCP[h=2.0],1855,0.8738544474393531,0.0051847396392645,0.0261261261261261,0.8513513513513513,2.8847741529216595,4.656212002942269,0.0,0.8972972972972973,0.8594594594594595,0.8513513513513513,0.8945945945945946,0.8666666666666667
GBLUP,R2,wheatG,GH,KinCP[nmin=100],1855,0.877088948787062,0.0040878034738822,0.0228828828828828,0.8621621621621621,2.9215916611126143,4.718677751279258,0.0,0.9,0.8621621621621621,0.8648648648648649,0.8918918918918919,0.8666666666666667
GBLUP,R2,wheatG,GH,KinCP[nmin=25],1855,0.8776280323450135,0.0036162824433958,0.0234234234234234,0.8621621621621621,2.926454988224432,4.720790477279053,0.0,0.9027027027027028,0.8621621621621621,0.8648648648648649,0.8918918918918919,0.8666666666666667
GBLUP,R2,wheatG,GH,NormCP,1855,0.8776280323450135,0.0130108014944982,0.0245045045045044,0.8513513513513513,3.028225683140976,4.702616314281248,0.0,0.8972972972972973,0.8675675675675676,0.8513513513513513,0.9054054054054054,0.8666666666666667
GBLUP,R2,wheatG,GH,SCP,1855,0.8598382749326146,0.0119026426769916,0.0443459459459459,0.808,2.830196001499229,4.781545996314963,0.0,0.9108108108108108,0.8675675675675676,0.8378378378378378,0.8756756756756757,0.808
GBLUP,R2,wheatG,GPE,CV+,1855,0.9051212938005392,0.0035143948276024,0.0282234234234234,0.8426666666666667,3.110618836135078,3.977055363548639,0.0,0.918918918918919,0.918918918918919,0.9216216216216216,0.9243243243243244,0.8426666666666667
GBLUP,R2,wheatG,GPE,CalPred-style,1855,0.9067385444743936,0.0014763411253508,0.0223279279279279,0.8613333333333333,3.1230569260652614,3.926582710478996,0.0,0.9162162162162162,0.9054054054054054,0.918918918918919,0.9324324324324323,0.8613333333333333
GBLUP,R2,wheatG,GPE,CalPred-style(rand),1855,0.9202156334231806,0.0024108549622639,0.0272504504504504,0.8826666666666667,3.152662081530975,3.964826210120809,0.0,0.918918918918919,0.9081081081081082,0.9324324324324323,0.9594594594594594,0.8826666666666667
GBLUP,R2,wheatG,GPE,Gauss-PEV,1855,0.9110512129380054,1.2412670766236366e-16,0.0245045045045044,0.8666666666666667,3.1455290188941576,3.951684809946741,0.0,0.918918918918919,0.9054054054054054,0.9324324324324323,0.9324324324324323,0.8666666666666667
GBLUP,R2,wheatG,GPE,Gauss-homosc,1855,0.9051212938005392,0.0035143948276024,0.0239279279279279,0.8533333333333334,3.0858040092541468,3.947516570894146,0.0,0.918918918918919,0.9,0.927027027027027,0.927027027027027,0.8533333333333334
GBLUP,R2,wheatG,GPE,KinCP,1855,0.9040431266846362,0.0040878034738822,0.0164108108108108,0.872,3.101480524317462,3.945892753469193,0.0,0.9108108108108108,0.8972972972972973,0.9081081081081082,0.9324324324324323,0.872
GBLUP,R2,wheatG,GPE,KinCP-A,1855,0.9223719676549864,0.0029526822507016,0.0229693693693693,0.8986666666666666,3.27622749171862,3.970348772416564,0.0,0.9108108108108108,0.9081081081081082,0.927027027027027,0.9675675675675676,0.8986666666666666
GBLUP,R2,wheatG,GPE,KinCP-AB,1855,0.920754716981132,0.0030732491242564,0.0224216216216216,0.896,3.24788572072052,3.9608393446599712,0.0,0.9135135135135136,0.9027027027027028,0.927027027027027,0.9648648648648648,0.896
GBLUP,R2,wheatG,GPE,KinCP-ABC,1855,0.907277628032345,0.0040878034738822,0.0239423423423423,0.8586666666666667,3.09686935536016,3.9515570704777394,0.0,0.918918918918919,0.9135135135135136,0.9162162162162162,0.9297297297297298,0.8586666666666667
GBLUP,R2,wheatG,GPE,KinCP-AC,1855,0.9148247978436658,0.0014763411253508,0.0282882882882882,0.8666666666666667,3.198831827298004,3.961339376048962,0.0,0.918918918918919,0.918918918918919,0.9243243243243244,0.945945945945946,0.8666666666666667
GBLUP,R2,wheatG,GPE,KinCP-B,1855,0.9067385444743936,0.0030732491242564,0.0191135135135134,0.872,3.105177558926883,3.948399824774788,0.0,0.9135135135135136,0.8972972972972973,0.9054054054054054,0.945945945945946,0.872
GBLUP,R2,wheatG,GPE,KinCP-BC,1855,0.9115902964959568,0.0012054274811319,0.025045045045045,0.8666666666666667,3.129921942851438,3.944754620600549,0.0,0.9216216216216216,0.918918918918919,0.9054054054054054,0.945945945945946,0.8666666666666667
GBLUP,R2,wheatG,GPE,KinCP-C,1855,0.9126684636118598,0.0014763411253508,0.0261261261261261,0.8666666666666667,3.140145179763541,3.9476333974110656,0.0,0.918918918918919,0.9162162162162162,0.9162162162162162,0.945945945945946,0.8666666666666667
GBLUP,R2,wheatG,GPE,KinCP[fixed-h],1855,0.9045822102425876,0.0040878034738822,0.0158774774774774,0.8746666666666667,3.109360887547944,3.9525864844378216,0.0,0.9108108108108108,0.8972972972972973,0.9081081081081082,0.9324324324324323,0.8746666666666667
GBLUP,R2,wheatG,GPE,KinCP[h=0.25],1855,0.9078167115902964,0.0064352217715974,0.0126702702702702,0.888,3.125852057541615,3.9596695351485502,0.0,0.9135135135135136,0.9027027027027028,0.9081081081081082,0.927027027027027,0.888
GBLUP,R2,wheatG,GPE,KinCP[h=1.0],1855,0.9078167115902964,0.0035143948276025,0.0212612612612612,0.8666666666666667,3.103234957039154,3.9428428939033737,0.0,0.9135135135135136,0.9054054054054054,0.9081081081081082,0.945945945945946,0.8666666666666667
GBLUP,R2,wheatG,GPE,KinCP[h=2.0],1855,0.910512129380054,0.0029526822507017,0.0239639639639639,0.8666666666666667,3.1240169370633546,3.941567598243557,0.0,0.918918918918919,0.9108108108108108,0.9135135135135136,0.9432432432432432,0.8666666666666667
GBLUP,R2,wheatG,GPE,KinCP[nmin=100],1855,0.9035040431266846,0.0029526822507016,0.0169441441441441,0.8693333333333333,3.091139032106532,3.943449291653113,0.0,0.9108108108108108,0.8972972972972973,0.9081081081081082,0.9324324324324323,0.8693333333333333
GBLUP,R2,wheatG,GPE,KinCP[nmin=25],1855,0.9045822102425876,0.0040878034738822,0.0158774774774774,0.8746666666666667,3.1051330719325474,3.9483586688224257,0.0,0.9108108108108108,0.8972972972972973,0.9081081081081082,0.9324324324324323,0.8746666666666667
GBLUP,R2,wheatG,GPE,NormCP,1855,0.910512129380054,0.0247333040365594,0.0261117117117117,0.8613333333333333,3.2584885735103883,4.057730928641326,0.0,0.9135135135135136,0.9216216216216216,0.9324324324324323,0.9243243243243244,0.8613333333333333
GBLUP,R2,wheatG,GPE,SCP,1855,0.9008086253369272,0.0212579451785771,0.023899099099099,0.8426666666666667,3.1530161260602507,4.055318907441698,0.0,0.9135135135135136,0.9162162162162162,0.9216216216216216,0.9108108108108108,0.8426666666666667
GBLUP,R3,barley,BaMMV,CV+,7190,0.9161335187760778,0.0045759899517001,0.0284283727399165,0.8692628650904033,2.68287736724326,3.237811030768013,0.0,0.97009735744089,0.9221140472878998,0.9165507649513212,0.9026425591098748,0.8692628650904033
GBLUP,R3,barley,BaMMV,CalPred-style,7190,0.9082058414464534,0.006082355940381,0.0132684283727399,0.8873435326842837,2.5359599055400626,3.168283425558766,0.0,0.9089012517385258,0.8873435326842837,0.9102920723226704,0.9165507649513212,0.917941585535466
GBLUP,R3,barley,BaMMV,CalPred-style(rand),7190,0.9061196105702364,0.0031486040118697,0.0134631432545201,0.8824756606397774,2.530669646944416,3.173863336230675,0.0,0.8991655076495132,0.8824756606397774,0.9075104311543812,0.9158553546592488,0.9255910987482616
GBLUP,R3,barley,BaMMV,Gauss-PEV,7190,0.9031988873435328,0.0040069152408589,0.0141585535465924,0.8762169680111266,2.505873768270478,3.1837079103833053,0.0,0.926981919332406,0.8762169680111266,0.8963838664812239,0.9026425591098748,0.913769123783032
GBLUP,R3,barley,BaMMV,Gauss-homosc,7190,0.9080667593880388,0.0071326183059572,0.0290403337969402,0.8532684283727399,2.615785386543682,3.2591753075987824,0.0,0.9659248956884562,0.9158553546592488,0.9109874826147428,0.894297635605007,0.8532684283727399
GBLUP,R3,barley,BaMMV,KinCP,7190,0.9107093184979138,0.0075796531813289,0.0113212795549374,0.8984700973574409,2.558780739979808,3.167770157086337,0.0,0.9207232267037552,0.8984700973574409,0.913769123783032,0.9109874826147428,0.909596662030598
GBLUP,R3,barley,BaMMV,KinCP-A,7190,0.9134909596662032,0.0064602081571591,0.0143810848400556,0.8977746870653686,2.57857219494429,3.1732409942095,0.0,0.9214186369958276,0.8977746870653686,0.9130737134909596,0.9172461752433936,0.917941585535466
GBLUP,R3,barley,BaMMV,KinCP-AB,7190,0.9122392211404728,0.0063811236422556,0.0134075104311543,0.8970792767732962,2.5944841641060656,3.176993428963883,0.0,0.9276773296244784,0.9054242002781642,0.9165507649513212,0.9144645340751044,0.8970792767732962
GBLUP,R3,barley,BaMMV,KinCP-ABC,7190,0.9090403337969402,0.0067135011883989,0.0283449235048678,0.8532684283727399,2.6426842851217898,3.261194015997116,0.0,0.9659248956884562,0.9158553546592488,0.911682892906815,0.8984700973574409,0.8532684283727399
GBLUP,R3,barley,BaMMV,KinCP-AC,7190,0.9079276773296244,0.0049074488913428,0.0146592489568845,0.8831710709318498,2.531811584378135,3.182350545302404,0.0,0.9283727399165508,0.8831710709318498,0.9026425591098748,0.9047287899860916,0.9207232267037552
GBLUP,R3,barley,BaMMV,KinCP-B,7190,0.9225312934631432,0.0054000747311035,0.0225312934631432,0.9082058414464534,2.687994989618345,3.18860563828611,0.0,0.9290681502086232,0.9082058414464534,0.9262865090403338,0.9325452016689848,0.9165507649513212
GBLUP,R3,barley,BaMMV,KinCP-BC,7190,0.9440890125173852,0.007169811637709,0.0440890125173852,0.9068150208623088,3.016994518272162,3.370517330252967,0.0,0.980528511821975,0.948539638386648,0.9443671766342142,0.9401947148817804,0.9068150208623088
GBLUP,R3,barley,BaMMV,KinCP-C,7190,0.8929068150208623,0.0116986118506681,0.0161613351877607,0.8623087621696801,2.4445894165055195,3.1879267105525733,0.0,0.9214186369958276,0.8623087621696801,0.885952712100139,0.8936022253129347,0.9012517385257302
GBLUP,R3,barley,BaMMV,KinCP[fixed-h],7190,0.909596662030598,0.0077281330914092,0.0102086230876216,0.8984700973574409,2.5508678999051484,3.1658589150016896,0.0,0.9151599443671766,0.8984700973574409,0.913769123783032,0.9109874826147428,0.909596662030598
GBLUP,R3,barley,BaMMV,KinCP[h=0.25],7190,0.9146036161335188,0.0050243092818326,0.0146036161335187,0.9019471488178024,2.6138983649984784,3.188563220669442,0.0,0.9235048678720446,0.9019471488178024,0.913769123783032,0.9207232267037552,0.9130737134909596
GBLUP,R3,barley,BaMMV,KinCP[h=1.0],7190,0.9044506258692628,0.0076589902098794,0.0095132127955493,0.8873435326842837,2.50858284487974,3.168238656139164,0.0,0.9242002781641168,0.8873435326842837,0.9047287899860916,0.9012517385257302,0.9047287899860916
GBLUP,R3,barley,BaMMV,KinCP[h=2.0],7190,0.8980528511821975,0.0109026495673246,0.0135187760778859,0.8706536856745479,2.4749469985764923,3.1838109113278734,0.0,0.9255910987482616,0.8706536856745479,0.894297635605007,0.8963838664812239,0.9033379694019472
GBLUP,R3,barley,BaMMV,KinCP[nmin=100],7190,0.9127955493741308,0.008073950082726,0.0134075104311543,0.8984700973574409,2.580042668164347,3.180516838510034,0.0,0.93115438108484,0.8984700973574409,0.913769123783032,0.9109874826147428,0.909596662030598
GBLUP,R3,barley,BaMMV,KinCP[nmin=25],7190,0.909596662030598,0.0077281330914092,0.0102086230876216,0.8984700973574409,2.5509094701302337,3.165900485226774,0.0,0.9151599443671766,0.8984700973574409,0.913769123783032,0.9109874826147428,0.909596662030598
GBLUP,R3,barley,BaMMV,NormCP,7190,0.9093184979137692,0.0145671443368858,0.019721835883171,0.874826147426982,2.6591228783757503,3.28433709986287,0.0,0.9318497913769124,0.874826147426982,0.8991655076495132,0.9089012517385258,0.9318497913769124
GBLUP,R3,barley,BaMMV,SCP,7190,0.9045897079276772,0.0145072654357778,0.0233379694019471,0.8643949930458971,2.685948208302228,3.338915868815812,0.0,0.9624478442280946,0.9019471488178024,0.9054242002781642,0.8887343532684284,0.8643949930458971
GBLUP,R3,barley,BaYMV,CV+,7190,0.9082058414464534,0.0067242974985444,0.0247287899860918,0.8616133518776078,2.881955044136186,3.712583984316691,0.0,0.9415855354659248,0.9283727399165508,0.9123783031988874,0.8970792767732962,0.8616133518776078
GBLUP,R3,barley,BaYMV,CalPred-style,7190,0.905980528511822,0.005000188598678,0.0124895688456188,0.8908205841446454,2.8802497022604725,3.717588381087509,0.0,0.8929068150208623,0.9228094575799722,0.9193324061196104,0.9040333796940194,0.8908205841446454
GBLUP,R3,barley,BaYMV,CalPred-style(rand),7190,0.9075104311543812,0.0027816411682893,0.0090125173852573,0.8963838664812239,2.868483927996628,3.685590909302863,0.0,0.8998609179415855,0.9200278164116829,0.9158553546592488,0.9054242002781642,0.8963838664812239
GBLUP,R3,barley,BaYMV,Gauss-PEV,7190,0.909596662030598,0.0026480434999526,0.0130458970792767,0.8915159944367177,2.8656136178729024,3.68217314595067,0.0,0.9235048678720446,0.9207232267037552,0.9123783031988874,0.8998609179415855,0.8915159944367177
GBLUP,R3,barley,BaYMV,Gauss-homosc,7190,0.9102920723226704,0.0054977010781786,0.025702364394993,0.8623087621696801,2.912032902511392,3.718612550842211,0.0,0.9443671766342142,0.926981919332406,0.9186369958275382,0.8991655076495132,0.8623087621696801
GBLUP,R3,barley,BaYMV,KinCP,7190,0.9001390820584144,0.0069645262634515,0.0078164116828929,0.885952712100139,2.791538538213976,3.682583636756972,0.0,0.9109874826147428,0.9089012517385258,0.8977746870653686,0.8970792767732962,0.885952712100139
GBLUP,R3,barley,BaYMV,KinCP-A,7190,0.9027816411682892,0.0022747464859243,0.0067872044506258,0.894297635605007,2.808659631914282,3.6887796294508113,0.0,0.9102920723226704,0.9075104311543812,0.8956884561891516,0.894297635605007,0.9061196105702364
GBLUP,R3,barley,BaYMV,KinCP-AB,7190,0.9040333796940194,0.0027378330577231,0.0061474269819193,0.8963838664812239,2.824556912455204,3.686346022889581,0.0,0.9102920723226704,0.9151599443671766,0.8998609179415855,0.8963838664812239,0.8984700973574409
GBLUP,R3,barley,BaYMV,KinCP-ABC,7190,0.9043115438108484,0.0071190452807063,0.0250069541029207,0.8539638386648123,2.847150454044411,3.720412443420262,0.0,0.9401947148817804,0.9207232267037552,0.9123783031988874,0.894297635605007,0.8539638386648123
GBLUP,R3,barley,BaYMV,KinCP-AC,7190,0.901808066759388,0.0045970775746977,0.0108205841446453,0.8824756606397774,2.80145971427064,3.684009277518242,0.0,0.9165507649513212,0.9109874826147428,0.9040333796940194,0.8949930458970793,0.8824756606397774
GBLUP,R3,barley,BaYMV,KinCP-B,7190,0.9065368567454798,0.004857927453845,0.0065924895688455,0.8998609179415855,2.8557695274084205,3.680766512606824,0.0,0.911682892906815,0.9151599443671766,0.9047287899860916,0.9012517385257302,0.8998609179415855
GBLUP,R3,barley,BaYMV,KinCP-BC,7190,0.9240611961057024,0.0068736655316559,0.0302364394993045,0.8845618915159944,3.094045233264024,3.749539610161182,0.0,0.9520166898470096,0.9401947148817804,0.933240611961057,0.9102920723226704,0.8845618915159944
GBLUP,R3,barley,BaYMV,KinCP-C,7190,0.8994436717663421,0.0093376797985322,0.0129068150208622,0.8755215577190543,2.7856916575407307,3.681910904419696,0.0,0.9165507649513212,0.9102920723226704,0.9040333796940194,0.8908205841446454,0.8755215577190543
GBLUP,R3,barley,BaYMV,KinCP[fixed-h],7190,0.8998609179415855,0.0067242974985443,0.007538247566064,0.885952712100139,2.7950957821568867,3.684169270720546,0.0,0.909596662030598,0.9089012517385258,0.8977746870653686,0.8970792767732962,0.885952712100139
GBLUP,R3,barley,BaYMV,KinCP[h=0.25],7190,0.9004172461752434,0.0060504691889168,0.0083727399165507,0.89221140472879,2.8138185500812827,3.6887290426832497,0.0,0.9102920723226704,0.911682892906815,0.8949930458970793,0.8929068150208623,0.89221140472879
GBLUP,R3,barley,BaYMV,KinCP[h=1.0],7190,0.9001390820584144,0.008073950082726,0.0094297635605006,0.8817802503477051,2.7932940107926094,3.681769444949696,0.0,0.9109874826147428,0.9102920723226704,0.9026425591098748,0.8949930458970793,0.8817802503477051
GBLUP,R3,barley,BaYMV,KinCP[h=2.0],7190,0.9006954102920723,0.0085368517604583,0.0116550764951321,0.8796940194714882,2.791691295963849,3.6814707812421497,0.0,0.9151599443671766,0.9109874826147428,0.9047287899860916,0.8929068150208623,0.8796940194714882
GBLUP,R3,barley,BaYMV,KinCP[nmin=100],7190,0.9,0.006418904455752,0.0076773296244784,0.885952712100139,2.789550078763733,3.681093423952212,0.0,0.9102920723226704,0.9089012517385258,0.8977746870653686,0.8970792767732962,0.885952712100139
GBLUP,R3,barley,BaYMV,KinCP[nmin=25],7190,0.8997218358831711,0.0066773874181684,0.0073991655076495,0.885952712100139,2.794184239037908,3.6838726000939217,0.0,0.9089012517385258,0.9089012517385258,0.8977746870653686,0.8970792767732962,0.885952712100139
GBLUP,R3,barley,BaYMV,NormCP,7190,0.9107093184979138,0.0064788955209191,0.0138247566063977,0.89221140472879,2.9493774347534503,3.7443516171640976,0.0,0.9228094575799722,0.9248956884561892,0.9123783031988874,0.9012517385257302,0.89221140472879
GBLUP,R3,barley,BaYMV,SCP,7190,0.9031988873435328,0.0102133022970461,0.0263977746870653,0.8532684283727399,2.93553137627488,3.797766732960637,0.0,0.9374130737134908,0.9235048678720446,0.9130737134909596,0.8887343532684284,0.8532684283727399
GBLUP,R3,bean,DF,CV+,2220,0.9211711711711712,0.0057421390918837,0.0211711711711711,0.9076576576576576,2.382879238342801,2.941773066493139,0.0,0.9076576576576576,0.9301801801801802,0.9121621621621622,0.918918918918919,0.9369369369369368
GBLUP,R3,bean,DF,CalPred-style,2220,0.926126126126126,0.0116378474619493,0.0275675675675675,0.8963963963963963,2.419754172855645,3.012597787348515,0.0,0.8963963963963963,0.9391891891891893,0.9144144144144144,0.9414414414414416,0.9391891891891893
GBLUP,R3,bean,DF,CalPred-style(rand),2220,0.9162162162162162,0.0070145997758546,0.0257657657657657,0.8761261261261262,2.349149724849043,3.002938406486099,0.0,0.8761261261261262,0.9369369369369368,0.90990990990991,0.9256756756756755,0.9324324324324323
GBLUP,R3,bean,DF,Gauss-PEV,2220,0.91981981981982,0.0077367405573503,0.0257657657657657,0.8851351351351351,2.325323407174064,2.96079126439726,0.0,0.8851351351351351,0.927927927927928,0.9121621621621622,0.9301801801801802,0.9436936936936936
GBLUP,R3,bean,DF,Gauss-homosc,2220,0.9247747747747748,0.0056531082873924,0.0247747747747747,0.9121621621621622,2.3644727576877984,2.96167492013294,0.0,0.9121621621621622,0.9324324324324323,0.9121621621621622,0.927927927927928,0.9391891891891893
GBLUP,R3,bean,DF,KinCP,2220,0.9135135135135136,0.0108716381857181,0.0149549549549549,0.8963963963963963,2.3058477501408388,2.963151290901768,0.0,0.9009009009009008,0.9391891891891893,0.9166666666666666,0.8963963963963963,0.9144144144144144
GBLUP,R3,bean,DF,KinCP-A,2220,0.9031531531531533,0.0079629142025512,0.0137837837837837,0.8828828828828829,2.233530536438148,2.948827288322791,0.0,0.8828828828828829,0.918918918918919,0.8986486486486487,0.8918918918918919,0.9234234234234234
GBLUP,R3,bean,DF,KinCP-AB,2220,0.9108108108108108,0.0121913230655174,0.0131531531531531,0.8941441441441441,2.2753109689157363,2.942706421348495,0.0,0.9031531531531533,0.9301801801801802,0.9031531531531533,0.8941441441441441,0.9234234234234234
GBLUP,R3,bean,DF,KinCP-ABC,2220,0.9193693693693694,0.008182838794858,0.0193693693693693,0.9076576576576576,2.319443001244061,2.936418980169714,0.0,0.9076576576576576,0.9324324324324323,0.9144144144144144,0.9166666666666666,0.9256756756756755
GBLUP,R3,bean,DF,KinCP-AC,2220,0.9121621621621622,0.0098173399629294,0.0199099099099099,0.8806306306306306,2.250307198800177,2.9382732841675168,0.0,0.8806306306306306,0.9256756756756755,0.9076576576576576,0.9166666666666666,0.9301801801801802
GBLUP,R3,bean,DF,KinCP-B,2220,0.9193693693693694,0.0090651404493234,0.0193693693693693,0.9009009009009008,2.3541611626050334,2.965185654984119,0.0,0.9166666666666666,0.9481981981981982,0.9166666666666666,0.9009009009009008,0.9144144144144144
GBLUP,R3,bean,DF,KinCP-BC,2220,0.9225225225225224,0.004091419397429,0.0225225225225225,0.90990990990991,2.3436856168297524,2.9369418896100856,0.0,0.9144144144144144,0.9369369369369368,0.918918918918919,0.90990990990991,0.9324324324324323
GBLUP,R3,bean,DF,KinCP-C,2220,0.9027027027027028,0.0120658515639449,0.0133333333333333,0.8783783783783784,2.203291834157655,2.9278827658097546,0.0,0.8783783783783784,0.9144144144144144,0.8986486486486487,0.8963963963963963,0.9256756756756755
GBLUP,R3,bean,DF,KinCP[fixed-h],2220,0.9265765765765764,0.0132863794628401,0.028018018018018,0.8963963963963963,2.485857391310424,3.029028052869893,0.0423423423423423,0.954954954954955,0.945945945945946,0.9211711711711712,0.8963963963963963,0.9144144144144144
GBLUP,R3,bean,DF,KinCP[h=0.25],2220,0.9153153153153152,0.0134759236951816,0.0158558558558558,0.8986486486486487,2.326906509409818,2.9705980767001394,0.0,0.9009009009009008,0.9391891891891893,0.9166666666666666,0.8986486486486487,0.9211711711711712
GBLUP,R3,bean,DF,KinCP[h=1.0],2220,0.9094594594594596,0.0043322937075836,0.0123423423423423,0.8963963963963963,2.254701161624891,2.9443604146981803,0.0,0.8963963963963963,0.9346846846846848,0.9054054054054054,0.8963963963963963,0.9144144144144144
GBLUP,R3,bean,DF,KinCP[h=2.0],2220,0.9054054054054054,0.0074698756539535,0.0127927927927928,0.8851351351351351,2.2142208453368832,2.9262929475900195,0.0,0.8851351351351351,0.9211711711711712,0.9031531531531533,0.8963963963963963,0.9211711711711712
GBLUP,R3,bean,DF,KinCP[nmin=100],2220,0.9081081081081082,0.0093407393483458,0.0127927927927928,0.8918918918918919,2.238230123311596,2.9455803710070194,0.0,0.8918918918918919,0.9301801801801802,0.9076576576576576,0.8963963963963963,0.9144144144144144
GBLUP,R3,bean,DF,KinCP[nmin=25],2220,0.918918918918919,0.0125400098261937,0.0203603603603603,0.8963963963963963,2.4065662321086267,3.0337838054192647,0.0,0.9211711711711712,0.9414414414414416,0.9211711711711712,0.8963963963963963,0.9144144144144144
GBLUP,R3,bean,DF,NormCP,2220,0.9274774774774774,0.0224322515279076,0.0274774774774774,0.9166666666666666,2.605756970377654,3.1792589962851845,0.0,0.9166666666666666,0.9324324324324323,0.927927927927928,0.918918918918919,0.9414414414414416
GBLUP,R3,bean,DF,SCP,2220,0.9283783783783784,0.0265727589256804,0.0283783783783783,0.9144144144144144,2.613369108568442,3.1720514977077534,0.0,0.9324324324324323,0.9391891891891893,0.9256756756756755,0.9144144144144144,0.9301801801801802
GBLUP,R3,bean,DPM,CV+,2220,0.9243243243243244,0.0128989378948435,0.0243243243243243,0.9076576576576576,2.819601263911541,3.382300174805208,0.0,0.9301801801801802,0.9391891891891893,0.9324324324324323,0.9121621621621622,0.9076576576576576
GBLUP,R3,bean,DPM,CalPred-style,2220,0.8905405405405405,0.0168993977318054,0.0119819819819819,0.8761261261261262,2.621231422385663,3.447125329818237,0.0,0.8783783783783784,0.9054054054054054,0.9009009009009008,0.8918918918918919,0.8761261261261262
GBLUP,R3,bean,DPM,CalPred-style(rand),2220,0.8810810810810811,0.0142800607965291,0.0189189189189189,0.8648648648648649,2.560137345160346,3.4456870234826704,0.0,0.8648648648648649,0.8873873873873874,0.8918918918918919,0.8873873873873874,0.8738738738738738
GBLUP,R3,bean,DPM,Gauss-PEV,2220,0.8932432432432432,0.0089525256370953,0.0098198198198198,0.8806306306306306,2.589982388353693,3.3600369891658186,0.0,0.8896396396396397,0.9076576576576576,0.8986486486486487,0.8896396396396397,0.8806306306306306
GBLUP,R3,bean,DPM,Gauss-homosc,2220,0.9031531531531533,0.0079629142025512,0.0145045045045044,0.8716216216216216,2.685860132086636,3.384898618999096,0.0,0.9121621621621622,0.9234234234234234,0.9054054054054054,0.9031531531531533,0.8716216216216216
GBLUP,R3,bean,DPM,KinCP,2220,0.8981981981981982,0.0193352937219232,0.01009009009009,0.8828828828828829,2.6893951791360604,3.401143527598231,0.0,0.9031531531531533,0.9144144144144144,0.9031531531531533,0.8873873873873874,0.8828828828828829
GBLUP,R3,bean,DPM,KinCP-A,2220,0.8990990990990991,0.0161943045155383,0.0079279279279279,0.8918918918918919,2.6783389786626244,3.3989787860020715,0.0,0.8941441441441441,0.9144144144144144,0.9031531531531533,0.8918918918918919,0.8918918918918919
GBLUP,R3,bean,DPM,KinCP-AB,2220,0.9058558558558558,0.0147173957231572,0.0141441441441441,0.8873873873873874,2.7301332970769074,3.407928523222532,0.0,0.9234234234234234,0.9211711711711712,0.9054054054054054,0.8918918918918919,0.8873873873873874
GBLUP,R3,bean,DPM,KinCP-ABC,2220,0.913963963963964,0.0127804152784784,0.018108108108108,0.8896396396396397,2.7699422522233985,3.399190155095287,0.0,0.9256756756756755,0.9324324324324323,0.9166666666666666,0.9054054054054054,0.8896396396396397
GBLUP,R3,bean,DPM,KinCP-AC,2220,0.9022522522522524,0.0164429840076072,0.0096396396396396,0.8896396396396397,2.67301164328018,3.376604506611077,0.0,0.9031531531531533,0.918918918918919,0.9076576576576576,0.8918918918918919,0.8896396396396397
GBLUP,R3,bean,DPM,KinCP-B,2220,0.9067567567567568,0.0123976206707413,0.0168468468468468,0.8828828828828829,2.736929245014921,3.404597905891743,0.0,0.9256756756756755,0.9211711711711712,0.9121621621621622,0.8918918918918919,0.8828828828828829
GBLUP,R3,bean,DPM,KinCP-BC,2220,0.9144144144144144,0.0087229354644311,0.0185585585585585,0.8896396396396397,2.765839992850584,3.3943098545916754,0.0,0.9211711711711712,0.9369369369369368,0.9144144144144144,0.90990990990991,0.8896396396396397
GBLUP,R3,bean,DPM,KinCP-C,2220,0.8959459459459459,0.016504568432938,0.0089189189189189,0.8851351351351351,2.6081677847192912,3.368850813730401,0.0,0.8963963963963963,0.9121621621621622,0.8986486486486487,0.8851351351351351,0.8873873873873874
GBLUP,R3,bean,DPM,KinCP[fixed-h],2220,0.9063063063063064,0.0206790611371856,0.0181981981981981,0.8828828828828829,2.788187925333677,3.4562810282349425,0.0355855855855855,0.9346846846846848,0.9234234234234234,0.9031531531531533,0.8873873873873874,0.8828828828828829
GBLUP,R3,bean,DPM,KinCP[h=0.25],2220,0.9,0.0181302808986469,0.01009009009009,0.8851351351351351,2.71273011336112,3.403773698864041,0.0,0.9054054054054054,0.918918918918919,0.9009009009009008,0.8896396396396397,0.8851351351351351
GBLUP,R3,bean,DPM,KinCP[h=1.0],2220,0.8990990990990991,0.0161943045155383,0.0118918918918919,0.8783783783783784,2.659014450392028,3.390550596982566,0.0,0.9009009009009008,0.918918918918919,0.9076576576576576,0.8896396396396397,0.8783783783783784
GBLUP,R3,bean,DPM,KinCP[h=2.0],2220,0.8959459459459459,0.0151421047873617,0.0119819819819819,0.8783783783783784,2.620030785577429,3.374494271497685,0.0,0.8918918918918919,0.9166666666666666,0.9031531531531533,0.8896396396396397,0.8783783783783784
GBLUP,R3,bean,DPM,KinCP[nmin=100],2220,0.8972972972972973,0.0171969451971361,0.0115315315315315,0.8828828828828829,2.654774918544412,3.388044778217196,0.0,0.8918918918918919,0.9166666666666666,0.9054054054054054,0.8896396396396397,0.8828828828828829
GBLUP,R3,bean,DPM,KinCP[nmin=25],2220,0.9013513513513514,0.0205437013531376,0.0132432432432432,0.8828828828828829,2.7452244613081564,3.428423741067589,0.0,0.90990990990991,0.9234234234234234,0.9031531531531533,0.8873873873873874,0.8828828828828829
GBLUP,R3,bean,DPM,NormCP,2220,0.9085585585585586,0.0387033674679097,0.0085585585585585,0.9054054054054054,2.8755789626493544,3.590301561653237,0.0,0.9054054054054054,0.9121621621621622,0.90990990990991,0.9076576576576576,0.9076576576576576
GBLUP,R3,bean,DPM,SCP,2220,0.9058558558558558,0.0325370559725786,0.0099999999999999,0.8896396396396397,2.854913096644049,3.5776614884834745,0.0,0.90990990990991,0.9166666666666666,0.9076576576576576,0.9054054054054054,0.8896396396396397
GBLUP,R3,bean,PHI,CV+,2220,0.9085585585585586,0.0103945772605534,0.0217117117117116,0.8671171171171171,3.0331280945953085,4.361577197160506,0.0,0.9256756756756755,0.9324324324324323,0.9144144144144144,0.9031531531531533,0.8671171171171171
GBLUP,R3,bean,PHI,CalPred-style,2220,0.8770270270270271,0.0092314871765401,0.0242342342342342,0.8490990990990991,2.7466698156138705,4.381108486541038,0.0,0.8490990990990991,0.8761261261261262,0.9031531531531533,0.8761261261261262,0.8806306306306306
GBLUP,R3,bean,PHI,CalPred-style(rand),2220,0.8833333333333333,0.009475533318902,0.0206306306306306,0.8490990990990991,2.8251346425640573,4.357743168244648,0.0,0.8490990990990991,0.8828828828828829,0.90990990990991,0.8918918918918919,0.8828828828828829
GBLUP,R3,bean,PHI,Gauss-PEV,2220,0.9054054054054054,0.0152755179800118,0.0176576576576576,0.8693693693693694,3.041477910524443,4.338273322461941,0.0,0.90990990990991,0.918918918918919,0.9234234234234234,0.9054054054054054,0.8693693693693694
GBLUP,R3,bean,PHI,Gauss-homosc,2220,0.9103603603603604,0.0191375187263495,0.0235135135135134,0.8671171171171171,3.120812705129565,4.364964408922033,0.0,0.9301801801801802,0.9256756756756755,0.9234234234234234,0.9054054054054054,0.8671171171171171
GBLUP,R3,bean,PHI,KinCP,2220,0.8815315315315315,0.0111024842737534,0.0197297297297297,0.8536036036036037,2.8094781124250927,4.312966200029124,0.0,0.8918918918918919,0.9031531531531533,0.8918918918918919,0.8671171171171171,0.8536036036036037
GBLUP,R3,bean,PHI,KinCP-A,2220,0.8914414414414414,0.009996550009537,0.0164864864864864,0.8671171171171171,2.8741662400742016,4.308122868263951,0.0,0.9054054054054054,0.9144144144144144,0.8986486486486487,0.8671171171171171,0.8716216216216216
GBLUP,R3,bean,PHI,KinCP-AB,2220,0.8923423423423423,0.0108482834043173,0.0173873873873873,0.8693693693693694,2.893482903351371,4.311280716151266,0.0,0.9076576576576576,0.9166666666666666,0.8986486486486487,0.8693693693693694,0.8693693693693694
GBLUP,R3,bean,PHI,KinCP-ABC,2220,0.9009009009009008,0.0118109104523665,0.0209009009009009,0.8513513513513513,2.984613223442045,4.343626760704783,0.0,0.918918918918919,0.918918918918919,0.9166666666666666,0.8986486486486487,0.8513513513513513
GBLUP,R3,bean,PHI,KinCP-AC,2220,0.8981981981981982,0.0089241498901616,0.0154954954954954,0.8581081081081081,2.95450842028627,4.3280536743475855,0.0,0.9054054054054054,0.9144144144144144,0.9144144144144144,0.8986486486486487,0.8581081081081081
GBLUP,R3,bean,PHI,KinCP-B,2220,0.8828828828828829,0.0104432640715041,0.0192792792792792,0.8536036036036037,2.8333381028237565,4.312528753370955,0.0,0.8918918918918919,0.9054054054054054,0.8963963963963963,0.8671171171171171,0.8536036036036037
GBLUP,R3,bean,PHI,KinCP-BC,2220,0.9054054054054054,0.0111480798835717,0.0212612612612612,0.8603603603603603,3.0414370132007646,4.349988585145475,0.0,0.918918918918919,0.9211711711711712,0.918918918918919,0.9076576576576576,0.8603603603603603
GBLUP,R3,bean,PHI,KinCP-C,2220,0.9013513513513514,0.0115283638667294,0.0154054054054053,0.8648648648648649,2.967699566824148,4.333915628074791,0.0,0.9054054054054054,0.9144144144144144,0.9211711711711712,0.9009009009009008,0.8648648648648649
GBLUP,R3,bean,PHI,KinCP[fixed-h],2220,0.8891891891891892,0.0114178305005734,0.0223423423423423,0.8536036036036037,2.860598552187962,4.349938669552643,0.0319819819819819,0.9211711711711712,0.9076576576576576,0.8941441441441441,0.8693693693693694,0.8536036036036037
GBLUP,R3,bean,PHI,KinCP[h=0.25],2220,0.8846846846846846,0.0078667789173752,0.0192792792792793,0.8626126126126126,2.820775562098446,4.31446242903094,0.0,0.8941441441441441,0.90990990990991,0.8896396396396397,0.8671171171171171,0.8626126126126126
GBLUP,R3,bean,PHI,KinCP[h=1.0],2220,0.8860360360360361,0.0149057586556525,0.0143243243243243,0.8626126126126126,2.8291760080384427,4.317793438957813,0.0,0.8918918918918919,0.9009009009009008,0.8986486486486487,0.8761261261261262,0.8626126126126126
GBLUP,R3,bean,PHI,KinCP[h=2.0],2220,0.8923423423423423,0.013644262370145,0.0155855855855855,0.8603603603603603,2.8920812559611546,4.325655664681089,0.0,0.8941441441441441,0.9054054054054054,0.9144144144144144,0.8873873873873874,0.8603603603603603
GBLUP,R3,bean,PHI,KinCP[nmin=100],2220,0.8824324324324324,0.0125803964358278,0.0188288288288288,0.8536036036036037,2.814248033062395,4.308459479760291,0.0,0.8896396396396397,0.9031531531531533,0.8941441441441441,0.8716216216216216,0.8536036036036037
GBLUP,R3,bean,PHI,KinCP[nmin=25],2220,0.8842342342342342,0.0126005411988282,0.0188288288288288,0.8536036036036037,2.828756174503768,4.329421709122421,0.0,0.8963963963963963,0.9076576576576576,0.8941441441441441,0.8693693693693694,0.8536036036036037
GBLUP,R3,bean,PHI,NormCP,2220,0.8972972972972973,0.0364071543283967,0.0245045045045044,0.8445945945945946,3.1754908135037088,4.564693275254016,0.0,0.9301801801801802,0.90990990990991,0.9144144144144144,0.8873873873873874,0.8445945945945946
GBLUP,R3,bean,PHI,SCP,2220,0.8941441441441441,0.0404152217228071,0.0249549549549549,0.8355855855855856,3.1785618372253364,4.595038536920743,0.0,0.9301801801801802,0.9076576576576576,0.90990990990991,0.8873873873873874,0.8355855855855856
GBLUP,R3,lentil,DTF,CV+,1620,0.9006172839506172,0.0165346854765171,0.0341975308641975,0.8487654320987654,2.22182836009688,3.10215107466141,0.0,0.9691358024691358,0.9074074074074074,0.910493827160494,0.8487654320987654,0.8672839506172839
GBLUP,R3,lentil,DTF,CalPred-style,1620,0.8858024691358025,0.0181286113031955,0.0201234567901234,0.8580246913580247,2.103194920226532,3.0449111834802767,0.0,0.8580246913580247,0.8580246913580247,0.9074074074074074,0.8981481481481481,0.9074074074074074
GBLUP,R3,lentil,DTF,CalPred-style(rand),1620,0.8753086419753087,0.0147374523287818,0.0246913580246913,0.8549382716049383,1.9959540693396776,3.0609737475640726,0.0,0.8549382716049383,0.8549382716049383,0.8981481481481481,0.8734567901234568,0.8950617283950617
GBLUP,R3,lentil,DTF,Gauss-PEV,1620,0.8814814814814815,0.0159779988957343,0.0195061728395061,0.8549382716049383,2.0359795034017623,3.035002066692431,0.0,0.8672839506172839,0.8549382716049383,0.9012345679012346,0.8827160493827161,0.9012345679012346
GBLUP,R3,lentil,DTF,Gauss-homosc,1620,0.8876543209876543,0.0148981708470952,0.0387654320987654,0.8333333333333334,2.125336527402091,3.129546359068602,0.0,0.9660493827160492,0.8950617283950617,0.8981481481481481,0.8333333333333334,0.845679012345679
GBLUP,R3,lentil,DTF,KinCP,1620,0.8932098765432098,0.0249408689516505,0.012716049382716,0.8703703703703703,2.149046920258587,3.073805260061409,0.0,0.8858024691358025,0.8703703703703703,0.910493827160494,0.8950617283950617,0.904320987654321
GBLUP,R3,lentil,DTF,KinCP-A,1620,0.8932098765432098,0.0195932966025973,0.0151851851851851,0.8703703703703703,2.160576821106027,3.082833113680544,0.0,0.8888888888888888,0.8703703703703703,0.9166666666666666,0.8858024691358025,0.904320987654321
GBLUP,R3,lentil,DTF,KinCP-AB,1620,0.9148148148148147,0.0222136471795636,0.0237037037037036,0.8858024691358025,2.3447122967451417,3.1282361745073604,0.0,0.9629629629629628,0.9074074074074074,0.925925925925926,0.8858024691358025,0.8919753086419753
GBLUP,R3,lentil,DTF,KinCP-ABC,1620,0.891358024691358,0.0237473877304584,0.0372839506172839,0.8302469135802469,2.17422212771865,3.132252789069649,0.0,0.9660493827160492,0.904320987654321,0.9012345679012346,0.8302469135802469,0.8549382716049383
GBLUP,R3,lentil,DTF,KinCP-AC,1620,0.8771604938271605,0.02971630839978,0.0245679012345679,0.8518518518518519,2.0597655836531668,3.054481198406921,0.0,0.8641975308641975,0.8518518518518519,0.904320987654321,0.8672839506172839,0.8981481481481481
GBLUP,R3,lentil,DTF,KinCP-B,1620,0.9277777777777778,0.0214500621653013,0.0277777777777777,0.904320987654321,2.5044575233554163,3.164218805372004,0.0,0.9722222222222222,0.9135802469135802,0.9382716049382716,0.910493827160494,0.904320987654321
GBLUP,R3,lentil,DTF,KinCP-BC,1620,0.9388888888888888,0.0153392267157891,0.0388888888888888,0.904320987654321,2.644767362406483,3.2242958927468828,0.0,0.9814814814814816,0.9567901234567902,0.9475308641975309,0.904320987654321,0.904320987654321
GBLUP,R3,lentil,DTF,KinCP-C,1620,0.8851851851851852,0.0230347014284509,0.0195061728395061,0.8549382716049383,2.089976779089128,3.0653568439262826,0.0,0.8765432098765432,0.8549382716049383,0.9074074074074074,0.8827160493827161,0.904320987654321
GBLUP,R3,lentil,DTF,KinCP[fixed-h],1620,0.908641975308642,0.0211143597240581,0.0150617283950617,0.8888888888888888,2.302234538932772,3.1840369232925485,0.054320987654321,0.9444444444444444,0.8888888888888888,0.910493827160494,0.8950617283950617,0.904320987654321
GBLUP,R3,lentil,DTF,KinCP[h=0.25],1620,0.8987654320987655,0.0254886701506945,0.0162962962962963,0.8703703703703703,2.1957833068998784,3.083107765423616,0.0,0.8858024691358025,0.8703703703703703,0.9228395061728396,0.9074074074074074,0.9074074074074074
GBLUP,R3,lentil,DTF,KinCP[h=1.0],1620,0.8876543209876543,0.0243612188403347,0.017037037037037,0.8580246913580247,2.108188435197103,3.067504543619828,0.0,0.8827160493827161,0.8580246913580247,0.904320987654321,0.8858024691358025,0.9074074074074074
GBLUP,R3,lentil,DTF,KinCP[h=2.0],1620,0.8845679012345679,0.0243612188403347,0.0201234567901234,0.8549382716049383,2.084688912334133,3.0620248148026645,0.0,0.8765432098765432,0.8549382716049383,0.9074074074074074,0.8796296296296297,0.904320987654321
GBLUP,R3,lentil,DTF,KinCP[nmin=100],1620,0.8888888888888888,0.022149228540752,0.0158024691358024,0.8611111111111112,2.1124698766390084,3.0696324638109447,0.0,0.8765432098765432,0.8611111111111112,0.9074074074074074,0.8950617283950617,0.904320987654321
GBLUP,R3,lentil,DTF,KinCP[nmin=25],1620,0.8987654320987655,0.0221921950768488,0.0071604938271605,0.8888888888888888,2.195745490136859,3.101834919158578,0.0,0.8950617283950617,0.8888888888888888,0.910493827160494,0.8950617283950617,0.904320987654321
GBLUP,R3,lentil,DTF,NormCP,1620,0.9302469135802468,0.0094123152357882,0.0302469135802468,0.904320987654321,2.71251863851778,3.327896550507737,0.0,0.9351851851851852,0.904320987654321,0.9475308641975309,0.9197530864197532,0.9444444444444444
GBLUP,R3,lentil,DTF,SCP,1620,0.9339506172839506,0.0225329780844987,0.0346913580246913,0.8981481481481481,2.8754532248743554,3.488036907110373,0.0,0.9783950617283952,0.9382716049382716,0.9475308641975309,0.8981481481481481,0.9074074074074074
GBLUP,R3,lentil,DTM,CV+,1620,0.8938271604938272,0.0175410768375096,0.0372839506172839,0.8179012345679012,1.8657424920879269,2.71070871669048,0.0,0.9660493827160492,0.910493827160494,0.9012345679012346,0.8734567901234568,0.8179012345679012
GBLUP,R3,lentil,DTM,CalPred-style,1620,0.9024691358024692,0.0169893320302751,0.0059259259259259,0.8950617283950617,1.868190420617465,2.6677223246839983,0.0,0.9074074074074074,0.8950617283950617,0.8981481481481481,0.9135802469135802,0.8981481481481481
GBLUP,R3,lentil,DTM,CalPred-style(rand),1620,0.8987654320987655,0.016820279744986,0.0064197530864197,0.8827160493827161,1.832000345886224,2.672232247638973,0.0,0.9074074074074074,0.9012345679012346,0.8981481481481481,0.904320987654321,0.8827160493827161
GBLUP,R3,lentil,DTM,Gauss-PEV,1620,0.9061728395061728,0.0128374286068428,0.011358024691358,0.8888888888888888,1.8807264510358417,2.672935671647998,0.0,0.9228395061728396,0.8888888888888888,0.8981481481481481,0.9135802469135802,0.9074074074074074
GBLUP,R3,lentil,DTM,Gauss-homosc,1620,0.9024691358024692,0.0130216192035363,0.031111111111111,0.8487654320987654,1.907671806933979,2.738612756903456,0.0,0.9660493827160492,0.9166666666666666,0.9012345679012346,0.8796296296296297,0.8487654320987654
GBLUP,R3,lentil,DTM,KinCP,1620,0.8950617283950617,0.0143111396535427,0.0165432098765432,0.8796296296296297,1.7948595104860006,2.6889230421283834,0.0,0.9290123456790124,0.8858024691358025,0.8919753086419753,0.8888888888888888,0.8796296296296297
GBLUP,R3,lentil,DTM,KinCP-A,1620,0.8975308641975308,0.0147050978389772,0.0128395061728395,0.8858024691358025,1.8148685059910183,2.687649011640926,0.0,0.925925925925926,0.8888888888888888,0.8888888888888888,0.8981481481481481,0.8858024691358025
GBLUP,R3,lentil,DTM,KinCP-AB,1620,0.908641975308642,0.0148981708470952,0.0249382716049382,0.8672839506172839,1.935984369409867,2.72795107257631,0.0,0.9567901234567902,0.925925925925926,0.9012345679012346,0.8919753086419753,0.8672839506172839
GBLUP,R3,lentil,DTM,KinCP-ABC,1620,0.8919753086419753,0.0214944263536791,0.0374074074074074,0.8333333333333334,1.81912628056986,2.7491118306458326,0.0,0.9629629629629628,0.910493827160494,0.8950617283950617,0.8580246913580247,0.8333333333333334
GBLUP,R3,lentil,DTM,KinCP-AC,1620,0.8876543209876543,0.0158282486480964,0.0202469135802469,0.8611111111111112,1.7347967420180306,2.673407842374971,0.0,0.9197530864197532,0.8611111111111112,0.8827160493827161,0.8950617283950617,0.8796296296296297
GBLUP,R3,lentil,DTM,KinCP-B,1620,0.9166666666666666,0.0109121416849775,0.0211111111111111,0.8888888888888888,2.0226537531708453,2.744936857147993,0.0,0.9537037037037036,0.925925925925926,0.9074074074074074,0.9074074074074074,0.8888888888888888
GBLUP,R3,lentil,DTM,KinCP-BC,1620,0.9308641975308642,0.013906025093912,0.034074074074074,0.8919753086419753,2.204726502100296,2.8088993052210003,0.0,0.9753086419753086,0.9320987654320988,0.9320987654320988,0.9228395061728396,0.8919753086419753
GBLUP,R3,lentil,DTM,KinCP-C,1620,0.8962962962962963,0.0159779988957343,0.0133333333333333,0.8827160493827161,1.8000523389458851,2.676081865398769,0.0,0.9166666666666666,0.8827160493827161,0.8888888888888888,0.9074074074074074,0.8858024691358025
GBLUP,R3,lentil,DTM,KinCP[fixed-h],1620,0.9037037037037036,0.0126128498405571,0.0202469135802469,0.8796296296296297,1.929744690716867,2.797400683121466,0.0401234567901234,0.9598765432098766,0.8981481481481481,0.8919753086419753,0.8888888888888888,0.8796296296296297
GBLUP,R3,lentil,DTM,KinCP[h=0.25],1620,0.8993827160493827,0.0122682758730566,0.012716049382716,0.8827160493827161,1.8215559807205968,2.6918235947324174,0.0,0.9290123456790124,0.8858024691358025,0.8981481481481481,0.9012345679012346,0.8827160493827161
GBLUP,R3,lentil,DTM,KinCP[h=1.0],1620,0.8944444444444445,0.0126128498405571,0.0164197530864197,0.8796296296296297,1.784500668225927,2.6808501794373947,0.0,0.925925925925926,0.8796296296296297,0.8858024691358025,0.9012345679012346,0.8796296296296297
GBLUP,R3,lentil,DTM,KinCP[h=2.0],1620,0.8950617283950617,0.0144765918513068,0.0145679012345679,0.8796296296296297,1.785959860561973,2.6749503425568486,0.0,0.9197530864197532,0.8796296296296297,0.8888888888888888,0.904320987654321,0.8827160493827161
GBLUP,R3,lentil,DTM,KinCP[nmin=100],1620,0.8901234567901235,0.0128374286068428,0.0177777777777777,0.8765432098765432,1.76637430006625,2.6783799424220662,0.0,0.9197530864197532,0.8765432098765432,0.8858024691358025,0.8888888888888888,0.8796296296296297
GBLUP,R3,lentil,DTM,KinCP[nmin=25],1620,0.8981481481481481,0.0139743597810762,0.0146913580246913,0.8796296296296297,1.8475567488694908,2.7170646565914387,0.0,0.9320987654320988,0.8981481481481481,0.8919753086419753,0.8888888888888888,0.8796296296296297
GBLUP,R3,lentil,DTM,NormCP,1620,0.9277777777777778,0.0206582722601006,0.0277777777777777,0.9166666666666666,2.1632697492704094,2.79302335291031,0.0,0.9382716049382716,0.9228395061728396,0.9351851851851852,0.9166666666666666,0.925925925925926
GBLUP,R3,lentil,DTM,SCP,1620,0.9222222222222224,0.0226173715562484,0.0323456790123456,0.8796296296296297,2.1999276010949727,2.846166210525233,0.0,0.9722222222222222,0.9320987654320988,0.9320987654320988,0.8950617283950617,0.8796296296296297
GBLUP,R3,lentil,VEG,CV+,1620,0.8981481481481481,0.0223632357194281,0.044074074074074,0.8179012345679012,2.1075980024856187,2.8887394288053585,0.0,0.9783950617283952,0.9012345679012346,0.925925925925926,0.8179012345679012,0.8672839506172839
GBLUP,R3,lentil,VEG,CalPred-style,1620,0.8882716049382716,0.0318813864410289,0.0188888888888888,0.8672839506172839,2.024309106224797,2.8322173252900096,0.0,0.8672839506172839,0.8734567901234568,0.9135802469135802,0.8827160493827161,0.904320987654321
GBLUP,R3,lentil,VEG,CalPred-style(rand),1620,0.8790123456790123,0.0210917895842838,0.0209876543209876,0.8580246913580247,1.9007609293265155,2.8371651080308866,0.0,0.8796296296296297,0.8672839506172839,0.8950617283950617,0.8580246913580247,0.8950617283950617
GBLUP,R3,lentil,VEG,Gauss-PEV,1620,0.8827160493827161,0.0320750149549792,0.0207407407407407,0.8641975308641975,1.9448969281139548,2.82893809915845,0.0,0.8703703703703703,0.8641975308641975,0.904320987654321,0.8703703703703703,0.904320987654321
GBLUP,R3,lentil,VEG,Gauss-homosc,1620,0.8833333333333333,0.0129849901036806,0.0411111111111111,0.808641975308642,2.0113364733564034,2.906090456462863,0.0,0.9598765432098766,0.9012345679012346,0.8981481481481481,0.808641975308642,0.8487654320987654
GBLUP,R3,lentil,VEG,KinCP,1620,0.8993827160493827,0.036296611235721,0.0114814814814814,0.8827160493827161,2.080278693056555,2.865256266508532,0.0,0.8950617283950617,0.8919753086419753,0.9197530864197532,0.8827160493827161,0.9074074074074074
GBLUP,R3,lentil,VEG,KinCP-A,1620,0.9006172839506172,0.0301933261762854,0.0164197530864197,0.8796296296296297,2.064541146882046,2.864380182264457,0.0,0.8919753086419753,0.8888888888888888,0.9290123456790124,0.8796296296296297,0.9135802469135802
GBLUP,R3,lentil,VEG,KinCP-AB,1620,0.9148148148148147,0.0224270396599814,0.0237037037037037,0.8796296296296297,2.219889373761257,2.8950165525639964,0.0,0.9598765432098766,0.8981481481481481,0.9320987654320988,0.8796296296296297,0.904320987654321
GBLUP,R3,lentil,VEG,KinCP-ABC,1620,0.8944444444444445,0.0248260216693706,0.0379012345679012,0.8302469135802469,2.069416707187759,2.907774277369019,0.0,0.9660493827160492,0.9074074074074074,0.9074074074074074,0.8302469135802469,0.8611111111111112
GBLUP,R3,lentil,VEG,KinCP-AC,1620,0.8864197530864197,0.0373188864202267,0.0214814814814815,0.8641975308641975,1.986156409031248,2.8533086057724546,0.0,0.8796296296296297,0.8641975308641975,0.9197530864197532,0.8703703703703703,0.8981481481481481
GBLUP,R3,lentil,VEG,KinCP-B,1620,0.932716049382716,0.0233428029644309,0.032716049382716,0.910493827160494,2.4156868554709763,2.937462667000679,0.0,0.9691358024691358,0.9228395061728396,0.941358024691358,0.910493827160494,0.9197530864197532
GBLUP,R3,lentil,VEG,KinCP-BC,1620,0.9475308641975309,0.0161853217310208,0.0475308641975308,0.9074074074074074,2.584614534233607,3.0355983903390698,0.0,0.9907407407407408,0.9629629629629628,0.9567901234567902,0.9197530864197532,0.9074074074074074
GBLUP,R3,lentil,VEG,KinCP-C,1620,0.8932098765432098,0.0381519435564504,0.0151851851851851,0.8765432098765432,2.0605784884262586,2.8492965522115097,0.0,0.8888888888888888,0.8796296296296297,0.9166666666666666,0.8765432098765432,0.904320987654321
GBLUP,R3,lentil,VEG,KinCP[fixed-h],1620,0.9074074074074074,0.0342995536587853,0.0175308641975308,0.8827160493827161,2.212020091499944,2.9595361523083508,0.0530864197530863,0.9351851851851852,0.8919753086419753,0.9197530864197532,0.8827160493827161,0.9074074074074074
GBLUP,R3,lentil,VEG,KinCP[h=0.25],1620,0.9037037037037036,0.0316564972961928,0.0108641975308642,0.8919753086419753,2.1161517251299977,2.8786252336271727,0.0,0.8950617283950617,0.8919753086419753,0.925925925925926,0.8950617283950617,0.910493827160494
GBLUP,R3,lentil,VEG,KinCP[h=1.0],1620,0.8944444444444445,0.0386973531324876,0.0151851851851851,0.8765432098765432,2.063942001650721,2.857352860629996,0.0,0.8950617283950617,0.8765432098765432,0.9197530864197532,0.8765432098765432,0.904320987654321
GBLUP,R3,lentil,VEG,KinCP[h=2.0],1620,0.8925925925925926,0.037191037855289,0.0158024691358024,0.8734567901234568,2.053332261475284,2.8484008492598414,0.0,0.8919753086419753,0.8734567901234568,0.9166666666666666,0.8765432098765432,0.904320987654321
GBLUP,R3,lentil,VEG,KinCP[nmin=100],1620,0.895679012345679,0.0360199863231979,0.0151851851851851,0.8765432098765432,2.058296913045853,2.8592260939917424,0.0,0.8919753086419753,0.8765432098765432,0.9197530864197532,0.8827160493827161,0.9074074074074074
GBLUP,R3,lentil,VEG,KinCP[nmin=25],1620,0.8993827160493827,0.036296611235721,0.0114814814814814,0.8827160493827161,2.112519478075236,2.876155748213567,0.0,0.8950617283950617,0.8919753086419753,0.9197530864197532,0.8827160493827161,0.9074074074074074
GBLUP,R3,lentil,VEG,NormCP,1620,0.9296296296296296,0.0257674462527676,0.0296296296296296,0.910493827160494,2.5616401106002207,3.094461242629647,0.0,0.910493827160494,0.9135802469135802,0.9475308641975309,0.925925925925926,0.9506172839506172
GBLUP,R3,lentil,VEG,SCP,1620,0.9333333333333332,0.0344104660053548,0.0372839506172839,0.8919753086419753,2.7426238063952613,3.2769870526471254,0.0,0.9814814814814816,0.9475308641975309,0.9475308641975309,0.8981481481481481,0.8919753086419753
GBLUP,R3,oyster,mm,CV+,1860,0.8913978494623656,0.0234811481741101,0.0088172043010752,0.8736559139784946,3.095133054177917,3.9121024905071846,0.0,0.9005376344086021,0.8951612903225806,0.8897849462365591,0.8978494623655914,0.8736559139784946
GBLUP,R3,oyster,mm,CalPred-style,1860,0.8768817204301075,0.0148945109432204,0.0231182795698924,0.8575268817204301,2.88857936963295,3.880173325693696,0.0,0.8978494623655914,0.8790322580645161,0.8575268817204301,0.8790322580645161,0.8709677419354839
GBLUP,R3,oyster,mm,CalPred-style(rand),1860,0.8844086021505376,0.0149671085022312,0.0155913978494623,0.8736559139784946,2.929983015019164,3.855907881575063,0.0,0.8844086021505376,0.8897849462365591,0.8736559139784946,0.8951612903225806,0.8790322580645161
GBLUP,R3,oyster,mm,Gauss-PEV,1860,0.8833333333333333,0.0182914256303268,0.0166666666666666,0.8709677419354839,2.944944418658676,3.8595969355853423,0.0,0.8897849462365591,0.8897849462365591,0.8709677419354839,0.8951612903225806,0.8709677419354839
GBLUP,R3,oyster,mm,Gauss-homosc,1860,0.8849462365591397,0.018662962320118,0.0150537634408602,0.8709677419354839,2.981031132518322,3.876510747355571,0.0,0.8978494623655914,0.8924731182795699,0.8709677419354839,0.8924731182795699,0.8709677419354839
GBLUP,R3,oyster,mm,KinCP,1860,0.8870967741935484,0.0227305571576448,0.0129032258064516,0.8763440860215054,2.9968908598590427,3.896130812760266,0.0,0.8951612903225806,0.8870967741935484,0.8817204301075269,0.8951612903225806,0.8763440860215054
GBLUP,R3,oyster,mm,KinCP-A,1860,0.9010752688172043,0.0177704235279982,0.0062365591397849,0.8870967741935484,3.1084724272204585,3.894057974249428,0.0,0.9112903225806452,0.9032258064516128,0.9005376344086021,0.9032258064516128,0.8870967741935484
GBLUP,R3,oyster,mm,KinCP-AB,1860,0.9021505376344086,0.0171706660458831,0.0073118279569892,0.8870967741935484,3.122156300239515,3.905543145734202,0.0,0.9166666666666666,0.9032258064516128,0.9005376344086021,0.9032258064516128,0.8870967741935484
GBLUP,R3,oyster,mm,KinCP-ABC,1860,0.8940860215053763,0.0242383098469889,0.0117204301075268,0.8763440860215054,3.0956066481482134,3.90820279738999,0.0,0.9086021505376344,0.8951612903225806,0.8844086021505376,0.9059139784946236,0.8763440860215054
GBLUP,R3,oyster,mm,KinCP-AC,1860,0.8919354838709678,0.0233886416496303,0.0093548387096774,0.8844086021505376,3.051580896528789,3.878659011338493,0.0,0.8978494623655914,0.8897849462365591,0.8844086021505376,0.9032258064516128,0.8844086021505376
GBLUP,R3,oyster,mm,KinCP-B,1860,0.8913978494623656,0.0209608480533525,0.0098924731182795,0.8763440860215054,3.039037695386996,3.897309830652481,0.0,0.9032258064516128,0.8924731182795699,0.8870967741935484,0.8978494623655914,0.8763440860215054
GBLUP,R3,oyster,mm,KinCP-BC,1860,0.9080645161290324,0.0113095075096573,0.0132258064516128,0.8870967741935484,3.1640160199545906,3.875092037130496,0.0,0.922043010752688,0.9112903225806452,0.9032258064516128,0.9166666666666666,0.8870967741935484
GBLUP,R3,oyster,mm,KinCP-C,1860,0.8768817204301075,0.0229205094056905,0.0231182795698924,0.8655913978494624,2.9046844819706377,3.8952085790055433,0.0,0.8844086021505376,0.8736559139784946,0.8655913978494624,0.8924731182795699,0.8682795698924731
GBLUP,R3,oyster,mm,KinCP[fixed-h],1860,0.8870967741935484,0.0214212062506844,0.0129032258064516,0.8763440860215054,3.003418454240072,3.903105876038188,0.0032258064516128,0.8951612903225806,0.8870967741935484,0.8817204301075269,0.8951612903225806,0.8763440860215054
GBLUP,R3,oyster,mm,KinCP[h=0.25],1860,0.8940860215053763,0.0196254970413375,0.0082795698924731,0.8844086021505376,3.065365128983636,3.8880008950193496,0.0,0.9059139784946236,0.8978494623655914,0.8870967741935484,0.8951612903225806,0.8844086021505376
GBLUP,R3,oyster,mm,KinCP[h=1.0],1860,0.8817204301075269,0.023665076426961,0.0182795698924731,0.8709677419354839,2.938779868092479,3.897773443491084,0.0,0.8897849462365591,0.8817204301075269,0.8709677419354839,0.8924731182795699,0.8736559139784946
GBLUP,R3,oyster,mm,KinCP[h=2.0],1860,0.8768817204301075,0.0251742683192325,0.0231182795698924,0.8655913978494624,2.904464231742056,3.897800838899392,0.0,0.8790322580645161,0.8763440860215054,0.8655913978494624,0.8897849462365591,0.8736559139784946
GBLUP,R3,oyster,mm,KinCP[nmin=100],1860,0.8870967741935484,0.0227305571576448,0.0129032258064516,0.8763440860215054,2.9889569213894385,3.8941716123060175,0.0,0.8951612903225806,0.8870967741935484,0.8817204301075269,0.8951612903225806,0.8763440860215054
GBLUP,R3,oyster,mm,KinCP[nmin=25],1860,0.8870967741935484,0.0214212062506844,0.0129032258064516,0.8763440860215054,3.000912757702828,3.8976979620112737,0.0,0.8951612903225806,0.8870967741935484,0.8817204301075269,0.8951612903225806,0.8763440860215054
GBLUP,R3,oyster,mm,NormCP,1860,0.8978494623655914,0.0130313974661729,0.0103225806451612,0.8736559139784946,3.168487883536363,3.951304250325253,0.0,0.913978494623656,0.9005376344086021,0.8951612903225806,0.9059139784946236,0.8736559139784946
GBLUP,R3,oyster,mm,SCP,1860,0.8956989247311828,0.0089963443713341,0.0113978494623655,0.8736559139784946,3.162257680090956,3.962146611908744,0.0,0.913978494623656,0.9005376344086021,0.8870967741935484,0.9032258064516128,0.8736559139784946
GBLUP,R3,pig,PFAI,CV+,8545,0.9031012287887652,0.0038945725669499,0.0090228203627852,0.890579286132241,2.6542238300984264,4.282545723322307,0.0,0.9052077238150964,0.8970157987126974,0.890579286132241,0.8976009362200117,0.92510239906378
GBLUP,R3,pig,PFAI,CalPred-style,8545,0.9248683440608544,0.0044677844748557,0.0248683440608542,0.9069631363370392,3.00063921357141,4.3935453013961885,0.0,0.9069631363370392,0.9157401989467524,0.9163253364540668,0.9315389116442364,0.9537741369221768
GBLUP,R3,pig,PFAI,CalPred-style(rand),8545,0.9301345816266824,0.0031127995502095,0.0301345816266822,0.914569923932124,3.096425137708335,4.408772418882909,0.0,0.914569923932124,0.92510239906378,0.9221767115272088,0.9344645991808076,0.954359274429491
GBLUP,R3,pig,PFAI,Gauss-PEV,8545,0.935634874195436,0.0042194865716371,0.0356348741954358,0.9245172615564656,3.159503005373469,4.389750486359283,0.0,0.9332943241661792,0.9321240491515506,0.9245172615564656,0.935634874195436,0.9526038619075484
GBLUP,R3,pig,PFAI,Gauss-homosc,8545,0.9361029842012872,0.0046148026104459,0.0361029842012872,0.92510239906378,3.183686798198301,4.397675680755876,0.0,0.935634874195436,0.9321240491515506,0.92510239906378,0.935634874195436,0.952018724400234
GBLUP,R3,pig,PFAI,KinCP,8545,0.8985371562317145,0.0034018588306023,0.0084610883557636,0.8911644236395553,2.6557376956275727,4.30180192442863,0.0,0.8976009362200117,0.8911644236395553,0.8911644236395553,0.8952603861907549,0.9174956114686952
GBLUP,R3,pig,PFAI,KinCP-A,8545,0.904037448800468,0.0035108250438852,0.0066588648332358,0.8935049736688122,2.7074644803968004,4.307136492823117,0.0,0.8999414862492686,0.9016968987712112,0.8935049736688122,0.906377998829725,0.9186658864833236
GBLUP,R3,pig,PFAI,KinCP-AB,8545,0.9043885313048566,0.0031401773820944,0.0062843768285546,0.8952603861907549,2.710448239012642,4.308111692660093,0.0,0.9005266237565828,0.9016968987712112,0.8952603861907549,0.9057928613224108,0.9186658864833236
GBLUP,R3,pig,PFAI,KinCP-ABC,8545,0.8987712112346401,0.0028365593080259,0.008929198361615,0.8858981860737273,2.631380948631684,4.2912384413069775,0.0,0.8999414862492686,0.8917495611468695,0.8858981860737273,0.8970157987126974,0.9192510239906378
GBLUP,R3,pig,PFAI,KinCP-AC,8545,0.8966647162083089,0.0033766034046233,0.0112697483908718,0.8841427735517847,2.617911603134964,4.291488032195917,0.0,0.892919836161498,0.8899941486249269,0.8841427735517847,0.8964306612053833,0.919836161497952
GBLUP,R3,pig,PFAI,KinCP-B,8545,0.8992393212404916,0.0028183954543691,0.0077589233469865,0.8917495611468695,2.661281795006456,4.302953313090636,0.0,0.8987712112346401,0.8923346986541837,0.8917495611468695,0.895845523698069,0.9174956114686952
GBLUP,R3,pig,PFAI,KinCP-BC,8545,0.8984201287302516,0.0031127995502095,0.0095143358689292,0.8858981860737273,2.643707994452044,4.289999670412788,0.0,0.8999414862492686,0.8911644236395553,0.8858981860737273,0.8952603861907549,0.919836161497952
GBLUP,R3,pig,PFAI,KinCP-C,8545,0.8964306612053833,0.0030121796784631,0.0117378583967232,0.8847279110590989,2.617282177507155,4.290678605072451,0.0,0.8946752486834406,0.88765359859567,0.8847279110590989,0.8946752486834406,0.9204212990052664
GBLUP,R3,pig,PFAI,KinCP[fixed-h],8545,0.8997074312463429,0.0032473813751929,0.0086717378583967,0.8911644236395553,2.665708613209984,4.258091565522697,0.0056173200702165,0.9005266237565828,0.8911644236395553,0.8911644236395553,0.8952603861907549,0.9204212990052664
GBLUP,R3,pig,PFAI,KinCP[h=0.25],8545,0.901813926272674,0.0038681085736778,0.0067992978349912,0.8952603861907549,2.6999259068110315,4.307221470457336,0.0,0.8970157987126974,0.8952603861907549,0.8952603861907549,0.9052077238150964,0.9163253364540668
GBLUP,R3,pig,PFAI,KinCP[h=1.0],8545,0.8965476887068461,0.0018687793355963,0.011152720889409,0.8853130485664131,2.617580174278716,4.296004032447357,0.0,0.8952603861907549,0.8888238736102985,0.8853130485664131,0.8940901111761264,0.9192510239906378
GBLUP,R3,pig,PFAI,KinCP[h=2.0],8545,0.8952603861907549,0.0022281372457179,0.012674078408426,0.8835576360444705,2.607029357562449,4.291581819745158,0.0,0.8923346986541837,0.8864833235810415,0.8835576360444705,0.8940901111761264,0.919836161497952
GBLUP,R3,pig,PFAI,KinCP[nmin=100],8545,0.8985371562317145,0.0032209149080217,0.0084610883557636,0.8911644236395553,2.6503993873566505,4.298458474828252,0.0,0.8976009362200117,0.8911644236395553,0.8911644236395553,0.8952603861907549,0.9174956114686952
GBLUP,R3,pig,PFAI,KinCP[nmin=25],8545,0.8987712112346401,0.0033867281751873,0.0082270333528379,0.8911644236395553,2.659931202575065,4.303000076715401,0.0,0.8987712112346401,0.8911644236395553,0.8911644236395553,0.8952603861907549,0.9174956114686952
GBLUP,R3,pig,PFAI,NormCP,8545,0.9061439438267992,0.0115451648680291,0.0092334698654183,0.8923346986541837,2.7597679096078944,4.328706352550387,0.0,0.9052077238150964,0.904037448800468,0.8923346986541837,0.8999414862492686,0.9291983616149796
GBLUP,R3,pig,PFAI,SCP,8545,0.9060269163253364,0.0109046147995427,0.0093504973668812,0.892919836161498,2.7557935990601656,4.326152703352854,0.0,0.9081334113516676,0.9034523112931538,0.892919836161498,0.8987712112346401,0.9268578115857228
GBLUP,R3,pine,c5c6,CV+,4550,0.918901098901099,0.0061871157187953,0.0189010989010988,0.9054945054945056,1.588013517836155,1.9070271706566693,0.0,0.9263736263736264,0.9208791208791208,0.9285714285714286,0.9054945054945056,0.9131868131868132
GBLUP,R3,pine,c5c6,CalPred-style,4550,0.8778021978021978,0.0110274054543314,0.0349450549450549,0.8384615384615385,1.5183440190589583,2.053773198372314,0.0,0.8384615384615385,0.8505494505494505,0.8901098901098901,0.878021978021978,0.931868131868132
GBLUP,R3,pine,c5c6,CalPred-style(rand),4550,0.8925274725274726,0.0106372264090813,0.0096703296703297,0.8824175824175824,1.5036126821619828,1.9651400071676264,0.0,0.9010989010989012,0.8901098901098901,0.9043956043956044,0.8846153846153846,0.8824175824175824
GBLUP,R3,pine,c5c6,Gauss-PEV,4550,0.8978021978021978,0.0072892852535283,0.014065934065934,0.8835164835164835,1.541071589628543,1.9663719236004795,0.0,0.8835164835164835,0.8846153846153846,0.9076923076923076,0.8912087912087913,0.921978021978022
GBLUP,R3,pine,c5c6,Gauss-homosc,4550,0.896043956043956,0.0077936805391196,0.0092307692307692,0.8857142857142857,1.5159682004568586,1.9548112097803163,0.0,0.9076923076923076,0.8956043956043956,0.9054945054945056,0.8857142857142857,0.8857142857142857
GBLUP,R3,pine,c5c6,KinCP,4550,0.8995604395604395,0.0103553573533096,0.0162637362637362,0.8813186813186813,1.5735100247289695,2.002189800534551,0.0,0.8912087912087913,0.8813186813186813,0.9076923076923076,0.8857142857142857,0.931868131868132
GBLUP,R3,pine,c5c6,KinCP-A,4550,0.8993406593406593,0.0111958554962198,0.0116483516483516,0.8835164835164835,1.542671466355382,1.9717341286864456,0.0,0.8978021978021978,0.8835164835164835,0.90989010989011,0.8879120879120879,0.9175824175824177
GBLUP,R3,pine,c5c6,KinCP-AB,4550,0.9017582417582416,0.0111417950379222,0.0083516483516483,0.8901098901098901,1.5559595101878914,1.964293872508476,0.0,0.912087912087912,0.9,0.9131868131868132,0.8901098901098901,0.8934065934065935
GBLUP,R3,pine,c5c6,KinCP-ABC,4550,0.9004395604395604,0.0121526736711641,0.0083516483516483,0.889010989010989,1.5499236341027565,1.958200830073696,0.0,0.9076923076923076,0.9,0.9142857142857144,0.889010989010989,0.8912087912087913
GBLUP,R3,pine,c5c6,KinCP-AC,4550,0.8876923076923077,0.0154902184077724,0.0184615384615384,0.8714285714285714,1.4927545382446346,1.97019346754704,0.0,0.8725274725274725,0.8714285714285714,0.9010989010989012,0.8791208791208791,0.9142857142857144
GBLUP,R3,pine,c5c6,KinCP-B,4550,0.91010989010989,0.0090417593102084,0.0131868131868131,0.8923076923076924,1.617138113273265,1.989818682977338,0.0,0.910989010989011,0.9,0.9153846153846154,0.8923076923076924,0.931868131868132
GBLUP,R3,pine,c5c6,KinCP-BC,4550,0.978021978021978,0.0066390362492278,0.078021978021978,0.9736263736263736,2.2307185522094746,2.3017854111107097,0.0,0.978021978021978,0.9736263736263736,0.9857142857142858,0.9769230769230768,0.9758241758241758
GBLUP,R3,pine,c5c6,KinCP-C,4550,0.944175824175824,0.0039161603694956,0.0441758241758241,0.932967032967033,1.8205090140082003,2.0419032560750625,0.0,0.9351648351648352,0.9428571428571428,0.946153846153846,0.932967032967033,0.9637362637362638
GBLUP,R3,pine,c5c6,KinCP[fixed-h],4550,0.8995604395604395,0.0103553573533096,0.0162637362637362,0.8813186813186813,1.5519020280342946,1.983140803164826,0.0059340659340659,0.8912087912087913,0.8813186813186813,0.9076923076923076,0.8857142857142857,0.931868131868132
GBLUP,R3,pine,c5c6,KinCP[h=0.25],4550,0.9017582417582416,0.0104713224172057,0.0123076923076923,0.8857142857142857,1.5895019817874734,2.008611019163409,0.0,0.9,0.8857142857142857,0.9076923076923076,0.8879120879120879,0.9274725274725276
GBLUP,R3,pine,c5c6,KinCP[h=1.0],4550,0.9125274725274726,0.0049511561872829,0.0134065934065933,0.8978021978021978,1.6307454626741924,1.9984356534108232,0.0,0.9,0.8978021978021978,0.9175824175824177,0.9021978021978022,0.945054945054945
GBLUP,R3,pine,c5c6,KinCP[h=2.0],4550,0.9305494505494506,0.0028444349682515,0.0305494505494505,0.9175824175824177,1.743623052736802,2.0152187620098245,0.0,0.9175824175824177,0.9197802197802196,0.9428571428571428,0.9186813186813186,0.953846153846154
GBLUP,R3,pine,c5c6,KinCP[nmin=100],4550,0.8993406593406593,0.0103844700263098,0.0164835164835165,0.8813186813186813,1.5704129348173417,1.999184528814009,0.0,0.8901098901098901,0.8813186813186813,0.9076923076923076,0.8857142857142857,0.931868131868132
GBLUP,R3,pine,c5c6,KinCP[nmin=25],4550,0.8995604395604395,0.0103553573533096,0.0162637362637362,0.8813186813186813,1.5759099706290225,2.004589746434604,0.0,0.8912087912087913,0.8813186813186813,0.9076923076923076,0.8857142857142857,0.931868131868132
GBLUP,R3,pine,c5c6,NormCP,4550,0.9050549450549452,0.015840955694323,0.0098901098901098,0.8934065934065935,1.5801492388644531,1.985356726587718,0.0,0.8967032967032967,0.8978021978021978,0.9153846153846154,0.8934065934065935,0.921978021978022
GBLUP,R3,pine,c5c6,SCP,4550,0.9030769230769232,0.0131730697613108,0.0127472527472527,0.8846153846153846,1.5578397729855016,1.9814084993175964,0.0,0.9153846153846154,0.9087912087912088,0.9153846153846154,0.8846153846153846,0.8912087912087913
GBLUP,R3,pine,rootnum,CV+,4625,0.9236756756756755,0.0077431371154464,0.0273513513513513,0.8908108108108108,1.7971047570447083,2.161013803788351,0.0,0.931891891891892,0.9308108108108109,0.934054054054054,0.9308108108108109,0.8908108108108108
GBLUP,R3,pine,rootnum,CalPred-style,4625,0.894918918918919,0.003536308591091,0.0219459459459459,0.8486486486486486,1.7160470771027103,2.2245605423327723,0.0,0.8486486486486486,0.892972972972973,0.8908108108108108,0.9145945945945946,0.9275675675675676
GBLUP,R3,pine,rootnum,CalPred-style(rand),4625,0.9074594594594596,0.0026035880170362,0.0107027027027027,0.8918918918918919,1.72120666669947,2.2007011934189413,0.0,0.8918918918918919,0.9081081081081082,0.9135135135135136,0.9232432432432433,0.9005405405405406
GBLUP,R3,pine,rootnum,Gauss-PEV,4625,0.912,0.003867793258378,0.0195675675675675,0.8810810810810811,1.7456513484222906,2.176821103219716,0.0,0.8810810810810811,0.9081081081081082,0.9145945945945946,0.9275675675675676,0.9286486486486486
GBLUP,R3,pine,rootnum,Gauss-homosc,4625,0.9145945945945946,0.0052407349809906,0.0178378378378378,0.8918918918918919,1.7559040844593468,2.1901902301856606,0.0,0.9091891891891892,0.9210810810810812,0.9254054054054054,0.9254054054054054,0.8918918918918919
GBLUP,R3,pine,rootnum,KinCP,4625,0.9050810810810812,0.0084227248349329,0.0135135135135135,0.8789189189189189,1.7359925525109274,2.198470636113605,0.0,0.8789189189189189,0.9027027027027028,0.9005405405405406,0.9210810810810812,0.9221621621621622
GBLUP,R3,pine,rootnum,KinCP-A,4625,0.9052972972972972,0.0096875964615004,0.0102702702702702,0.8875675675675676,1.7173197885746336,2.177610251116811,0.0,0.8875675675675676,0.9027027027027028,0.9037837837837838,0.918918918918919,0.9135135135135136
GBLUP,R3,pine,rootnum,KinCP-AB,4625,0.907891891891892,0.0082474512963289,0.0111351351351351,0.8918918918918919,1.7337328675236932,2.186575387769794,0.0,0.9016216216216216,0.9113513513513514,0.9145945945945946,0.92,0.8918918918918919
GBLUP,R3,pine,rootnum,KinCP-ABC,4625,0.908972972972973,0.0086283545683178,0.0152432432432432,0.8843243243243243,1.7482744097825575,2.1929347396155765,0.0,0.9005405405405406,0.918918918918919,0.9178378378378378,0.9232432432432433,0.8843243243243243
GBLUP,R3,pine,rootnum,KinCP-AC,4625,0.8972972972972973,0.0117684005713931,0.0122162162162162,0.8724324324324324,1.680451174863293,2.1761952623989766,0.0,0.8724324324324324,0.8962162162162162,0.894054054054054,0.9135135135135136,0.9102702702702704
GBLUP,R3,pine,rootnum,KinCP-B,4625,0.9156756756756756,0.0060675525190929,0.0156756756756756,0.9016216216216216,1.7854438164105082,2.1940082101025733,0.0,0.9016216216216216,0.9145945945945946,0.9135135135135136,0.9254054054054054,0.9232432432432433
GBLUP,R3,pine,rootnum,KinCP-BC,4625,0.9755675675675676,0.0042286718304017,0.0755675675675675,0.961081081081081,2.384025791473886,2.501120032650136,0.0,0.974054054054054,0.9751351351351352,0.9837837837837838,0.9837837837837838,0.961081081081081
GBLUP,R3,pine,rootnum,KinCP-C,4625,0.9372972972972972,0.0077582162672472,0.0372972972972972,0.9178378378378378,1.9283674636438488,2.2314245777756376,0.0,0.9178378378378378,0.9264864864864863,0.9416216216216216,0.9545945945945946,0.945945945945946
GBLUP,R3,pine,rootnum,KinCP[fixed-h],4625,0.9050810810810812,0.0084227248349329,0.0135135135135135,0.8789189189189189,1.714882638420444,2.180049074411676,0.006054054054054,0.8789189189189189,0.9027027027027028,0.9005405405405406,0.9210810810810812,0.9221621621621622
GBLUP,R3,pine,rootnum,KinCP[h=0.25],4625,0.9087567567567568,0.0104423702841455,0.0119999999999999,0.8918918918918919,1.7498385796136435,2.200550391988098,0.0,0.8918918918918919,0.9037837837837838,0.907027027027027,0.918918918918919,0.9221621621621622
GBLUP,R3,pine,rootnum,KinCP[h=1.0],4625,0.912,0.0059997565083293,0.0199999999999999,0.88,1.7708089788491146,2.1976849680689194,0.0,0.88,0.907027027027027,0.9091891891891892,0.9297297297297298,0.934054054054054
GBLUP,R3,pine,rootnum,KinCP[h=2.0],4625,0.9284324324324325,0.0054269839558967,0.0284324324324324,0.9048648648648648,1.8638961788551665,2.215226240368016,0.0,0.9048648648648648,0.9210810810810812,0.9308108108108109,0.9437837837837838,0.9416216216216216
GBLUP,R3,pine,rootnum,KinCP[nmin=100],4625,0.9050810810810812,0.0084227248349329,0.0135135135135135,0.8789189189189189,1.7336108876238845,2.196790816515644,0.0,0.8789189189189189,0.9027027027027028,0.9005405405405406,0.9210810810810812,0.9221621621621622
GBLUP,R3,pine,rootnum,KinCP[nmin=25],4625,0.9050810810810812,0.0084227248349329,0.0135135135135135,0.8789189189189189,1.7377609729633117,2.200239056565989,0.0,0.8789189189189189,0.9027027027027028,0.9005405405405406,0.9210810810810812,0.9221621621621622
GBLUP,R3,pine,rootnum,NormCP,4625,0.912,0.0109877413598027,0.0165405405405405,0.8886486486486487,1.7944059128528351,2.212242630477576,0.0,0.8886486486486487,0.9081081081081082,0.9167567567567568,0.9243243243243244,0.9221621621621622
GBLUP,R3,pine,rootnum,SCP,4625,0.907027027027027,0.010537074967361,0.0115675675675675,0.8886486486486487,1.7691670723845812,2.211985832782135,0.0,0.9037837837837838,0.9135135135135136,0.9167567567567568,0.9124324324324324,0.8886486486486487
GBLUP,R3,pine,rootnumbin,CV+,4625,0.9128648648648648,0.0051620914102976,0.0208648648648648,0.88,1.88567259643993,2.2946263515208343,0.0,0.9210810810810812,0.9264864864864863,0.918918918918919,0.9178378378378378,0.88
GBLUP,R3,pine,rootnumbin,CalPred-style,4625,0.8802162162162163,0.0068116687576317,0.0225945945945946,0.8389189189189189,1.7772130029818876,2.353468207789416,0.0,0.8389189189189189,0.8843243243243243,0.8767567567567568,0.894054054054054,0.907027027027027
GBLUP,R3,pine,rootnumbin,CalPred-style(rand),4625,0.884972972972973,0.0029209202348338,0.0165405405405405,0.865945945945946,1.7833419043618557,2.3510769036914634,0.0,0.8702702702702703,0.9037837837837838,0.8897297297297297,0.8951351351351351,0.865945945945946
GBLUP,R3,pine,rootnumbin,Gauss-PEV,4625,0.8951351351351351,0.0029606624730009,0.010054054054054,0.867027027027027,1.8169691904822616,2.3119470980145405,0.0,0.867027027027027,0.905945945945946,0.8962162162162162,0.907027027027027,0.8994594594594595
GBLUP,R3,pine,rootnumbin,Gauss-homosc,4625,0.8964324324324324,0.0047983440045777,0.0154594594594594,0.8529729729729729,1.8311256172459085,2.340364795301128,0.0,0.8994594594594595,0.9210810810810812,0.9037837837837838,0.9048648648648648,0.8529729729729729
GBLUP,R3,pine,rootnumbin,KinCP,4625,0.8936216216216216,0.0092557209915693,0.0113513513513513,0.8713513513513513,1.8203071028938032,2.324693559809476,0.0,0.8713513513513513,0.8972972972972973,0.8875675675675676,0.8994594594594595,0.9124324324324324
GBLUP,R3,pine,rootnumbin,KinCP-A,4625,0.8931891891891892,0.0054805586402752,0.0085405405405405,0.8767567567567568,1.817857313689454,2.3134036592221165,0.0,0.8767567567567568,0.9027027027027028,0.8854054054054054,0.8994594594594595,0.9016216216216216
GBLUP,R3,pine,rootnumbin,KinCP-AB,4625,0.8953513513513514,0.0074665066593868,0.0085405405405405,0.8724324324324324,1.8213015216778456,2.329172985600702,0.0,0.8994594594594595,0.9091891891891892,0.8951351351351351,0.9005405405405406,0.8724324324324324
GBLUP,R3,pine,rootnumbin,KinCP-ABC,4625,0.8985945945945946,0.0058418404696675,0.0148108108108107,0.8594594594594595,1.8376506640776704,2.338781898658492,0.0,0.9016216216216216,0.92,0.9048648648648648,0.907027027027027,0.8594594594594595
GBLUP,R3,pine,rootnumbin,KinCP-AC,4625,0.8888648648648648,0.0047370599568014,0.0113513513513513,0.8648648648648649,1.7895743958160903,2.314421823887144,0.0,0.8648648648648649,0.8983783783783784,0.8875675675675676,0.9005405405405406,0.892972972972973
GBLUP,R3,pine,rootnumbin,KinCP-B,4625,0.9001081081081082,0.0068629492964773,0.0048648648648648,0.8918918918918919,1.860819670342558,2.322126229057163,0.0,0.8918918918918919,0.9091891891891892,0.8962162162162162,0.9005405405405406,0.9027027027027028
GBLUP,R3,pine,rootnumbin,KinCP-BC,4625,0.9684324324324324,0.0052071760340723,0.0684324324324324,0.945945945945946,2.435866345121436,2.5812449702820537,0.0,0.9751351351351352,0.9772972972972972,0.9805405405405404,0.9632432432432432,0.945945945945946
GBLUP,R3,pine,rootnumbin,KinCP-C,4625,0.9247567567567568,0.0086012213106664,0.0247567567567567,0.907027027027027,1.998494377064787,2.336547274014211,0.0,0.907027027027027,0.9264864864864863,0.931891891891892,0.9286486486486486,0.9297297297297298
GBLUP,R3,pine,rootnumbin,KinCP[fixed-h],4625,0.8938378378378379,0.0091541462183855,0.0111351351351351,0.8724324324324324,1.800641448141333,2.3080637792735352,0.006054054054054,0.8724324324324324,0.8972972972972973,0.8875675675675676,0.8994594594594595,0.9124324324324324
GBLUP,R3,pine,rootnumbin,KinCP[h=0.25],4625,0.8951351351351351,0.0067513491874577,0.010054054054054,0.8810810810810811,1.8362661889878824,2.3258507500811487,0.0,0.8810810810810811,0.9037837837837838,0.8843243243243243,0.8972972972972973,0.9091891891891892
GBLUP,R3,pine,rootnumbin,KinCP[h=1.0],4625,0.9011891891891892,0.0073957324871295,0.0135135135135135,0.8691891891891892,1.860406140432826,2.3226423618031693,0.0,0.8691891891891892,0.907027027027027,0.9016216216216216,0.9081081081081082,0.92
GBLUP,R3,pine,rootnumbin,KinCP[h=2.0],4625,0.915891891891892,0.0092177616204507,0.0191351351351351,0.8918918918918919,1.9430370959179035,2.325122431678829,0.0,0.8918918918918919,0.9178378378378378,0.92,0.9210810810810812,0.9286486486486486
GBLUP,R3,pine,rootnumbin,KinCP[nmin=100],4625,0.8934054054054054,0.0088358126450605,0.0115675675675675,0.8702702702702703,1.8187340857818088,2.323665013815409,0.0,0.8702702702702703,0.8972972972972973,0.8875675675675676,0.8994594594594595,0.9124324324324324
GBLUP,R3,pine,rootnumbin,KinCP[nmin=25],4625,0.8938378378378379,0.0091541462183855,0.0111351351351351,0.8724324324324324,1.8213259943381943,2.325676363249488,0.0,0.8724324324324324,0.8972972972972973,0.8875675675675676,0.8994594594594595,0.9124324324324324
GBLUP,R3,pine,rootnumbin,NormCP,4625,0.9022702702702704,0.0088688191576188,0.0072432432432432,0.8875675675675676,1.887155131414508,2.349589204695968,0.0,0.8875675675675676,0.905945945945946,0.9081081081081082,0.907027027027027,0.9027027027027028
GBLUP,R3,pine,rootnumbin,SCP,4625,0.907027027027027,0.0143421612555909,0.0197837837837837,0.8681081081081081,1.9039697121942143,2.3647832434759426,0.0,0.9145945945945946,0.9232432432432433,0.918918918918919,0.9102702702702704,0.8681081081081081
GBLUP,R3,rice,Culm_habit,CV+,1755,0.9054131054131054,0.017492970294027,0.0154415954415954,0.8831908831908832,2.696746682577961,3.4134707896383896,0.0,0.9202279202279202,0.9230769230769232,0.8917378917378918,0.8831908831908832,0.9088319088319088
GBLUP,R3,rice,Culm_habit,CalPred-style,1755,0.898005698005698,0.0161666791556821,0.0057549857549857,0.8888888888888888,2.665921557807064,3.4397596773683223,0.0,0.8888888888888888,0.9088319088319088,0.9002849002849003,0.8917378917378918,0.9002849002849003
GBLUP,R3,rice,Culm_habit,CalPred-style(rand),1755,0.8934472934472935,0.0193857844287224,0.0101994301994302,0.8689458689458689,2.6561274814411515,3.486745950806595,0.0,0.8689458689458689,0.9031339031339032,0.8974358974358975,0.8917378917378918,0.905982905982906
GBLUP,R3,rice,Culm_habit,Gauss-PEV,1755,0.8968660968660969,0.019983678537607,0.0148717948717948,0.8575498575498576,2.680652313467464,3.4604957719965426,0.0,0.8575498575498576,0.9002849002849003,0.8974358974358975,0.9031339031339032,0.925925925925926
GBLUP,R3,rice,Culm_habit,Gauss-homosc,1755,0.901994301994302,0.0160659512021329,0.0075783475783475,0.886039886039886,2.676052857875748,3.4430915107284146,0.0,0.9031339031339032,0.9173789173789174,0.9002849002849003,0.886039886039886,0.9031339031339032
GBLUP,R3,rice,Culm_habit,KinCP,1755,0.901994301994302,0.0243918573139646,0.0154415954415954,0.8746438746438746,2.747293787018584,3.462901552888688,0.0,0.8746438746438746,0.9202279202279202,0.8917378917378918,0.9088319088319088,0.9145299145299144
GBLUP,R3,rice,Culm_habit,KinCP-A,1755,0.9133903133903134,0.022845379141572,0.0223931623931623,0.8774928774928775,2.8181549870090308,3.4900329059650823,0.0,0.8774928774928775,0.9287749287749288,0.9173789173789174,0.9202279202279202,0.9230769230769232
GBLUP,R3,rice,Culm_habit,KinCP-AB,1755,0.9156695156695156,0.0171650943947488,0.0156695156695156,0.905982905982906,2.834621445102425,3.4863065314281045,0.0,0.9116809116809116,0.9316239316239316,0.9145299145299144,0.905982905982906,0.9145299145299144
GBLUP,R3,rice,Culm_habit,KinCP-ABC,1755,0.8997150997150997,0.015785635529567,0.0108831908831908,0.8774928774928775,2.665351520545086,3.443906394916527,0.0,0.9088319088319088,0.9173789173789174,0.8945868945868946,0.8774928774928775,0.9002849002849003
GBLUP,R3,rice,Culm_habit,KinCP-AC,1755,0.8923076923076924,0.0260648729606443,0.017037037037037,0.8518518518518519,2.67926816566892,3.448908791076396,0.0,0.8518518518518519,0.9031339031339032,0.8917378917378918,0.8945868945868946,0.9202279202279202
GBLUP,R3,rice,Culm_habit,KinCP-B,1755,0.90997150997151,0.0193857844287224,0.0109971509971509,0.8974358974358975,2.782393760734144,3.4654978495397017,0.0,0.8974358974358975,0.9287749287749288,0.9031339031339032,0.905982905982906,0.9145299145299144
GBLUP,R3,rice,Culm_habit,KinCP-BC,1755,0.9014245014245016,0.0141879197697877,0.0103133903133903,0.886039886039886,2.6871090307634087,3.4443914971682217,0.0,0.905982905982906,0.9202279202279202,0.8917378917378918,0.886039886039886,0.9031339031339032
GBLUP,R3,rice,Culm_habit,KinCP-C,1755,0.8826210826210826,0.0221050310441832,0.0209116809116809,0.8518518518518519,2.583912515731426,3.457007305000873,0.0,0.8518518518518519,0.8945868945868946,0.8717948717948718,0.886039886039886,0.9088319088319088
GBLUP,R3,rice,Culm_habit,KinCP[fixed-h],1755,0.9048433048433048,0.0234589046726369,0.0114529914529914,0.8917378917378918,2.7982470720404886,3.504495879492968,0.0074074074074074,0.8917378917378918,0.9173789173789174,0.8917378917378918,0.9088319088319088,0.9145299145299144
GBLUP,R3,rice,Culm_habit,KinCP[h=0.25],1755,0.9094017094017094,0.0233548735406486,0.0195441595441595,0.8746438746438746,2.775945014427004,3.4719205007789946,0.0,0.8746438746438746,0.9230769230769232,0.9031339031339032,0.925925925925926,0.9202279202279202
GBLUP,R3,rice,Culm_habit,KinCP[h=1.0],1755,0.8968660968660969,0.0222878714707782,0.0136182336182336,0.8717948717948718,2.6959930966131083,3.4489618782597766,0.0,0.8717948717948718,0.9145299145299144,0.8888888888888888,0.8974358974358975,0.9116809116809116
GBLUP,R3,rice,Culm_habit,KinCP[h=2.0],1755,0.89002849002849,0.0227563823905593,0.0147578347578347,0.8632478632478633,2.639990215151316,3.45276822141086,0.0,0.8632478632478633,0.9002849002849003,0.8831908831908832,0.8917378917378918,0.9116809116809116
GBLUP,R3,rice,Culm_habit,KinCP[nmin=100],1755,0.9008547008547008,0.0239553538570688,0.0143019943019942,0.8746438746438746,2.7248676286747227,3.455143072898115,0.0,0.8746438746438746,0.9145299145299144,0.8917378917378918,0.9088319088319088,0.9145299145299144
GBLUP,R3,rice,Culm_habit,KinCP[nmin=25],1755,0.9031339031339032,0.0234934793482487,0.0131623931623931,0.8831908831908832,2.7807289638516464,3.486412256930474,0.0,0.8831908831908832,0.9173789173789174,0.8917378917378918,0.9088319088319088,0.9145299145299144
GBLUP,R3,rice,Culm_habit,NormCP,1755,0.9333333333333332,0.0307243526257388,0.0333333333333333,0.905982905982906,3.250414600024361,3.679927113619417,0.0,0.905982905982906,0.9401709401709402,0.9230769230769232,0.9373219373219374,0.96011396011396
GBLUP,R3,rice,Culm_habit,SCP,1755,0.9384615384615383,0.0207018827630597,0.0384615384615384,0.9202279202279202,3.230377616639288,3.647782528229517,0.0,0.9544159544159544,0.9544159544159544,0.9316239316239316,0.9316239316239316,0.9202279202279202
GBLUP,R3,rice,Flag_leaf_length,CV+,1730,0.8994219653179191,0.0102997281394251,0.0315606936416185,0.8526011560693642,3.305996194418701,4.203421419719009,0.0,0.8526011560693642,0.930635838150289,0.9277456647398844,0.8670520231213873,0.9190751445086706
GBLUP,R3,rice,Flag_leaf_length,CalPred-style,1730,0.8670520231213873,0.0645615835366724,0.0586127167630057,0.7485549132947977,3.2439379478269443,4.686110452049385,0.0,0.8554913294797688,0.930635838150289,0.9335260115606936,0.8670520231213873,0.7485549132947977
GBLUP,R3,rice,Flag_leaf_length,CalPred-style(rand),1730,0.8994219653179191,0.0037683250897124,0.0373410404624277,0.8439306358381503,3.993662748076056,4.968898536548794,0.0,0.8439306358381503,0.9277456647398844,0.9335260115606936,0.861271676300578,0.930635838150289
GBLUP,R3,rice,Flag_leaf_length,Gauss-PEV,1730,0.892485549132948,0.0071964737560628,0.0304046242774566,0.8294797687861272,3.206367244316131,4.20226634851535,0.0,0.8294797687861272,0.9190751445086706,0.9335260115606936,0.8757225433526011,0.9046242774566474
GBLUP,R3,rice,Flag_leaf_length,Gauss-homosc,1730,0.8976878612716763,0.0048361851244744,0.027514450867052,0.8583815028901735,3.2507220615024552,4.178949768164907,0.0,0.8583815028901735,0.930635838150289,0.9277456647398844,0.8670520231213873,0.9046242774566474
GBLUP,R3,rice,Flag_leaf_length,KinCP,1730,0.9040462427745664,0.0051700993699416,0.0292485549132947,0.8554913294797688,3.318835588224527,4.229658689218958,0.0,0.8554913294797688,0.930635838150289,0.9364161849710982,0.8815028901734104,0.916184971098266
GBLUP,R3,rice,Flag_leaf_length,KinCP-A,1730,0.9034682080924856,0.0052502607296488,0.0321387283236994,0.8554913294797688,3.288246729405522,4.211845601382641,0.0,0.8554913294797688,0.930635838150289,0.930635838150289,0.8728323699421965,0.9277456647398844
GBLUP,R3,rice,Flag_leaf_length,KinCP-AB,1730,0.9017341040462428,0.0028901734104046,0.0304046242774566,0.861271676300578,3.298167759479716,4.19914205451914,0.0,0.861271676300578,0.9277456647398844,0.9248554913294798,0.8670520231213873,0.9277456647398844
GBLUP,R3,rice,Flag_leaf_length,KinCP-ABC,1730,0.8994219653179191,0.0074810283847079,0.0304046242774566,0.8526011560693642,3.287693952311379,4.19931995715166,0.0,0.8526011560693642,0.930635838150289,0.9277456647398844,0.869942196531792,0.916184971098266
GBLUP,R3,rice,Flag_leaf_length,KinCP-AC,1730,0.900578034682081,0.0038775745274562,0.0292485549132948,0.8439306358381503,3.285829735228732,4.215100585652519,0.0,0.8439306358381503,0.9277456647398844,0.930635838150289,0.884393063583815,0.916184971098266
GBLUP,R3,rice,Flag_leaf_length,KinCP-B,1730,0.9034682080924856,0.0059931911425802,0.0298265895953756,0.8554913294797688,3.335298395158066,4.211916196912401,0.0,0.8554913294797688,0.9335260115606936,0.9335260115606936,0.8786127167630058,0.916184971098266
GBLUP,R3,rice,Flag_leaf_length,KinCP-BC,1730,0.8988439306358381,0.005407019345049,0.0263583815028901,0.8583815028901735,3.289156447161743,4.187947497361718,0.0,0.8583815028901735,0.9277456647398844,0.9219653179190752,0.8728323699421965,0.9132947976878611
GBLUP,R3,rice,Flag_leaf_length,KinCP-C,1730,0.8936416184971099,0.0071964737560628,0.0292485549132947,0.8323699421965318,3.217788788658496,4.227739215221862,0.0,0.8323699421965318,0.9277456647398844,0.916184971098266,0.8786127167630058,0.9132947976878611
GBLUP,R3,rice,Flag_leaf_length,KinCP[fixed-h],1730,0.9242774566473988,0.017745758882091,0.042543352601156,0.8728323699421965,3.338540701550522,4.230608684233863,0.2034682080924855,0.8728323699421965,0.930635838150289,0.9364161849710982,0.8815028901734104,1.0
GBLUP,R3,rice,Flag_leaf_length,KinCP[h=0.25],1730,0.9063583815028902,0.0066536788631336,0.0257803468208092,0.8583815028901735,3.3429967028787053,4.228963874282842,0.0,0.8583815028901735,0.930635838150289,0.9335260115606936,0.8930635838150289,0.916184971098266
GBLUP,R3,rice,Flag_leaf_length,KinCP[h=1.0],1730,0.8994219653179191,0.0037683250897124,0.0304046242774566,0.8526011560693642,3.2776331128492258,4.219806477278517,0.0,0.8526011560693642,0.9277456647398844,0.9335260115606936,0.869942196531792,0.9132947976878611
GBLUP,R3,rice,Flag_leaf_length,KinCP[h=2.0],1730,0.8959537572254336,0.0064626242124271,0.0280924855491329,0.8439306358381503,3.252134352713432,4.218662154960561,0.0,0.8439306358381503,0.9277456647398844,0.9190751445086706,0.8757225433526011,0.9132947976878611
GBLUP,R3,rice,Flag_leaf_length,KinCP[nmin=100],1730,0.9017341040462428,0.0040873224346043,0.0292485549132947,0.8526011560693642,3.26923480228226,4.212155339448911,0.0,0.8526011560693642,0.9277456647398844,0.9364161849710982,0.8786127167630058,0.9132947976878611
GBLUP,R3,rice,Flag_leaf_length,KinCP[nmin=25],1730,0.9069364161849712,0.0047490395159407,0.0286705202312138,0.8641618497109826,3.4105599773031128,4.26612588907842,0.0,0.8641618497109826,0.930635838150289,0.9364161849710982,0.8815028901734104,0.9219653179190752
GBLUP,R3,rice,Flag_leaf_length,NormCP,1730,0.9121387283236996,0.0153750706107172,0.0304046242774566,0.861271676300578,3.5354999715702764,4.3903645572478265,0.0,0.861271676300578,0.9421965317919077,0.9277456647398844,0.8930635838150289,0.9364161849710982
GBLUP,R3,rice,Flag_leaf_length,SCP,1730,0.9144508670520232,0.0231755146782999,0.0280924855491329,0.8815028901734104,3.5322830753934245,4.374418881825815,0.0,0.884393063583815,0.9479768786127168,0.9219653179190752,0.8815028901734104,0.9364161849710982
GBLUP,R3,rice,Plant_height,CV+,1760,0.9073863636363636,0.0163937932343789,0.0171590909090909,0.8863636363636364,2.799165495293809,3.600215127917976,0.0,0.9431818181818182,0.9176136363636364,0.9005681818181818,0.8892045454545454,0.8863636363636364
GBLUP,R3,rice,Plant_height,CalPred-style,1760,0.9039772727272728,0.0133854761243065,0.0148863636363636,0.8835227272727273,2.7980063551479506,3.645457135992391,0.0,0.9346590909090908,0.9090909090909092,0.9034090909090908,0.8835227272727273,0.8892045454545454
GBLUP,R3,rice,Plant_height,CalPred-style(rand),1760,0.9005681818181818,0.0181906938563433,0.0169318181818181,0.8778409090909091,2.728364980473206,3.624885492281235,0.0,0.9346590909090908,0.9090909090909092,0.8948863636363636,0.8863636363636364,0.8778409090909091
GBLUP,R3,rice,Plant_height,Gauss-PEV,1760,0.9096590909090908,0.0135353741472404,0.0096590909090909,0.9034090909090908,2.75861243755982,3.565374261516664,0.0,0.9119318181818182,0.9034090909090908,0.9034090909090908,0.9119318181818182,0.9176136363636364
GBLUP,R3,rice,Plant_height,Gauss-homosc,1760,0.9039772727272728,0.0156120814364023,0.0146590909090909,0.8863636363636364,2.747829526974068,3.585902314462433,0.0,0.9318181818181818,0.9147727272727272,0.8977272727272727,0.8892045454545454,0.8863636363636364
GBLUP,R3,rice,Plant_height,KinCP,1760,0.905681818181818,0.0178999818204811,0.0077272727272727,0.8948863636363636,2.81043150658682,3.6264972650506686,0.0,0.9119318181818182,0.9147727272727272,0.9005681818181818,0.8948863636363636,0.90625
GBLUP,R3,rice,Plant_height,KinCP-A,1760,0.9085227272727272,0.0164919605382954,0.0139772727272726,0.8863636363636364,2.850612197718324,3.6554250764300313,0.0,0.9176136363636364,0.9176136363636364,0.9204545454545454,0.8863636363636364,0.9005681818181818
GBLUP,R3,rice,Plant_height,KinCP-AB,1760,0.9142045454545454,0.01755856493223,0.0194318181818181,0.8920454545454546,2.8975713560137666,3.6765279572800025,0.0,0.9403409090909092,0.9261363636363636,0.9176136363636364,0.8920454545454546,0.8948863636363636
GBLUP,R3,rice,Plant_height,KinCP-ABC,1760,0.9125,0.0183453230579124,0.016590909090909,0.8948863636363636,2.796654077810546,3.606308962125373,0.0,0.9403409090909092,0.9232954545454546,0.9090909090909092,0.8948863636363636,0.8948863636363636
GBLUP,R3,rice,Plant_height,KinCP-AC,1760,0.9011363636363636,0.0211070177511439,0.0063636363636363,0.8892045454545454,2.7126405904332422,3.5895010669469736,0.0,0.90625,0.8977272727272727,0.8892045454545454,0.9005681818181818,0.9119318181818182
GBLUP,R3,rice,Plant_height,KinCP-B,1760,0.9147727272727272,0.0202881489447239,0.0168181818181818,0.8948863636363636,2.890089427522173,3.644962247756875,0.0,0.9346590909090908,0.9289772727272728,0.9119318181818182,0.8948863636363636,0.9034090909090908
GBLUP,R3,rice,Plant_height,KinCP-BC,1760,0.9079545454545456,0.0176959221618152,0.0177272727272727,0.8863636363636364,2.782452787747707,3.612092598857034,0.0,0.9403409090909092,0.9232954545454546,0.9005681818181818,0.8863636363636364,0.8892045454545454
GBLUP,R3,rice,Plant_height,KinCP-C,1760,0.8880681818181818,0.0137130890751672,0.0119318181818182,0.875,2.5840951861614867,3.58521479092324,0.0,0.8977272727272727,0.8863636363636364,0.875,0.8835227272727273,0.8977272727272727
GBLUP,R3,rice,Plant_height,KinCP[fixed-h],1760,0.9102272727272728,0.0175815323258702,0.0122727272727272,0.8948863636363636,2.863638266378419,3.687241006358617,0.0113636363636363,0.9346590909090908,0.9147727272727272,0.9005681818181818,0.8948863636363636,0.90625
GBLUP,R3,rice,Plant_height,KinCP[h=0.25],1760,0.9113636363636364,0.01755856493223,0.0113636363636363,0.9034090909090908,2.866524488852241,3.655172292505635,0.0,0.9147727272727272,0.9204545454545454,0.9090909090909092,0.9034090909090908,0.9090909090909092
GBLUP,R3,rice,Plant_height,KinCP[h=1.0],1760,0.8994318181818182,0.0165164111974416,0.0089772727272727,0.8863636363636364,2.72485164565372,3.597344294845763,0.0,0.9119318181818182,0.9090909090909092,0.8948863636363636,0.8863636363636364,0.8948863636363636
GBLUP,R3,rice,Plant_height,KinCP[h=2.0],1760,0.8920454545454546,0.0160706086633306,0.0104545454545454,0.8835227272727273,2.643545653467134,3.587701714856282,0.0,0.90625,0.8863636363636364,0.8863636363636364,0.8835227272727273,0.8977272727272727
GBLUP,R3,rice,Plant_height,KinCP[nmin=100],1760,0.9051136363636364,0.0173504903234119,0.0080681818181818,0.8948863636363636,2.7655109732221383,3.604751373781705,0.0,0.9119318181818182,0.9147727272727272,0.8977272727272727,0.8948863636363636,0.90625
GBLUP,R3,rice,Plant_height,KinCP[nmin=25],1760,0.9096590909090908,0.0176731034261315,0.0117045454545454,0.8948863636363636,2.839806804892119,3.657259761234183,0.0,0.9318181818181818,0.9147727272727272,0.9005681818181818,0.8948863636363636,0.90625
GBLUP,R3,rice,Plant_height,NormCP,1760,0.9323863636363636,0.0107053657280777,0.0323863636363636,0.9261363636363636,3.2544844786921066,3.9200783986271497,0.0,0.9261363636363636,0.9346590909090908,0.9289772727272728,0.9318181818181818,0.9403409090909092
GBLUP,R3,rice,Plant_height,SCP,1760,0.9318181818181818,0.0063524658451698,0.0318181818181817,0.9176136363636364,3.1923764486167028,3.820839837010692,0.0,0.9488636363636364,0.9403409090909092,0.9176136363636364,0.9232954545454546,0.9289772727272728
GBLUP,R3,soybean,C13,CV+,1730,0.9132947976878611,0.0115606936416184,0.0165317919075144,0.8930635838150289,3.235154059885323,3.9847978533862745,0.0,0.9364161849710982,0.9277456647398844,0.9104046242774566,0.8988439306358381,0.8930635838150289
GBLUP,R3,soybean,C13,CalPred-style,1730,0.9034682080924856,0.0092756107143822,0.0147976878612716,0.8728323699421965,3.112173615016404,3.91668418013806,0.0,0.8728323699421965,0.9248554913294798,0.8988439306358381,0.907514450867052,0.9132947976878611
GBLUP,R3,soybean,C13,CalPred-style(rand),1730,0.8965317919075144,0.0090013939320216,0.0134104046242774,0.8757225433526011,3.0472846684998887,3.914256773990145,0.0,0.8757225433526011,0.9248554913294798,0.8930635838150289,0.8930635838150289,0.8959537572254336
GBLUP,R3,soybean,C13,Gauss-PEV,1730,0.9011560693641618,0.0100949417321231,0.0117919075144508,0.8872832369942196,3.0393389630213337,3.8876731121333625,0.0,0.8872832369942196,0.9248554913294798,0.8901734104046243,0.8959537572254336,0.907514450867052
GBLUP,R3,soybean,C13,Gauss-homosc,1730,0.9034682080924856,0.0114882120892207,0.0198843930635838,0.8728323699421965,3.0981081973679285,3.926742204548997,0.0,0.930635838150289,0.9277456647398844,0.8959537572254336,0.8901734104046243,0.8728323699421965
GBLUP,R3,soybean,C13,KinCP,1730,0.9127167630057804,0.0069001944429556,0.0127167630057803,0.9046242774566474,3.235633068138565,3.969744417525826,0.0,0.9046242774566474,0.9277456647398844,0.9046242774566474,0.907514450867052,0.9190751445086706
GBLUP,R3,soybean,C13,KinCP-A,1730,0.9098265895953758,0.0098859140904549,0.0102890173410404,0.8988439306358381,3.202852523653612,3.9765703380358266,0.0,0.8988439306358381,0.9248554913294798,0.9104046242774566,0.9046242774566474,0.9104046242774566
GBLUP,R3,soybean,C13,KinCP-AB,1730,0.9121387283236996,0.0120211759208586,0.0153757225433525,0.8930635838150289,3.303196947735913,4.005731280173883,0.0,0.9277456647398844,0.9277456647398844,0.9132947976878611,0.8988439306358381,0.8930635838150289
GBLUP,R3,soybean,C13,KinCP-ABC,1730,0.9092485549132948,0.0116685718139805,0.0171098265895953,0.884393063583815,3.222434994334096,3.991670726461819,0.0,0.9335260115606936,0.9277456647398844,0.9046242774566474,0.8959537572254336,0.884393063583815
GBLUP,R3,soybean,C13,KinCP-AC,1730,0.907514450867052,0.012597973825262,0.0102890173410404,0.8930635838150289,3.128934587911804,3.945845257260807,0.0,0.8930635838150289,0.9219653179190752,0.9017341040462428,0.9017341040462428,0.9190751445086706
GBLUP,R3,soybean,C13,KinCP-B,1730,0.9202312138728324,0.0103401987398834,0.0202312138728323,0.9046242774566474,3.357954307449918,4.01417548892733,0.0,0.9364161849710982,0.9364161849710982,0.907514450867052,0.9046242774566474,0.916184971098266
GBLUP,R3,soybean,C13,KinCP-BC,1730,0.9179190751445088,0.0111187191107926,0.0179190751445086,0.9017341040462428,3.3103981490452146,3.985036938364576,0.0,0.9364161849710982,0.930635838150289,0.916184971098266,0.9017341040462428,0.9046242774566474
GBLUP,R3,soybean,C13,KinCP-C,1730,0.907514450867052,0.0086705202312138,0.0130635838150289,0.8901734104046243,3.115986531043057,3.9215191560872,0.0,0.8901734104046243,0.9277456647398844,0.8959537572254336,0.907514450867052,0.916184971098266
GBLUP,R3,soybean,C13,KinCP[fixed-h],1730,0.9242774566473988,0.0080199057372899,0.0242774566473988,0.9046242774566474,3.360179087012982,4.056632361051461,0.0999999999999999,0.9595375722543352,0.930635838150289,0.9046242774566474,0.907514450867052,0.9190751445086706
GBLUP,R3,soybean,C13,KinCP[h=0.25],1730,0.915028901734104,0.0066536788631337,0.015028901734104,0.9017341040462428,3.2747369361966503,3.993328973924287,0.0,0.9017341040462428,0.9277456647398844,0.9046242774566474,0.916184971098266,0.9248554913294798
GBLUP,R3,soybean,C13,KinCP[h=1.0],1730,0.9109826589595376,0.0062657466441268,0.0109826589595375,0.9017341040462428,3.1872737103898365,3.9462820988612672,0.0,0.9046242774566474,0.9248554913294798,0.9017341040462428,0.9046242774566474,0.9190751445086706
GBLUP,R3,soybean,C13,KinCP[h=2.0],1730,0.9080924855491328,0.0080199057372899,0.0124855491329479,0.8930635838150289,3.1434617042612256,3.934632019156624,0.0,0.8930635838150289,0.9277456647398844,0.8959537572254336,0.907514450867052,0.916184971098266
GBLUP,R3,soybean,C13,KinCP[nmin=100],1730,0.9104046242774566,0.007646680089782,0.013179190751445,0.8930635838150289,3.2020874570813387,3.95370001957962,0.0,0.8930635838150289,0.9277456647398844,0.9046242774566474,0.907514450867052,0.9190751445086706
GBLUP,R3,soybean,C13,KinCP[nmin=25],1730,0.915028901734104,0.006332052687921,0.015028901734104,0.9046242774566474,3.277830653236286,3.987494520801425,0.0,0.9132947976878611,0.930635838150289,0.9046242774566474,0.907514450867052,0.9190751445086706
GBLUP,R3,soybean,C13,NormCP,1730,0.923699421965318,0.0301466007177001,0.0236994219653179,0.907514450867052,3.36599504777002,4.018000417987328,0.0,0.9277456647398844,0.9393063583815028,0.907514450867052,0.9132947976878611,0.930635838150289
GBLUP,R3,soybean,C13,SCP,1730,0.9184971098265896,0.0302710311509275,0.0235838150289017,0.8872832369942196,3.4087842479887014,4.055725987181011,0.0,0.953757225433526,0.9335260115606936,0.916184971098266,0.9017341040462428,0.8872832369942196
GBLUP,R3,soybean,Wilt,CV+,1730,0.9184971098265896,0.0065906093936366,0.0309826589595375,0.8786127167630058,3.1253917358574586,4.330162707860504,0.0,0.9884393063583816,0.930635838150289,0.9046242774566474,0.8786127167630058,0.8901734104046243
GBLUP,R3,soybean,Wilt,CalPred-style,1730,0.8994219653179191,0.0143639001616059,0.011907514450867,0.8757225433526011,2.9246084963871497,4.144934515212349,0.0,0.8757225433526011,0.907514450867052,0.907514450867052,0.8930635838150289,0.9132947976878611
GBLUP,R3,soybean,Wilt,CalPred-style(rand),1730,0.9011560693641618,0.0085247868229784,0.0124855491329479,0.8786127167630058,2.928073261302432,4.1149362884665805,0.0,0.8786127167630058,0.9104046242774566,0.907514450867052,0.8930635838150289,0.916184971098266
GBLUP,R3,soybean,Wilt,Gauss-PEV,1730,0.8982658959537573,0.0158828111722937,0.0112138728323699,0.884393063583815,2.8654138467975176,4.132592404861801,0.0,0.9132947976878611,0.884393063583815,0.8988439306358381,0.884393063583815,0.9104046242774566
GBLUP,R3,soybean,Wilt,Gauss-homosc,1730,0.9127167630057804,0.0128279427868047,0.0314450867052022,0.869942196531792,3.087224646703688,4.314356485310576,0.0,0.9826589595375722,0.9277456647398844,0.8930635838150289,0.869942196531792,0.8901734104046243
GBLUP,R3,soybean,Wilt,KinCP,1730,0.892485549132948,0.0207811306499971,0.018150289017341,0.8757225433526011,2.8406580006711883,4.188114184923042,0.0,0.916184971098266,0.8815028901734104,0.8786127167630058,0.8757225433526011,0.9104046242774566
GBLUP,R3,soybean,Wilt,KinCP-A,1730,0.9069364161849712,0.0116327235823688,0.0085549132947976,0.8959537572254336,2.997571882833036,4.177335322612236,0.0,0.9190751445086706,0.9017341040462428,0.9046242774566474,0.8959537572254336,0.9132947976878611
GBLUP,R3,soybean,Wilt,KinCP-AB,1730,0.9254335260115608,0.0069001944429556,0.0293641618497109,0.8901734104046243,3.243065461269782,4.297432315878598,0.0,0.9826589595375722,0.9335260115606936,0.9190751445086706,0.8901734104046243,0.9017341040462428
GBLUP,R3,soybean,Wilt,KinCP-ABC,1730,0.9144508670520232,0.0088138443248421,0.0343352601156069,0.8670520231213873,3.085606273475205,4.325987841228912,0.0,0.9913294797687862,0.930635838150289,0.8988439306358381,0.8670520231213873,0.884393063583815
GBLUP,R3,soybean,Wilt,KinCP-AC,1730,0.9017341040462428,0.0164765234840915,0.0123699421965318,0.8872832369942196,2.912201734176563,4.144071741116138,0.0,0.9248554913294798,0.8872832369942196,0.8988439306358381,0.8872832369942196,0.9104046242774566
GBLUP,R3,soybean,Wilt,KinCP-B,1730,0.9179190751445088,0.0092756107143821,0.0280924855491329,0.8786127167630058,3.168239027266494,4.3166756667943655,0.0,0.9797687861271676,0.9248554913294798,0.9104046242774566,0.8786127167630058,0.8959537572254336
GBLUP,R3,soybean,Wilt,KinCP-BC,1730,0.9127167630057804,0.010094941732123,0.0298265895953757,0.8728323699421965,3.13981629645253,4.357117272586935,0.0,0.9797687861271676,0.9190751445086706,0.907514450867052,0.8728323699421965,0.884393063583815
GBLUP,R3,soybean,Wilt,KinCP-C,1730,0.8861271676300578,0.0204978303196498,0.0210404624277456,0.869942196531792,2.74959235449521,4.179724825548573,0.0,0.907514450867052,0.869942196531792,0.869942196531792,0.8728323699421965,0.9104046242774566
GBLUP,R3,soybean,Wilt,KinCP[fixed-h],1730,0.9011560693641618,0.022517400208997,0.025664739884393,0.8757225433526011,3.0499356098569343,4.491655235802919,0.1057803468208092,0.9566473988439308,0.884393063583815,0.8786127167630058,0.8757225433526011,0.9104046242774566
GBLUP,R3,soybean,Wilt,KinCP[h=0.25],1730,0.8913294797687862,0.0171716193959687,0.018150289017341,0.8757225433526011,2.876221044310692,4.201692586726408,0.0,0.9104046242774566,0.8815028901734104,0.8757225433526011,0.8757225433526011,0.9132947976878611
GBLUP,R3,soybean,Wilt,KinCP[h=1.0],1730,0.8901734104046243,0.0219158249828079,0.0204624277456647,0.8728323699421965,2.801374798196487,4.188496838322852,0.0,0.916184971098266,0.8757225433526011,0.8728323699421965,0.8757225433526011,0.9104046242774566
GBLUP,R3,soybean,Wilt,KinCP[h=2.0],1730,0.8890173410404625,0.0212972640773879,0.0204624277456647,0.8728323699421965,2.781288499223564,4.1873525186749365,0.0,0.9132947976878611,0.8728323699421965,0.8728323699421965,0.8757225433526011,0.9104046242774566
GBLUP,R3,soybean,Wilt,KinCP[nmin=100],1730,0.8907514450867052,0.0213755631064746,0.0187283236994219,0.8757225433526011,2.8205183577262694,4.179378668758327,0.0,0.9132947976878611,0.8757225433526011,0.8786127167630058,0.8757225433526011,0.9104046242774566
GBLUP,R3,soybean,Wilt,KinCP[nmin=25],1730,0.8930635838150289,0.0197083550534477,0.0175722543352601,0.8757225433526011,2.8688043166399324,4.20819534624003,0.0,0.916184971098266,0.884393063583815,0.8786127167630058,0.8757225433526011,0.9104046242774566
GBLUP,R3,soybean,Wilt,NormCP,1730,0.9167630057803468,0.0266774121600331,0.0172254335260115,0.8988439306358381,3.591991544145724,4.591991048382642,0.0,0.9277456647398844,0.9046242774566474,0.9104046242774566,0.8988439306358381,0.9421965317919077
GBLUP,R3,soybean,Wilt,SCP,1730,0.9242774566473988,0.0249795265159906,0.0282080924855491,0.8901734104046243,3.5859433254577686,4.644235245406123,0.0,0.9884393063583816,0.9132947976878611,0.907514450867052,0.8901734104046243,0.9219653179190752
GBLUP,R3,wheatG,EW,CV+,1855,0.9132075471698112,0.0058435265198595,0.0237735849056603,0.876010781671159,3.270478070737534,4.040524317953408,0.0,0.935309973045822,0.8975741239892183,0.876010781671159,0.954177897574124,0.9029649595687332
GBLUP,R3,wheatG,EW,CalPred-style,1855,0.8970350404312668,0.0119635261569661,0.0183827493261455,0.8706199460916442,3.062639398458613,3.993561937799594,0.0,0.9002695417789758,0.876010781671159,0.8706199460916442,0.9380053908355797,0.9002695417789758
GBLUP,R3,wheatG,EW,CalPred-style(rand),1855,0.892722371967655,0.0136644656125461,0.0204312668463611,0.8679245283018868,3.0765470017900776,3.995216847326576,0.0,0.8921832884097035,0.8706199460916442,0.8679245283018868,0.9272237196765498,0.9056603773584906
GBLUP,R3,wheatG,EW,Gauss-PEV,1855,0.9035040431266846,0.0069769159598624,0.0237735849056603,0.8733153638814016,3.110129926488421,4.001299207047778,0.0,0.9164420485175202,0.876010781671159,0.8733153638814016,0.9460916442048516,0.9056603773584906
GBLUP,R3,wheatG,EW,Gauss-homosc,1855,0.9040431266846362,0.009829963627391,0.0221563342318059,0.8733153638814016,3.153724178529467,4.008537406668286,0.0,0.9272237196765498,0.8814016172506739,0.8733153638814016,0.9380053908355797,0.9002695417789758
GBLUP,R3,wheatG,EW,KinCP,1855,0.9078167115902964,0.0116559290083232,0.0216172506738544,0.8787061994609164,3.1959552400038467,4.024289975445107,0.0,0.9137466307277629,0.8867924528301887,0.8787061994609164,0.9514824797843666,0.908355795148248
GBLUP,R3,wheatG,EW,KinCP-A,1855,0.9169811320754716,0.0122634104216466,0.0201078167115902,0.8921832884097035,3.296409012935244,4.040191680479822,0.0,0.9245283018867924,0.9029649595687332,0.8921832884097035,0.9595687331536388,0.9056603773584906
GBLUP,R3,wheatG,EW,KinCP-AB,1855,0.9202156334231806,0.0113719801130614,0.0211859838274932,0.8975741239892183,3.334334867671084,4.051594406773598,0.0,0.9245283018867924,0.908355795148248,0.8975741239892183,0.9622641509433962,0.908355795148248
GBLUP,R3,wheatG,EW,KinCP-ABC,1855,0.9142857142857144,0.0103343878774559,0.0226954177897573,0.8814016172506739,3.263987542291692,4.020170684356399,0.0,0.9299191374663072,0.8975741239892183,0.8814016172506739,0.954177897574124,0.908355795148248
GBLUP,R3,wheatG,EW,KinCP-AC,1855,0.910512129380054,0.0097929391507196,0.0253908355795148,0.876010781671159,3.2152941464606046,4.011302290043271,0.0,0.921832884097035,0.8867924528301887,0.876010781671159,0.954177897574124,0.9137466307277629
GBLUP,R3,wheatG,EW,KinCP-B,1855,0.910512129380054,0.0121143962556572,0.0210781671159029,0.8787061994609164,3.2388502194662703,4.032860952137665,0.0,0.9164420485175202,0.894878706199461,0.8787061994609164,0.9514824797843666,0.9110512129380054
GBLUP,R3,wheatG,EW,KinCP-BC,1855,0.907277628032345,0.0088580467521051,0.0221563342318059,0.876010781671159,3.206927343774656,4.012212517559397,0.0,0.9272237196765498,0.8867924528301887,0.876010781671159,0.9433962264150944,0.9029649595687332
GBLUP,R3,wheatG,EW,KinCP-C,1855,0.9024258760107816,0.0083948309985969,0.0237735849056603,0.8679245283018868,3.1072594594607628,4.006200368719084,0.0,0.9137466307277629,0.8787061994609164,0.8679245283018868,0.9433962264150944,0.908355795148248
GBLUP,R3,wheatG,EW,KinCP[fixed-h],1855,0.9148247978436658,0.0108822799127689,0.0275471698113207,0.876010781671159,3.276433171405176,4.056955692225314,0.0415094339622641,0.9460916442048516,0.8921832884097035,0.876010781671159,0.9514824797843666,0.908355795148248
GBLUP,R3,wheatG,EW,KinCP[h=0.25],1855,0.9126684636118598,0.0135577103395787,0.018921832884097,0.889487870619946,3.2496099506035354,4.032667167260107,0.0,0.9137466307277629,0.894878706199461,0.889487870619946,0.954177897574124,0.9110512129380054
GBLUP,R3,wheatG,EW,KinCP[h=1.0],1855,0.9035040431266846,0.0096056763780083,0.0226954177897574,0.8706199460916442,3.1511863312303907,4.019061632720846,0.0,0.9137466307277629,0.8814016172506739,0.8706199460916442,0.9433962264150944,0.908355795148248
GBLUP,R3,wheatG,EW,KinCP[h=2.0],1855,0.9029649595687332,0.0076237927890732,0.0221563342318059,0.8679245283018868,3.116197518293109,4.012501923596974,0.0,0.9137466307277629,0.8840970350404312,0.8679245283018868,0.9433962264150944,0.9056603773584906
GBLUP,R3,wheatG,EW,KinCP[nmin=100],1855,0.9088948787061994,0.0096056763780083,0.0205390835579514,0.8787061994609164,3.168869907106288,4.012773852029973,0.0,0.9137466307277629,0.8921832884097035,0.8787061994609164,0.9514824797843666,0.908355795148248
GBLUP,R3,wheatG,EW,KinCP[nmin=25],1855,0.9067385444743936,0.0112111236350864,0.0216172506738544,0.876010781671159,3.222377646790517,4.045780185150259,0.0,0.9110512129380054,0.8867924528301887,0.876010781671159,0.9514824797843666,0.908355795148248
GBLUP,R3,wheatG,EW,NormCP,1855,0.9245283018867924,0.0160598049700983,0.0245283018867924,0.9002695417789758,3.440566155827633,4.161852540270106,0.0,0.921832884097035,0.9110512129380054,0.9002695417789758,0.9622641509433962,0.9272237196765498
GBLUP,R3,wheatG,EW,SCP,1855,0.922911051212938,0.0220299910961752,0.0229110512129379,0.9002695417789758,3.4673689938614696,4.170099759204515,0.0,0.9272237196765498,0.9137466307277629,0.9002695417789758,0.9595687331536388,0.9137466307277629
GBLUP,R3,wheatG,GH,CV+,1855,0.9099730458221024,0.009829963627391,0.0228032345013476,0.8679245283018868,3.154074960179479,4.168044207272831,0.0,0.9622641509433962,0.8679245283018868,0.9002695417789758,0.9110512129380054,0.908355795148248
GBLUP,R3,wheatG,GH,CalPred-style,1855,0.8851752021563343,0.0092590641710607,0.02366576819407,0.8301886792452831,2.8190309441485804,4.112907236169525,0.0,0.9137466307277629,0.8301886792452831,0.8787061994609164,0.894878706199461,0.908355795148248
GBLUP,R3,wheatG,GH,CalPred-style(rand),1855,0.8824797843665768,0.0048964695753598,0.0198921832884097,0.8274932614555256,2.790463171511162,4.110971470528418,0.0,0.9002695417789758,0.8274932614555256,0.8840970350404312,0.894878706199461,0.9056603773584906
GBLUP,R3,wheatG,GH,Gauss-PEV,1855,0.8862533692722372,0.0029526822507016,0.024743935309973,0.8355795148247979,2.792280900321767,4.077908467934061,0.0,0.9245283018867924,0.8355795148247979,0.876010781671159,0.8921832884097035,0.9029649595687332
GBLUP,R3,wheatG,GH,Gauss-homosc,1855,0.8921832884097035,0.0063213150401932,0.0240970350404312,0.8598382749326146,2.889904877369293,4.096607672711424,0.0,0.9407008086253368,0.8598382749326146,0.8840970350404312,0.8840970350404312,0.8921832884097035
GBLUP,R3,wheatG,GH,KinCP,1855,0.9126684636118598,0.0090607742932461,0.0222641509433962,0.876010781671159,3.210685816436301,4.122953040371483,0.0,0.9326145552560648,0.876010781671159,0.9137466307277629,0.921832884097035,0.9191374663072776
GBLUP,R3,wheatG,GH,KinCP-A,1855,0.920754716981132,0.011687053039719,0.0238814016172506,0.8921832884097035,3.314503501000462,4.160971773196981,0.0,0.9407008086253368,0.8921832884097035,0.9137466307277629,0.9245283018867924,0.9326145552560648
GBLUP,R3,wheatG,GH,KinCP-AB,1855,0.9256064690026954,0.0096434198490557,0.0256064690026953,0.908355795148248,3.369425014337943,4.1795907313541845,0.0,0.954177897574124,0.908355795148248,0.9110512129380054,0.9272237196765498,0.9272237196765498
GBLUP,R3,wheatG,GH,KinCP-ABC,1855,0.909433962264151,0.007028789655205,0.017843665768194,0.8814016172506739,3.135839543575329,4.14852749202936,0.0,0.9514824797843666,0.8814016172506739,0.8975741239892183,0.9056603773584906,0.9110512129380054
GBLUP,R3,wheatG,GH,KinCP-AC,1855,0.9040431266846362,0.0094531956424529,0.0211859838274932,0.8571428571428571,3.0677546595788794,4.121181114134471,0.0,0.9326145552560648,0.8571428571428571,0.9029649595687332,0.9110512129380054,0.9164420485175202
GBLUP,R3,wheatG,GH,KinCP-B,1855,0.9175202156334232,0.010013032679788,0.0228032345013476,0.8867924528301887,3.3063051892813173,4.147189243417355,0.0,0.9460916442048516,0.8867924528301887,0.9164420485175202,0.9245283018867924,0.9137466307277629
GBLUP,R3,wheatG,GH,KinCP-BC,1855,0.9148247978436658,0.0090607742932461,0.0179514824797843,0.8921832884097035,3.217976819526462,4.149589393033961,0.0,0.9568733153638814,0.8921832884097035,0.9029649595687332,0.9110512129380054,0.9110512129380054
GBLUP,R3,wheatG,GH,KinCP-C,1855,0.9024258760107816,0.0108488473301876,0.0183827493261455,0.862533692722372,3.027354951537536,4.128298392746717,0.0,0.9272237196765498,0.862533692722372,0.8975741239892183,0.9110512129380054,0.9137466307277629
GBLUP,R3,wheatG,GH,KinCP[fixed-h],1855,0.9180592991913746,0.0105431844828075,0.027654986522911,0.876010781671159,3.2911581097345404,4.228795714116604,0.05822102425876,0.9622641509433962,0.876010781671159,0.9110512129380054,0.921832884097035,0.9191374663072776
GBLUP,R3,wheatG,GH,KinCP[h=0.25],1855,0.9175202156334232,0.0096434198490556,0.0228032345013477,0.8867924528301887,3.3115255055277126,4.151971783930708,0.0,0.9326145552560648,0.8867924528301887,0.9191374663072776,0.9245283018867924,0.9245283018867924
GBLUP,R3,wheatG,GH,KinCP[h=1.0],1855,0.9099730458221024,0.010369479278529,0.0195687331536388,0.876010781671159,3.1167965935534623,4.137714051639818,0.0,0.9326145552560648,0.876010781671159,0.9056603773584906,0.9164420485175202,0.9191374663072776
GBLUP,R3,wheatG,GH,KinCP[h=2.0],1855,0.9040431266846362,0.0132870701281576,0.018921832884097,0.8652291105121294,3.063939328732321,4.137315696998576,0.0,0.9245283018867924,0.8652291105121294,0.8975741239892183,0.9137466307277629,0.9191374663072776
GBLUP,R3,wheatG,GH,KinCP[nmin=100],1855,0.9121293800539084,0.0090607742932461,0.0206469002695417,0.8787061994609164,3.1659012142781005,4.124806003334227,0.0,0.9299191374663072,0.8787061994609164,0.9110512129380054,0.921832884097035,0.9191374663072776
GBLUP,R3,wheatG,GH,KinCP[nmin=25],1855,0.9142857142857144,0.0092197473727692,0.0238814016172506,0.876010781671159,3.223434458286928,4.127589263814623,0.0,0.9433962264150944,0.876010781671159,0.9110512129380054,0.921832884097035,0.9191374663072776
GBLUP,R3,wheatG,GH,NormCP,1855,0.8943396226415095,0.0296740893682434,0.0209703504043126,0.8436657681940701,3.21198060543712,4.365627489434864,0.0,0.9326145552560648,0.8436657681940701,0.8921832884097035,0.8975741239892183,0.9056603773584906
GBLUP,R3,wheatG,GH,SCP,1855,0.8975741239892183,0.030435551996324,0.0231266846361186,0.862533692722372,3.2213579948695763,4.413442100188791,0.0,0.9514824797843666,0.862533692722372,0.8867924528301887,0.8867924528301887,0.9002695417789758
GBLUP,R3,wheatG,GPE,CV+,1855,0.9132075471698112,0.0106801146933471,0.0249595687331536,0.8706199460916442,3.284472891134078,4.004655843472394,0.0,0.9029649595687332,0.921832884097035,0.9299191374663072,0.9407008086253368,0.8706199460916442
GBLUP,R3,wheatG,GPE,CalPred-style,1855,0.8867924528301887,0.0151279948252315,0.0198921832884097,0.8571428571428571,3.051370237106432,4.015488322449518,0.0,0.8571428571428571,0.8921832884097035,0.9029649595687332,0.9137466307277629,0.8679245283018868
GBLUP,R3,wheatG,GPE,CalPred-style(rand),1855,0.8911051212938005,0.0112111236350864,0.0177358490566037,0.8544474393530997,3.07736227183503,4.02251054291906,0.0,0.8544474393530997,0.9002695417789758,0.8975741239892183,0.921832884097035,0.8814016172506739
GBLUP,R3,wheatG,GPE,Gauss-PEV,1855,0.8943396226415095,0.0122634104216467,0.02,0.8652291105121294,3.1112721572065047,3.9846210529304105,0.0,0.8652291105121294,0.9110512129380054,0.9002695417789758,0.9245283018867924,0.8706199460916442
GBLUP,R3,wheatG,GPE,Gauss-homosc,1855,0.8986522911051213,0.0124398714385059,0.018921832884097,0.8652291105121294,3.163358347582617,3.9871845709253706,0.0,0.8840970350404312,0.9137466307277629,0.908355795148248,0.921832884097035,0.8652291105121294
GBLUP,R3,wheatG,GPE,KinCP,1855,0.8959568733153639,0.0189255953439805,0.0106199460916442,0.8840970350404312,3.1446999550625248,4.01980557204642,0.0,0.8840970350404312,0.8975741239892183,0.889487870619946,0.9164420485175202,0.8921832884097035
GBLUP,R3,wheatG,GPE,KinCP-A,1855,0.9040431266846362,0.0108822799127689,0.0124528301886792,0.8840970350404312,3.222283621309617,4.0206423793458885,0.0,0.8840970350404312,0.908355795148248,0.908355795148248,0.9245283018867924,0.894878706199461
GBLUP,R3,wheatG,GPE,KinCP-AB,1855,0.907277628032345,0.011841446165223,0.0124528301886792,0.8921832884097035,3.240475665150564,4.017056050411746,0.0,0.8921832884097035,0.908355795148248,0.9137466307277629,0.9272237196765498,0.894878706199461
GBLUP,R3,wheatG,GPE,KinCP-ABC,1855,0.907277628032345,0.0122929964970257,0.0199999999999999,0.8706199460916442,3.256594075578669,4.0028541487920535,0.0,0.8975741239892183,0.9164420485175202,0.921832884097035,0.9299191374663072,0.8706199460916442
GBLUP,R3,wheatG,GPE,KinCP-AC,1855,0.9040431266846362,0.0173221229251316,0.0232345013477089,0.8733153638814016,3.2202832337468723,3.996829212633089,0.0,0.8733153638814016,0.9137466307277629,0.9191374663072776,0.935309973045822,0.8787061994609164
GBLUP,R3,wheatG,GPE,KinCP-B,1855,0.8986522911051213,0.0195858783014392,0.0079245283018867,0.8867924528301887,3.172485842812702,4.016103433895793,0.0,0.8975741239892183,0.8975741239892183,0.894878706199461,0.9164420485175202,0.8867924528301887
GBLUP,R3,wheatG,GPE,KinCP-BC,1855,0.907277628032345,0.011687053039719,0.0199999999999999,0.8706199460916442,3.2291114843706703,3.9907427491923975,0.0,0.8975741239892183,0.9191374663072776,0.921832884097035,0.9272237196765498,0.8706199460916442
GBLUP,R3,wheatG,GPE,KinCP-C,1855,0.8975741239892183,0.0172590949796033,0.0199999999999999,0.8679245283018868,3.163970263488997,3.991980245785702,0.0,0.8679245283018868,0.908355795148248,0.9110512129380054,0.9245283018867924,0.876010781671159
GBLUP,R3,wheatG,GPE,KinCP[fixed-h],1855,0.9067385444743936,0.0154370038418073,0.0119137466307277,0.8921832884097035,3.2342221826346207,4.066140083470128,0.0366576819407008,0.9245283018867924,0.9056603773584906,0.894878706199461,0.9164420485175202,0.8921832884097035
GBLUP,R3,wheatG,GPE,KinCP[h=0.25],1855,0.8970350404312668,0.0168759847358474,0.0116981132075471,0.8840970350404312,3.156804649449357,4.038261609785252,0.0,0.8840970350404312,0.8975741239892183,0.889487870619946,0.921832884097035,0.8921832884097035
GBLUP,R3,wheatG,GPE,KinCP[h=1.0],1855,0.8970350404312668,0.0193807849188652,0.0118059299191374,0.8814016172506739,3.1373064336391945,4.007099715060092,0.0,0.8814016172506739,0.9002695417789758,0.8975741239892183,0.921832884097035,0.8840970350404312
GBLUP,R3,wheatG,GPE,KinCP[h=2.0],1855,0.8964959568733154,0.0171111269521335,0.017843665768194,0.8679245283018868,3.142211623088778,4.001345956420827,0.0,0.8679245283018868,0.9056603773584906,0.9056603773584906,0.9245283018867924,0.8787061994609164
GBLUP,R3,wheatG,GPE,KinCP[nmin=100],1855,0.8954177897574124,0.0188100768974317,0.0133153638814016,0.876010781671159,3.11168777316826,4.0103336120929205,0.0,0.876010781671159,0.8975741239892183,0.8921832884097035,0.921832884097035,0.889487870619946
GBLUP,R3,wheatG,GPE,KinCP[nmin=25],1855,0.9002695417789758,0.0142628103022349,0.0085714285714285,0.8921832884097035,3.186886506613238,4.022276550971989,0.0,0.8921832884097035,0.9056603773584906,0.894878706199461,0.9164420485175202,0.8921832884097035
GBLUP,R3,wheatG,GPE,NormCP,1855,0.8959568733153639,0.0166811304008256,0.0173045822102425,0.8679245283018868,3.2288248815417853,4.061546301270544,0.0,0.8787061994609164,0.9110512129380054,0.9029649595687332,0.9191374663072776,0.8679245283018868
GBLUP,R3,wheatG,GPE,SCP,1855,0.9013477088948788,0.0164619207381158,0.0163342318059298,0.862533692722372,3.279658158257734,4.081922266242367,0.0,0.9029649595687332,0.921832884097035,0.9029649595687332,0.9164420485175202,0.862533692722372
RKHS,R1,barley,BaMMV,CV+,1438,0.913769123783032,,0.0323886953155245,0.8576388888888888,2.5073463212605733,3.0841616799752223,0.0,0.9756944444444444,0.9233449477351916,0.8958333333333334,0.9163763066202092,0.8576388888888888
RKHS,R1,barley,BaMMV,CalPred-style,1438,0.8977746870653686,,0.0210157762291908,0.867595818815331,2.37057193149015,3.0208794641956005,0.0,0.8923611111111112,0.867595818815331,0.8819444444444444,0.9303135888501742,0.9166666666666666
RKHS,R1,barley,BaMMV,CalPred-style(rand),1438,0.8977746870653686,,0.0179553813395276,0.867595818815331,2.359380243660218,3.0171655602235363,0.0,0.9027777777777778,0.867595818815331,0.8819444444444444,0.9233449477351916,0.9131944444444444
RKHS,R1,barley,BaMMV,Gauss-homosc,1438,0.9026425591098748,,0.0300072590011614,0.8506944444444444,2.435990520773378,3.1042022101843707,0.0,0.9756944444444444,0.9059233449477352,0.8854166666666666,0.8954703832752613,0.8506944444444444
RKHS,R1,barley,BaMMV,KinCP,1438,0.8977746870653686,,0.0126655052264808,0.8815331010452961,2.3628616289504194,3.0160437999777474,0.0,0.90625,0.8815331010452961,0.8854166666666666,0.9198606271777005,0.8958333333333334
RKHS,R1,barley,BaMMV,KinCP-A,1438,0.9019471488178024,,0.0137766163375919,0.8815331010452961,2.387446549576336,3.011362058301806,0.0,0.90625,0.8815331010452961,0.8888888888888888,0.9198606271777005,0.9131944444444444
RKHS,R1,barley,BaMMV,KinCP-AB,1438,0.9033379694019472,,0.0112645180023228,0.8854166666666666,2.4172907413485496,3.0140865137884707,0.0,0.9201388888888888,0.8954703832752613,0.8993055555555556,0.9163763066202092,0.8854166666666666
RKHS,R1,barley,BaMMV,KinCP-ABC,1438,0.9047287899860916,,0.0293128145567169,0.8541666666666666,2.478756744877312,3.103946481762331,0.0,0.9756944444444444,0.9094076655052264,0.8854166666666666,0.8989547038327527,0.8541666666666666
RKHS,R1,barley,BaMMV,KinCP-AC,1438,0.8949930458970793,,0.0207234804490902,0.8641114982578397,2.35491083033799,3.032702258512284,0.0,0.9270833333333334,0.8641114982578397,0.8715277777777778,0.9059233449477352,0.90625
RKHS,R1,barley,BaMMV,KinCP-B,1438,0.9123783031988874,,0.0141957026713124,0.8954703832752613,2.493523945293376,3.0257996094707744,0.0,0.9201388888888888,0.8954703832752613,0.9027777777777778,0.9372822299651568,0.90625
RKHS,R1,barley,BaMMV,KinCP-BC,1438,0.9388038942976356,,0.0388066202090592,0.9027777777777778,2.8195495968544475,3.1820782834312533,0.0,0.9826388888888888,0.940766550522648,0.9270833333333334,0.940766550522648,0.9027777777777778
RKHS,R1,barley,BaMMV,KinCP-C,1438,0.885952712100139,,0.0235051296941541,0.8606271777003485,2.2712441239698564,3.037203644913487,0.0,0.9236111111111112,0.8606271777003485,0.8715277777777778,0.89198606271777,0.8819444444444444
RKHS,R1,barley,BaMMV,KinCP[fixed-h],1438,0.8977746870653686,,0.0126655052264808,0.8815331010452961,2.362772586886526,3.0159547579138546,0.0,0.90625,0.8815331010452961,0.8854166666666666,0.9198606271777005,0.8958333333333334
RKHS,R1,barley,BaMMV,KinCP[h=0.25],1438,0.9019471488178024,,0.0082162214479287,0.8885017421602788,2.407562042886172,3.0278658617292287,0.0,0.9027777777777778,0.8885017421602788,0.8958333333333334,0.9198606271777005,0.9027777777777778
RKHS,R1,barley,BaMMV,KinCP[h=1.0],1438,0.8887343532684284,,0.0189155052264808,0.867595818815331,2.318307945692406,3.0179790464193443,0.0,0.9131944444444444,0.867595818815331,0.8715277777777778,0.9059233449477352,0.8854166666666666
RKHS,R1,barley,BaMMV,KinCP[h=2.0],1438,0.8873435326842837,,0.0221138211382114,0.8606271777003485,2.2918838701146296,3.034414096463748,0.0,0.9236111111111112,0.8606271777003485,0.8715277777777778,0.8954703832752613,0.8854166666666666
RKHS,R1,barley,BaMMV,KinCP[nmin=100],1438,0.8984700973574409,,0.0133599496709252,0.8815331010452961,2.367070508710301,3.0167754764267465,0.0,0.9097222222222222,0.8815331010452961,0.8854166666666666,0.9198606271777005,0.8958333333333334
RKHS,R1,barley,BaMMV,KinCP[nmin=25],1438,0.8977746870653686,,0.0126655052264808,0.8815331010452961,2.362772586886526,3.0159547579138546,0.0,0.90625,0.8815331010452961,0.8854166666666666,0.9198606271777005,0.8958333333333334
RKHS,R1,barley,BaMMV,NormCP,1438,0.9109874826147428,,0.0227995547812621,0.8815331010452961,2.452662628859539,3.0717483336533418,0.0,0.9444444444444444,0.8815331010452961,0.8888888888888888,0.9128919860627178,0.9270833333333334
RKHS,R1,barley,BaMMV,SCP,1438,0.9082058414464534,,0.0314106658923732,0.8541666666666666,2.5148840906567145,3.142850538956969,0.0,0.9722222222222222,0.926829268292683,0.8923611111111112,0.8954703832752613,0.8541666666666666
RKHS,R1,barley,BaYMV,CV+,1438,0.9123783031988874,,0.0265505226480835,0.8645833333333334,2.7492819904168617,3.631729116882799,0.0,0.9513888888888888,0.9198606271777005,0.9131944444444444,0.9128919860627178,0.8645833333333334
RKHS,R1,barley,BaYMV,CalPred-style,1438,0.9075104311543812,,0.0133536585365853,0.8854166666666666,2.7803408483208787,3.635721880377482,0.0,0.90625,0.9163763066202092,0.9166666666666666,0.9128919860627178,0.8854166666666666
RKHS,R1,barley,BaYMV,CalPred-style(rand),1438,0.9054242002781642,,0.0143307200929152,0.8784722222222222,2.7668546539168406,3.618932161510146,0.0,0.8993055555555556,0.9163763066202092,0.9131944444444444,0.9198606271777005,0.8784722222222222
RKHS,R1,barley,BaYMV,Gauss-homosc,1438,0.9144645340751044,,0.027244967092528,0.8680555555555556,2.8020305549852784,3.651339405921208,0.0,0.9513888888888888,0.9198606271777005,0.9201388888888888,0.9128919860627178,0.8680555555555556
RKHS,R1,barley,BaYMV,KinCP,1438,0.8984700973574409,,0.0133381726674409,0.8784722222222222,2.673367929947524,3.617216153716444,0.0,0.9236111111111112,0.8989547038327527,0.8854166666666666,0.9059233449477352,0.8784722222222222
RKHS,R1,barley,BaYMV,KinCP-A,1438,0.8998609179415855,,0.0091690863337204,0.8888888888888888,2.6984484875136183,3.6220722724134697,0.0,0.9201388888888888,0.902439024390244,0.8888888888888888,0.8989547038327527,0.8888888888888888
RKHS,R1,barley,BaYMV,KinCP-AB,1438,0.9033379694019472,,0.0136241773132017,0.8819444444444444,2.71274258426827,3.62414649586634,0.0,0.9236111111111112,0.9059233449477352,0.8923611111111112,0.9128919860627178,0.8819444444444444
RKHS,R1,barley,BaYMV,KinCP-ABC,1438,0.9068150208623088,,0.0251543747580332,0.8541666666666666,2.7240366322325995,3.6452911325823294,0.0,0.9513888888888888,0.9128919860627178,0.90625,0.9094076655052264,0.8541666666666666
RKHS,R1,barley,BaYMV,KinCP-AC,1438,0.8991655076495132,,0.0122256097560975,0.875,2.6820358626653187,3.6110021107842383,0.0,0.9236111111111112,0.902439024390244,0.8923611111111112,0.902439024390244,0.875
RKHS,R1,barley,BaYMV,KinCP-B,1438,0.9054242002781642,,0.0143234610917537,0.8784722222222222,2.7347634310611784,3.619321074772893,0.0,0.9236111111111112,0.9094076655052264,0.8993055555555556,0.9163763066202092,0.8784722222222222
RKHS,R1,barley,BaYMV,KinCP-BC,1438,0.9200278164116829,,0.0314213124274099,0.8715277777777778,2.9068105873459884,3.668486809039846,0.0,0.9583333333333334,0.926829268292683,0.9236111111111112,0.9198606271777005,0.8715277777777778
RKHS,R1,barley,BaYMV,KinCP-C,1438,0.894297635605007,,0.0119468641114982,0.8715277777777778,2.6525945068312646,3.606127282786078,0.0,0.9131944444444444,0.8989547038327527,0.8854166666666666,0.902439024390244,0.8715277777777778
RKHS,R1,barley,BaYMV,KinCP[fixed-h],1438,0.8984700973574409,,0.0133381726674409,0.8784722222222222,2.6734499985140574,3.617298222282977,0.0,0.9236111111111112,0.8989547038327527,0.8854166666666666,0.9059233449477352,0.8784722222222222
RKHS,R1,barley,BaYMV,KinCP[h=0.25],1438,0.8984700973574409,,0.011949283778552,0.8819444444444444,2.6988264939278843,3.630121438567904,0.0,0.9201388888888888,0.9059233449477352,0.8854166666666666,0.8989547038327527,0.8819444444444444
RKHS,R1,barley,BaYMV,KinCP[h=1.0],1438,0.8984700973574409,,0.0147294812233836,0.8715277777777778,2.666021882905559,3.608840148467799,0.0,0.9236111111111112,0.8989547038327527,0.8888888888888888,0.9094076655052264,0.8715277777777778
RKHS,R1,barley,BaYMV,KinCP[h=2.0],1438,0.8963838664812239,,0.0126437282229965,0.8715277777777778,2.6576779670170847,3.606468843511248,0.0,0.9166666666666666,0.8989547038327527,0.8888888888888888,0.9059233449477352,0.8715277777777778
RKHS,R1,barley,BaYMV,KinCP[nmin=100],1438,0.8984700973574409,,0.0133381726674409,0.8784722222222222,2.668830497044183,3.614711567814372,0.0,0.9236111111111112,0.8989547038327527,0.8854166666666666,0.9059233449477352,0.8784722222222222
RKHS,R1,barley,BaYMV,KinCP[nmin=25],1438,0.8984700973574409,,0.0133381726674409,0.8784722222222222,2.6734499985140574,3.617298222282977,0.0,0.9236111111111112,0.8989547038327527,0.8854166666666666,0.9059233449477352,0.8784722222222222
RKHS,R1,barley,BaYMV,NormCP,1438,0.9047287899860916,,0.0105613627564847,0.8854166666666666,2.7683824704010287,3.63134337348298,0.0,0.9236111111111112,0.902439024390244,0.90625,0.9059233449477352,0.8854166666666666
RKHS,R1,barley,BaYMV,SCP,1438,0.9005563282336578,,0.0244478319783197,0.8402777777777778,2.717584862334649,3.6716919740442657,0.0,0.9513888888888888,0.902439024390244,0.90625,0.902439024390244,0.8402777777777778
RKHS,R1,bean,DF,CV+,444,0.918918918918919,,0.0423799795709907,0.8409090909090909,2.1017010235449565,2.718167160877964,0.0,0.9550561797752808,0.9438202247191012,0.8409090909090909,0.9101123595505618,0.9438202247191012
RKHS,R1,bean,DF,CalPred-style,444,0.9346846846846848,,0.0445505617977527,0.875,2.249099244992113,2.814062902517636,0.0,0.9550561797752808,0.9438202247191012,0.875,0.9325842696629212,0.9662921348314608
RKHS,R1,bean,DF,CalPred-style(rand),444,0.927927927927928,,0.0468488253319713,0.8522727272727273,2.194457127024694,2.811295047021217,0.0,0.9662921348314608,0.9438202247191012,0.8522727272727273,0.9213483146067416,0.9550561797752808
RKHS,R1,bean,DF,Gauss-homosc,444,0.9256756756756755,,0.0400817160367722,0.8636363636363636,2.1700507830764577,2.7718714202854136,0.0,0.9438202247191012,0.9438202247191012,0.8636363636363636,0.9213483146067416,0.9550561797752808
RKHS,R1,bean,DF,KinCP,444,0.90990990990991,,0.0379111338100101,0.8295454545454546,2.077181091221364,2.7692511976121508,0.0,0.9101123595505618,0.9438202247191012,0.8295454545454546,0.9101123595505618,0.9550561797752808
RKHS,R1,bean,DF,KinCP-A,444,0.8986486486486487,,0.0451276813074565,0.8181818181818182,2.0351264546959835,2.775197224487437,0.0,0.9101123595505618,0.9438202247191012,0.8181818181818182,0.8651685393258427,0.9550561797752808
RKHS,R1,bean,DF,KinCP-AB,444,0.8986486486486487,,0.0496220633299284,0.8181818181818182,2.060184397448844,2.768527061577034,0.0,0.9213483146067416,0.9438202247191012,0.8181818181818182,0.8539325842696629,0.9550561797752808
RKHS,R1,bean,DF,KinCP-ABC,444,0.9076576576576576,,0.0406077630234933,0.8295454545454546,2.0594810741753498,2.7435334297866905,0.0,0.9213483146067416,0.9438202247191012,0.8295454545454546,0.8876404494382022,0.9550561797752808
RKHS,R1,bean,DF,KinCP-AC,444,0.8986486486486487,,0.0410827374872318,0.8181818181818182,2.002769206954655,2.753052741824768,0.0,0.898876404494382,0.9438202247191012,0.8181818181818182,0.8764044943820225,0.9550561797752808
RKHS,R1,bean,DF,KinCP-B,444,0.9121621621621622,,0.0356384065372829,0.8409090909090909,2.1088690816634816,2.756595597582409,0.0,0.9101123595505618,0.9438202247191012,0.8409090909090909,0.9101123595505618,0.9550561797752808
RKHS,R1,bean,DF,KinCP-BC,444,0.918918918918919,,0.0378600612870275,0.8522727272727273,2.112220209344625,2.7617992891351486,0.0,0.9325842696629212,0.9438202247191012,0.8522727272727273,0.9101123595505618,0.9550561797752808
RKHS,R1,bean,DF,KinCP-C,444,0.8986486486486487,,0.0410827374872318,0.8181818181818182,2.003834911928083,2.7579008412660007,0.0,0.898876404494382,0.9438202247191012,0.8181818181818182,0.8764044943820225,0.9550561797752808
RKHS,R1,bean,DF,KinCP[fixed-h],444,0.918918918918919,,0.046899897854954,0.8295454545454546,2.107339537948858,2.7840470950127374,0.0292792792792793,0.9550561797752808,0.9438202247191012,0.8295454545454546,0.9101123595505618,0.9550561797752808
RKHS,R1,bean,DF,KinCP[h=0.25],444,0.9076576576576576,,0.0406332992849846,0.8181818181818182,2.0947993931379747,2.767981560093326,0.0,0.9101123595505618,0.9550561797752808,0.8181818181818182,0.898876404494382,0.9550561797752808
RKHS,R1,bean,DF,KinCP[h=1.0],444,0.9121621621621622,,0.0356384065372829,0.8409090909090909,2.052494915516605,2.756741231616908,0.0,0.9101123595505618,0.9438202247191012,0.8409090909090909,0.9101123595505618,0.9550561797752808
RKHS,R1,bean,DF,KinCP[h=2.0],444,0.9076576576576576,,0.0401838610827374,0.8181818181818182,2.023420772962972,2.755614835046572,0.0,0.9101123595505618,0.9438202247191012,0.8181818181818182,0.9101123595505618,0.9550561797752808
RKHS,R1,bean,DF,KinCP[nmin=100],444,0.90990990990991,,0.0379111338100101,0.8295454545454546,2.066749424883962,2.7676897916350947,0.0,0.9101123595505618,0.9438202247191012,0.8295454545454546,0.9101123595505618,0.9550561797752808
RKHS,R1,bean,DF,KinCP[nmin=25],444,0.90990990990991,,0.0379111338100101,0.8295454545454546,2.083251255708438,2.768079020533988,0.0,0.9101123595505618,0.9438202247191012,0.8295454545454546,0.9101123595505618,0.9550561797752808
RKHS,R1,bean,DF,NormCP,444,0.8918918918918919,,0.0433810010214505,0.7954545454545454,2.022487978520426,2.8668460154276625,0.0,0.8876404494382022,0.9213483146067416,0.7954545454545454,0.8876404494382022,0.9662921348314608
RKHS,R1,bean,DF,SCP,444,0.8873873873873874,,0.0433810010214504,0.7954545454545454,1.99506817460548,2.863238148521454,0.0,0.8876404494382022,0.9213483146067416,0.7954545454545454,0.8764044943820225,0.9550561797752808
RKHS,R1,bean,DPM,CV+,444,0.9076576576576576,,0.0225025536261491,0.8764044943820225,2.5148803459278257,3.097260851772507,0.0,0.9213483146067416,0.8764044943820225,0.8863636363636364,0.9438202247191012,0.9101123595505618
RKHS,R1,bean,DPM,CalPred-style,444,0.9076576576576576,,0.0225280898876404,0.875,2.431455635574155,3.121930483126565,0.0,0.9101123595505618,0.8876404494382022,0.875,0.9325842696629212,0.9325842696629212
RKHS,R1,bean,DPM,CalPred-style(rand),444,0.8986486486486487,,0.0230030643513789,0.8636363636363636,2.339191058590742,3.116498127656345,0.0,0.8876404494382022,0.8876404494382022,0.8636363636363636,0.9213483146067416,0.9325842696629212
RKHS,R1,bean,DPM,Gauss-homosc,444,0.90990990990991,,0.0202808988764044,0.875,2.4817485134721045,3.0983698835126385,0.0,0.9213483146067416,0.898876404494382,0.875,0.9325842696629212,0.9213483146067416
RKHS,R1,bean,DPM,KinCP,444,0.9054054054054054,,0.0248008171603677,0.8636363636363636,2.4314117910433235,3.125898325256014,0.0,0.9101123595505618,0.8876404494382022,0.8636363636363636,0.9325842696629212,0.9325842696629212
RKHS,R1,bean,DPM,KinCP-A,444,0.9054054054054054,,0.0202808988764044,0.875,2.4240914462643097,3.086888763479488,0.0,0.9101123595505618,0.8876404494382022,0.875,0.9325842696629212,0.9213483146067416
RKHS,R1,bean,DPM,KinCP-AB,444,0.9076576576576576,,0.0225280898876404,0.875,2.445615002158433,3.084727357765977,0.0,0.9213483146067416,0.8876404494382022,0.875,0.9325842696629212,0.9213483146067416
RKHS,R1,bean,DPM,KinCP-ABC,444,0.9076576576576576,,0.0180337078651685,0.875,2.446214697558635,3.0984777620275383,0.0,0.9213483146067416,0.898876404494382,0.875,0.9325842696629212,0.9101123595505618
RKHS,R1,bean,DPM,KinCP-AC,444,0.9054054054054054,,0.0248008171603677,0.8636363636363636,2.379574230163761,3.0913412954494546,0.0,0.9213483146067416,0.8876404494382022,0.8636363636363636,0.9325842696629212,0.9213483146067416
RKHS,R1,bean,DPM,KinCP-B,444,0.9054054054054054,,0.0248008171603677,0.8636363636363636,2.4665100214316658,3.125699184797074,0.0,0.9101123595505618,0.8876404494382022,0.8636363636363636,0.9325842696629212,0.9325842696629212
RKHS,R1,bean,DPM,KinCP-BC,444,0.918918918918919,,0.0292696629213482,0.875,2.5512234165164225,3.1197423268788027,0.0,0.9325842696629212,0.898876404494382,0.875,0.9550561797752808,0.9325842696629212
RKHS,R1,bean,DPM,KinCP-C,444,0.9054054054054054,,0.0248008171603677,0.8636363636363636,2.4121288360033413,3.0999249104482955,0.0,0.9213483146067416,0.8876404494382022,0.8636363636363636,0.9325842696629212,0.9213483146067416
RKHS,R1,bean,DPM,KinCP[fixed-h],444,0.9054054054054054,,0.0248008171603677,0.8636363636363636,2.4501285839509728,3.1462722664984963,0.0270270270270269,0.9101123595505618,0.8876404494382022,0.8636363636363636,0.9325842696629212,0.9325842696629212
RKHS,R1,bean,DPM,KinCP[h=0.25],444,0.9121621621621622,,0.0225025536261491,0.8863636363636364,2.4617294470486373,3.08501019596547,0.0,0.9101123595505618,0.8876404494382022,0.8863636363636364,0.9325842696629212,0.9438202247191012
RKHS,R1,bean,DPM,KinCP[h=1.0],444,0.9076576576576576,,0.0225280898876404,0.875,2.431474812091452,3.107896799443006,0.0,0.9101123595505618,0.8876404494382022,0.875,0.9325842696629212,0.9325842696629212
RKHS,R1,bean,DPM,KinCP[h=2.0],444,0.9076576576576576,,0.0225280898876404,0.875,2.423934411163251,3.1031903606201947,0.0,0.9213483146067416,0.8876404494382022,0.875,0.9325842696629212,0.9213483146067416
RKHS,R1,bean,DPM,KinCP[nmin=100],444,0.9054054054054054,,0.0248008171603677,0.8636363636363636,2.432434871488269,3.1202268979823344,0.0,0.9101123595505618,0.8876404494382022,0.8636363636363636,0.9325842696629212,0.9325842696629212
RKHS,R1,bean,DPM,KinCP[nmin=25],444,0.9054054054054054,,0.0248008171603677,0.8636363636363636,2.434269439717076,3.124571546880012,0.0,0.9101123595505618,0.8876404494382022,0.8636363636363636,0.9325842696629212,0.9325842696629212
RKHS,R1,bean,DPM,NormCP,444,0.8783783783783784,,0.0298212461695607,0.8295454545454546,2.242747016130988,3.2177083365162944,0.0,0.898876404494382,0.8426966292134831,0.8295454545454546,0.9101123595505618,0.9101123595505618
RKHS,R1,bean,DPM,SCP,444,0.8693693693693694,,0.0307201225740551,0.8295454545454546,2.250843483633803,3.2410564201769594,0.0,0.898876404494382,0.8426966292134831,0.8295454545454546,0.898876404494382,0.8764044943820225
RKHS,R1,bean,PHI,CV+,444,0.9166666666666666,,0.0351532175689478,0.8539325842696629,2.8371184395780937,4.081313086857471,0.0,0.9325842696629212,0.9325842696629212,0.9431818181818182,0.9213483146067416,0.8539325842696629
RKHS,R1,bean,PHI,CalPred-style,444,0.8986486486486487,,0.0310827374872318,0.8539325842696629,2.624354226899952,4.076230000782276,0.0,0.8539325842696629,0.9213483146067416,0.9318181818181818,0.9213483146067416,0.8651685393258427
RKHS,R1,bean,PHI,CalPred-style(rand),444,0.8963963963963963,,0.0333299284984678,0.8314606741573034,2.647915563457222,4.081424138615811,0.0,0.8314606741573034,0.9213483146067416,0.9318181818181818,0.9213483146067416,0.8764044943820225
RKHS,R1,bean,PHI,Gauss-homosc,444,0.9234234234234234,,0.0374259448416751,0.8651685393258427,3.019202018575428,4.100820978288654,0.0,0.9325842696629212,0.9438202247191012,0.9545454545454546,0.9213483146067416,0.8651685393258427
RKHS,R1,bean,PHI,KinCP,444,0.8918918918918919,,0.0292594484167517,0.8314606741573034,2.6164630271601745,4.025454105028965,0.0,0.8876404494382022,0.9325842696629212,0.9204545454545454,0.8876404494382022,0.8314606741573034
RKHS,R1,bean,PHI,KinCP-A,444,0.8941441441441441,,0.0225178753830439,0.8539325842696629,2.6698672963729115,4.003512034546958,0.0,0.8876404494382022,0.9213483146067416,0.9204545454545454,0.8876404494382022,0.8539325842696629
RKHS,R1,bean,PHI,KinCP-AB,444,0.8963963963963963,,0.0202706843718079,0.8539325842696629,2.681980878357365,4.001834335940422,0.0,0.898876404494382,0.9213483146067416,0.9204545454545454,0.8876404494382022,0.8539325842696629
RKHS,R1,bean,PHI,KinCP-ABC,444,0.8963963963963963,,0.0378243105209397,0.797752808988764,2.733046658186049,4.052804282537503,0.0,0.898876404494382,0.9325842696629212,0.9318181818181818,0.9213483146067416,0.797752808988764
RKHS,R1,bean,PHI,KinCP-AC,444,0.8963963963963963,,0.0333299284984678,0.8089887640449438,2.7125176161405644,4.036181463183605,0.0,0.898876404494382,0.9325842696629212,0.9318181818181818,0.9101123595505618,0.8089887640449438
RKHS,R1,bean,PHI,KinCP-B,444,0.8963963963963963,,0.0247650663942798,0.8426966292134831,2.634668834056425,4.026111140710335,0.0,0.898876404494382,0.9325842696629212,0.9204545454545454,0.8876404494382022,0.8426966292134831
RKHS,R1,bean,PHI,KinCP-BC,444,0.918918918918919,,0.0329315628192032,0.8651685393258427,2.888636527635778,4.088973407306995,0.0,0.9213483146067416,0.9325842696629212,0.9545454545454546,0.9213483146067416,0.8651685393258427
RKHS,R1,bean,PHI,KinCP-C,444,0.9054054054054054,,0.0283861082737487,0.8426966292134831,2.794157486760153,4.064358645751305,0.0,0.9101123595505618,0.9325842696629212,0.9318181818181818,0.9101123595505618,0.8426966292134831
RKHS,R1,bean,PHI,KinCP[fixed-h],444,0.8986486486486487,,0.0310572012257405,0.8314606741573034,2.6688996772264004,4.048494110535369,0.0225225225225225,0.9213483146067416,0.9325842696629212,0.9204545454545454,0.8876404494382022,0.8314606741573034
RKHS,R1,bean,PHI,KinCP[h=0.25],444,0.8941441441441441,,0.0225434116445352,0.8426966292134831,2.6560407342202423,4.033448653064113,0.0,0.898876404494382,0.9101123595505618,0.9318181818181818,0.8876404494382022,0.8426966292134831
RKHS,R1,bean,PHI,KinCP[h=1.0],444,0.8963963963963963,,0.0333299284984678,0.8426966292134831,2.643866447146878,4.026917352947503,0.0,0.8651685393258427,0.9325842696629212,0.9318181818181818,0.9101123595505618,0.8426966292134831
RKHS,R1,bean,PHI,KinCP[h=2.0],444,0.9031531531531533,,0.0265883554647599,0.8426966292134831,2.728032490245257,4.045274290785295,0.0,0.898876404494382,0.9325842696629212,0.9318181818181818,0.9101123595505618,0.8426966292134831
RKHS,R1,bean,PHI,KinCP[nmin=100],444,0.8941441441441441,,0.0270122574055158,0.8314606741573034,2.6027138640490826,4.009647738410758,0.0,0.898876404494382,0.9325842696629212,0.9204545454545454,0.8876404494382022,0.8314606741573034
RKHS,R1,bean,PHI,KinCP[nmin=25],444,0.8941441441441441,,0.0270122574055158,0.8314606741573034,2.6436354845411243,4.043959384417156,0.0,0.898876404494382,0.9325842696629212,0.9204545454545454,0.8876404494382022,0.8314606741573034
RKHS,R1,bean,PHI,NormCP,444,0.8986486486486487,,0.0310572012257405,0.8426966292134831,3.0462703279396743,4.201830736675953,0.0,0.8764044943820225,0.9325842696629212,0.9204545454545454,0.9213483146067416,0.8426966292134831
RKHS,R1,bean,PHI,SCP,444,0.9009009009009008,,0.0288100102145045,0.8314606741573034,3.0876386572590686,4.2304869712026845,0.0,0.898876404494382,0.9325842696629212,0.9204545454545454,0.9213483146067416,0.8314606741573034
RKHS,R1,lentil,DTF,CV+,324,0.9074074074074074,,0.0506730769230769,0.8461538461538461,2.083518129841102,2.7177488980783475,0.0,0.953846153846154,0.9230769230769232,0.96875,0.8461538461538461,0.8461538461538461
RKHS,R1,lentil,DTF,CalPred-style,324,0.9012345679012346,,0.0414423076923076,0.8307692307692308,2.0343100669223992,2.722866339300507,0.0,0.8307692307692308,0.8769230769230769,0.96875,0.8923076923076924,0.9384615384615383
RKHS,R1,lentil,DTF,CalPred-style(rand),324,0.8796296296296297,,0.0475961538461538,0.8307692307692308,1.857808047882644,2.7021831495506983,0.0,0.8307692307692308,0.8615384615384616,0.96875,0.8461538461538461,0.8923076923076924
RKHS,R1,lentil,DTF,Gauss-homosc,324,0.8981481481481481,,0.0599038461538461,0.8153846153846154,1.95979911902992,2.7283757759245524,0.0,0.9384615384615383,0.9384615384615383,0.96875,0.8307692307692308,0.8153846153846154
RKHS,R1,lentil,DTF,KinCP,324,0.904320987654321,,0.0383653846153846,0.8461538461538461,2.0487264550263684,2.760548518761678,0.0,0.8461538461538461,0.8769230769230769,0.96875,0.8923076923076924,0.9384615384615383
RKHS,R1,lentil,DTF,KinCP-A,324,0.8950617283950617,,0.0352884615384615,0.8461538461538461,1.928884354437929,2.739567201886527,0.0,0.8461538461538461,0.8769230769230769,0.96875,0.8769230769230769,0.9076923076923076
RKHS,R1,lentil,DTF,KinCP-AB,324,0.9197530864197532,,0.0260576923076923,0.8923076923076924,2.020845281580708,2.713463947596825,0.0,0.9230769230769232,0.8923076923076924,0.96875,0.8923076923076924,0.9230769230769232
RKHS,R1,lentil,DTF,KinCP-ABC,324,0.904320987654321,,0.0537499999999999,0.8307692307692308,2.055912156861748,2.746782503278336,0.0,0.9384615384615383,0.9384615384615383,0.96875,0.8307692307692308,0.8461538461538461
RKHS,R1,lentil,DTF,KinCP-AC,324,0.8765432098765432,,0.0506730769230769,0.8307692307692308,1.8300831705447664,2.690153508299282,0.0,0.8307692307692308,0.8615384615384616,0.96875,0.8461538461538461,0.8769230769230769
RKHS,R1,lentil,DTF,KinCP-B,324,0.925925925925926,,0.0291346153846153,0.8923076923076924,2.23129935168764,2.764655429645967,0.0,0.9230769230769232,0.8923076923076924,0.96875,0.9076923076923076,0.9384615384615383
RKHS,R1,lentil,DTF,KinCP-BC,324,0.9475308641975309,,0.0476923076923076,0.9076923076923076,2.633944386834929,2.9166777775677124,0.0,0.9384615384615383,0.9692307692307692,1.0,0.9076923076923076,0.9230769230769232
RKHS,R1,lentil,DTF,KinCP-C,324,0.9166666666666666,,0.0352884615384615,0.8615384615384616,2.0571138197251,2.7296253326839084,0.0,0.8615384615384616,0.9230769230769232,0.96875,0.8923076923076924,0.9384615384615383
RKHS,R1,lentil,DTF,KinCP[fixed-h],324,0.904320987654321,,0.0383653846153846,0.8461538461538461,2.119609719790056,2.8240857730010207,0.0,0.8461538461538461,0.8769230769230769,0.96875,0.8923076923076924,0.9384615384615383
RKHS,R1,lentil,DTF,KinCP[h=0.25],324,0.9012345679012346,,0.0352403846153846,0.8461538461538461,2.045348761870399,2.748074613368269,0.0,0.8461538461538461,0.8769230769230769,0.953125,0.8923076923076924,0.9384615384615383
RKHS,R1,lentil,DTF,KinCP[h=1.0],324,0.9074074074074074,,0.0352884615384615,0.8461538461538461,2.047564801447343,2.7539042736775787,0.0,0.8461538461538461,0.8923076923076924,0.96875,0.8923076923076924,0.9384615384615383
RKHS,R1,lentil,DTF,KinCP[h=2.0],324,0.9166666666666666,,0.0352884615384615,0.8615384615384616,2.0546981111576104,2.7335512885093904,0.0,0.8615384615384616,0.9230769230769232,0.96875,0.8923076923076924,0.9384615384615383
RKHS,R1,lentil,DTF,KinCP[nmin=100],324,0.9074074074074074,,0.0352884615384615,0.8615384615384616,2.0413850677291387,2.74614436160118,0.0,0.8615384615384616,0.8769230769230769,0.96875,0.8923076923076924,0.9384615384615383
RKHS,R1,lentil,DTF,KinCP[nmin=25],324,0.904320987654321,,0.0383653846153846,0.8461538461538461,2.1032277118623104,2.807703765073276,0.0,0.8461538461538461,0.8769230769230769,0.96875,0.8923076923076924,0.9384615384615383
RKHS,R1,lentil,DTF,NormCP,324,0.8950617283950617,,0.0352884615384615,0.8461538461538461,1.8875275509443497,2.6833998810991924,0.0,0.8923076923076924,0.8615384615384616,0.96875,0.8461538461538461,0.9076923076923076
RKHS,R1,lentil,DTF,SCP,324,0.8765432098765432,,0.0598557692307692,0.7846153846153846,1.8552556919321368,2.785126966063112,0.0,0.9384615384615383,0.8923076923076924,0.953125,0.8153846153846154,0.7846153846153846
RKHS,R1,lentil,DTM,CV+,324,0.8981481481481481,,0.0203365384615384,0.8615384615384616,1.8176730095927287,2.504653748431084,0.0,0.9384615384615383,0.9076923076923076,0.890625,0.8923076923076924,0.8615384615384616
RKHS,R1,lentil,DTM,CalPred-style,324,0.910493827160494,,0.0351442307692307,0.8461538461538461,1.873715908288696,2.6113092983219213,0.0,0.8461538461538461,0.8923076923076924,0.921875,0.953846153846154,0.9384615384615383
RKHS,R1,lentil,DTM,CalPred-style(rand),324,0.910493827160494,,0.0166826923076922,0.8923076923076924,1.7778241401013242,2.5535202088620537,0.0,0.8923076923076924,0.8923076923076924,0.921875,0.9076923076923076,0.9384615384615383
RKHS,R1,lentil,DTM,Gauss-homosc,324,0.9135802469135802,,0.0166826923076922,0.8923076923076924,1.823822937152236,2.5167751322705807,0.0,0.9384615384615383,0.9076923076923076,0.921875,0.9076923076923076,0.8923076923076924
RKHS,R1,lentil,DTM,KinCP,324,0.910493827160494,,0.0172596153846153,0.890625,1.86887769163438,2.644885917528889,0.0,0.8923076923076924,0.9076923076923076,0.890625,0.9230769230769232,0.9384615384615383
RKHS,R1,lentil,DTM,KinCP-A,324,0.904320987654321,,0.0173076923076922,0.875,1.7943159740077554,2.62010533411994,0.0,0.8923076923076924,0.9076923076923076,0.875,0.9076923076923076,0.9384615384615383
RKHS,R1,lentil,DTM,KinCP-AB,324,0.904320987654321,,0.0111057692307692,0.890625,1.8306052645771385,2.628319865921217,0.0,0.8923076923076924,0.9076923076923076,0.890625,0.9076923076923076,0.9230769230769232
RKHS,R1,lentil,DTM,KinCP-ABC,324,0.8919753086419753,,0.0203846153846153,0.8615384615384616,1.7771756835941597,2.5500063654899456,0.0,0.9230769230769232,0.9076923076923076,0.875,0.8923076923076924,0.8615384615384616
RKHS,R1,lentil,DTM,KinCP-AC,324,0.8888888888888888,,0.0234615384615384,0.8615384615384616,1.6669419296118488,2.569839662466625,0.0,0.8615384615384616,0.8769230769230769,0.875,0.9076923076923076,0.9230769230769232
RKHS,R1,lentil,DTM,KinCP-B,324,0.9320987654320988,,0.0351442307692307,0.8923076923076924,1.9797475086535543,2.685068839053172,0.0,0.8923076923076924,0.9076923076923076,0.921875,0.9692307692307692,0.9692307692307692
RKHS,R1,lentil,DTM,KinCP-BC,324,0.9567901234567902,,0.0567788461538461,0.9384615384615383,2.30283643472278,2.703768660183929,0.0,0.9384615384615383,0.953846153846154,0.953125,0.9692307692307692,0.9692307692307692
RKHS,R1,lentil,DTM,KinCP-C,324,0.9320987654320988,,0.0351442307692307,0.8923076923076924,1.929672330219636,2.575175897753481,0.0,0.9076923076923076,0.8923076923076924,0.921875,0.9692307692307692,0.9692307692307692
RKHS,R1,lentil,DTM,KinCP[fixed-h],324,0.910493827160494,,0.0172596153846153,0.890625,1.8795494424206307,2.65287762927902,0.0,0.8923076923076924,0.9076923076923076,0.890625,0.9230769230769232,0.9384615384615383
RKHS,R1,lentil,DTM,KinCP[h=0.25],324,0.9166666666666666,,0.0234134615384615,0.890625,1.8619579286243253,2.657105436427139,0.0,0.8923076923076924,0.9076923076923076,0.890625,0.9384615384615383,0.953846153846154
RKHS,R1,lentil,DTM,KinCP[h=1.0],324,0.9228395061728396,,0.0289423076923076,0.8923076923076924,1.8703688209452407,2.5977642270553574,0.0,0.8923076923076924,0.8923076923076924,0.90625,0.953846153846154,0.9692307692307692
RKHS,R1,lentil,DTM,KinCP[h=2.0],324,0.925925925925926,,0.0382211538461538,0.8769230769230769,1.896130367336735,2.582811385486032,0.0,0.8769230769230769,0.8923076923076924,0.921875,0.9692307692307692,0.9692307692307692
RKHS,R1,lentil,DTM,KinCP[nmin=100],324,0.9074074074074074,,0.0172596153846153,0.890625,1.8330383630223213,2.6136214549093792,0.0,0.8923076923076924,0.8923076923076924,0.890625,0.9230769230769232,0.9384615384615383
RKHS,R1,lentil,DTM,KinCP[nmin=25],324,0.910493827160494,,0.0172596153846153,0.890625,1.8816106992618624,2.6549388861202523,0.0,0.8923076923076924,0.9076923076923076,0.890625,0.9230769230769232,0.9384615384615383
RKHS,R1,lentil,DTM,NormCP,324,0.8950617283950617,,0.0203365384615384,0.8769230769230769,1.7101784081494529,2.5702414821084263,0.0,0.8769230769230769,0.8923076923076924,0.890625,0.8769230769230769,0.9384615384615383
RKHS,R1,lentil,DTM,SCP,324,0.8919753086419753,,0.0264903846153846,0.8615384615384616,1.8067232147502432,2.6147778495910754,0.0,0.9384615384615383,0.9076923076923076,0.890625,0.8615384615384616,0.8615384615384616
RKHS,R1,lentil,VEG,CV+,324,0.9074074074074074,,0.0445192307692307,0.8461538461538461,1.973376276310765,2.4968572025925027,0.0,0.9384615384615383,0.9230769230769232,0.96875,0.8461538461538461,0.8615384615384616
RKHS,R1,lentil,VEG,CalPred-style,324,0.9135802469135802,,0.0383653846153846,0.8615384615384616,1.9440396579832384,2.547518707128756,0.0,0.8615384615384616,0.8769230769230769,0.96875,0.9230769230769232,0.9384615384615383
RKHS,R1,lentil,VEG,CalPred-style(rand),324,0.8950617283950617,,0.0414423076923076,0.8615384615384616,1.7712751712714638,2.5069279829574644,0.0,0.8615384615384616,0.8615384615384616,0.96875,0.8615384615384616,0.9230769230769232
RKHS,R1,lentil,VEG,Gauss-homosc,324,0.8888888888888888,,0.0506730769230769,0.8153846153846154,1.8598271277434533,2.493226164955362,0.0,0.9230769230769232,0.9076923076923076,0.96875,0.8153846153846154,0.8307692307692308
RKHS,R1,lentil,VEG,KinCP,324,0.9135802469135802,,0.0322115384615384,0.8615384615384616,1.9875745106553,2.5840961524157944,0.0,0.8923076923076924,0.8615384615384616,0.96875,0.9076923076923076,0.9384615384615383
RKHS,R1,lentil,VEG,KinCP-A,324,0.904320987654321,,0.0383653846153846,0.8461538461538461,1.8936466860116488,2.564487853202762,0.0,0.8769230769230769,0.8461538461538461,0.96875,0.8923076923076924,0.9384615384615383
RKHS,R1,lentil,VEG,KinCP-AB,324,0.9166666666666666,,0.0229807692307692,0.8923076923076924,1.9310563288214253,2.534015667430487,0.0,0.9076923076923076,0.8923076923076924,0.96875,0.8923076923076924,0.9230769230769232
RKHS,R1,lentil,VEG,KinCP-ABC,324,0.904320987654321,,0.0475961538461538,0.8307692307692308,1.9621905526128685,2.4936228702148937,0.0,0.9230769230769232,0.9384615384615383,0.96875,0.8307692307692308,0.8615384615384616
RKHS,R1,lentil,VEG,KinCP-AC,324,0.8950617283950617,,0.0414423076923077,0.8461538461538461,1.796576246307286,2.509614229598832,0.0,0.8615384615384616,0.8461538461538461,0.96875,0.8769230769230769,0.9230769230769232
RKHS,R1,lentil,VEG,KinCP-B,324,0.9290123456790124,,0.0322596153846153,0.8923076923076924,2.1658954051094046,2.5975038800042034,0.0,0.9076923076923076,0.8923076923076924,0.984375,0.9230769230769232,0.9384615384615383
RKHS,R1,lentil,VEG,KinCP-BC,324,0.9598765432098766,,0.0599999999999999,0.9230769230769232,2.542412862973769,2.7625609505517845,0.0,0.9384615384615383,1.0,1.0,0.9230769230769232,0.9384615384615383
RKHS,R1,lentil,VEG,KinCP-C,324,0.9228395061728396,,0.0260576923076922,0.8923076923076924,1.99686896569706,2.5447925535205096,0.0,0.8923076923076924,0.9076923076923076,0.96875,0.9076923076923076,0.9384615384615383
RKHS,R1,lentil,VEG,KinCP[fixed-h],324,0.9135802469135802,,0.0322115384615384,0.8615384615384616,2.0196271768865404,2.6160109046782822,0.0,0.8923076923076924,0.8615384615384616,0.96875,0.9076923076923076,0.9384615384615383
RKHS,R1,lentil,VEG,KinCP[h=0.25],324,0.9135802469135802,,0.0322115384615384,0.8615384615384616,1.956381865817272,2.5681562458753047,0.0,0.8923076923076924,0.8615384615384616,0.96875,0.9076923076923076,0.9384615384615383
RKHS,R1,lentil,VEG,KinCP[h=1.0],324,0.9197530864197532,,0.0260576923076922,0.8923076923076924,1.989738907670816,2.575864387080541,0.0,0.8923076923076924,0.8923076923076924,0.96875,0.9076923076923076,0.9384615384615383
RKHS,R1,lentil,VEG,KinCP[h=2.0],324,0.9197530864197532,,0.0260576923076922,0.8923076923076924,1.987348024602321,2.5487586541078264,0.0,0.8923076923076924,0.8923076923076924,0.96875,0.9076923076923076,0.9384615384615383
RKHS,R1,lentil,VEG,KinCP[nmin=100],324,0.9135802469135802,,0.0322115384615384,0.8615384615384616,1.960280603991652,2.5551856650440965,0.0,0.8923076923076924,0.8615384615384616,0.96875,0.9076923076923076,0.9384615384615383
RKHS,R1,lentil,VEG,KinCP[nmin=25],324,0.9135802469135802,,0.0322115384615384,0.8615384615384616,2.0080854876025978,2.60446921539434,0.0,0.8923076923076924,0.8615384615384616,0.96875,0.9076923076923076,0.9384615384615383
RKHS,R1,lentil,VEG,NormCP,324,0.8703703703703703,,0.056826923076923,0.8,1.7228641386753494,2.543042152783098,0.0,0.8769230769230769,0.8,0.96875,0.8461538461538461,0.8615384615384616
RKHS,R1,lentil,VEG,SCP,324,0.8641975308641975,,0.0722115384615384,0.7692307692307693,1.75093882991021,2.6389353907333613,0.0,0.9230769230769232,0.8615384615384616,0.96875,0.8,0.7692307692307693
RKHS,R1,oyster,mm,CV+,372,0.9059139784946236,,0.0226666666666666,0.8648648648648649,3.071039878086055,3.7956742449889407,0.0,0.9066666666666666,0.8648648648648649,0.945945945945946,0.918918918918919,0.8933333333333333
RKHS,R1,oyster,mm,CalPred-style,372,0.8790322580645161,,0.0339459459459459,0.8243243243243243,2.8185274899594948,3.781620202334581,0.0,0.88,0.8243243243243243,0.9324324324324323,0.8783783783783784,0.88
RKHS,R1,oyster,mm,CalPred-style(rand),372,0.8897849462365591,,0.036072072072072,0.8378378378378378,2.872867482161223,3.763961470745176,0.0,0.8666666666666667,0.8378378378378378,0.945945945945946,0.918918918918919,0.88
RKHS,R1,oyster,mm,Gauss-homosc,372,0.8978494623655914,,0.0226666666666667,0.8513513513513513,2.9428798008928925,3.772462289838661,0.0,0.8933333333333333,0.8513513513513513,0.9324324324324323,0.918918918918919,0.8933333333333333
RKHS,R1,oyster,mm,KinCP,372,0.8924731182795699,,0.028,0.8513513513513513,2.9414049631494823,3.769688228655686,0.0,0.8666666666666667,0.8513513513513513,0.9324324324324323,0.918918918918919,0.8933333333333333
RKHS,R1,oyster,mm,KinCP-A,372,0.9059139784946236,,0.0226306306306306,0.8783783783783784,3.1315988738099056,3.800439204886167,0.0,0.88,0.8783783783783784,0.945945945945946,0.918918918918919,0.9066666666666666
RKHS,R1,oyster,mm,KinCP-AB,372,0.9086021505376344,,0.0199639639639639,0.8783783783783784,3.134998161363793,3.807999329949308,0.0,0.9066666666666666,0.8783783783783784,0.945945945945946,0.918918918918919,0.8933333333333333
RKHS,R1,oyster,mm,KinCP-ABC,372,0.9005376344086021,,0.0253693693693694,0.8513513513513513,3.052554416354975,3.770044653533291,0.0,0.8933333333333333,0.8513513513513513,0.945945945945946,0.918918918918919,0.8933333333333333
RKHS,R1,oyster,mm,KinCP-AC,372,0.9005376344086021,,0.0253693693693694,0.8513513513513513,3.049776220851624,3.772001005200808,0.0,0.8933333333333333,0.8513513513513513,0.945945945945946,0.918918918918919,0.8933333333333333
RKHS,R1,oyster,mm,KinCP-B,372,0.9005376344086021,,0.0253693693693694,0.8513513513513513,2.9817649600359486,3.767474455526453,0.0,0.8933333333333333,0.8513513513513513,0.945945945945946,0.918918918918919,0.8933333333333333
RKHS,R1,oyster,mm,KinCP-BC,372,0.9005376344086021,,0.0253693693693694,0.8513513513513513,3.1080290386147995,3.774425419954816,0.0,0.8933333333333333,0.8513513513513513,0.945945945945946,0.918918918918919,0.8933333333333333
RKHS,R1,oyster,mm,KinCP-C,372,0.8709677419354839,,0.0419819819819819,0.8108108108108109,2.7510689623870723,3.7813952727642977,0.0,0.8666666666666667,0.8108108108108109,0.9324324324324323,0.8783783783783784,0.8666666666666667
RKHS,R1,oyster,mm,KinCP[fixed-h],372,0.8924731182795699,,0.028,0.8513513513513513,2.9435389919321504,3.771822257438354,0.0,0.8666666666666667,0.8513513513513513,0.9324324324324323,0.918918918918919,0.8933333333333333
RKHS,R1,oyster,mm,KinCP[h=0.25],372,0.8978494623655914,,0.028036036036036,0.8513513513513513,3.0139354333401944,3.773930330021036,0.0,0.88,0.8513513513513513,0.945945945945946,0.918918918918919,0.8933333333333333
RKHS,R1,oyster,mm,KinCP[h=1.0],372,0.8870967741935484,,0.0334054054054054,0.8243243243243243,2.850824823395825,3.767808862317976,0.0,0.8666666666666667,0.8243243243243243,0.9324324324324323,0.918918918918919,0.8933333333333333
RKHS,R1,oyster,mm,KinCP[h=2.0],372,0.8763440860215054,,0.0365765765765765,0.8243243243243243,2.787831996538099,3.763693535092506,0.0,0.8666666666666667,0.8243243243243243,0.9324324324324323,0.8918918918918919,0.8666666666666667
RKHS,R1,oyster,mm,KinCP[nmin=100],372,0.8924731182795699,,0.028,0.8513513513513513,2.941262140306644,3.769545405812848,0.0,0.8666666666666667,0.8513513513513513,0.9324324324324323,0.918918918918919,0.8933333333333333
RKHS,R1,oyster,mm,KinCP[nmin=25],372,0.8924731182795699,,0.028,0.8513513513513513,2.941774442879745,3.770057708385949,0.0,0.8666666666666667,0.8513513513513513,0.9324324324324323,0.918918918918919,0.8933333333333333
RKHS,R1,oyster,mm,NormCP,372,0.8844086021505376,,0.0258378378378378,0.8378378378378378,2.978024387053097,3.87968226610989,0.0,0.9066666666666666,0.8378378378378378,0.918918918918919,0.8918918918918919,0.8666666666666667
RKHS,R1,oyster,mm,SCP,372,0.8844086021505376,,0.0312072072072072,0.8378378378378378,2.99344225747111,3.8676436047841416,0.0,0.9066666666666666,0.8378378378378378,0.9324324324324323,0.8918918918918919,0.8533333333333334
RKHS,R1,pig,PFAI,CV+,1709,0.9116442363955528,,0.0116444581639827,0.9035087719298246,2.6887150630548566,4.2430566976881225,0.0,0.9239766081871345,0.9035087719298246,0.9120234604105572,0.9093567251461988,0.9093567251461988
RKHS,R1,pig,PFAI,CalPred-style,1709,0.9204212990052664,,0.0204198178731285,0.9064327485380116,2.95246813750582,4.325446712050947,0.0,0.9210526315789472,0.9064327485380116,0.9178885630498532,0.9210526315789472,0.935672514619883
RKHS,R1,pig,PFAI,CalPred-style(rand),1709,0.9262726740784084,,0.0262712009740871,0.912280701754386,3.052572803906442,4.342234810724392,0.0,0.932748538011696,0.912280701754386,0.9237536656891496,0.9239766081871345,0.9385964912280702
RKHS,R1,pig,PFAI,Gauss-homosc,1709,0.9309537741369222,,0.0309512784894787,0.9239766081871345,3.146442100580419,4.344125293831125,0.0,0.9444444444444444,0.9239766081871345,0.9266862170087976,0.9239766081871345,0.935672514619883
RKHS,R1,pig,PFAI,KinCP,1709,0.9057928613224108,,0.0067321774622283,0.8976608187134503,2.675653588943417,4.247141268849012,0.0,0.9152046783625732,0.9005847953216374,0.9120234604105572,0.9035087719298246,0.8976608187134503
RKHS,R1,pig,PFAI,KinCP-A,1709,0.906377998829725,,0.0063813002692459,0.9035087719298246,2.7065721444004773,4.250639192951412,0.0,0.9064327485380116,0.9064327485380116,0.9120234604105572,0.9035087719298246,0.9035087719298246
RKHS,R1,pig,PFAI,KinCP-AB,1709,0.9069631363370392,,0.0069660955908833,0.9035087719298246,2.7090345306687627,4.25151802467967,0.0,0.9093567251461988,0.9064327485380116,0.9120234604105572,0.9035087719298246,0.9035087719298246
RKHS,R1,pig,PFAI,KinCP-ABC,1709,0.9057928613224108,,0.0067321774622283,0.8976608187134503,2.65939118963937,4.247264024764585,0.0,0.9152046783625732,0.8976608187134503,0.9120234604105572,0.9035087719298246,0.9005847953216374
RKHS,R1,pig,PFAI,KinCP-AC,1709,0.906377998829725,,0.0073169727838658,0.8976608187134503,2.661604214458168,4.247135547240132,0.0,0.9152046783625732,0.8976608187134503,0.9120234604105572,0.9035087719298246,0.9035087719298246
RKHS,R1,pig,PFAI,KinCP-B,1709,0.906377998829725,,0.0073169727838658,0.8976608187134503,2.680287415142594,4.247927572953118,0.0,0.9152046783625732,0.9035087719298246,0.9120234604105572,0.9035087719298246,0.8976608187134503
RKHS,R1,pig,PFAI,KinCP-BC,1709,0.9046225863077824,,0.0055591569343691,0.8976608187134503,2.661613707195804,4.247321558112982,0.0,0.9152046783625732,0.8976608187134503,0.906158357771261,0.9005847953216374,0.9035087719298246
RKHS,R1,pig,PFAI,KinCP-C,1709,0.901111761263897,,0.004387851348802,0.8918128654970761,2.633265060366746,4.245996613980706,0.0,0.9093567251461988,0.8918128654970761,0.9032258064516128,0.9005847953216374,0.9005847953216374
RKHS,R1,pig,PFAI,KinCP[fixed-h],1709,0.906377998829725,,0.0063813002692459,0.9005847953216374,2.679632680609786,4.196924598383726,0.002925687536571,0.9152046783625732,0.9005847953216374,0.9120234604105572,0.9035087719298246,0.9005847953216374
RKHS,R1,pig,PFAI,KinCP[h=0.25],1709,0.9034523112931538,,0.0043929961756786,0.8976608187134503,2.69167369401769,4.250455141391371,0.0,0.9035087719298246,0.9005847953216374,0.9120234604105572,0.9035087719298246,0.8976608187134503
RKHS,R1,pig,PFAI,KinCP[h=1.0],1709,0.9057928613224108,,0.0067321774622283,0.8976608187134503,2.648097393233186,4.246444940462611,0.0,0.9152046783625732,0.8976608187134503,0.9120234604105572,0.9035087719298246,0.9005847953216374
RKHS,R1,pig,PFAI,KinCP[h=2.0],1709,0.9022820362785254,,0.0055591569343691,0.8918128654970761,2.6324834464368903,4.245847184046665,0.0,0.912280701754386,0.8918128654970761,0.906158357771261,0.9005847953216374,0.9005847953216374
RKHS,R1,pig,PFAI,KinCP[nmin=100],1709,0.9057928613224108,,0.0067321774622283,0.8976608187134503,2.674302735370357,4.247272598173512,0.0,0.9152046783625732,0.9005847953216374,0.9120234604105572,0.9035087719298246,0.8976608187134503
RKHS,R1,pig,PFAI,KinCP[nmin=25],1709,0.9057928613224108,,0.0067321774622283,0.8976608187134503,2.6760334514177035,4.247305908599559,0.0,0.9152046783625732,0.9005847953216374,0.9120234604105572,0.9035087719298246,0.8976608187134503
RKHS,R1,pig,PFAI,NormCP,1709,0.9098888238736104,,0.0119919054723808,0.8947368421052632,2.7477261507375874,4.264868141619561,0.0,0.9152046783625732,0.8947368421052632,0.906158357771261,0.912280701754386,0.9210526315789472
RKHS,R1,pig,PFAI,SCP,1709,0.9098888238736104,,0.0119919054723808,0.8947368421052632,2.761235260827714,4.265640814595125,0.0,0.9152046783625732,0.8947368421052632,0.906158357771261,0.9152046783625732,0.9181286549707602
RKHS,R1,pine,c5c6,CV+,910,0.912087912087912,,0.016043956043956,0.8901098901098901,1.4708557107833322,1.849601542289898,0.0,0.9285714285714286,0.912087912087912,0.9230769230769232,0.9065934065934066,0.8901098901098901
RKHS,R1,pine,c5c6,CalPred-style,910,0.878021978021978,,0.0268131868131868,0.8461538461538461,1.4005625818843936,1.94065133895071,0.0,0.8461538461538461,0.8626373626373627,0.8736263736263736,0.8956043956043956,0.912087912087912
RKHS,R1,pine,c5c6,CalPred-style(rand),910,0.8857142857142857,,0.0147252747252747,0.8626373626373627,1.3867693784995554,1.8703975805668656,0.0,0.8846153846153846,0.8626373626373627,0.8846153846153846,0.9010989010989012,0.8956043956043956
RKHS,R1,pine,c5c6,Gauss-homosc,910,0.8989010989010989,,0.005054945054945,0.8846153846153846,1.426473041251005,1.8763203790608736,0.0,0.9065934065934066,0.9010989010989012,0.9010989010989012,0.9010989010989012,0.8846153846153846
RKHS,R1,pine,c5c6,KinCP,910,0.8945054945054945,,0.0107692307692307,0.8736263736263736,1.4504882641378496,1.910991655081363,0.0,0.8901098901098901,0.8736263736263736,0.8956043956043956,0.9010989010989012,0.912087912087912
RKHS,R1,pine,c5c6,KinCP-A,910,0.8934065934065935,,0.0079120879120879,0.8736263736263736,1.4000529126372812,1.8698524320109,0.0,0.8901098901098901,0.8736263736263736,0.9010989010989012,0.9010989010989012,0.9010989010989012
RKHS,R1,pine,c5c6,KinCP-AB,910,0.8945054945054945,,0.0068131868131868,0.8846153846153846,1.4120697913800002,1.8762090638677944,0.0,0.9010989010989012,0.8846153846153846,0.9010989010989012,0.9010989010989012,0.8846153846153846
RKHS,R1,pine,c5c6,KinCP-ABC,910,0.8989010989010989,,0.005054945054945,0.8846153846153846,1.4453852913917906,1.8767370221004929,0.0,0.9010989010989012,0.9065934065934066,0.9010989010989012,0.9010989010989012,0.8846153846153846
RKHS,R1,pine,c5c6,KinCP-AC,910,0.8901098901098901,,0.0107692307692307,0.8681318681318682,1.387981000243628,1.8725225334178863,0.0,0.8901098901098901,0.8681318681318682,0.8901098901098901,0.9010989010989012,0.9010989010989012
RKHS,R1,pine,c5c6,KinCP-B,910,0.9,,0.0039560439560439,0.8901098901098901,1.4881894407481835,1.898845419344224,0.0,0.9010989010989012,0.8901098901098901,0.9010989010989012,0.9010989010989012,0.9065934065934066
RKHS,R1,pine,c5c6,KinCP-BC,910,0.9813186813186812,,0.0813186813186812,0.967032967032967,2.16502976402671,2.220514263018931,0.0,0.9835164835164836,0.989010989010989,0.9835164835164836,0.9835164835164836,0.967032967032967
RKHS,R1,pine,c5c6,KinCP-C,910,0.9527472527472528,,0.0527472527472527,0.945054945054945,1.8087105609673195,1.9697155238908888,0.0,0.945054945054945,0.956043956043956,0.9505494505494504,0.9505494505494504,0.9615384615384616
RKHS,R1,pine,c5c6,KinCP[fixed-h],910,0.8945054945054945,,0.0107692307692307,0.8736263736263736,1.4369954234851006,1.8995319419824488,0.0043956043956043,0.8901098901098901,0.8736263736263736,0.8956043956043956,0.9010989010989012,0.912087912087912
RKHS,R1,pine,c5c6,KinCP[h=0.25],910,0.8945054945054945,,0.0112087912087912,0.8736263736263736,1.4442583454367817,1.9095295673750023,0.0,0.8846153846153846,0.8736263736263736,0.9010989010989012,0.9010989010989012,0.912087912087912
RKHS,R1,pine,c5c6,KinCP[h=1.0],910,0.90989010989011,,0.0116483516483516,0.8956043956043956,1.5391911879012763,1.898103232693369,0.0,0.8956043956043956,0.9065934065934066,0.912087912087912,0.9065934065934066,0.9285714285714286
RKHS,R1,pine,c5c6,KinCP[h=2.0],910,0.946153846153846,,0.0461538461538461,0.9395604395604396,1.7052845984058187,1.924231676136563,0.0,0.9395604395604396,0.945054945054945,0.945054945054945,0.945054945054945,0.956043956043956
RKHS,R1,pine,c5c6,KinCP[nmin=100],910,0.8945054945054945,,0.0107692307692307,0.8736263736263736,1.449989791614043,1.910493182557556,0.0,0.8901098901098901,0.8736263736263736,0.8956043956043956,0.9010989010989012,0.912087912087912
RKHS,R1,pine,c5c6,KinCP[nmin=25],910,0.8945054945054945,,0.0107692307692307,0.8736263736263736,1.4515406332679914,1.9120440242115049,0.0,0.8901098901098901,0.8736263736263736,0.8956043956043956,0.9010989010989012,0.912087912087912
RKHS,R1,pine,c5c6,NormCP,910,0.910989010989011,,0.0109890109890109,0.9010989010989012,1.5316068139268249,1.927794280964864,0.0,0.9065934065934066,0.9010989010989012,0.9285714285714286,0.912087912087912,0.9065934065934066
RKHS,R1,pine,c5c6,SCP,910,0.9164835164835164,,0.0204395604395604,0.8901098901098901,1.562075141641299,1.9235455185311456,0.0,0.9175824175824177,0.9230769230769232,0.9285714285714286,0.9230769230769232,0.8901098901098901
RKHS,R1,pine,rootnum,CV+,925,0.9178378378378378,,0.0199999999999999,0.8972972972972973,1.6964548644707271,2.0860885210108235,0.0,0.945945945945946,0.9297297297297298,0.918918918918919,0.8972972972972973,0.8972972972972973
RKHS,R1,pine,rootnum,CalPred-style,925,0.8983783783783784,,0.0145945945945946,0.8702702702702703,1.60658655267617,2.12036526278714,0.0,0.8702702702702703,0.8972972972972973,0.9027027027027028,0.8918918918918919,0.9297297297297298
RKHS,R1,pine,rootnum,CalPred-style(rand),925,0.9005405405405406,,0.0113513513513513,0.8810810810810811,1.6139123191056166,2.0888115700328385,0.0,0.8810810810810811,0.9081081081081082,0.9081081081081082,0.8918918918918919,0.9135135135135136
RKHS,R1,pine,rootnum,Gauss-homosc,925,0.9124324324324324,,0.0135135135135135,0.8972972972972973,1.6652671121472271,2.0966075484313533,0.0,0.9297297297297298,0.9135135135135136,0.918918918918919,0.9027027027027028,0.8972972972972973
RKHS,R1,pine,rootnum,KinCP,925,0.905945945945946,,0.0124324324324324,0.8864864864864865,1.6679614038450723,2.107848974230777,0.0,0.8864864864864865,0.9081081081081082,0.9135135135135136,0.8972972972972973,0.9243243243243244
RKHS,R1,pine,rootnum,KinCP-A,925,0.9048648648648648,,0.0102702702702702,0.8864864864864865,1.6410313937059289,2.094437459579296,0.0,0.8864864864864865,0.9027027027027028,0.9135135135135136,0.9027027027027028,0.918918918918919
RKHS,R1,pine,rootnum,KinCP-AB,925,0.9124324324324324,,0.0135135135135134,0.8972972972972973,1.6531274836779437,2.0966304143275085,0.0,0.9243243243243244,0.9135135135135136,0.9135135135135136,0.8972972972972973,0.9135135135135136
RKHS,R1,pine,rootnum,KinCP-ABC,925,0.9124324324324324,,0.0135135135135135,0.8972972972972973,1.6680470502177274,2.1028092575601898,0.0,0.9297297297297298,0.9135135135135136,0.918918918918919,0.9027027027027028,0.8972972972972973
RKHS,R1,pine,rootnum,KinCP-AC,925,0.9027027027027028,,0.0113513513513513,0.8864864864864865,1.6253510205299175,2.0909516733640974,0.0,0.8864864864864865,0.9081081081081082,0.9081081081081082,0.8918918918918919,0.918918918918919
RKHS,R1,pine,rootnum,KinCP-B,925,0.9167567567567568,,0.0167567567567567,0.9027027027027028,1.7023264378920635,2.1030917520600605,0.0,0.9297297297297298,0.9135135135135136,0.918918918918919,0.9027027027027028,0.918918918918919
RKHS,R1,pine,rootnum,KinCP-BC,925,0.9686486486486486,,0.0686486486486486,0.9621621621621622,2.2214359503658723,2.3525080145245334,0.0,0.9675675675675676,0.9675675675675676,0.9621621621621622,0.9837837837837838,0.9621621621621622
RKHS,R1,pine,rootnum,KinCP-C,925,0.9448648648648648,,0.0448648648648648,0.9405405405405406,1.8674533144927048,2.1413006057060824,0.0,0.9513513513513514,0.9405405405405406,0.9513513513513514,0.9405405405405406,0.9405405405405406
RKHS,R1,pine,rootnum,KinCP[fixed-h],925,0.905945945945946,,0.0124324324324324,0.8864864864864865,1.6556009627945978,2.0973990112275804,0.0043243243243242,0.8864864864864865,0.9081081081081082,0.9135135135135136,0.8972972972972973,0.9243243243243244
RKHS,R1,pine,rootnum,KinCP[h=0.25],925,0.9081081081081082,,0.0091891891891891,0.8972972972972973,1.66366973968409,2.107483312186536,0.0,0.8972972972972973,0.9027027027027028,0.9135135135135136,0.9027027027027028,0.9243243243243244
RKHS,R1,pine,rootnum,KinCP[h=1.0],925,0.9156756756756756,,0.0156756756756756,0.9027027027027028,1.7029794203998825,2.102099124883168,0.0,0.9027027027027028,0.9135135135135136,0.9135135135135136,0.9081081081081082,0.9405405405405406
RKHS,R1,pine,rootnum,KinCP[h=2.0],925,0.9372972972972972,,0.0372972972972972,0.9243243243243244,1.8032833843538465,2.1144623961878244,0.0,0.9405405405405406,0.9243243243243244,0.945945945945946,0.9297297297297298,0.945945945945946
RKHS,R1,pine,rootnum,KinCP[nmin=100],925,0.905945945945946,,0.0124324324324324,0.8864864864864865,1.666777749608814,2.106665319994519,0.0,0.8864864864864865,0.9081081081081082,0.9135135135135136,0.8972972972972973,0.9243243243243244
RKHS,R1,pine,rootnum,KinCP[nmin=25],925,0.905945945945946,,0.0124324324324324,0.8864864864864865,1.6687942862900236,2.108681856675728,0.0,0.8864864864864865,0.9081081081081082,0.9135135135135136,0.8972972972972973,0.9243243243243244
RKHS,R1,pine,rootnum,NormCP,925,0.9005405405405406,,0.0156756756756756,0.8756756756756757,1.6126411254435489,2.0959408532463057,0.0,0.9135135135135136,0.8864864864864865,0.9135135135135136,0.8756756756756757,0.9135135135135136
RKHS,R1,pine,rootnum,SCP,925,0.9027027027027028,,0.0178378378378378,0.8810810810810811,1.6174439745334388,2.102619023759749,0.0,0.9297297297297298,0.9081081081081082,0.9135135135135136,0.8810810810810811,0.8810810810810811
RKHS,R1,pine,rootnumbin,CV+,925,0.9156756756756756,,0.0254054054054053,0.8756756756756757,1.8213862990738523,2.1717414634673213,0.0,0.9027027027027028,0.9675675675675676,0.9243243243243244,0.9081081081081082,0.8756756756756757
RKHS,R1,pine,rootnumbin,CalPred-style,925,0.8832432432432432,,0.0275675675675675,0.827027027027027,1.705325916811622,2.1890858267711995,0.0,0.827027027027027,0.9135135135135136,0.8918918918918919,0.8702702702702703,0.9135135135135136
RKHS,R1,pine,rootnumbin,CalPred-style(rand),925,0.894054054054054,,0.021081081081081,0.8594594594594595,1.71699341148349,2.1751201429389937,0.0,0.8594594594594595,0.9351351351351352,0.9027027027027028,0.8756756756756757,0.8972972972972973
RKHS,R1,pine,rootnumbin,Gauss-homosc,925,0.9016216216216216,,0.0264864864864865,0.8756756756756757,1.7759531384639136,2.184126049023605,0.0,0.8810810810810811,0.9513513513513514,0.918918918918919,0.8810810810810811,0.8756756756756757
RKHS,R1,pine,rootnumbin,KinCP,925,0.9037837837837838,,0.0232432432432432,0.8756756756756757,1.7583480819491353,2.1787936385776665,0.0,0.8756756756756757,0.9405405405405406,0.9135135135135136,0.8756756756756757,0.9135135135135136
RKHS,R1,pine,rootnumbin,KinCP-A,925,0.9037837837837838,,0.0232432432432432,0.8702702702702703,1.749060719509482,2.16264460575619,0.0,0.8810810810810811,0.9405405405405406,0.918918918918919,0.8702702702702703,0.9081081081081082
RKHS,R1,pine,rootnumbin,KinCP-AB,925,0.9005405405405406,,0.0254054054054054,0.8756756756756757,1.758140914117277,2.1708332657772527,0.0,0.8810810810810811,0.945945945945946,0.918918918918919,0.8756756756756757,0.8810810810810811
RKHS,R1,pine,rootnumbin,KinCP-ABC,925,0.9037837837837838,,0.0243243243243243,0.8756756756756757,1.7810066376852316,2.184921378500733,0.0,0.8864864864864865,0.9513513513513514,0.918918918918919,0.8864864864864865,0.8756756756756757
RKHS,R1,pine,rootnumbin,KinCP-AC,925,0.8983783783783784,,0.021081081081081,0.8702702702702703,1.734553687692956,2.1647874734263057,0.0,0.8702702702702703,0.9351351351351352,0.9135135135135136,0.8756756756756757,0.8972972972972973
RKHS,R1,pine,rootnumbin,KinCP-B,925,0.9048648648648648,,0.0221621621621621,0.8756756756756757,1.7947683949784634,2.1766517208401885,0.0,0.8810810810810811,0.9405405405405406,0.918918918918919,0.8756756756756757,0.9081081081081082
RKHS,R1,pine,rootnumbin,KinCP-BC,925,0.9708108108108108,,0.0708108108108108,0.9567567567567568,2.3218228152867715,2.42793621719548,0.0,0.9675675675675676,1.0,0.9621621621621622,0.9675675675675676,0.9567567567567568
RKHS,R1,pine,rootnumbin,KinCP-C,925,0.9416216216216216,,0.0416216216216216,0.9081081081081082,1.971717645943359,2.211184054689179,0.0,0.9081081081081082,0.9891891891891892,0.9297297297297298,0.9351351351351352,0.945945945945946
RKHS,R1,pine,rootnumbin,KinCP[fixed-h],925,0.9037837837837838,,0.0232432432432432,0.8756756756756757,1.7458509315611868,2.16812252752361,0.0043243243243242,0.8756756756756757,0.9405405405405406,0.9135135135135136,0.8756756756756757,0.9135135135135136
RKHS,R1,pine,rootnumbin,KinCP[h=0.25],925,0.9037837837837838,,0.0232432432432432,0.8702702702702703,1.768443806150013,2.1776792431256573,0.0,0.8810810810810811,0.9405405405405406,0.918918918918919,0.8702702702702703,0.9081081081081082
RKHS,R1,pine,rootnumbin,KinCP[h=1.0],925,0.9113513513513514,,0.0264864864864865,0.8810810810810811,1.8044590826636016,2.1779006747625544,0.0,0.8810810810810811,0.9405405405405406,0.918918918918919,0.8810810810810811,0.9351351351351352
RKHS,R1,pine,rootnumbin,KinCP[h=2.0],925,0.9264864864864863,,0.034054054054054,0.8810810810810811,1.901204270559296,2.1903022493041084,0.0,0.8810810810810811,0.9621621621621622,0.9297297297297298,0.9243243243243244,0.9351351351351352
RKHS,R1,pine,rootnumbin,KinCP[nmin=100],925,0.9037837837837838,,0.0232432432432432,0.8756756756756757,1.7574780848874525,2.177923641515984,0.0,0.8756756756756757,0.9405405405405406,0.9135135135135136,0.8756756756756757,0.9135135135135136
RKHS,R1,pine,rootnumbin,KinCP[nmin=25],925,0.9037837837837838,,0.0232432432432432,0.8756756756756757,1.7586029765499231,2.1790485331784546,0.0,0.8756756756756757,0.9405405405405406,0.9135135135135136,0.8756756756756757,0.9135135135135136
RKHS,R1,pine,rootnumbin,NormCP,925,0.8962162162162162,,0.0189189189189189,0.8702702702702703,1.770582367184802,2.182690510698939,0.0,0.8702702702702703,0.9351351351351352,0.8864864864864865,0.9027027027027028,0.8864864864864865
RKHS,R1,pine,rootnumbin,SCP,925,0.8886486486486487,,0.0254054054054054,0.8432432432432433,1.7407532018615903,2.212029533099156,0.0,0.8918918918918919,0.9351351351351352,0.8810810810810811,0.8918918918918919,0.8432432432432433
RKHS,R1,rice,Culm_habit,CV+,351,0.905982905982906,,0.0287323943661971,0.8571428571428571,2.7135973063234604,3.40658568487592,0.0,0.9,0.9428571428571428,0.8857142857142857,0.8571428571428571,0.943661971830986
RKHS,R1,rice,Culm_habit,CalPred-style,351,0.8974358974358975,,0.0316297786720322,0.8571428571428571,2.664899468110354,3.435251711186876,0.0,0.8714285714285714,0.9428571428571428,0.8857142857142857,0.8571428571428571,0.9295774647887324
RKHS,R1,rice,Culm_habit,CalPred-style(rand),351,0.905982905982906,,0.0287323943661971,0.8714285714285714,2.688297754636777,3.449328241945684,0.0,0.8714285714285714,0.9428571428571428,0.8857142857142857,0.8857142857142857,0.943661971830986
RKHS,R1,rice,Culm_habit,Gauss-homosc,351,0.905982905982906,,0.0230583501006036,0.8714285714285714,2.696964581063552,3.4431541355174904,0.0,0.9,0.9428571428571428,0.8857142857142857,0.8714285714285714,0.9295774647887324
RKHS,R1,rice,Culm_habit,KinCP,351,0.905982905982906,,0.028692152917505,0.8571428571428571,2.734626513863883,3.4613092871099567,0.0,0.8571428571428571,0.9285714285714286,0.8857142857142857,0.9,0.9577464788732394
RKHS,R1,rice,Culm_habit,KinCP-A,351,0.9287749287749288,,0.0286921529175049,0.9,2.830297028246829,3.4917228596121865,0.0,0.9142857142857144,0.9428571428571428,0.9,0.9285714285714286,0.9577464788732394
RKHS,R1,rice,Culm_habit,KinCP-AB,351,0.9202279202279202,,0.0202012072434607,0.9,2.813410650510901,3.480508045335089,0.0,0.9142857142857144,0.9428571428571428,0.9,0.9142857142857144,0.9295774647887324
RKHS,R1,rice,Culm_habit,KinCP-ABC,351,0.905982905982906,,0.0230583501006036,0.8714285714285714,2.698440913520994,3.4538214745077416,0.0,0.9,0.9428571428571428,0.8857142857142857,0.8714285714285714,0.9295774647887324
RKHS,R1,rice,Culm_habit,KinCP-AC,351,0.905982905982906,,0.028692152917505,0.8571428571428571,2.7301299575043925,3.474672772402254,0.0,0.8571428571428571,0.9285714285714286,0.8857142857142857,0.9,0.9577464788732394
RKHS,R1,rice,Culm_habit,KinCP-B,351,0.9145299145299144,,0.0258350100603621,0.8857142857142857,2.744376497600712,3.452263531909182,0.0,0.8857142857142857,0.9428571428571428,0.8857142857142857,0.9,0.9577464788732394
RKHS,R1,rice,Culm_habit,KinCP-BC,351,0.9088319088319088,,0.0258752515090543,0.8714285714285714,2.657441205437265,3.4364935545140107,0.0,0.9,0.9428571428571428,0.8857142857142857,0.8714285714285714,0.943661971830986
RKHS,R1,rice,Culm_habit,KinCP-C,351,0.8945868945868946,,0.0401207243460764,0.8428571428571429,2.5980577900776054,3.4623420500052724,0.0,0.8428571428571429,0.9285714285714286,0.8714285714285714,0.8714285714285714,0.9577464788732394
RKHS,R1,rice,Culm_habit,KinCP[fixed-h],351,0.9116809116809116,,0.0229778672032193,0.8857142857142857,2.741687898285824,3.4657324422670253,0.0056980056980057,0.8857142857142857,0.9285714285714286,0.8857142857142857,0.9,0.9577464788732394
RKHS,R1,rice,Culm_habit,KinCP[h=0.25],351,0.9116809116809116,,0.0344064386317907,0.8714285714285714,2.7684441740426857,3.4870167514924724,0.0,0.8714285714285714,0.9428571428571428,0.8714285714285714,0.9142857142857144,0.9577464788732394
RKHS,R1,rice,Culm_habit,KinCP[h=1.0],351,0.9031339031339032,,0.0315492957746478,0.8428571428571429,2.701750827355087,3.4551652364742247,0.0,0.8428571428571429,0.9285714285714286,0.8857142857142857,0.9,0.9577464788732394
RKHS,R1,rice,Culm_habit,KinCP[h=2.0],351,0.8974358974358975,,0.0372635814889336,0.8428571428571429,2.641536299506434,3.449712760286624,0.0,0.8428571428571429,0.9285714285714286,0.8857142857142857,0.8714285714285714,0.9577464788732394
RKHS,R1,rice,Culm_habit,KinCP[nmin=100],351,0.9031339031339032,,0.0315492957746478,0.8428571428571429,2.728400868493692,3.4670850338882544,0.0,0.8428571428571429,0.9285714285714286,0.8857142857142857,0.9,0.9577464788732394
RKHS,R1,rice,Culm_habit,KinCP[nmin=25],351,0.9116809116809116,,0.0229778672032193,0.8857142857142857,2.739488102837707,3.459407036881694,0.0,0.8857142857142857,0.9285714285714286,0.8857142857142857,0.9,0.9577464788732394
RKHS,R1,rice,Culm_habit,NormCP,351,0.9344729344729344,,0.0344064386317907,0.9,3.0093522633233314,3.532984316304319,0.0,0.9,0.9285714285714286,0.9428571428571428,0.9428571428571428,0.9577464788732394
RKHS,R1,rice,Culm_habit,SCP,351,0.9373219373219374,,0.0373038229376257,0.9142857142857144,2.9962500799244274,3.516167703267105,0.0,0.9285714285714286,0.9571428571428572,0.9428571428571428,0.9142857142857144,0.943661971830986
RKHS,R1,rice,Flag_leaf_length,CV+,346,0.9017341040462428,,0.0317184265010351,0.8428571428571429,3.163102051420066,3.958500658058004,0.0,0.8840579710144928,0.8985507246376812,0.9130434782608696,0.9710144927536232,0.8428571428571429
RKHS,R1,rice,Flag_leaf_length,CalPred-style,346,0.916184971098266,,0.022567287784679,0.8857142857142857,3.1946008308370315,3.9215494344456623,0.0,0.8985507246376812,0.9130434782608696,0.9130434782608696,0.9710144927536232,0.8857142857142857
RKHS,R1,rice,Flag_leaf_length,CalPred-style(rand),346,0.8930635838150289,,0.0351966873706004,0.8428571428571429,3.1422654904288816,3.962441984305128,0.0,0.8840579710144928,0.8695652173913043,0.8985507246376812,0.9710144927536232,0.8428571428571429
RKHS,R1,rice,Flag_leaf_length,Gauss-homosc,346,0.8988439306358381,,0.0294409937888198,0.8571428571428571,3.1527478383710528,3.951919784369964,0.0,0.8840579710144928,0.8840579710144928,0.8985507246376812,0.9710144927536232,0.8571428571428571
RKHS,R1,rice,Flag_leaf_length,KinCP,346,0.9046242774566474,,0.0289440993788819,0.8695652173913043,3.1966775817201585,3.9664752592904953,0.0,0.8840579710144928,0.8695652173913043,0.9130434782608696,0.9710144927536232,0.8857142857142857
RKHS,R1,rice,Flag_leaf_length,KinCP-A,346,0.9104046242774566,,0.0231469979296066,0.8840579710144928,3.1553674003766554,3.9722896331691393,0.0,0.8840579710144928,0.927536231884058,0.8985507246376812,0.9565217391304348,0.8857142857142857
RKHS,R1,rice,Flag_leaf_length,KinCP-AB,346,0.9046242774566474,,0.0173498964803312,0.8840579710144928,3.1583121230313305,3.9461476778824216,0.0,0.8840579710144928,0.9130434782608696,0.8985507246376812,0.9420289855072465,0.8857142857142857
RKHS,R1,rice,Flag_leaf_length,KinCP-ABC,346,0.8959537572254336,,0.0323395445134575,0.8571428571428571,3.1472981117915584,3.948292251112156,0.0,0.8840579710144928,0.8695652173913043,0.8985507246376812,0.9710144927536232,0.8571428571428571
RKHS,R1,rice,Flag_leaf_length,KinCP-AC,346,0.9017341040462428,,0.0376811594202898,0.855072463768116,3.166220433913036,3.976585265273601,0.0,0.855072463768116,0.855072463768116,0.9130434782608696,0.9855072463768116,0.9
RKHS,R1,rice,Flag_leaf_length,KinCP-B,346,0.8988439306358381,,0.0294824016563147,0.8695652173913043,3.2053606697206773,3.953208040240421,0.0,0.8840579710144928,0.8695652173913043,0.8985507246376812,0.9710144927536232,0.8714285714285714
RKHS,R1,rice,Flag_leaf_length,KinCP-BC,346,0.8988439306358381,,0.0294409937888199,0.8571428571428571,3.159382586947641,3.955869442955061,0.0,0.8985507246376812,0.8695652173913043,0.8985507246376812,0.9710144927536232,0.8571428571428571
RKHS,R1,rice,Flag_leaf_length,KinCP-C,346,0.8930635838150289,,0.0353209109730848,0.855072463768116,3.101146297549601,3.967336226438436,0.0,0.855072463768116,0.855072463768116,0.8985507246376812,0.9710144927536232,0.8857142857142857
RKHS,R1,rice,Flag_leaf_length,KinCP[fixed-h],346,0.9046242774566474,,0.0289440993788819,0.8695652173913043,3.224726029224154,3.967227374499241,0.0057803468208093,0.8840579710144928,0.8695652173913043,0.9130434782608696,0.9710144927536232,0.8857142857142857
RKHS,R1,rice,Flag_leaf_length,KinCP[h=0.25],346,0.916184971098266,,0.0283643892339544,0.8840579710144928,3.226061261346347,3.937398010322356,0.0,0.8840579710144928,0.927536231884058,0.9130434782608696,0.9710144927536232,0.8857142857142857
RKHS,R1,rice,Flag_leaf_length,KinCP[h=1.0],346,0.8988439306358381,,0.0347826086956521,0.855072463768116,3.144008440800173,3.960576757518423,0.0,0.855072463768116,0.855072463768116,0.9130434782608696,0.9710144927536232,0.9
RKHS,R1,rice,Flag_leaf_length,KinCP[h=2.0],346,0.8930635838150289,,0.0353209109730848,0.855072463768116,3.113949379003924,3.9616891595488974,0.0,0.855072463768116,0.855072463768116,0.8985507246376812,0.9710144927536232,0.8857142857142857
RKHS,R1,rice,Flag_leaf_length,KinCP[nmin=100],346,0.9017341040462428,,0.0318426501035196,0.8695652173913043,3.170188815341368,3.9710618927808814,0.0,0.8695652173913043,0.8695652173913043,0.9130434782608696,0.9710144927536232,0.8857142857142857
RKHS,R1,rice,Flag_leaf_length,KinCP[nmin=25],346,0.9046242774566474,,0.0289440993788819,0.8695652173913043,3.224127912001396,3.9693861360462654,0.0,0.8840579710144928,0.8695652173913043,0.9130434782608696,0.9710144927536232,0.8857142857142857
RKHS,R1,rice,Flag_leaf_length,NormCP,346,0.9017341040462428,,0.0266252587991718,0.8695652173913043,3.198965215929509,4.028608517204074,0.0,0.8695652173913043,0.8840579710144928,0.8985507246376812,0.9710144927536232,0.8857142857142857
RKHS,R1,rice,Flag_leaf_length,SCP,346,0.8872832369942196,,0.0351966873706004,0.8428571428571429,3.1129864189750283,4.007106671006512,0.0,0.8695652173913043,0.8840579710144928,0.8840579710144928,0.9565217391304348,0.8428571428571429
RKHS,R1,rice,Plant_height,CV+,352,0.9119318181818182,,0.0284104627766599,0.8591549295774648,2.6971579721093684,3.571410864886454,0.0,0.9154929577464788,0.9142857142857144,0.9428571428571428,0.9285714285714286,0.8591549295774648
RKHS,R1,rice,Plant_height,CalPred-style,352,0.9176136363636364,,0.0340845070422535,0.8591549295774648,2.739590307904074,3.61504173614901,0.0,0.9295774647887324,0.9142857142857144,0.9571428571428572,0.9285714285714286,0.8591549295774648
RKHS,R1,rice,Plant_height,CalPred-style(rand),352,0.9147727272727272,,0.0199195171026156,0.8873239436619719,2.668129064457854,3.586773452941424,0.0,0.9154929577464788,0.9142857142857144,0.9285714285714286,0.9285714285714286,0.8873239436619719
RKHS,R1,rice,Plant_height,Gauss-homosc,352,0.9090909090909092,,0.0255533199195171,0.8591549295774648,2.6916483216523788,3.5878813798587648,0.0,0.9154929577464788,0.9142857142857144,0.9285714285714286,0.9285714285714286,0.8591549295774648
RKHS,R1,rice,Plant_height,KinCP,352,0.9176136363636364,,0.0177062374245472,0.9,2.707127475875268,3.593991870067573,0.0,0.9014084507042254,0.9,0.9571428571428572,0.9285714285714286,0.9014084507042254
RKHS,R1,rice,Plant_height,KinCP-A,352,0.9147727272727272,,0.0148088531187122,0.9,2.6981881648993284,3.6511935075424495,0.0,0.9014084507042254,0.9,0.9285714285714286,0.9285714285714286,0.9154929577464788
RKHS,R1,rice,Plant_height,KinCP-AB,352,0.9119318181818182,,0.0170623742454728,0.8873239436619719,2.723728840077008,3.653211874821028,0.0,0.9154929577464788,0.9,0.9285714285714286,0.9285714285714286,0.8873239436619719
RKHS,R1,rice,Plant_height,KinCP-ABC,352,0.9119318181818182,,0.0226961770623742,0.8732394366197183,2.6800918091253134,3.6022074292856145,0.0,0.9295774647887324,0.9142857142857144,0.9142857142857144,0.9285714285714286,0.8732394366197183
RKHS,R1,rice,Plant_height,KinCP-AC,352,0.9119318181818182,,0.0119919517102615,0.9014084507042254,2.5971026858844763,3.5796809335541755,0.0,0.9014084507042254,0.9142857142857144,0.9142857142857144,0.9285714285714286,0.9014084507042254
RKHS,R1,rice,Plant_height,KinCP-B,352,0.9176136363636364,,0.0228169014084506,0.8873239436619719,2.770895252209112,3.622679055862442,0.0,0.9014084507042254,0.9142857142857144,0.9571428571428572,0.9285714285714286,0.8873239436619719
RKHS,R1,rice,Plant_height,KinCP-BC,352,0.9176136363636364,,0.0284104627766599,0.8732394366197183,2.782409195059924,3.589629580156146,0.0,0.9295774647887324,0.9142857142857144,0.9428571428571428,0.9285714285714286,0.8732394366197183
RKHS,R1,rice,Plant_height,KinCP-C,352,0.9119318181818182,,0.0119919517102615,0.9014084507042254,2.551839064357296,3.559529595712839,0.0,0.9014084507042254,0.9142857142857144,0.9142857142857144,0.9285714285714286,0.9014084507042254
RKHS,R1,rice,Plant_height,KinCP[fixed-h],352,0.9176136363636364,,0.0177062374245472,0.9,2.714284887037905,3.6098518654722223,0.0085227272727272,0.9014084507042254,0.9,0.9571428571428572,0.9285714285714286,0.9014084507042254
RKHS,R1,rice,Plant_height,KinCP[h=0.25],352,0.9176136363636364,,0.0177062374245472,0.9,2.738784061088383,3.624407665609473,0.0,0.9014084507042254,0.9,0.9571428571428572,0.9285714285714286,0.9014084507042254
RKHS,R1,rice,Plant_height,KinCP[h=1.0],352,0.9119318181818182,,0.0119919517102615,0.9014084507042254,2.671493286920462,3.5675690649597,0.0,0.9014084507042254,0.9142857142857144,0.9142857142857144,0.9285714285714286,0.9014084507042254
RKHS,R1,rice,Plant_height,KinCP[h=2.0],352,0.9119318181818182,,0.0119919517102615,0.9014084507042254,2.6086516299465785,3.564340904961235,0.0,0.9014084507042254,0.9142857142857144,0.9142857142857144,0.9285714285714286,0.9014084507042254
RKHS,R1,rice,Plant_height,KinCP[nmin=100],352,0.9176136363636364,,0.0177062374245472,0.9,2.715847582125522,3.594550724200537,0.0,0.9014084507042254,0.9,0.9571428571428572,0.9285714285714286,0.9014084507042254
RKHS,R1,rice,Plant_height,KinCP[nmin=25],352,0.9176136363636364,,0.0177062374245472,0.9,2.706541438891246,3.5944757442139066,0.0,0.9014084507042254,0.9,0.9571428571428572,0.9285714285714286,0.9014084507042254
RKHS,R1,rice,Plant_height,NormCP,352,0.9403409090909092,,0.040281690140845,0.9285714285714286,3.161756857340522,3.76520016423447,0.0,0.9295774647887324,0.9285714285714286,0.9285714285714286,0.9428571428571428,0.971830985915493
RKHS,R1,rice,Plant_height,SCP,352,0.9289772727272728,,0.02897384305835,0.9154929577464788,3.1591811379013914,3.741908655141037,0.0,0.943661971830986,0.9285714285714286,0.9285714285714286,0.9285714285714286,0.9154929577464788
RKHS,R1,soybean,C13,CV+,346,0.9017341040462428,,0.0195859213250517,0.8571428571428571,3.0407178160291566,3.8481961669866647,0.0,0.8985507246376812,0.927536231884058,0.9130434782608696,0.9130434782608696,0.8571428571428571
RKHS,R1,soybean,C13,CalPred-style,346,0.8959537572254336,,0.0312629399585921,0.8260869565217391,3.042323727310155,3.797006301405963,0.0,0.8260869565217391,0.9420289855072465,0.9130434782608696,0.9130434782608696,0.8857142857142857
RKHS,R1,soybean,C13,CalPred-style(rand),346,0.8959537572254336,,0.0312629399585921,0.8260869565217391,2.987043526111253,3.796578900844972,0.0,0.8260869565217391,0.9420289855072465,0.9130434782608696,0.9130434782608696,0.8857142857142857
RKHS,R1,soybean,C13,Gauss-homosc,346,0.907514450867052,,0.0196273291925465,0.8714285714285714,3.03315891211898,3.815547527846454,0.0,0.8985507246376812,0.9420289855072465,0.9130434782608696,0.9130434782608696,0.8714285714285714
RKHS,R1,soybean,C13,KinCP,346,0.9046242774566474,,0.0110144927536231,0.8840579710144928,3.11530286857459,3.8526340175489033,0.0,0.8840579710144928,0.9130434782608696,0.9130434782608696,0.9130434782608696,0.9
RKHS,R1,soybean,C13,KinCP-A,346,0.9017341040462428,,0.013871635610766,0.8840579710144928,3.018303141546081,3.866431466345108,0.0,0.8840579710144928,0.9130434782608696,0.9130434782608696,0.9130434782608696,0.8857142857142857
RKHS,R1,soybean,C13,KinCP-AB,346,0.9104046242774566,,0.0167701863354037,0.8857142857142857,3.094472825907507,3.867434897348194,0.0,0.8985507246376812,0.9420289855072465,0.9130434782608696,0.9130434782608696,0.8857142857142857
RKHS,R1,soybean,C13,KinCP-ABC,346,0.907514450867052,,0.0196273291925465,0.8714285714285714,3.033672862223204,3.822838867011385,0.0,0.8985507246376812,0.9420289855072465,0.9130434782608696,0.9130434782608696,0.8714285714285714
RKHS,R1,soybean,C13,KinCP-AC,346,0.8988439306358381,,0.0167701863354037,0.8695652173913043,2.932631695264623,3.7955963660499816,0.0,0.8695652173913043,0.9130434782608696,0.9130434782608696,0.9130434782608696,0.8857142857142857
RKHS,R1,soybean,C13,KinCP-B,346,0.9132947976878611,,0.0139130434782608,0.8985507246376812,3.2242358591818503,3.856648518508158,0.0,0.8985507246376812,0.9420289855072465,0.9130434782608696,0.9130434782608696,0.9
RKHS,R1,soybean,C13,KinCP-BC,346,0.9190751445086706,,0.0248861283643891,0.8857142857142857,3.238358180908405,3.839495224586084,0.0,0.9420289855072465,0.9420289855072465,0.9130434782608696,0.9130434782608696,0.8857142857142857
RKHS,R1,soybean,C13,KinCP-C,346,0.907514450867052,,0.0196687370600413,0.8840579710144928,3.045015526380172,3.79458714914172,0.0,0.8840579710144928,0.9420289855072465,0.9130434782608696,0.9130434782608696,0.8857142857142857
RKHS,R1,soybean,C13,KinCP[fixed-h],346,0.9104046242774566,,0.0104347826086955,0.9,3.203749350012805,3.9615382059303896,0.0491329479768786,0.9130434782608696,0.9130434782608696,0.9130434782608696,0.9130434782608696,0.9
RKHS,R1,soybean,C13,KinCP[h=0.25],346,0.907514450867052,,0.0138716356107659,0.8840579710144928,3.123871853264501,3.855918225371097,0.0,0.8840579710144928,0.9130434782608696,0.9130434782608696,0.9130434782608696,0.9142857142857144
RKHS,R1,soybean,C13,KinCP[h=1.0],346,0.907514450867052,,0.0196687370600413,0.8840579710144928,3.0871476134262728,3.819814754081788,0.0,0.8840579710144928,0.9420289855072465,0.9130434782608696,0.9130434782608696,0.8857142857142857
RKHS,R1,soybean,C13,KinCP[h=2.0],346,0.907514450867052,,0.0196687370600413,0.8840579710144928,3.06756198611674,3.803230596650258,0.0,0.8840579710144928,0.9420289855072465,0.9130434782608696,0.9130434782608696,0.8857142857142857
RKHS,R1,soybean,C13,KinCP[nmin=100],346,0.907514450867052,,0.0081159420289854,0.8985507246376812,3.096105035713412,3.833849054280288,0.0,0.8985507246376812,0.9130434782608696,0.9130434782608696,0.9130434782608696,0.9
RKHS,R1,soybean,C13,KinCP[nmin=25],346,0.9104046242774566,,0.0104347826086955,0.9,3.156551436716634,3.877107892198961,0.0,0.9130434782608696,0.9130434782608696,0.9130434782608696,0.9130434782608696,0.9
RKHS,R1,soybean,C13,NormCP,346,0.9104046242774566,,0.0167701863354037,0.8857142857142857,3.009527590529211,3.8522760137015286,0.0,0.8985507246376812,0.927536231884058,0.927536231884058,0.9130434782608696,0.8857142857142857
RKHS,R1,soybean,C13,SCP,346,0.9046242774566474,,0.0334161490683229,0.8285714285714286,3.1576680070005345,3.963301599469469,0.0,0.927536231884058,0.927536231884058,0.927536231884058,0.9130434782608696,0.8285714285714286
RKHS,R1,soybean,Wilt,CV+,346,0.9017341040462428,,0.0434490317866277,0.8529411764705882,2.847170981436663,4.173677797047997,0.0,0.9855072463768116,0.927536231884058,0.8857142857142857,0.8529411764705882,0.8571428571428571
RKHS,R1,soybean,Wilt,CalPred-style,346,0.8959537572254336,,0.015080988917306,0.855072463768116,2.785140101321681,3.9385880763611896,0.0,0.855072463768116,0.927536231884058,0.9,0.8970588235294118,0.9
RKHS,R1,soybean,Wilt,CalPred-style(rand),346,0.9046242774566474,,0.017896723906954,0.8695652173913043,2.81603164303816,3.8737679507175216,0.0,0.8695652173913043,0.927536231884058,0.9,0.8970588235294118,0.9285714285714286
RKHS,R1,soybean,Wilt,Gauss-homosc,346,0.907514450867052,,0.0434064060406771,0.8571428571428571,2.9691221744945406,4.144039830157106,0.0,1.0,0.927536231884058,0.8857142857142857,0.8676470588235294,0.8571428571428571
RKHS,R1,soybean,Wilt,KinCP,346,0.8815028901734104,,0.0185202776762879,0.8676470588235294,2.5844267013712376,3.913419820063048,0.0,0.8985507246376812,0.8840579710144928,0.8857142857142857,0.8676470588235294,0.8714285714285714
RKHS,R1,soybean,Wilt,KinCP-A,346,0.8988439306358381,,0.0063439288758981,0.8857142857142857,2.70358028850312,3.896280585662538,0.0,0.9130434782608696,0.8985507246376812,0.8857142857142857,0.8970588235294118,0.9
RKHS,R1,soybean,Wilt,KinCP-AB,346,0.9190751445086706,,0.0260540738034344,0.8857142857142857,2.922532882010011,4.006848440789508,0.0,0.9855072463768116,0.927536231884058,0.9,0.8970588235294118,0.8857142857142857
RKHS,R1,soybean,Wilt,KinCP-ABC,346,0.9046242774566474,,0.04626354889782,0.8428571428571429,2.814695323077159,4.139570438375252,0.0,1.0,0.927536231884058,0.8857142857142857,0.8676470588235294,0.8428571428571429
RKHS,R1,soybean,Wilt,KinCP-AC,346,0.8959537572254336,,0.0092424796005358,0.8840579710144928,2.66598156245674,3.883716809780537,0.0,0.9130434782608696,0.8840579710144928,0.8857142857142857,0.8970588235294118,0.9
RKHS,R1,soybean,Wilt,KinCP-B,346,0.9046242774566474,,0.0346681281208135,0.8571428571428571,2.8541387116206627,4.013031985313646,0.0,0.9710144927536232,0.927536231884058,0.8857142857142857,0.8823529411764706,0.8571428571428571
RKHS,R1,soybean,Wilt,KinCP-BC,346,0.907514450867052,,0.0434064060406771,0.8571428571428571,2.922965340058003,4.155114053909945,0.0,1.0,0.927536231884058,0.8857142857142857,0.8676470588235294,0.8571428571428571
RKHS,R1,soybean,Wilt,KinCP-C,346,0.861271676300578,,0.0387687248812568,0.8260869565217391,2.5192682496213945,3.930747574214352,0.0,0.8695652173913043,0.8260869565217391,0.8714285714285714,0.8676470588235294,0.8714285714285714
RKHS,R1,soybean,Wilt,KinCP[fixed-h],346,0.8959537572254336,,0.0324333211545487,0.8676470588235294,2.6831764705893546,3.964038453431241,0.0231213872832369,0.9710144927536232,0.8840579710144928,0.8857142857142857,0.8676470588235294,0.8714285714285714
RKHS,R1,soybean,Wilt,KinCP[h=0.25],346,0.884393063583815,,0.0155791012056996,0.8714285714285714,2.619848397075748,3.914321726444456,0.0,0.8985507246376812,0.8840579710144928,0.8857142857142857,0.8823529411764706,0.8714285714285714
RKHS,R1,soybean,Wilt,KinCP[h=1.0],346,0.8757225433526011,,0.0242759712580684,0.8676470588235294,2.5523554127703147,3.925421534958997,0.0,0.8985507246376812,0.8695652173913043,0.8714285714285714,0.8676470588235294,0.8714285714285714
RKHS,R1,soybean,Wilt,KinCP[h=2.0],346,0.8757225433526011,,0.0242759712580684,0.8676470588235294,2.5315112569184817,3.921774682275754,0.0,0.8985507246376812,0.8695652173913043,0.8714285714285714,0.8676470588235294,0.8714285714285714
RKHS,R1,soybean,Wilt,KinCP[nmin=100],346,0.8815028901734104,,0.0185202776762879,0.8676470588235294,2.579729243873695,3.9060198723637134,0.0,0.8985507246376812,0.8840579710144928,0.8857142857142857,0.8676470588235294,0.8714285714285714
RKHS,R1,soybean,Wilt,KinCP[nmin=25],346,0.8901734104046243,,0.0266362197052734,0.8676470588235294,2.6316762667813234,3.890892510031273,0.0,0.9420289855072465,0.8840579710144928,0.8857142857142857,0.8676470588235294,0.8714285714285714
RKHS,R1,soybean,Wilt,NormCP,346,0.8930635838150289,,0.0295359883083668,0.8529411764705882,2.7596811858985832,4.019798105004179,0.0,0.9130434782608696,0.8695652173913043,0.8857142857142857,0.8529411764705882,0.9428571428571428
RKHS,R1,soybean,Wilt,SCP,346,0.8641618497109826,,0.0761283643892339,0.75,2.7189818827412786,4.346522071768561,0.0,1.0,0.855072463768116,0.8571428571428571,0.75,0.8571428571428571
RKHS,R1,wheatG,EW,CV+,371,0.9110512129380054,,0.0197117117117116,0.8783783783783784,3.0903546667666464,3.926200215064795,0.0,0.9054054054054054,0.8783783783783784,0.9324324324324323,0.9324324324324323,0.9066666666666666
RKHS,R1,wheatG,EW,CalPred-style,371,0.908355795148248,,0.0148468468468468,0.8918918918918919,3.0342309756832884,3.873318782951007,0.0,0.8918918918918919,0.8918918918918919,0.9324324324324323,0.918918918918919,0.9066666666666666
RKHS,R1,wheatG,EW,CalPred-style(rand),371,0.8975741239892183,,0.0175495495495495,0.8783783783783784,3.040284092077413,3.901196909172444,0.0,0.8783783783783784,0.8783783783783784,0.9324324324324323,0.9054054054054054,0.8933333333333333
RKHS,R1,wheatG,EW,Gauss-homosc,371,0.9110512129380054,,0.0197117117117117,0.8783783783783784,3.108797205583992,3.910768353673933,0.0,0.918918918918919,0.8783783783783784,0.9324324324324323,0.918918918918919,0.9066666666666666
RKHS,R1,wheatG,EW,KinCP,371,0.908355795148248,,0.025081081081081,0.8783783783783784,3.0924272837472,3.926161666679002,0.0,0.9054054054054054,0.8783783783783784,0.9324324324324323,0.945945945945946,0.88
RKHS,R1,wheatG,EW,KinCP-A,371,0.9056603773584906,,0.0169729729729729,0.88,3.101310698168928,3.989529227781345,0.0,0.9054054054054054,0.8918918918918919,0.918918918918919,0.9324324324324323,0.88
RKHS,R1,wheatG,EW,KinCP-AB,371,0.908355795148248,,0.0196756756756756,0.88,3.122342939845902,3.991384379860415,0.0,0.9054054054054054,0.8918918918918919,0.9324324324324323,0.9324324324324323,0.88
RKHS,R1,wheatG,EW,KinCP-ABC,371,0.908355795148248,,0.0197117117117117,0.8783783783783784,3.0663502569331658,3.906224601721483,0.0,0.918918918918919,0.8783783783783784,0.9324324324324323,0.918918918918919,0.8933333333333333
RKHS,R1,wheatG,EW,KinCP-AC,371,0.9110512129380054,,0.0196756756756756,0.8783783783783784,3.0552994763402284,3.90449832769529,0.0,0.9054054054054054,0.8783783783783784,0.9324324324324323,0.918918918918919,0.92
RKHS,R1,wheatG,EW,KinCP-B,371,0.908355795148248,,0.025081081081081,0.8783783783783784,3.1243814070887703,3.933239908752533,0.0,0.9054054054054054,0.8783783783783784,0.9324324324324323,0.945945945945946,0.88
RKHS,R1,wheatG,EW,KinCP-BC,371,0.9056603773584906,,0.0223783783783783,0.8783783783783784,3.0817245665733943,3.907741382500206,0.0,0.918918918918919,0.8783783783783784,0.9324324324324323,0.918918918918919,0.88
RKHS,R1,wheatG,EW,KinCP-C,371,0.908355795148248,,0.0202162162162162,0.8783783783783784,2.9962448703027267,3.9023674979585032,0.0,0.8918918918918919,0.8783783783783784,0.9324324324324323,0.918918918918919,0.92
RKHS,R1,wheatG,EW,KinCP[fixed-h],371,0.9110512129380054,,0.0277837837837837,0.8783783783783784,3.154485434634275,3.959093684725128,0.0215633423180593,0.918918918918919,0.8783783783783784,0.9324324324324323,0.945945945945946,0.88
RKHS,R1,wheatG,EW,KinCP[h=0.25],371,0.9056603773584906,,0.0169729729729729,0.88,3.140422658097305,3.943026945291381,0.0,0.9054054054054054,0.8918918918918919,0.918918918918919,0.9324324324324323,0.88
RKHS,R1,wheatG,EW,KinCP[h=1.0],371,0.908355795148248,,0.0170090090090089,0.8783783783783784,3.060555019579428,3.907926883914289,0.0,0.9054054054054054,0.8783783783783784,0.9324324324324323,0.918918918918919,0.9066666666666666
RKHS,R1,wheatG,EW,KinCP[h=2.0],371,0.908355795148248,,0.0202162162162162,0.8783783783783784,3.021248342185226,3.90460354966784,0.0,0.8918918918918919,0.8783783783783784,0.9324324324324323,0.918918918918919,0.92
RKHS,R1,wheatG,EW,KinCP[nmin=100],371,0.908355795148248,,0.025081081081081,0.8783783783783784,3.0926020170000954,3.919195912131769,0.0,0.9054054054054054,0.8783783783783784,0.9324324324324323,0.945945945945946,0.88
RKHS,R1,wheatG,EW,KinCP[nmin=25],371,0.908355795148248,,0.025081081081081,0.8783783783783784,3.1383414136395653,3.949577763359351,0.0,0.9054054054054054,0.8783783783783784,0.9324324324324323,0.945945945945946,0.88
RKHS,R1,wheatG,EW,NormCP,371,0.8840970350404312,,0.0362882882882883,0.8266666666666667,3.1375833603442453,4.144597459069247,0.0,0.918918918918919,0.8648648648648649,0.8783783783783784,0.9324324324324323,0.8266666666666667
RKHS,R1,wheatG,EW,SCP,371,0.8867924528301887,,0.0389909909909909,0.8266666666666667,3.139657643511533,4.167169731507284,0.0,0.9324324324324323,0.8648648648648649,0.8783783783783784,0.9324324324324323,0.8266666666666667
RKHS,R1,wheatG,GH,CV+,371,0.9110512129380054,,0.0197117117117116,0.8783783783783784,2.833852796083267,3.696061579168026,0.0,0.945945945945946,0.9054054054054054,0.918918918918919,0.8783783783783784,0.9066666666666666
RKHS,R1,wheatG,GH,CalPred-style,371,0.8975741239892183,,0.0202162162162162,0.8648648648648649,2.654045969926693,3.618003669678857,0.0,0.918918918918919,0.8648648648648649,0.9054054054054054,0.8783783783783784,0.92
RKHS,R1,wheatG,GH,CalPred-style(rand),371,0.8921832884097035,,0.0309909909909909,0.8243243243243243,2.5999145577110228,3.5929141987228763,0.0,0.918918918918919,0.8243243243243243,0.9054054054054054,0.8783783783783784,0.9333333333333332
RKHS,R1,wheatG,GH,Gauss-homosc,371,0.9029649595687332,,0.0256576576576576,0.8513513513513513,2.7065866000159486,3.618315579943185,0.0,0.9594594594594594,0.8918918918918919,0.9054054054054054,0.8513513513513513,0.9066666666666666
RKHS,R1,wheatG,GH,KinCP,371,0.9191374663072776,,0.0191351351351351,0.9054054054054054,2.798772036075234,3.638673186143252,0.0,0.918918918918919,0.918918918918919,0.9324324324324323,0.9054054054054054,0.92
RKHS,R1,wheatG,GH,KinCP-A,371,0.9191374663072776,,0.0190990990990991,0.9054054054054054,2.794575337517324,3.5952154153739166,0.0,0.918918918918919,0.918918918918919,0.918918918918919,0.9054054054054054,0.9333333333333332
RKHS,R1,wheatG,GH,KinCP-AB,371,0.9164420485175202,,0.0196756756756756,0.8918918918918919,2.842723718505272,3.608798651288324,0.0,0.918918918918919,0.9324324324324323,0.918918918918919,0.8918918918918919,0.92
RKHS,R1,wheatG,GH,KinCP-ABC,371,0.9164420485175202,,0.0251171171171171,0.8783783783783784,2.803282401292131,3.630866536438165,0.0,0.9594594594594594,0.918918918918919,0.918918918918919,0.8783783783783784,0.9066666666666666
RKHS,R1,wheatG,GH,KinCP-AC,371,0.9029649595687332,,0.0202162162162162,0.8648648648648649,2.665301224967013,3.576572892623051,0.0,0.9324324324324323,0.8918918918918919,0.9054054054054054,0.8648648648648649,0.92
RKHS,R1,wheatG,GH,KinCP-B,371,0.921832884097035,,0.0218378378378378,0.9054054054054054,2.870571986933354,3.660438744324989,0.0,0.918918918918919,0.9324324324324323,0.9324324324324323,0.9054054054054054,0.92
RKHS,R1,wheatG,GH,KinCP-BC,371,0.9299191374663072,,0.0299459459459459,0.9054054054054054,2.9328779693828464,3.689733614718598,0.0,0.9594594594594594,0.945945945945946,0.918918918918919,0.9054054054054054,0.92
RKHS,R1,wheatG,GH,KinCP-C,371,0.908355795148248,,0.0148108108108108,0.8918918918918919,2.7123590426852595,3.624070147594602,0.0,0.9324324324324323,0.8918918918918919,0.9054054054054054,0.8918918918918919,0.92
RKHS,R1,wheatG,GH,KinCP[fixed-h],371,0.921832884097035,,0.0218378378378378,0.9054054054054054,2.8347589040581487,3.653852064410975,0.0188679245283018,0.9324324324324323,0.918918918918919,0.9324324324324323,0.9054054054054054,0.92
RKHS,R1,wheatG,GH,KinCP[h=0.25],371,0.9191374663072776,,0.0277477477477477,0.8783783783783784,2.825206895008172,3.662867639807404,0.0,0.918918918918919,0.918918918918919,0.945945945945946,0.8783783783783784,0.9333333333333332
RKHS,R1,wheatG,GH,KinCP[h=1.0],371,0.9137466307277629,,0.0137297297297297,0.9054054054054054,2.7746472159624576,3.605333094456703,0.0,0.918918918918919,0.918918918918919,0.9054054054054054,0.9054054054054054,0.92
RKHS,R1,wheatG,GH,KinCP[h=2.0],371,0.9110512129380054,,0.0142702702702702,0.8918918918918919,2.7596413394171986,3.609876289858852,0.0,0.9324324324324323,0.8918918918918919,0.9054054054054054,0.9054054054054054,0.92
RKHS,R1,wheatG,GH,KinCP[nmin=100],371,0.921832884097035,,0.0218378378378378,0.9054054054054054,2.8152984996886112,3.6328160292127465,0.0,0.9324324324324323,0.918918918918919,0.9324324324324323,0.9054054054054054,0.92
RKHS,R1,wheatG,GH,KinCP[nmin=25],371,0.9191374663072776,,0.0191351351351351,0.9054054054054054,2.787436985064305,3.63241248795085,0.0,0.918918918918919,0.918918918918919,0.9324324324324323,0.9054054054054054,0.92
RKHS,R1,wheatG,GH,NormCP,371,0.9164420485175202,,0.025045045045045,0.8783783783783784,2.855092160213535,3.714153219804488,0.0,0.945945945945946,0.8783783783783784,0.918918918918919,0.9054054054054054,0.9333333333333332
RKHS,R1,wheatG,GH,SCP,371,0.9164420485175202,,0.0164324324324324,0.9054054054054054,2.8324977785491083,3.6749488696095134,0.0,0.9324324324324323,0.9054054054054054,0.918918918918919,0.9054054054054054,0.92
RKHS,R1,wheatG,GPE,CV+,371,0.908355795148248,,0.0325405405405405,0.84,3.11243744712608,3.897633123507775,0.0,0.918918918918919,0.9324324324324323,0.9054054054054054,0.945945945945946,0.84
RKHS,R1,wheatG,GPE,CalPred-style,371,0.9002695417789758,,0.0277117117117117,0.8533333333333334,2.998245437403312,3.842645749753898,0.0,0.8783783783783784,0.918918918918919,0.918918918918919,0.9324324324324323,0.8533333333333334
RKHS,R1,wheatG,GPE,CalPred-style(rand),371,0.894878706199461,,0.0276756756756756,0.84,3.011094123453373,3.860846143709916,0.0,0.8783783783783784,0.9054054054054054,0.918918918918919,0.9324324324324323,0.84
RKHS,R1,wheatG,GPE,Gauss-homosc,371,0.9029649595687332,,0.0271351351351351,0.84,3.075148937515547,3.888213120192936,0.0,0.9054054054054054,0.918918918918919,0.918918918918919,0.9324324324324323,0.84
RKHS,R1,wheatG,GPE,KinCP,371,0.9056603773584906,,0.0298378378378378,0.84,3.0649408485502674,3.927283282323793,0.0,0.9054054054054054,0.9324324324324323,0.918918918918919,0.9324324324324323,0.84
RKHS,R1,wheatG,GPE,KinCP-A,371,0.9056603773584906,,0.0298378378378378,0.84,3.061810498165152,3.9339953861732746,0.0,0.9054054054054054,0.9324324324324323,0.918918918918919,0.9324324324324323,0.84
RKHS,R1,wheatG,GPE,KinCP-AB,371,0.9056603773584906,,0.0298378378378378,0.84,3.077890194617314,3.941779699916555,0.0,0.9054054054054054,0.9324324324324323,0.918918918918919,0.9324324324324323,0.84
RKHS,R1,wheatG,GPE,KinCP-ABC,371,0.9029649595687332,,0.0271351351351351,0.84,3.0780881298952267,3.8956105797083977,0.0,0.9054054054054054,0.918918918918919,0.918918918918919,0.9324324324324323,0.84
RKHS,R1,wheatG,GPE,KinCP-AC,371,0.9029649595687332,,0.0271351351351351,0.84,3.051337213706055,3.881927302162549,0.0,0.9054054054054054,0.918918918918919,0.918918918918919,0.9324324324324323,0.84
RKHS,R1,wheatG,GPE,KinCP-B,371,0.9056603773584906,,0.0298378378378378,0.84,3.084228466478566,3.926165567010583,0.0,0.9054054054054054,0.9324324324324323,0.918918918918919,0.9324324324324323,0.84
RKHS,R1,wheatG,GPE,KinCP-BC,371,0.9029649595687332,,0.0271351351351351,0.84,3.111587806031363,3.887157931150705,0.0,0.9054054054054054,0.918918918918919,0.918918918918919,0.9324324324324323,0.84
RKHS,R1,wheatG,GPE,KinCP-C,371,0.9029649595687332,,0.0271351351351351,0.84,3.0437218433857782,3.8805213243731127,0.0,0.9054054054054054,0.918918918918919,0.918918918918919,0.9324324324324323,0.84
RKHS,R1,wheatG,GPE,KinCP[fixed-h],371,0.9056603773584906,,0.0298378378378378,0.84,3.079993116321216,3.970440424450593,0.0161725067385444,0.9054054054054054,0.9324324324324323,0.918918918918919,0.9324324324324323,0.84
RKHS,R1,wheatG,GPE,KinCP[h=0.25],371,0.908355795148248,,0.0325405405405405,0.84,3.101423619421741,3.953938565077561,0.0,0.9054054054054054,0.9324324324324323,0.9324324324324323,0.9324324324324323,0.84
RKHS,R1,wheatG,GPE,KinCP[h=1.0],371,0.9029649595687332,,0.0271351351351351,0.84,3.0445319005723888,3.906217537996854,0.0,0.9054054054054054,0.918918918918919,0.918918918918919,0.9324324324324323,0.84
RKHS,R1,wheatG,GPE,KinCP[h=2.0],371,0.9029649595687332,,0.0271351351351351,0.84,3.040576894690311,3.888802059394613,0.0,0.9054054054054054,0.918918918918919,0.918918918918919,0.9324324324324323,0.84
RKHS,R1,wheatG,GPE,KinCP[nmin=100],371,0.9029649595687332,,0.0271351351351351,0.84,3.0483785602415203,3.920823425240943,0.0,0.9054054054054054,0.918918918918919,0.918918918918919,0.9324324324324323,0.84
RKHS,R1,wheatG,GPE,KinCP[nmin=25],371,0.9056603773584906,,0.0298378378378378,0.84,3.07506489310416,3.934765571976232,0.0,0.9054054054054054,0.9324324324324323,0.918918918918919,0.9324324324324323,0.84
RKHS,R1,wheatG,GPE,NormCP,371,0.908355795148248,,0.0164324324324324,0.88,3.256538521021136,3.93333103898555,0.0,0.9054054054054054,0.9054054054054054,0.9054054054054054,0.945945945945946,0.88
RKHS,R1,wheatG,GPE,SCP,371,0.9056603773584906,,0.0223423423423423,0.8666666666666667,3.265754745476525,3.9449506215639794,0.0,0.918918918918919,0.9054054054054054,0.8918918918918919,0.945945945945946,0.8666666666666667
RKHS,R2,barley,BaMMV,CV+,2876,0.8174547983310153,0.0083593986649313,0.0825154858691444,0.6979166666666666,2.4655177634058862,3.4110928991389216,0.0,0.8275261324041812,0.8611111111111112,0.8501742160278746,0.6979166666666666,0.8506944444444444
RKHS,R2,barley,BaMMV,CalPred-style,2876,0.9579276773296244,0.0004917293332312,0.0579159407665505,0.9233449477351916,3.3523796489495545,3.508181173083154,0.0,0.9233449477351916,0.9392361111111112,0.975609756097561,0.9548611111111112,0.9965277777777778
RKHS,R2,barley,BaMMV,CalPred-style(rand),2876,0.9447148817802504,0.0004917293332312,0.0446972996515679,0.902439024390244,3.306003687955055,3.544530556696952,0.0,0.902439024390244,0.9201388888888888,0.9616724738675958,0.9461805555555556,0.9930555555555556
RKHS,R2,barley,BaMMV,Gauss-homosc,2876,0.7726008344923505,0.0049172933323125,0.1273761130468448,0.640625,2.3550391571682714,3.6306685844037294,0.0,0.8013937282229965,0.8420138888888888,0.7770034843205574,0.640625,0.8020833333333334
RKHS,R2,barley,BaMMV,KinCP,2876,0.948191933240612,0.0004917293332312,0.0481912988772744,0.9198606271777005,3.258046010534035,3.46457916021368,0.0,0.9198606271777005,0.9305555555555556,0.975609756097561,0.9340277777777778,0.9809027777777778
RKHS,R2,barley,BaMMV,KinCP-A,2876,0.9586230876216968,0.0014751879996937,0.0586115950445218,0.9146341463414634,3.4262557961689097,3.604642319512428,0.0,0.9146341463414634,0.9270833333333334,0.9860627177700348,0.9670138888888888,0.9982638888888888
RKHS,R2,barley,BaMMV,KinCP-AB,2876,0.9075104311543812,0.0039338346658501,0.0244819492837785,0.8784722222222222,2.9269461885987527,3.354055638417474,0.0,0.8832752613240418,0.8958333333333334,0.9372822299651568,0.8784722222222222,0.9427083333333334
RKHS,R2,barley,BaMMV,KinCP-ABC,2876,0.7986787204450626,0.0132766919972439,0.1013042005420054,0.6805555555555556,2.4320674130979687,3.5517756702296,0.0,0.8101045296167247,0.8472222222222222,0.8118466898954704,0.6805555555555556,0.84375
RKHS,R2,barley,BaMMV,KinCP-AC,2876,0.958970792767733,0.0049172933323126,0.0589563975996902,0.9128919860627178,3.502589418951493,3.6801682076696047,0.0,0.9128919860627178,0.9288194444444444,0.9843205574912892,0.96875,1.0
RKHS,R2,barley,BaMMV,KinCP-B,2876,0.9315020862308764,0.0004917293332312,0.0315089043747579,0.9097222222222222,3.10458777565398,3.3841093572675325,0.0,0.9233449477351916,0.9236111111111112,0.9494773519163764,0.9097222222222222,0.9513888888888888
RKHS,R2,barley,BaMMV,KinCP-BC,2876,0.9057719054242004,0.0014751879996938,0.0217675667828107,0.8628472222222222,2.931863893504954,3.3425812060393536,0.0,0.8972125435540069,0.9027777777777778,0.9425087108013938,0.8628472222222222,0.9236111111111112
RKHS,R2,barley,BaMMV,KinCP-C,2876,0.956884561891516,0.0009834586664625,0.0568706445993031,0.911149825783972,3.427220285249772,3.609232504813717,0.0,0.911149825783972,0.9322916666666666,0.9825783972125436,0.9618055555555556,0.9965277777777778
RKHS,R2,barley,BaMMV,KinCP[fixed-h],2876,0.948191933240612,0.0004917293332312,0.0481912988772744,0.9198606271777005,3.258046010534035,3.46457916021368,0.0,0.9198606271777005,0.9305555555555556,0.975609756097561,0.9340277777777778,0.9809027777777778
RKHS,R2,barley,BaMMV,KinCP[h=0.25],2876,0.9356745479833102,0.0014751879996937,0.036658681765389,0.8975694444444444,3.1685237967187696,3.408576787732985,0.0,0.9303135888501742,0.9305555555555556,0.9581881533101044,0.8975694444444444,0.9618055555555556
RKHS,R2,barley,BaMMV,KinCP[h=1.0],2876,0.9572322670375522,0.0004917293332313,0.057221496322106,0.9163763066202092,3.386305690223748,3.5710055923296977,0.0,0.9163763066202092,0.9322916666666666,0.9825783972125436,0.9583333333333334,0.9965277777777778
RKHS,R2,barley,BaMMV,KinCP[h=2.0],2876,0.9582753824756608,0.0,0.0582643728222996,0.9163763066202092,3.4370511677056146,3.614258141166668,0.0,0.9163763066202092,0.9322916666666666,0.9843205574912892,0.9618055555555556,0.9965277777777778
RKHS,R2,barley,BaMMV,KinCP[nmin=100],2876,0.948191933240612,0.0004917293332312,0.0481912988772744,0.9198606271777005,3.258046010534035,3.46457916021368,0.0,0.9198606271777005,0.9305555555555556,0.975609756097561,0.9340277777777778,0.9809027777777778
RKHS,R2,barley,BaMMV,KinCP[nmin=25],2876,0.948191933240612,0.0004917293332312,0.0481912988772744,0.9198606271777005,3.258046010534035,3.46457916021368,0.0,0.9198606271777005,0.9305555555555556,0.975609756097561,0.9340277777777778,0.9809027777777778
RKHS,R2,barley,BaMMV,NormCP,2876,0.9621001390820584,0.0024586466661562,0.0620959156020131,0.9285714285714286,3.633679022376481,3.787535540196632,0.0,0.9285714285714286,0.9288194444444444,0.989547038327526,0.9652777777777778,0.9982638888888888
RKHS,R2,barley,BaMMV,SCP,2876,0.8171070931849791,0.0314706773268004,0.0828651277584204,0.703125,2.540764610963433,3.632855779412058,0.0,0.8292682926829268,0.875,0.8449477351916377,0.703125,0.8333333333333334
RKHS,R2,barley,BaYMV,CV+,2876,0.8358831710709318,0.0039338346658501,0.0685448122338366,0.7083333333333334,2.765043456952742,4.110283187001143,0.0,0.911149825783972,0.8784722222222222,0.875,0.8066202090592335,0.7083333333333334
RKHS,R2,barley,BaYMV,CalPred-style,2876,0.9026425591098748,0.0029503759993875,0.0346401955090979,0.8576388888888888,3.2166440357223376,3.922040883108004,0.0,0.9442508710801394,0.9184027777777778,0.9305555555555556,0.8623693379790941,0.8576388888888888
RKHS,R2,barley,BaYMV,CalPred-style(rand),2876,0.8800417246175244,0.0122932333307814,0.0440212446767324,0.8003472222222222,3.109983841231425,3.948542864208465,0.0,0.9303135888501742,0.9131944444444444,0.9166666666666666,0.8397212543554007,0.8003472222222222
RKHS,R2,barley,BaYMV,Gauss-homosc,2876,0.8393602225312935,0.0029503759993875,0.0629783681765389,0.7118055555555556,2.805851638068488,4.074925860345439,0.0,0.9059233449477352,0.8784722222222222,0.8836805555555556,0.8170731707317073,0.7118055555555556
RKHS,R2,barley,BaYMV,KinCP,2876,0.9099443671766342,0.0044255639990812,0.0231600851722802,0.8763066202090593,3.257699748339613,3.884421139376832,0.0,0.926829268292683,0.9236111111111112,0.9322916666666666,0.8763066202090593,0.890625
RKHS,R2,barley,BaYMV,KinCP-A,2876,0.922461752433936,0.0014751879996938,0.0277458381726674,0.8867595818815331,3.3857362448690647,3.93360704110482,0.0,0.940766550522648,0.9288194444444444,0.9427083333333334,0.8867595818815331,0.9131944444444444
RKHS,R2,barley,BaYMV,KinCP-AB,2876,0.8949930458970793,0.0127849626640126,0.0401945412311265,0.8333333333333334,3.198845503547937,3.936762758848898,0.0,0.9337979094076656,0.9201388888888888,0.9340277777777778,0.8536585365853658,0.8333333333333334
RKHS,R2,barley,BaYMV,KinCP-ABC,2876,0.8317107093184979,0.0049172933323125,0.0706305652342238,0.7065972222222222,2.7340864762509027,4.1128808534816415,0.0,0.9059233449477352,0.8784722222222222,0.8697916666666666,0.7979094076655052,0.7065972222222222
RKHS,R2,barley,BaYMV,KinCP-AC,2876,0.9168984700973576,0.0034421053326187,0.0221806039488966,0.8867595818815331,3.3119593869795114,3.8821235726537098,0.0,0.926829268292683,0.9236111111111112,0.9322916666666666,0.8867595818815331,0.9149305555555556
RKHS,R2,barley,BaYMV,KinCP-B,2876,0.894297635605007,0.0009834586664625,0.0381075783972125,0.8315972222222222,3.1623368546216613,3.910183548659481,0.0,0.9337979094076656,0.9236111111111112,0.9236111111111112,0.8588850174216028,0.8315972222222222
RKHS,R2,barley,BaYMV,KinCP-BC,2876,0.8581363004172462,0.0009834586664625,0.0497802942315137,0.7361111111111112,2.954153758708532,3.9918229792999775,0.0,0.9198606271777005,0.8993055555555556,0.8993055555555556,0.8362369337979094,0.7361111111111112
RKHS,R2,barley,BaYMV,KinCP-C,2876,0.9127260083449236,0.0024586466661562,0.0214897890050328,0.8780487804878049,3.270458634489068,3.8788883010956647,0.0,0.9233449477351916,0.921875,0.9305555555555556,0.8780487804878049,0.9097222222222222
RKHS,R2,barley,BaYMV,KinCP[fixed-h],2876,0.9099443671766342,0.0044255639990812,0.0231600851722802,0.8763066202090593,3.257699748339613,3.884421139376832,0.0,0.926829268292683,0.9236111111111112,0.9322916666666666,0.8763066202090593,0.890625
RKHS,R2,barley,BaYMV,KinCP[h=0.25],2876,0.9061196105702364,0.0029503759993876,0.0367017518389469,0.84375,3.260918409468684,3.910412108975392,0.0,0.9303135888501742,0.9357638888888888,0.9409722222222222,0.8797909407665505,0.84375
RKHS,R2,barley,BaYMV,KinCP[h=1.0],2876,0.9113351877607788,0.0024586466661562,0.0207965543941153,0.8763066202090593,3.2615029414269814,3.882378429067385,0.0,0.9233449477351916,0.9236111111111112,0.9305555555555556,0.8763066202090593,0.9027777777777778
RKHS,R2,barley,BaYMV,KinCP[h=2.0],2876,0.9120305980528512,0.0034421053326187,0.0214909988385598,0.8763066202090593,3.2590218791989485,3.8814646049865495,0.0,0.9233449477351916,0.9236111111111112,0.9305555555555556,0.8763066202090593,0.90625
RKHS,R2,barley,BaYMV,KinCP[nmin=100],2876,0.9099443671766342,0.0044255639990812,0.0231600851722802,0.8763066202090593,3.257699748339613,3.884421139376832,0.0,0.926829268292683,0.9236111111111112,0.9322916666666666,0.8763066202090593,0.890625
RKHS,R2,barley,BaYMV,KinCP[nmin=25],2876,0.9099443671766342,0.0044255639990812,0.0231600851722802,0.8763066202090593,3.257699748339613,3.884421139376832,0.0,0.926829268292683,0.9236111111111112,0.9322916666666666,0.8763066202090593,0.890625
RKHS,R2,barley,BaYMV,NormCP,2876,0.9242002781641168,0.0275368426609504,0.0253031842818427,0.8972125435540069,3.4013720415193114,3.954509818308749,0.0,0.9337979094076656,0.9322916666666666,0.9357638888888888,0.8972125435540069,0.921875
RKHS,R2,barley,BaYMV,SCP,2876,0.8317107093184979,0.0137684213304751,0.0699337011227255,0.6996527777777778,2.7633668420027817,4.1402821687022335,0.0,0.9041811846689896,0.8697916666666666,0.8854166666666666,0.7996515679442509,0.6996527777777778
RKHS,R2,bean,DF,CV+,888,0.9076576576576576,0.0031851656810205,0.0360367722165474,0.8636363636363636,2.2224863123107137,2.880785344671088,0.0,0.8651685393258427,0.8636363636363636,0.949438202247191,0.9157303370786516,0.9438202247191012
RKHS,R2,bean,DF,CalPred-style,888,0.9155405405405406,0.0015925828405102,0.025873340143003,0.8863636363636364,2.400337648517604,3.023279889371268,0.0,0.8876404494382022,0.8863636363636364,0.9438202247191012,0.9157303370786516,0.9438202247191012
RKHS,R2,bean,DF,CalPred-style(rand),888,0.9121621621621622,0.0031851656810204,0.0252119509703779,0.8806818181818182,2.2661290376445744,2.939721808299311,0.0,0.8876404494382022,0.8806818181818182,0.949438202247191,0.898876404494382,0.9438202247191012
RKHS,R2,bean,DF,Gauss-homosc,888,0.9065315315315317,0.0015925828405103,0.0286082737487232,0.8693181818181818,2.226520971965316,2.897036337846315,0.0,0.8876404494382022,0.8693181818181818,0.9438202247191012,0.8876404494382022,0.9438202247191012
RKHS,R2,bean,DF,KinCP,888,0.9155405405405406,0.0079629142025512,0.0371475995914198,0.8693181818181818,2.373571795526128,3.066580144512831,0.0,0.8764044943820225,0.8693181818181818,0.9438202247191012,0.9213483146067416,0.9662921348314608
RKHS,R2,bean,DF,KinCP-A,888,0.8997747747747747,0.0015925828405102,0.035388151174668,0.8522727272727273,2.21597714879486,2.965216863755824,0.0,0.8595505617977528,0.8522727272727273,0.9382022471910112,0.898876404494382,0.949438202247191
RKHS,R2,bean,DF,KinCP-AB,888,0.8975225225225225,0.0015925828405103,0.0331281920326864,0.8579545454545454,2.223940538880461,2.9739591024531595,0.0,0.8595505617977528,0.8579545454545454,0.9382022471910112,0.8932584269662921,0.9382022471910112
RKHS,R2,bean,DF,KinCP-ABC,888,0.902027027027027,0.0047777485215306,0.0308810010214504,0.8579545454545454,2.182542798799908,2.903035368890948,0.0,0.8820224719101124,0.8579545454545454,0.9382022471910112,0.8876404494382022,0.9438202247191012
RKHS,R2,bean,DF,KinCP-AC,888,0.9009009009009008,0.0127406627240819,0.0297829417773238,0.8465909090909091,2.170242511440735,2.9033724200419355,0.0,0.8820224719101124,0.8465909090909091,0.9269662921348316,0.898876404494382,0.949438202247191
RKHS,R2,bean,DF,KinCP-B,888,0.9166666666666666,0.0095554970430614,0.0337512768130745,0.8764044943820225,2.395623463416224,3.075907090890556,0.0,0.8764044943820225,0.8806818181818182,0.9438202247191012,0.9213483146067416,0.9606741573033708
RKHS,R2,bean,DF,KinCP-BC,888,0.9121621621621622,0.0,0.0292696629213482,0.875,2.303260797918378,2.956775630403514,0.0,0.8820224719101124,0.875,0.9438202247191012,0.904494382022472,0.9550561797752808
RKHS,R2,bean,DF,KinCP-C,888,0.9054054054054054,0.0,0.03426455566905,0.8522727272727273,2.219887348330155,2.930519589023866,0.0,0.8764044943820225,0.8522727272727273,0.9438202247191012,0.898876404494382,0.9550561797752808
RKHS,R2,bean,DF,KinCP[fixed-h],888,0.9155405405405406,0.0079629142025512,0.0371475995914198,0.8693181818181818,2.416941096280827,3.112298626111554,0.0033783783783783,0.8764044943820225,0.8693181818181818,0.9438202247191012,0.9213483146067416,0.9662921348314608
RKHS,R2,bean,DF,KinCP[h=0.25],888,0.9155405405405406,0.0047777485215307,0.0281077630234933,0.8764044943820225,2.388172993176726,3.079655668932477,0.0,0.8764044943820225,0.8920454545454546,0.9382022471910112,0.9213483146067416,0.949438202247191
RKHS,R2,bean,DF,KinCP[h=1.0],888,0.9132882882882885,0.0047777485215306,0.0349004085801838,0.8693181818181818,2.3196432040338686,3.007201554245707,0.0,0.8764044943820225,0.8693181818181818,0.9438202247191012,0.9213483146067416,0.9550561797752808
RKHS,R2,bean,DF,KinCP[h=2.0],888,0.90990990990991,0.0,0.0315423901940755,0.8636363636363636,2.260895082537239,2.96396286984831,0.0,0.8820224719101124,0.8636363636363636,0.9438202247191012,0.904494382022472,0.9550561797752808
RKHS,R2,bean,DF,KinCP[nmin=100],888,0.9155405405405406,0.0079629142025512,0.0371475995914198,0.8693181818181818,2.3471593688029424,3.041785038063588,0.0,0.8764044943820225,0.8693181818181818,0.9438202247191012,0.9213483146067416,0.9662921348314608
RKHS,R2,bean,DF,KinCP[nmin=25],888,0.9155405405405406,0.0079629142025512,0.0371475995914198,0.8693181818181818,2.4117663080276315,3.104774657014335,0.0,0.8764044943820225,0.8693181818181818,0.9438202247191012,0.9213483146067416,0.9662921348314608
RKHS,R2,bean,DF,NormCP,888,0.8941441441441441,0.0350368224912253,0.0212053115423902,0.8636363636363636,2.213264702454864,2.95599575858884,0.0,0.8820224719101124,0.8636363636363636,0.898876404494382,0.8876404494382022,0.9382022471910112
RKHS,R2,bean,DF,SCP,888,0.8862612612612613,0.0334442396507151,0.0223416751787538,0.8579545454545454,2.1062924232649416,2.911300015952785,0.0,0.8764044943820225,0.8579545454545454,0.898876404494382,0.8764044943820225,0.9213483146067416
RKHS,R2,bean,DPM,CV+,888,0.918918918918919,0.0031851656810205,0.046338100102145,0.8314606741573034,2.642325204975257,3.268443556253793,0.0,0.8314606741573034,0.9204545454545454,0.9213483146067416,0.949438202247191,0.9719101123595506
RKHS,R2,bean,DPM,CalPred-style,888,0.9065315315315317,0.0047777485215307,0.0339402451481102,0.8314606741573034,2.547477882613761,3.2507941327927874,0.0,0.8314606741573034,0.9034090909090908,0.9157303370786516,0.9325842696629212,0.949438202247191
RKHS,R2,bean,DPM,CalPred-style(rand),888,0.9076576576576576,0.0,0.0395709908069458,0.8202247191011236,2.5420078667291595,3.2311045128443783,0.0,0.8202247191011236,0.9090909090909092,0.9213483146067416,0.9325842696629212,0.9550561797752808
RKHS,R2,bean,DPM,Gauss-homosc,888,0.8997747747747747,0.0015925828405102,0.0299080694586312,0.8314606741573034,2.546422263952345,3.2431102183617257,0.0,0.8314606741573034,0.9090909090909092,0.8932584269662921,0.9325842696629212,0.9325842696629212
RKHS,R2,bean,DPM,KinCP,888,0.9065315315315317,0.0015925828405103,0.0339657814096016,0.8314606741573034,2.5417956052834527,3.2456112303993465,0.0,0.8314606741573034,0.9147727272727272,0.9213483146067416,0.9325842696629212,0.9325842696629212
RKHS,R2,bean,DPM,KinCP-A,888,0.9087837837837838,0.0047777485215307,0.0384473953013278,0.8258426966292135,2.556864860516505,3.2287227155212106,0.0,0.8258426966292135,0.9090909090909092,0.9157303370786516,0.9325842696629212,0.9606741573033708
RKHS,R2,bean,DPM,KinCP-AB,888,0.9065315315315317,0.0047777485215307,0.0361874361593462,0.8258426966292135,2.560240056438419,3.234737044127676,0.0,0.8258426966292135,0.9034090909090908,0.9157303370786516,0.9325842696629212,0.9550561797752808
RKHS,R2,bean,DPM,KinCP-ABC,888,0.9121621621621622,0.0063703313620409,0.0395837589376915,0.8314606741573034,2.612664862512679,3.2604358812598218,0.0,0.8314606741573034,0.9147727272727272,0.9213483146067416,0.9382022471910112,0.9550561797752808
RKHS,R2,bean,DPM,KinCP-AC,888,0.9155405405405406,0.0015925828405102,0.042967313585291,0.8314606741573034,2.573556880521029,3.246393622045567,0.0,0.8314606741573034,0.9204545454545454,0.9213483146067416,0.9438202247191012,0.9606741573033708
RKHS,R2,bean,DPM,KinCP-B,888,0.9054054054054054,0.0031851656810205,0.0328421859039836,0.8314606741573034,2.5563406855012434,3.247471319366521,0.0,0.8314606741573034,0.9147727272727272,0.9157303370786516,0.9382022471910112,0.9269662921348316
RKHS,R2,bean,DPM,KinCP-BC,888,0.911036036036036,0.0015925828405102,0.0384729315628191,0.8314606741573034,2.567456937479261,3.2219864297277097,0.0,0.8314606741573034,0.9204545454545454,0.9157303370786516,0.9438202247191012,0.9438202247191012
RKHS,R2,bean,DPM,KinCP-C,888,0.9042792792792792,0.0015925828405102,0.0317313585291112,0.8314606741573034,2.4775515157391768,3.201168990763413,0.0,0.8314606741573034,0.9204545454545454,0.904494382022472,0.9325842696629212,0.9325842696629212
RKHS,R2,bean,DPM,KinCP[fixed-h],888,0.9065315315315317,0.0015925828405103,0.0339657814096016,0.8314606741573034,2.5451487870908847,3.250553160796205,0.0022522522522522,0.8314606741573034,0.9147727272727272,0.9213483146067416,0.9325842696629212,0.9325842696629212
RKHS,R2,bean,DPM,KinCP[h=0.25],888,0.9065315315315317,0.0079629142025512,0.0384601634320735,0.8202247191011236,2.6038826530596864,3.2904287074397613,0.0,0.8202247191011236,0.9147727272727272,0.9213483146067416,0.9213483146067416,0.9550561797752808
RKHS,R2,bean,DPM,KinCP[h=1.0],888,0.9054054054054054,0.0,0.0328549540347292,0.8314606741573034,2.4946714605473823,3.211278035926453,0.0,0.8314606741573034,0.9204545454545454,0.9213483146067416,0.9325842696629212,0.9213483146067416
RKHS,R2,bean,DPM,KinCP[h=2.0],888,0.9042792792792792,0.0015925828405102,0.0317313585291112,0.8314606741573034,2.4784068128660115,3.201245660587498,0.0,0.8314606741573034,0.9204545454545454,0.904494382022472,0.9325842696629212,0.9325842696629212
RKHS,R2,bean,DPM,KinCP[nmin=100],888,0.9054054054054054,0.0031851656810205,0.0328294177732379,0.8314606741573034,2.508050033385969,3.2166855812822264,0.0,0.8314606741573034,0.9090909090909092,0.9213483146067416,0.9325842696629212,0.9325842696629212
RKHS,R2,bean,DPM,KinCP[nmin=25],888,0.9065315315315317,0.0015925828405103,0.0339657814096016,0.8314606741573034,2.5444143497593217,3.2482299748752164,0.0,0.8314606741573034,0.9147727272727272,0.9213483146067416,0.9325842696629212,0.9325842696629212
RKHS,R2,bean,DPM,NormCP,888,0.9155405405405406,0.0175184112456126,0.045214504596527,0.8258426966292135,2.8951088950527315,3.569108645982253,0.0,0.8258426966292135,0.9204545454545454,0.9101123595505618,0.949438202247191,0.9719101123595506
RKHS,R2,bean,DPM,SCP,888,0.9031531531531533,0.0222961597671433,0.0337129724208375,0.8258426966292135,2.8602783835816,3.5988136546214844,0.0,0.8258426966292135,0.8977272727272727,0.9101123595505618,0.9382022471910112,0.9438202247191012
RKHS,R2,bean,PHI,CV+,888,0.8963963963963963,0.0095554970430614,0.0360495403472931,0.8426966292134831,2.841902022488972,4.011447925559869,0.0,0.9325842696629212,0.8579545454545454,0.8426966292134831,0.9382022471910112,0.9101123595505618
RKHS,R2,bean,PHI,CalPred-style,888,0.9121621621621622,0.0031851656810204,0.0193335035750765,0.8820224719101124,2.858764359624137,3.9363864230027614,0.0,0.9101123595505618,0.9034090909090908,0.8820224719101124,0.9325842696629212,0.9325842696629212
RKHS,R2,bean,PHI,CalPred-style(rand),888,0.9222972972972971,0.0015925828405102,0.0222676200204289,0.9090909090909092,3.0651178290669647,3.94308974121911,0.0,0.9101123595505618,0.9090909090909092,0.9101123595505618,0.9325842696629212,0.949438202247191
RKHS,R2,bean,PHI,Gauss-homosc,888,0.9177927927927928,0.0015925828405103,0.0393437180796731,0.8539325842696629,3.105392789989493,4.095467257422879,0.0,0.9325842696629212,0.8920454545454546,0.8539325842696629,0.9662921348314608,0.9438202247191012
RKHS,R2,bean,PHI,KinCP,888,0.8941441441441441,0.0031851656810204,0.0225280898876404,0.8539325842696629,2.6847135184136723,3.943468273913632,0.0,0.904494382022472,0.875,0.8539325842696629,0.9325842696629212,0.904494382022472
RKHS,R2,bean,PHI,KinCP-A,888,0.9132882882882885,0.0015925828405102,0.0186823289070479,0.8863636363636364,2.867257276089037,3.9002491720615446,0.0,0.904494382022472,0.8863636363636364,0.9157303370786516,0.9325842696629212,0.9269662921348316
RKHS,R2,bean,PHI,KinCP-AB,888,0.9121621621621622,0.0,0.01755873340143,0.8863636363636364,2.867316862215632,3.905639002813756,0.0,0.904494382022472,0.8863636363636364,0.9101123595505618,0.9325842696629212,0.9269662921348316
RKHS,R2,bean,PHI,KinCP-ABC,888,0.8930180180180181,0.0047777485215306,0.0326404494382022,0.8258426966292135,2.767064562712886,4.045216070342437,0.0,0.9213483146067416,0.875,0.8258426966292135,0.9325842696629212,0.9101123595505618
RKHS,R2,bean,PHI,KinCP-AC,888,0.8952702702702703,0.0015925828405102,0.0303804902962206,0.8314606741573034,2.776176623885793,4.007997808781302,0.0,0.9213483146067416,0.8806818181818182,0.8314606741573034,0.9325842696629212,0.9101123595505618
RKHS,R2,bean,PHI,KinCP-B,888,0.8941441441441441,0.0031851656810204,0.0207303370786516,0.8595505617977528,2.6927110405148724,3.944583836996298,0.0,0.904494382022472,0.875,0.8595505617977528,0.9325842696629212,0.898876404494382
RKHS,R2,bean,PHI,KinCP-BC,888,0.8963963963963963,0.0031851656810205,0.0315040858018385,0.8314606741573034,2.8121506261805647,4.029313352065236,0.0,0.9269662921348316,0.8806818181818182,0.8314606741573034,0.9325842696629212,0.9101123595505618
RKHS,R2,bean,PHI,KinCP-C,888,0.8952702702702703,0.0015925828405102,0.0303804902962206,0.8314606741573034,2.802625471677361,4.002990834803777,0.0,0.9213483146067416,0.8806818181818182,0.8314606741573034,0.9325842696629212,0.9101123595505618
RKHS,R2,bean,PHI,KinCP[fixed-h],888,0.8963963963963963,0.0031851656810205,0.0247752808988763,0.8539325842696629,2.697541893830683,3.951829892050272,0.009009009009009,0.9157303370786516,0.875,0.8539325842696629,0.9325842696629212,0.904494382022472
RKHS,R2,bean,PHI,KinCP[h=0.25],888,0.8873873873873874,0.0095554970430614,0.0252119509703779,0.8314606741573034,2.6947332818825926,3.945209358056644,0.0,0.8932584269662921,0.8806818181818182,0.8314606741573034,0.9269662921348316,0.904494382022472
RKHS,R2,bean,PHI,KinCP[h=1.0],888,0.8941441441441441,0.0031851656810204,0.0247625127681307,0.8426966292134831,2.7190820489876324,3.959958681100296,0.0,0.9101123595505618,0.8806818181818182,0.8426966292134831,0.9325842696629212,0.904494382022472
RKHS,R2,bean,PHI,KinCP[h=2.0],888,0.8941441441441441,0.0031851656810204,0.0315040858018385,0.8258426966292135,2.766071017616118,3.9801971270314302,0.0,0.9213483146067416,0.8806818181818182,0.8258426966292135,0.9325842696629212,0.9101123595505618
RKHS,R2,bean,PHI,KinCP[nmin=100],888,0.8930180180180181,0.0047777485215306,0.0236516853932584,0.848314606741573,2.6823810339739653,3.942113264844677,0.0,0.904494382022472,0.875,0.848314606741573,0.9325842696629212,0.904494382022472
RKHS,R2,bean,PHI,KinCP[nmin=25],888,0.8941441441441441,0.0031851656810204,0.0225280898876404,0.8539325842696629,2.6888886198812747,3.9473376803213727,0.0,0.904494382022472,0.875,0.8539325842696629,0.9325842696629212,0.904494382022472
RKHS,R2,bean,PHI,NormCP,888,0.9042792792792792,0.0047777485215307,0.0507073544433095,0.8352272727272727,3.011780033455891,4.223651402738589,0.0,0.9157303370786516,0.8352272727272727,0.848314606741573,0.9662921348314608,0.9550561797752808
RKHS,R2,bean,PHI,SCP,888,0.9042792792792792,0.0047777485215307,0.0529673135852911,0.8295454545454546,3.005091951976376,4.27430586494574,0.0,0.9213483146067416,0.8295454545454546,0.848314606741573,0.9662921348314608,0.9550561797752808
RKHS,R2,lentil,DTF,CV+,648,0.7006172839506173,0.0130945700219731,0.199375,0.6538461538461539,2.002995395802908,5.539300861564741,0.0,0.6615384615384615,0.703125,0.6923076923076923,0.6538461538461539,0.7923076923076923
RKHS,R2,lentil,DTF,CalPred-style,648,0.8858024691358025,0.0,0.0289423076923076,0.8384615384615385,2.9345026010942554,4.29132830995433,0.0,0.8384615384615385,0.90625,0.8923076923076924,0.8615384615384616,0.9307692307692308
RKHS,R2,lentil,DTF,CalPred-style(rand),648,0.8009259259259259,0.0196418550329595,0.0990865384615385,0.7307692307692307,2.3862099081715087,4.6913798719866895,0.0,0.7307692307692307,0.796875,0.823076923076923,0.823076923076923,0.8307692307692308
RKHS,R2,lentil,DTF,Gauss-homosc,648,0.6635802469135802,0.0261891400439462,0.2364663461538461,0.6,1.9230668897192644,5.581790648812404,0.0,0.6,0.6484375,0.6923076923076923,0.6076923076923076,0.7692307692307693
RKHS,R2,lentil,DTF,KinCP,648,0.8703703703703703,0.004364856673991,0.04125,0.7692307692307693,3.02426645438387,4.577561303031201,0.0,0.7692307692307693,0.90625,0.8692307692307693,0.8846153846153846,0.9230769230769232
RKHS,R2,lentil,DTF,KinCP-A,648,0.8549382716049383,0.004364856673991,0.0511538461538461,0.7615384615384615,2.8052981696259645,4.50934634727327,0.0,0.7615384615384615,0.875,0.8692307692307693,0.8538461538461538,0.9153846153846154
RKHS,R2,lentil,DTF,KinCP-AB,648,0.8132716049382716,0.0065472850109865,0.0866826923076923,0.7384615384615385,2.4822388251424767,4.665378272533817,0.0,0.7384615384615385,0.828125,0.8461538461538461,0.8384615384615385,0.8153846153846154
RKHS,R2,lentil,DTF,KinCP-ABC,648,0.6944444444444444,0.0,0.205625,0.6538461538461539,1.9871478215412173,5.512926386829349,0.0,0.6692307692307692,0.671875,0.6846153846153846,0.6538461538461539,0.7923076923076923
RKHS,R2,lentil,DTF,KinCP-AC,648,0.8240740740740741,0.004364856673991,0.0758894230769231,0.7461538461538462,2.5994999344918286,4.66694842033403,0.0,0.7461538461538462,0.8359375,0.823076923076923,0.8153846153846154,0.9
RKHS,R2,lentil,DTF,KinCP-B,648,0.8719135802469136,0.0021824283369955,0.0366346153846153,0.8307692307692308,2.9005080737741613,4.471202608128228,0.0,0.8307692307692308,0.90625,0.8615384615384616,0.8461538461538461,0.9153846153846154
RKHS,R2,lentil,DTF,KinCP-BC,648,0.8410493827160493,0.0065472850109865,0.0588461538461538,0.8153846153846154,2.7013090416489938,4.576983248652991,0.0,0.8615384615384616,0.875,0.823076923076923,0.8153846153846154,0.8307692307692308
RKHS,R2,lentil,DTF,KinCP-C,648,0.8626543209876543,0.0021824283369954,0.0489423076923076,0.7846153846153846,2.915554252481206,4.564851509592182,0.0,0.7846153846153846,0.90625,0.8384615384615385,0.8615384615384616,0.9230769230769232
RKHS,R2,lentil,DTF,KinCP[fixed-h],648,0.8703703703703703,0.004364856673991,0.04125,0.7692307692307693,3.02426645438387,4.577561303031201,0.0,0.7692307692307693,0.90625,0.8692307692307693,0.8846153846153846,0.9230769230769232
RKHS,R2,lentil,DTF,KinCP[h=0.25],648,0.8734567901234568,0.004364856673991,0.04125,0.7615384615384615,3.0462382291202874,4.624814063723816,0.0,0.7615384615384615,0.90625,0.8846153846153846,0.8846153846153846,0.9307692307692308
RKHS,R2,lentil,DTF,KinCP[h=1.0],648,0.8688271604938271,0.0021824283369955,0.0427884615384615,0.7769230769230769,2.9770631861748527,4.567105012239563,0.0,0.7769230769230769,0.90625,0.8615384615384616,0.8769230769230769,0.9230769230769232
RKHS,R2,lentil,DTF,KinCP[h=2.0],648,0.8657407407407407,0.0021824283369955,0.0458653846153846,0.7846153846153846,2.944540571971836,4.55834294111617,0.0,0.7846153846153846,0.90625,0.8538461538461538,0.8615384615384616,0.9230769230769232
RKHS,R2,lentil,DTF,KinCP[nmin=100],648,0.8703703703703703,0.004364856673991,0.04125,0.7692307692307693,3.018760832011399,4.584327624687895,0.0,0.7692307692307693,0.90625,0.8692307692307693,0.8846153846153846,0.9230769230769232
RKHS,R2,lentil,DTF,KinCP[nmin=25],648,0.8703703703703703,0.004364856673991,0.04125,0.7692307692307693,3.02426645438387,4.577561303031201,0.0,0.7692307692307693,0.90625,0.8692307692307693,0.8846153846153846,0.9230769230769232
RKHS,R2,lentil,DTF,NormCP,648,0.8533950617283951,0.0021824283369955,0.0558173076923077,0.7615384615384615,2.927744191799516,4.466345207257664,0.0,0.7615384615384615,0.859375,0.8692307692307693,0.8538461538461538,0.9230769230769232
RKHS,R2,lentil,DTF,SCP,648,0.7268518518518519,0.0065472850109865,0.1731009615384615,0.5923076923076923,2.2474372658810124,5.146987101903317,0.0,0.5923076923076923,0.7421875,0.7538461538461538,0.7230769230769231,0.823076923076923
RKHS,R2,lentil,DTM,CV+,648,0.7160493827160493,0.004364856673991,0.1838221153846154,0.6384615384615384,1.833150149064129,4.580107538549336,0.0,0.6384615384615384,0.7578125,0.6923076923076923,0.7384615384615385,0.7538461538461538
RKHS,R2,lentil,DTM,CalPred-style,648,0.8533950617283951,0.0021824283369955,0.0497115384615384,0.823076923076923,2.551654913253586,3.8953050657882815,0.0,0.8615384615384616,0.84375,0.823076923076923,0.9076923076923076,0.8307692307692308
RKHS,R2,lentil,DTM,CalPred-style(rand),648,0.7916666666666666,0.0065472850109865,0.1081971153846154,0.7384615384615385,2.0649452200832634,3.966417576616522,0.0,0.7538461538461538,0.8359375,0.7384615384615385,0.8461538461538461,0.7846153846153846
RKHS,R2,lentil,DTM,Gauss-homosc,648,0.720679012345679,0.0021824283369955,0.1792067307692308,0.6461538461538462,1.7977887729658792,4.59863195348664,0.0,0.6461538461538462,0.7578125,0.6923076923076923,0.7538461538461538,0.7538461538461538
RKHS,R2,lentil,DTM,KinCP,648,0.8580246913580247,0.004364856673991,0.0450961538461538,0.8153846153846154,2.5189379718798133,3.704278033431583,0.0,0.8461538461538461,0.84375,0.8153846153846154,0.9076923076923076,0.8769230769230769
RKHS,R2,lentil,DTM,KinCP-A,648,0.8070987654320988,0.0109121416849775,0.0928605769230769,0.7307692307692307,2.2246521832111803,3.855864426166469,0.0,0.7307692307692307,0.8203125,0.7769230769230769,0.8846153846153846,0.823076923076923
RKHS,R2,lentil,DTM,KinCP-AB,648,0.7654320987654321,0.013094570021973,0.1344471153846154,0.7153846153846154,2.0138474059001528,4.150692961953138,0.0,0.7153846153846154,0.8046875,0.7307692307692307,0.8153846153846154,0.7615384615384615
RKHS,R2,lentil,DTM,KinCP-ABC,648,0.7160493827160493,0.004364856673991,0.1838701923076923,0.6384615384615384,1.81541677724916,4.568397701878112,0.0,0.6384615384615384,0.7421875,0.6923076923076923,0.7538461538461538,0.7538461538461538
RKHS,R2,lentil,DTM,KinCP-AC,648,0.7993827160493827,0.0130945700219731,0.1005288461538461,0.7230769230769231,2.1982501952960707,4.038794580758781,0.0,0.7230769230769231,0.828125,0.7692307692307693,0.8615384615384616,0.8153846153846154
RKHS,R2,lentil,DTM,KinCP-B,648,0.8611111111111112,0.0043648566739909,0.0420192307692307,0.8307692307692308,2.4743090399758314,3.737491290172792,0.0,0.8923076923076924,0.84375,0.8307692307692308,0.9076923076923076,0.8307692307692308
RKHS,R2,lentil,DTM,KinCP-BC,648,0.8580246913580247,0.0,0.05125,0.8,2.417227530770842,3.90463721564726,0.0,0.9230769230769232,0.84375,0.8307692307692308,0.8923076923076924,0.8
RKHS,R2,lentil,DTM,KinCP-C,648,0.8518518518518519,0.0,0.05125,0.8153846153846154,2.475753535267664,3.7960676057073792,0.0,0.8615384615384616,0.84375,0.8153846153846154,0.9076923076923076,0.8307692307692308
RKHS,R2,lentil,DTM,KinCP[fixed-h],648,0.8580246913580247,0.004364856673991,0.0450961538461538,0.8153846153846154,2.5189379718798133,3.704278033431583,0.0,0.8461538461538461,0.84375,0.8153846153846154,0.9076923076923076,0.8769230769230769
RKHS,R2,lentil,DTM,KinCP[h=0.25],648,0.8595679012345679,0.0065472850109865,0.0404807692307692,0.8,2.531997915876529,3.7607229485759848,0.0,0.8615384615384616,0.84375,0.8,0.9,0.8923076923076924
RKHS,R2,lentil,DTM,KinCP[h=1.0],648,0.8626543209876543,0.0021824283369954,0.0404807692307692,0.8307692307692308,2.516584516476046,3.753338355541536,0.0,0.8923076923076924,0.84375,0.8307692307692308,0.9076923076923076,0.8384615384615385
RKHS,R2,lentil,DTM,KinCP[h=2.0],648,0.8595679012345679,0.0065472850109865,0.0435576923076923,0.8307692307692308,2.495616834775398,3.769412217638256,0.0,0.8846153846153846,0.84375,0.8307692307692308,0.9076923076923076,0.8307692307692308
RKHS,R2,lentil,DTM,KinCP[nmin=100],648,0.8580246913580247,0.004364856673991,0.0450961538461538,0.8153846153846154,2.5135859927454085,3.73614528982702,0.0,0.8461538461538461,0.84375,0.8153846153846154,0.9076923076923076,0.8769230769230769
RKHS,R2,lentil,DTM,KinCP[nmin=25],648,0.8580246913580247,0.004364856673991,0.0450961538461538,0.8153846153846154,2.5189379718798133,3.704278033431583,0.0,0.8461538461538461,0.84375,0.8153846153846154,0.9076923076923076,0.8769230769230769
RKHS,R2,lentil,DTM,NormCP,648,0.8395061728395061,0.013094570021973,0.0605048076923077,0.8076923076923077,2.4983523198899946,3.841040721129896,0.0,0.8153846153846154,0.8359375,0.8076923076923077,0.8846153846153846,0.8538461538461538
RKHS,R2,lentil,DTM,SCP,648,0.7299382716049383,0.0021824283369955,0.1700480769230769,0.6461538461538462,1.9876863731316063,4.559369553149049,0.0,0.6461538461538462,0.734375,0.7076923076923077,0.7846153846153846,0.7769230769230769
RKHS,R2,lentil,VEG,CV+,648,0.6697530864197531,0.013094570021973,0.2302403846153846,0.5846153846153846,1.934500393887706,5.231603355920826,0.0,0.5846153846153846,0.671875,0.7538461538461538,0.5846153846153846,0.7538461538461538
RKHS,R2,lentil,VEG,CalPred-style,648,0.8827160493827161,0.004364856673991,0.0264903846153846,0.8461538461538461,2.815325955542358,4.061364214117491,0.0,0.8538461538461538,0.890625,0.9,0.8461538461538461,0.9230769230769232
RKHS,R2,lentil,VEG,CalPred-style(rand),648,0.7700617283950617,0.0152769983589686,0.1298557692307692,0.7,2.2486409047974902,4.494792475392761,0.0,0.7,0.796875,0.8076923076923077,0.7076923076923077,0.8384615384615385
RKHS,R2,lentil,VEG,Gauss-homosc,648,0.6527777777777778,0.0196418550329596,0.2472355769230769,0.5692307692307692,1.8428518685575777,5.370219799727092,0.0,0.5769230769230769,0.6484375,0.7307692307692307,0.5692307692307692,0.7384615384615385
RKHS,R2,lentil,VEG,KinCP,648,0.8595679012345679,0.0021824283369955,0.0495913461538461,0.7846153846153846,2.897926966847544,4.317930884297437,0.0,0.7846153846153846,0.8828125,0.8615384615384616,0.8461538461538461,0.9230769230769232
RKHS,R2,lentil,VEG,KinCP-A,648,0.8364197530864198,0.008729713347982,0.0727644230769231,0.7230769230769231,2.6022627856284384,4.274081325694774,0.0,0.7230769230769231,0.8515625,0.8538461538461538,0.8307692307692308,0.9230769230769232
RKHS,R2,lentil,VEG,KinCP-AB,648,0.7901234567901234,0.0043648566739909,0.1097115384615384,0.7153846153846154,2.315091516615587,4.491101627699802,0.0,0.7153846153846154,0.84375,0.8076923076923077,0.7538461538461538,0.8307692307692308
RKHS,R2,lentil,VEG,KinCP-ABC,648,0.6712962962962963,0.0021824283369955,0.2286778846153846,0.5846153846153846,1.916727189143664,5.208660366554463,0.0,0.5923076923076923,0.6796875,0.7230769230769231,0.5846153846153846,0.7769230769230769
RKHS,R2,lentil,VEG,KinCP-AC,648,0.8194444444444444,0.0240067117069507,0.0866586538461538,0.7230769230769231,2.4917609077410474,4.421627190381036,0.0,0.7230769230769231,0.8359375,0.8153846153846154,0.8076923076923077,0.9153846153846154
RKHS,R2,lentil,VEG,KinCP-B,648,0.8672839506172839,0.008729713347982,0.041875,0.8307692307692308,2.794796718691524,4.238657690566943,0.0,0.8461538461538461,0.890625,0.8461538461538461,0.8307692307692308,0.9230769230769232
RKHS,R2,lentil,VEG,KinCP-BC,648,0.8379629629629629,0.0021824283369954,0.0619230769230769,0.7846153846153846,2.6048050272216487,4.344197548163812,0.0,0.8615384615384616,0.875,0.8153846153846154,0.7846153846153846,0.8538461538461538
RKHS,R2,lentil,VEG,KinCP-C,648,0.8657407407407407,0.0109121416849775,0.0434134615384615,0.8307692307692308,2.794652612118589,4.264691043530423,0.0,0.8384615384615385,0.890625,0.8461538461538461,0.8307692307692308,0.9230769230769232
RKHS,R2,lentil,VEG,KinCP[fixed-h],648,0.8595679012345679,0.0021824283369955,0.0495913461538461,0.7846153846153846,2.897926966847544,4.317930884297437,0.0,0.7846153846153846,0.8828125,0.8615384615384616,0.8461538461538461,0.9230769230769232
RKHS,R2,lentil,VEG,KinCP[h=0.25],648,0.8518518518518519,0.0,0.0573076923076923,0.7538461538461538,2.9227045741448845,4.359659710433374,0.0,0.7538461538461538,0.875,0.8615384615384616,0.8461538461538461,0.9230769230769232
RKHS,R2,lentil,VEG,KinCP[h=1.0],648,0.8657407407407407,0.0109121416849775,0.0434134615384615,0.8307692307692308,2.8527851587356112,4.296689494364446,0.0,0.8307692307692308,0.890625,0.8538461538461538,0.8307692307692308,0.9230769230769232
RKHS,R2,lentil,VEG,KinCP[h=2.0],648,0.8672839506172839,0.008729713347982,0.041875,0.8307692307692308,2.807251637700052,4.2680764909062106,0.0,0.8384615384615385,0.890625,0.8538461538461538,0.8307692307692308,0.9230769230769232
RKHS,R2,lentil,VEG,KinCP[nmin=100],648,0.8595679012345679,0.0021824283369955,0.0495913461538461,0.7846153846153846,2.889847176214795,4.327727507620113,0.0,0.7846153846153846,0.8828125,0.8615384615384616,0.8461538461538461,0.9230769230769232
RKHS,R2,lentil,VEG,KinCP[nmin=25],648,0.8595679012345679,0.0021824283369955,0.0495913461538461,0.7846153846153846,2.897926966847544,4.317930884297437,0.0,0.7846153846153846,0.8828125,0.8615384615384616,0.8461538461538461,0.9230769230769232
RKHS,R2,lentil,VEG,NormCP,648,0.8611111111111112,0.0305539967179372,0.0449278846153846,0.7769230769230769,2.919282302259321,4.098741962322246,0.0,0.7769230769230769,0.8984375,0.8769230769230769,0.8384615384615385,0.9153846153846154
RKHS,R2,lentil,VEG,SCP,648,0.7021604938271605,0.0021824283369955,0.1978365384615384,0.5538461538461539,2.1754814870257992,4.9513219927238445,0.0,0.5538461538461539,0.703125,0.7692307692307693,0.676923076923077,0.8076923076923077
RKHS,R2,oyster,mm,CV+,744,0.885752688172043,0.0057024740418269,0.0298558558558558,0.8533333333333334,3.0068509248816664,4.013219432025642,0.0,0.9324324324324323,0.9066666666666666,0.8783783783783784,0.8581081081081081,0.8533333333333334
RKHS,R2,oyster,mm,CalPred-style,744,0.8951612903225806,0.0,0.0285045045045045,0.86,3.2772860985889904,4.042243848795858,0.0,0.945945945945946,0.86,0.8783783783783784,0.8783783783783784,0.9133333333333332
RKHS,R2,oyster,mm,CalPred-style(rand),744,0.8118279569892473,0.03801649361218,0.0982702702702702,0.6666666666666666,4.261359227222235,6.9440736303516974,0.0,0.918918918918919,0.9066666666666666,0.7702702702702703,0.7972972972972973,0.6666666666666666
RKHS,R2,oyster,mm,Gauss-homosc,744,0.8682795698924731,0.0,0.0446846846846846,0.8378378378378378,2.9239801983404767,4.030755173396939,0.0,0.9324324324324323,0.8666666666666667,0.8378378378378378,0.8378378378378378,0.8666666666666667
RKHS,R2,oyster,mm,KinCP,744,0.9274193548387096,0.0076032987224359,0.031081081081081,0.8918918918918919,3.612019011296204,4.060581222627956,0.0,0.945945945945946,0.94,0.8986486486486487,0.8918918918918919,0.96
RKHS,R2,oyster,mm,KinCP-A,744,0.952956989247312,0.0019008246806089,0.0529729729729729,0.9266666666666666,3.912354988177995,4.170351067013248,0.0,0.945945945945946,0.9266666666666666,0.9594594594594594,0.9594594594594594,0.9733333333333334
RKHS,R2,oyster,mm,KinCP-AB,744,0.896505376344086,0.0095041234030449,0.0218738738738738,0.8648648648648649,3.160099046287187,3.950572836612408,0.0,0.945945945945946,0.8933333333333333,0.8783783783783784,0.8648648648648649,0.9
RKHS,R2,oyster,mm,KinCP-ABC,744,0.8709677419354839,0.0038016493612179,0.042018018018018,0.8378378378378378,3.000625546522898,4.034772925904551,0.0,0.9324324324324323,0.88,0.8378378378378378,0.8378378378378378,0.8666666666666667
RKHS,R2,oyster,mm,KinCP-AC,744,0.9489247311827956,0.0038016493612179,0.0488828828828828,0.9324324324324323,3.762045078247181,4.080088713472358,0.0,0.9324324324324323,0.9533333333333334,0.9594594594594594,0.9391891891891893,0.96
RKHS,R2,oyster,mm,KinCP-B,744,0.9086021505376344,0.0076032987224359,0.0231531531531531,0.8783783783783784,3.3275437994877146,4.021522019257737,0.0,0.945945945945946,0.9,0.8851351351351351,0.8783783783783784,0.9333333333333332
RKHS,R2,oyster,mm,KinCP-BC,744,0.8763440860215054,0.0038016493612179,0.042036036036036,0.8378378378378378,3.0859834767522023,4.008554467306254,0.0,0.945945945945946,0.8866666666666667,0.8445945945945946,0.8378378378378378,0.8666666666666667
RKHS,R2,oyster,mm,KinCP-C,744,0.9260752688172044,0.0095041234030449,0.0292432432432432,0.8918918918918919,3.558350392279342,3.994821524766816,0.0,0.9324324324324323,0.9333333333333332,0.9256756756756755,0.8918918918918919,0.9466666666666668
RKHS,R2,oyster,mm,KinCP[fixed-h],744,0.9381720430107529,0.007603298722436,0.0380180180180179,0.9054054054054054,3.678776969209653,4.0853369275583695,0.0376344086021505,0.945945945945946,0.9466666666666668,0.9054054054054054,0.9054054054054054,0.9866666666666668
RKHS,R2,oyster,mm,KinCP[h=0.25],744,0.9166666666666666,0.0038016493612179,0.0257837837837837,0.8783783783783784,3.4686489457713554,4.041821293986086,0.0,0.945945945945946,0.9133333333333332,0.8986486486486487,0.8783783783783784,0.9466666666666668
RKHS,R2,oyster,mm,KinCP[h=1.0],744,0.928763440860215,0.0057024740418269,0.0318738738738738,0.8918918918918919,3.624812045314792,4.057674349563449,0.0,0.9324324324324323,0.9466666666666668,0.9121621621621622,0.8918918918918919,0.96
RKHS,R2,oyster,mm,KinCP[h=2.0],744,0.9274193548387096,0.0076032987224359,0.0305765765765765,0.8918918918918919,3.556896070806252,3.994824209532825,0.0,0.9324324324324323,0.94,0.9256756756756755,0.8918918918918919,0.9466666666666668
RKHS,R2,oyster,mm,KinCP[nmin=100],744,0.9247311827956988,0.0076032987224359,0.0284144144144143,0.8918918918918919,3.523459837832013,3.9970915133870255,0.0,0.945945945945946,0.94,0.8986486486486487,0.8918918918918919,0.9466666666666668
RKHS,R2,oyster,mm,KinCP[nmin=25],744,0.935483870967742,0.007603298722436,0.0353513513513513,0.9054054054054054,3.666258339551301,4.064944110113995,0.0,0.945945945945946,0.9466666666666668,0.9054054054054054,0.9054054054054054,0.9733333333333334
RKHS,R2,oyster,mm,NormCP,744,0.961021505376344,0.0057024740418269,0.061063063063063,0.945945945945946,3.958526519249395,4.209473849069144,0.0,0.9797297297297296,0.9466666666666668,0.972972972972973,0.945945945945946,0.96
RKHS,R2,oyster,mm,SCP,744,0.8978494623655914,0.0038016493612179,0.0419639639639639,0.8466666666666667,3.136082722942631,4.058758841664218,0.0,0.9797297297297296,0.92,0.8918918918918919,0.8513513513513513,0.8466666666666667
RKHS,R2,pig,PFAI,CV+,3418,0.9078408425980106,0.0004137546993485,0.0427176690504364,0.8128654970760234,2.678552507676595,4.599373085666813,0.0,0.9166666666666666,0.9472140762463344,0.956140350877193,0.9064327485380116,0.8128654970760234
RKHS,R2,pig,PFAI,CalPred-style,3418,0.9420713867758924,0.0,0.0599879954039546,0.8552631578947368,3.3012257504756053,4.719895641304498,0.0,0.9517543859649122,0.9794721407624634,0.9736842105263158,0.9502923976608189,0.8552631578947368
RKHS,R2,pig,PFAI,CalPred-style(rand),3418,0.9458747805734348,0.0004137546993485,0.059696455214282,0.8654970760233918,3.3773885241963346,4.739677218603804,0.0,0.9546783625730996,0.9809384164222874,0.9736842105263158,0.9546783625730996,0.8654970760233918
RKHS,R2,pig,PFAI,Gauss-homosc,3418,0.9321240491515506,0.0008275093986969,0.0564723637049613,0.8391812865497076,3.1302409546607475,4.689819904249821,0.0,0.95906432748538,0.967741935483871,0.9649122807017544,0.9298245614035088,0.8391812865497076
RKHS,R2,pig,PFAI,KinCP,3418,0.901111761263897,0.000827509398697,0.0389147845175009,0.8055555555555556,2.636387439820537,4.5946658281234924,0.0,0.9137426900584796,0.9442815249266864,0.9415204678362572,0.9005847953216374,0.8055555555555556
RKHS,R2,pig,PFAI,KinCP-A,3418,0.890579286132241,0.0033100375947878,0.0462832055701325,0.793859649122807,2.552690210541513,4.573729726027655,0.0,0.9239766081871345,0.9442815249266864,0.9239766081871345,0.8669590643274854,0.793859649122807
RKHS,R2,pig,PFAI,KinCP-AB,3418,0.8894090111176126,0.0049650563921817,0.0474519387422613,0.7923976608187134,2.5383059613037395,4.578727031507446,0.0,0.925438596491228,0.9428152492668622,0.9239766081871345,0.8625730994152047,0.7923976608187134
RKHS,R2,pig,PFAI,KinCP-ABC,3418,0.9028671737858396,0.0,0.040086090103068,0.8070175438596491,2.660931075569781,4.603493879148835,0.0,0.9152046783625732,0.9472140762463344,0.9444444444444444,0.9005847953216374,0.8070175438596491
RKHS,R2,pig,PFAI,KinCP-AC,3418,0.9072557050906964,0.0012412640980454,0.0403784877638867,0.8172514619883041,2.711081480123955,4.60585181815923,0.0,0.9166666666666666,0.9472140762463344,0.9502923976608189,0.904970760233918,0.8172514619883041
RKHS,R2,pig,PFAI,KinCP-B,3418,0.9005266237565828,0.0008275093986969,0.0392656617104834,0.8055555555555556,2.631917200371501,4.593531582397623,0.0,0.9137426900584796,0.9442815249266864,0.9415204678362572,0.8976608187134503,0.8055555555555556
RKHS,R2,pig,PFAI,KinCP-BC,3418,0.9043300175541252,0.0004137546993485,0.0415480784071616,0.8070175438596491,2.690410206472772,4.611796087658905,0.0,0.9152046783625732,0.9472140762463344,0.9488304093567252,0.9035087719298246,0.8070175438596491
RKHS,R2,pig,PFAI,KinCP-C,3418,0.906085430076068,0.0004137546993485,0.0415480784071616,0.8114035087719298,2.702125979682702,4.607361844777049,0.0,0.9152046783625732,0.9472140762463344,0.953216374269006,0.9035087719298246,0.8114035087719298
RKHS,R2,pig,PFAI,KinCP[fixed-h],3418,0.9016968987712112,0.0008275093986969,0.0383299891958635,0.8084795321637427,2.636553153129216,4.52800394390998,0.0005851375073142,0.9137426900584796,0.9442815249266864,0.9415204678362572,0.9005847953216374,0.8084795321637427
RKHS,R2,pig,PFAI,KinCP[h=0.25],3418,0.8952603861907549,0.0,0.038091783711478,0.8099415204678363,2.611093970768388,4.586945029023924,0.0,0.9166666666666666,0.936950146627566,0.9298245614035088,0.8830409356725146,0.8099415204678363
RKHS,R2,pig,PFAI,KinCP[h=1.0],3418,0.9031597425394968,0.0004137546993484,0.0403784877638867,0.8070175438596491,2.674517885987305,4.608540452060628,0.0,0.9137426900584796,0.9472140762463344,0.9444444444444444,0.9035087719298246,0.8070175438596491
RKHS,R2,pig,PFAI,KinCP[h=2.0],3418,0.9052077238150964,0.0,0.0412556807463428,0.8099415204678363,2.6924569626634014,4.609417492073768,0.0,0.9152046783625732,0.9472140762463344,0.9502923976608189,0.9035087719298246,0.8099415204678363
RKHS,R2,pig,PFAI,KinCP[nmin=100],3418,0.901111761263897,0.000827509398697,0.0389147845175009,0.8055555555555556,2.63626726149218,4.594774258720441,0.0,0.9137426900584796,0.9442815249266864,0.9415204678362572,0.9005847953216374,0.8055555555555556
RKHS,R2,pig,PFAI,KinCP[nmin=25],3418,0.901111761263897,0.000827509398697,0.0389147845175009,0.8055555555555556,2.6367137544553083,4.594992142758263,0.0,0.9137426900584796,0.9442815249266864,0.9415204678362572,0.9005847953216374,0.8055555555555556
RKHS,R2,pig,PFAI,NormCP,3418,0.906670567583382,0.0004137546993484,0.0450602802215705,0.804093567251462,2.766060933305869,4.658609142119439,0.0,0.925438596491228,0.9530791788856304,0.9502923976608189,0.9005847953216374,0.804093567251462
RKHS,R2,pig,PFAI,SCP,3418,0.9031597425394968,0.0020687734967423,0.0448246471506233,0.8011695906432749,2.724655047886847,4.652584305205404,0.0,0.9239766081871345,0.9501466275659824,0.945906432748538,0.8947368421052632,0.8011695906432749
RKHS,R2,pine,c5c6,CV+,1814,0.6675854465270121,0.0038980528180074,0.2322415153906867,0.5521978021978022,1.4005090499935102,5.285965534498831,0.0,0.8535911602209945,0.5521978021978022,0.6298342541436464,0.6767955801104972,0.6263736263736264
RKHS,R2,pine,c5c6,CalPred-style,1814,0.8395810363836824,0.0085757161996162,0.0683619695221905,0.7692307692307693,2.3147304717350585,4.237547637540932,0.0,0.919889502762431,0.7692307692307693,0.7707182320441989,0.8397790055248618,0.8983516483516484
RKHS,R2,pine,c5c6,CalPred-style(rand),1814,0.7127894156560088,0.0116941584540222,0.1870621091615567,0.6098901098901099,1.5423076182703006,4.623466311317502,0.0,0.856353591160221,0.6098901098901099,0.6574585635359116,0.7596685082872928,0.6813186813186813
RKHS,R2,pine,c5c6,Gauss-homosc,1814,0.6642778390297684,0.0054572739452103,0.2355533968793637,0.5494505494505495,1.3588292059240952,5.28513988142932,0.0,0.8453038674033149,0.5494505494505495,0.6160220994475138,0.6850828729281768,0.6263736263736264
RKHS,R2,pine,c5c6,KinCP,1814,0.8544652701212789,0.0140329901448267,0.0649159128164653,0.7790055248618785,2.555427142980599,4.303220561733822,0.0,0.9116022099447514,0.7857142857142857,0.7790055248618785,0.8591160220994475,0.9368131868131868
RKHS,R2,pine,c5c6,KinCP-A,1814,0.7133406835722161,0.0155922112720297,0.1865278368040799,0.5879120879120879,1.5705944775169662,4.712424879599672,0.0,0.8480662983425414,0.5879120879120879,0.6546961325966851,0.7569060773480663,0.7197802197802198
RKHS,R2,pine,c5c6,KinCP-AB,1814,0.6659316427783903,0.0093553267632178,0.2338898670390383,0.5467032967032966,1.367140515232241,5.157521615681096,0.0,0.8397790055248618,0.5467032967032966,0.6104972375690608,0.7099447513812155,0.6236263736263736
RKHS,R2,pine,c5c6,KinCP-ABC,1814,0.6697905181918412,0.0070164950724133,0.2300346062777002,0.554945054945055,1.3761094893513903,5.200124296451315,0.0,0.8480662983425414,0.554945054945055,0.6215469613259669,0.6988950276243094,0.6263736263736264
RKHS,R2,pine,c5c6,KinCP-AC,1814,0.7364939360529217,0.0015592211272029,0.163399307874446,0.6208791208791209,1.6581357908058425,4.629599987330684,0.0,0.8756906077348067,0.6208791208791209,0.6602209944751382,0.7707182320441989,0.7554945054945055
RKHS,R2,pine,c5c6,KinCP-B,1814,0.8544652701212789,0.0124737690176237,0.0605051302288871,0.7817679558011049,2.615584156481096,4.321534187257996,0.0,0.9060773480662984,0.7884615384615384,0.7817679558011049,0.8646408839779005,0.9313186813186812
RKHS,R2,pine,c5c6,KinCP-BC,1814,0.836824696802646,0.0031184422544059,0.0876959504583814,0.7375690607734806,2.3597633055855467,4.593031278516906,0.0,0.9613259668508288,0.782967032967033,0.7375690607734806,0.8204419889502762,0.8818681318681318
RKHS,R2,pine,c5c6,KinCP-C,1814,0.8390297684674752,0.0046776633816088,0.0832699896788294,0.7541436464088398,2.3114269246517645,4.420683203293463,0.0,0.9558011049723756,0.7692307692307693,0.7541436464088398,0.8259668508287292,0.8901098901098901
RKHS,R2,pine,c5c6,KinCP[fixed-h],1814,0.8544652701212789,0.0140329901448267,0.0649159128164653,0.7790055248618785,2.5462666030398324,4.299860221191572,0.0033076074972436,0.9116022099447514,0.7857142857142857,0.7790055248618785,0.8591160220994475,0.9368131868131868
RKHS,R2,pine,c5c6,KinCP[h=0.25],1814,0.8401323042998897,0.0249475380352475,0.0779181591888774,0.7541436464088398,2.5466372218337257,4.323421485465019,0.0,0.8729281767955801,0.760989010989011,0.7541436464088398,0.8674033149171271,0.945054945054945
RKHS,R2,pine,c5c6,KinCP[h=1.0],1814,0.850606394707828,0.0054572739452103,0.0754313642158946,0.7707182320441989,2.480208781196028,4.347145850042841,0.0,0.9419889502762432,0.7884615384615384,0.7707182320441989,0.8287292817679558,0.9230769230769232
RKHS,R2,pine,c5c6,KinCP[h=2.0],1814,0.844542447629548,0.0046776633816088,0.0804037399065023,0.7624309392265194,2.379583404191078,4.393300303666955,0.0,0.9558011049723756,0.771978021978022,0.7624309392265194,0.8259668508287292,0.9065934065934066
RKHS,R2,pine,c5c6,KinCP[nmin=100],1814,0.8544652701212789,0.0140329901448267,0.0649159128164653,0.7790055248618785,2.552744351570501,4.300537770323723,0.0,0.9116022099447514,0.7857142857142857,0.7790055248618785,0.8591160220994475,0.9368131868131868
RKHS,R2,pine,c5c6,KinCP[nmin=25],1814,0.8544652701212789,0.0140329901448267,0.0649159128164653,0.7790055248618785,2.557584663648304,4.305378082401527,0.0,0.9116022099447514,0.7857142857142857,0.7790055248618785,0.8591160220994475,0.9368131868131868
RKHS,R2,pine,c5c6,NormCP,1814,0.7375964718853363,0.0031184422544059,0.1622973711371501,0.6373626373626373,1.703570822059801,4.530287488866352,0.0,0.850828729281768,0.6373626373626373,0.6685082872928176,0.7900552486187845,0.7417582417582418
RKHS,R2,pine,c5c6,SCP,1814,0.6609702315325248,0.0179310429628341,0.2388561714528565,0.5521978021978022,1.4043010275321657,5.207115176403229,0.0,0.8342541436464088,0.5521978021978022,0.6049723756906077,0.7016574585635359,0.6126373626373627
RKHS,R2,pine,rootnum,CV+,1844,0.732646420824295,0.0007669270945624,0.1672326674500588,0.5135135135135135,1.722735963774929,4.294113507820636,0.0,0.8967391304347826,0.8405405405405405,0.75,0.6630434782608695,0.5135135135135135
RKHS,R2,pine,rootnum,CalPred-style,1844,0.8790672451193059,0.0053684896619368,0.0399647473560516,0.7918918918918919,2.4741111569189536,3.369513636744428,0.0,0.9184782608695652,0.9243243243243244,0.904891304347826,0.8559782608695652,0.7918918918918919
RKHS,R2,pine,rootnum,CalPred-style(rand),1844,0.8053145336225597,0.0007669270945624,0.0945975323149236,0.6567567567567567,2.0301263718202405,3.620111011651559,0.0,0.8967391304347826,0.8729729729729729,0.842391304347826,0.7581521739130435,0.6567567567567567
RKHS,R2,pine,rootnum,Gauss-homosc,1844,0.7304772234273319,0.0007669270945624,0.169406580493537,0.5108108108108108,1.7073172704141193,4.23276625578621,0.0,0.875,0.8432432432432433,0.7663043478260869,0.657608695652174,0.5108108108108108
RKHS,R2,pine,rootnum,KinCP,1844,0.8964208242950108,0.003834635472812,0.032382491186839,0.8243243243243243,2.49762205540503,3.283749721382014,0.0,0.9103260869565216,0.9324324324324323,0.9293478260869564,0.8858695652173914,0.8243243243243243
RKHS,R2,pine,rootnum,KinCP-A,1844,0.821583514099783,0.0023007812836872,0.0802820211515863,0.6756756756756757,2.0984456407739653,3.5699664928081787,0.0,0.904891304347826,0.8837837837837837,0.8586956521739131,0.7853260869565217,0.6756756756756757
RKHS,R2,pine,rootnum,KinCP-AB,1844,0.7570498915401301,0.0061354167564993,0.1428231492361927,0.5432432432432432,1.819396816181824,4.040257310043028,0.0,0.8940217391304348,0.8540540540540541,0.8016304347826086,0.6929347826086957,0.5432432432432432
RKHS,R2,pine,rootnum,KinCP-ABC,1844,0.7266811279826464,0.0015338541891248,0.1732021151586369,0.5108108108108108,1.698399394408333,4.244656684485957,0.0,0.875,0.8351351351351352,0.7608695652173914,0.6521739130434783,0.5108108108108108
RKHS,R2,pine,rootnum,KinCP-AC,1844,0.8026030368763557,0.0046015625673744,0.0973031727379553,0.6459459459459459,2.007595746764706,3.6576505262205297,0.0,0.8913043478260869,0.8729729729729729,0.8396739130434783,0.7635869565217391,0.6459459459459459
RKHS,R2,pine,rootnum,KinCP-B,1844,0.9045553145336226,0.0046015625673744,0.0329259694477085,0.8351351351351352,2.557153596679435,3.2616417295233155,0.0,0.9103260869565216,0.9432432432432432,0.9402173913043478,0.8940217391304348,0.8351351351351352
RKHS,R2,pine,rootnum,KinCP-BC,1844,0.8768980477223427,0.0023007812836872,0.0713924794359576,0.7162162162162162,2.430644465313938,3.5037629342705845,0.0,0.9592391304347826,0.9351351351351352,0.9266304347826086,0.8478260869565217,0.7162162162162162
RKHS,R2,pine,rootnum,KinCP-C,1844,0.8752711496746204,0.0,0.0556815511163337,0.7513513513513513,2.3726779353826344,3.412497623793834,0.0,0.9320652173913044,0.9243243243243244,0.9211956521739132,0.8478260869565217,0.7513513513513513
RKHS,R2,pine,rootnum,KinCP[fixed-h],1844,0.8964208242950108,0.003834635472812,0.032382491186839,0.8243243243243243,2.491356426412425,3.280050341571053,0.0032537960954447,0.9103260869565216,0.9324324324324323,0.9293478260869564,0.8858695652173914,0.8243243243243243
RKHS,R2,pine,rootnum,KinCP[h=0.25],1844,0.886117136659436,0.0061354167564992,0.0318625146886016,0.8351351351351352,2.464508240055656,3.279565347701042,0.0,0.9157608695652174,0.9216216216216216,0.907608695652174,0.8505434782608695,0.8351351351351352
RKHS,R2,pine,rootnum,KinCP[h=1.0],1844,0.8915401301518439,0.0,0.0426821386603995,0.8027027027027027,2.462355894187131,3.3233658174092366,0.0,0.9211956521739132,0.9351351351351352,0.9293478260869564,0.8695652173913043,0.8027027027027027
RKHS,R2,pine,rootnum,KinCP[h=2.0],1844,0.8839479392624728,0.0030677083782496,0.0491833137485311,0.7756756756756756,2.4059229930882933,3.3762539318832543,0.0,0.9320652173913044,0.927027027027027,0.9239130434782608,0.8614130434782609,0.7756756756756756
RKHS,R2,pine,rootnum,KinCP[nmin=100],1844,0.8964208242950108,0.003834635472812,0.032382491186839,0.8243243243243243,2.497012519010244,3.283140184987228,0.0,0.9103260869565216,0.9324324324324323,0.9293478260869564,0.8858695652173914,0.8243243243243243
RKHS,R2,pine,rootnum,KinCP[nmin=25],1844,0.8964208242950108,0.003834635472812,0.032382491186839,0.8243243243243243,2.498328353182192,3.284456019159176,0.0,0.9103260869565216,0.9324324324324323,0.9293478260869564,0.8858695652173914,0.8243243243243243
RKHS,R2,pine,rootnum,NormCP,1844,0.7814533622559653,0.0237747399314349,0.1184371327849588,0.5972972972972973,1.9292818128845208,3.937639794553588,0.0,0.8858695652173914,0.8648648648648649,0.8152173913043478,0.7445652173913043,0.5972972972972973
RKHS,R2,pine,rootnum,SCP,1844,0.6973969631236443,0.0107369793238738,0.2024764982373677,0.4675675675675675,1.633098487425189,4.550248360449703,0.0,0.8614130434782609,0.8108108108108109,0.7119565217391305,0.6358695652173914,0.4675675675675675
RKHS,R2,pine,rootnumbin,CV+,1844,0.7212581344902386,0.0046015625673744,0.1827056404230317,0.4783783783783784,1.822080723846492,4.434777100194906,0.0,0.9103260869565216,0.8108108108108109,0.75,0.657608695652174,0.4783783783783784
RKHS,R2,pine,rootnumbin,CalPred-style,1844,0.8725596529284165,0.0023007812836872,0.0467156286721504,0.7891891891891892,2.556664211157036,3.45501127914211,0.0,0.9375,0.9108108108108108,0.8641304347826086,0.8614130434782609,0.7891891891891892
RKHS,R2,pine,rootnumbin,CalPred-style(rand),1844,0.7749457700650759,0.0007669270945624,0.1377320799059929,0.5675675675675675,2.070198232818956,3.873498917271468,0.0,0.9320652173913044,0.845945945945946,0.7907608695652174,0.7391304347826086,0.5675675675675675
RKHS,R2,pine,rootnumbin,Gauss-homosc,1844,0.7158351409978309,0.0046015625673744,0.1870446533490012,0.4702702702702703,1.7897631955103783,4.469250013983642,0.0,0.907608695652174,0.8108108108108109,0.7445652173913043,0.6467391304347826,0.4702702702702703
RKHS,R2,pine,rootnumbin,KinCP,1844,0.8823210412147505,0.0069023438510617,0.0358783783783783,0.8189189189189189,2.5879296070308926,3.3373617311483086,0.0,0.9347826086956522,0.9108108108108108,0.8614130434782609,0.8858695652173914,0.8189189189189189
RKHS,R2,pine,rootnumbin,KinCP-A,1844,0.7982646420824295,0.0015338541891248,0.1155405405405405,0.6108108108108108,2.155931073739584,3.792101166458995,0.0,0.9347826086956522,0.8864864864864865,0.8043478260869565,0.7554347826086957,0.6108108108108108
RKHS,R2,pine,rootnumbin,KinCP-AB,1844,0.7565075921908894,0.003834635472812,0.1561603995299647,0.527027027027027,1.945482980592509,4.139214665687871,0.0,0.9320652173913044,0.8405405405405405,0.7717391304347826,0.7119565217391305,0.527027027027027
RKHS,R2,pine,rootnumbin,KinCP-ABC,1844,0.7142082429501084,0.0069023438510617,0.1886780258519389,0.4729729729729729,1.7994548213607455,4.456118046232684,0.0,0.907608695652174,0.8108108108108109,0.7391304347826086,0.6413043478260869,0.4729729729729729
RKHS,R2,pine,rootnumbin,KinCP-AC,1844,0.7841648590021691,0.0061354167564992,0.1296122209165687,0.5972972972972973,2.1009322541959485,3.82572237816202,0.0,0.9347826086956522,0.845945945945946,0.7907608695652174,0.7527173913043478,0.5972972972972973
RKHS,R2,pine,rootnumbin,KinCP-B,1844,0.8942516268980477,0.0053684896619369,0.0261133960047003,0.8405405405405405,2.6497028042433035,3.309373374183029,0.0,0.9347826086956522,0.9162162162162162,0.8831521739130435,0.8967391304347826,0.8405405405405405
RKHS,R2,pine,rootnumbin,KinCP-BC,1844,0.8709327548806941,0.0046015625673744,0.0765041128084606,0.7081081081081081,2.616492323356295,3.5966943700677456,0.0,0.9945652173913044,0.9243243243243244,0.8695652173913043,0.8586956521739131,0.7081081081081081
RKHS,R2,pine,rootnumbin,KinCP-C,1844,0.8671366594360087,0.0023007812836872,0.064056991774383,0.7432432432432432,2.534389679238518,3.476140964054596,0.0,0.967391304347826,0.9108108108108108,0.8586956521739131,0.8559782608695652,0.7432432432432432
RKHS,R2,pine,rootnumbin,KinCP[fixed-h],1844,0.8823210412147505,0.0069023438510617,0.0358783783783783,0.8189189189189189,2.582921869125137,3.334800452842501,0.0032537960954447,0.9347826086956522,0.9108108108108108,0.8614130434782609,0.8858695652173914,0.8189189189189189
RKHS,R2,pine,rootnumbin,KinCP[h=0.25],1844,0.8747288503253796,0.0115039064184361,0.0402350176263219,0.8162162162162162,2.549944745375498,3.3617037388345508,0.0,0.9375,0.9,0.8478260869565217,0.8722826086956522,0.8162162162162162
RKHS,R2,pine,rootnumbin,KinCP[h=1.0],1844,0.8801518438177874,0.0053684896619368,0.0445505287896592,0.7972972972972973,2.5959817731667303,3.3626333485426616,0.0,0.9510869565217392,0.9108108108108108,0.8668478260869565,0.875,0.7972972972972973
RKHS,R2,pine,rootnumbin,KinCP[h=2.0],1844,0.8736442516268981,0.0023007812836872,0.0543037602820211,0.7702702702702703,2.564107694245348,3.4284767168288024,0.0,0.9592391304347826,0.9108108108108108,0.8641304347826086,0.8641304347826086,0.7702702702702703
RKHS,R2,pine,rootnumbin,KinCP[nmin=100],1844,0.8823210412147505,0.0069023438510617,0.0358783783783783,0.8189189189189189,2.5874476932672854,3.3368798173847014,0.0,0.9347826086956522,0.9108108108108108,0.8614130434782609,0.8858695652173914,0.8189189189189189
RKHS,R2,pine,rootnumbin,KinCP[nmin=25],1844,0.8823210412147505,0.0069023438510617,0.0358783783783783,0.8189189189189189,2.588165699150019,3.3375978232674344,0.0,0.9347826086956522,0.9108108108108108,0.8614130434782609,0.8858695652173914,0.8189189189189189
RKHS,R2,pine,rootnumbin,NormCP,1844,0.7950108459869848,0.0092031251347489,0.1155199764982373,0.6162162162162163,2.1587208028362537,3.8104853139891777,0.0,0.9266304347826086,0.8621621621621621,0.8043478260869565,0.7663043478260869,0.6162162162162163
RKHS,R2,pine,rootnumbin,SCP,1844,0.7147505422993492,0.0030677083782496,0.1902967097532315,0.4648648648648649,1.8263278732556296,4.487273947975011,0.0,0.9130434782608696,0.8081081081081081,0.7255434782608695,0.6630434782608695,0.4648648648648649
RKHS,R2,rice,Culm_habit,CV+,702,0.9074074074074074,0.0020145492341496,0.04738430583501,0.8,2.6845393304530147,3.39099088675724,0.0,0.9642857142857144,0.9,0.8,0.9571428571428572,0.9154929577464788
RKHS,R2,rice,Culm_habit,CalPred-style,702,0.9188034188034188,0.0020145492341496,0.0530985915492957,0.8142857142857143,2.721091466660805,3.4198076598296803,0.0,0.9857142857142858,0.9214285714285714,0.8142857142857143,0.9571428571428572,0.9154929577464788
RKHS,R2,rice,Culm_habit,CalPred-style(rand),702,0.9202279202279202,0.0,0.054486921529175,0.8142857142857143,2.7836387347731386,3.408041560301472,0.0,0.9857142857142858,0.9142857142857144,0.8142857142857143,0.9571428571428572,0.9295774647887324
RKHS,R2,rice,Culm_habit,Gauss-homosc,702,0.9188034188034188,0.0020145492341496,0.0530985915492957,0.8142857142857143,2.7012587439766698,3.3972804617543413,0.0,0.9857142857142858,0.9214285714285714,0.8142857142857143,0.9571428571428572,0.9154929577464788
RKHS,R2,rice,Culm_habit,KinCP,702,0.8917378917378918,0.0040290984682994,0.0736619718309859,0.7816901408450704,2.6345499434967934,3.438656878315627,0.0,0.9857142857142858,0.9214285714285714,0.8142857142857143,0.9571428571428572,0.7816901408450704
RKHS,R2,rice,Culm_habit,KinCP-A,702,0.9245014245014244,0.0020145492341496,0.0587323943661971,0.8142857142857143,2.9967713638582945,3.5262871368482145,0.0,0.9857142857142858,0.9214285714285714,0.8142857142857143,0.9571428571428572,0.943661971830986
RKHS,R2,rice,Culm_habit,KinCP-AB,702,0.9188034188034188,0.0020145492341496,0.0530985915492957,0.8142857142857143,2.762711436789668,3.4268382980457166,0.0,0.9785714285714284,0.9285714285714286,0.8142857142857143,0.9571428571428572,0.9154929577464788
RKHS,R2,rice,Culm_habit,KinCP-ABC,702,0.9102564102564102,0.0020145492341497,0.04738430583501,0.8071428571428572,2.6466504148049568,3.3909672378809743,0.0,0.9642857142857144,0.9071428571428573,0.8071428571428572,0.9571428571428572,0.9154929577464788
RKHS,R2,rice,Culm_habit,KinCP-AC,702,0.9145299145299144,0.0040290984682994,0.05158953722334,0.8142857142857143,2.928217521826668,3.481738266008318,0.0,0.9642857142857144,0.8928571428571429,0.8142857142857143,0.9571428571428572,0.943661971830986
RKHS,R2,rice,Culm_habit,KinCP-B,702,0.896011396011396,0.0020145492341497,0.0694366197183098,0.8028169014084507,2.6266956559883305,3.441219838370907,0.0,0.9857142857142858,0.9214285714285714,0.8142857142857143,0.9571428571428572,0.8028169014084507
RKHS,R2,rice,Culm_habit,KinCP-BC,702,0.9145299145299144,0.0,0.0488128772635814,0.8142857142857143,2.6618802849627805,3.394542645441032,0.0,0.9714285714285714,0.9142857142857144,0.8142857142857143,0.9571428571428572,0.9154929577464788
RKHS,R2,rice,Culm_habit,KinCP-C,702,0.9145299145299144,0.0040290984682994,0.05158953722334,0.8142857142857143,2.9011149847993245,3.47955055026484,0.0,0.9642857142857144,0.8928571428571429,0.8142857142857143,0.9571428571428572,0.943661971830986
RKHS,R2,rice,Culm_habit,KinCP[fixed-h],702,0.8874643874643875,0.0020145492341496,0.0778873239436619,0.7605633802816901,2.598704894499788,3.437052690127911,0.0,0.9857142857142858,0.9214285714285714,0.8142857142857143,0.9571428571428572,0.7605633802816901
RKHS,R2,rice,Culm_habit,KinCP[h=0.25],702,0.9017094017094016,0.0020145492341497,0.0666398390342052,0.8142857142857143,2.675138337674302,3.4667135978139254,0.0,0.9928571428571428,0.9285714285714286,0.8142857142857143,0.95,0.823943661971831
RKHS,R2,rice,Culm_habit,KinCP[h=1.0],702,0.9173789173789174,0.0,0.0516297786720321,0.8142857142857143,2.8420193036717905,3.446542506776716,0.0,0.9714285714285714,0.9142857142857144,0.8142857142857143,0.9571428571428572,0.9295774647887324
RKHS,R2,rice,Culm_habit,KinCP[h=2.0],702,0.9145299145299144,0.0,0.0516096579476861,0.8142857142857143,2.8993162835754487,3.4753465237515546,0.0,0.9714285714285714,0.8928571428571429,0.8142857142857143,0.9571428571428572,0.9366197183098592
RKHS,R2,rice,Culm_habit,KinCP[nmin=100],702,0.9216524216524216,0.0020145492341497,0.0559154929577464,0.8142857142857143,2.8317587796835184,3.435428383880249,0.0,0.9857142857142858,0.9214285714285714,0.8142857142857143,0.9571428571428572,0.9295774647887324
RKHS,R2,rice,Culm_habit,KinCP[nmin=25],702,0.8874643874643875,0.0020145492341496,0.0778873239436619,0.7605633802816901,2.598704894499788,3.437052690127911,0.0,0.9857142857142858,0.9214285714285714,0.8142857142857143,0.9571428571428572,0.7605633802816901
RKHS,R2,rice,Culm_habit,NormCP,702,0.9301994301994302,0.0060436477024491,0.06158953722334,0.8214285714285714,3.0564675324412365,3.5438965220954834,0.0,0.9571428571428572,0.9428571428571428,0.8214285714285714,0.9857142857142858,0.943661971830986
RKHS,R2,rice,Culm_habit,SCP,702,0.9002849002849003,0.0040290984682994,0.0488329979879275,0.7785714285714286,2.65865803867363,3.4517673241714952,0.0,0.95,0.9071428571428573,0.7785714285714286,0.9571428571428572,0.908450704225352
RKHS,R2,rice,Flag_leaf_length,CV+,692,0.888728323699422,0.0020436612173021,0.0338302277432712,0.855072463768116,3.147804616119678,4.24739994594792,0.0,0.855072463768116,0.8840579710144928,0.8768115942028986,0.9565217391304348,0.8714285714285714
RKHS,R2,rice,Flag_leaf_length,CalPred-style,692,0.8858381502890174,0.0020436612173021,0.0338509316770186,0.8478260869565217,3.156916593580558,4.243478393762372,0.0,0.8478260869565217,0.8840579710144928,0.8695652173913043,0.9492753623188406,0.8785714285714286
RKHS,R2,rice,Flag_leaf_length,CalPred-style(rand),692,0.8858381502890174,0.0061309836519064,0.0367080745341614,0.8478260869565217,3.106159081599014,4.353432584499809,0.0,0.8478260869565217,0.8840579710144928,0.8768115942028986,0.9565217391304348,0.8642857142857143
RKHS,R2,rice,Flag_leaf_length,Gauss-homosc,692,0.8872832369942196,0.0040873224346043,0.03527950310559,0.8478260869565217,3.142688476783216,4.249597645010181,0.0,0.8478260869565217,0.8840579710144928,0.8768115942028986,0.9565217391304348,0.8714285714285714
RKHS,R2,rice,Flag_leaf_length,KinCP,692,0.8728323699421965,0.0,0.0497308488612836,0.8405797101449275,3.104225529740169,4.397768120985808,0.0,0.8405797101449275,0.8695652173913043,0.8405797101449275,0.9565217391304348,0.8571428571428571
RKHS,R2,rice,Flag_leaf_length,KinCP-A,692,0.8858381502890174,0.0061309836519064,0.0483850931677018,0.8333333333333334,3.2716467797763,4.365097709542092,0.0,0.8405797101449275,0.8695652173913043,0.8333333333333334,0.9782608695652174,0.9071428571428573
RKHS,R2,rice,Flag_leaf_length,KinCP-AB,692,0.8757225433526011,0.0,0.0468737060041408,0.8405797101449275,3.077906212921666,4.330205682461431,0.0,0.8405797101449275,0.8695652173913043,0.8405797101449275,0.9565217391304348,0.8714285714285714
RKHS,R2,rice,Flag_leaf_length,KinCP-ABC,692,0.8901734104046243,0.0040873224346043,0.0324016563146998,0.855072463768116,3.153239659484617,4.251857101034429,0.0,0.855072463768116,0.8840579710144928,0.8768115942028986,0.9565217391304348,0.8785714285714286
RKHS,R2,rice,Flag_leaf_length,KinCP-AC,692,0.903179190751445,0.0020436612173021,0.0396480331262939,0.8405797101449275,3.3962515565308022,4.317955326075714,0.0,0.8405797101449275,0.8840579710144928,0.8840579710144928,0.9855072463768116,0.9214285714285714
RKHS,R2,rice,Flag_leaf_length,KinCP-B,692,0.8728323699421965,0.0040873224346042,0.0497308488612836,0.8333333333333334,3.074443586497379,4.376492257328248,0.0,0.8333333333333334,0.8768115942028986,0.8405797101449275,0.9565217391304348,0.8571428571428571
RKHS,R2,rice,Flag_leaf_length,KinCP-BC,692,0.8901734104046243,0.0,0.0324016563146998,0.8478260869565217,3.1457359899372275,4.256645712695195,0.0,0.8478260869565217,0.8840579710144928,0.8840579710144928,0.9565217391304348,0.8785714285714286
RKHS,R2,rice,Flag_leaf_length,KinCP-C,692,0.8973988439306358,0.0020436612173021,0.042567287784679,0.8333333333333334,3.334453907550452,4.331437046358705,0.0,0.8333333333333334,0.8840579710144928,0.8695652173913043,0.9855072463768116,0.9142857142857144
RKHS,R2,rice,Flag_leaf_length,KinCP[fixed-h],692,0.8728323699421965,0.0,0.0497308488612836,0.8405797101449275,3.104225529740169,4.397768120985808,0.0,0.8405797101449275,0.8695652173913043,0.8405797101449275,0.9565217391304348,0.8571428571428571
RKHS,R2,rice,Flag_leaf_length,KinCP[h=0.25],692,0.8757225433526011,0.0040873224346043,0.0468322981366459,0.8333333333333334,3.085068506698037,4.406062393163332,0.0,0.8623188405797102,0.8695652173913043,0.8333333333333334,0.9565217391304348,0.8571428571428571
RKHS,R2,rice,Flag_leaf_length,KinCP[h=1.0],692,0.8930635838150289,0.0,0.0353623188405797,0.8405797101449275,3.268846747606602,4.314622041727955,0.0,0.8405797101449275,0.8840579710144928,0.8695652173913043,0.9710144927536232,0.9
RKHS,R2,rice,Flag_leaf_length,KinCP[h=2.0],692,0.8988439306358381,0.0,0.0411180124223602,0.8405797101449275,3.309493026873489,4.321053831951852,0.0,0.8405797101449275,0.8840579710144928,0.8695652173913043,0.9855072463768116,0.9142857142857144
RKHS,R2,rice,Flag_leaf_length,KinCP[nmin=100],692,0.884393063583815,0.0,0.0440579710144927,0.8405797101449275,3.235818521913844,4.321196989130037,0.0,0.8405797101449275,0.8695652173913043,0.8405797101449275,0.9710144927536232,0.9
RKHS,R2,rice,Flag_leaf_length,KinCP[nmin=25],692,0.8728323699421965,0.0,0.0497308488612836,0.8405797101449275,3.104225529740169,4.397768120985808,0.0,0.8405797101449275,0.8695652173913043,0.8405797101449275,0.9565217391304348,0.8571428571428571
RKHS,R2,rice,Flag_leaf_length,NormCP,692,0.9017341040462428,0.0081746448692086,0.0381987577639751,0.8623188405797102,3.493377139587436,4.491153427459395,0.0,0.8695652173913043,0.8768115942028986,0.8623188405797102,0.9782608695652174,0.9214285714285714
RKHS,R2,rice,Flag_leaf_length,SCP,692,0.8829479768786127,0.0102183060865108,0.042567287784679,0.8260869565217391,3.135917248683645,4.400475641223848,0.0,0.8768115942028986,0.8623188405797102,0.8260869565217391,0.9637681159420288,0.8857142857142857
RKHS,R2,rice,Plant_height,CV+,704,0.8821022727272727,0.0100441304145816,0.0463782696177062,0.8071428571428572,2.7010627785289034,3.682498150062416,0.0,0.9285714285714286,0.8591549295774648,0.8071428571428572,0.9428571428571428,0.8732394366197183
RKHS,R2,rice,Plant_height,CalPred-style,704,0.8948863636363636,0.0040176521658326,0.0341448692152917,0.85,2.745088319716932,3.6676218739102455,0.0,0.9142857142857144,0.852112676056338,0.85,0.9571428571428572,0.9014084507042254
RKHS,R2,rice,Plant_height,CalPred-style(rand),704,0.8892045454545454,0.0040176521658326,0.0454325955734406,0.8285714285714286,2.7893797506720004,3.747486401384528,0.0,0.9142857142857144,0.8309859154929577,0.8285714285714286,0.9428571428571428,0.9295774647887324
RKHS,R2,rice,Plant_height,Gauss-homosc,704,0.875,0.0,0.0477263581488933,0.8142857142857143,2.661643678357448,3.7233589940273646,0.0,0.9142857142857144,0.8309859154929577,0.8142857142857143,0.9428571428571428,0.8732394366197183
RKHS,R2,rice,Plant_height,KinCP,704,0.8835227272727273,0.0040176521658326,0.0335211267605634,0.8428571428571429,2.651512170477206,3.6859250669201455,0.0,0.9142857142857144,0.8591549295774648,0.8428571428571429,0.9285714285714286,0.8732394366197183
RKHS,R2,rice,Plant_height,KinCP-A,704,0.9105113636363636,0.0060264782487489,0.058169014084507,0.8357142857142857,3.065880379205235,3.9051772360016943,0.0,0.9142857142857144,0.8450704225352113,0.8357142857142857,0.9714285714285714,0.9859154929577464
RKHS,R2,rice,Plant_height,KinCP-AB,704,0.890625,0.0020088260829163,0.035533199195171,0.8428571428571429,2.756990658700892,3.7153913861823926,0.0,0.9142857142857144,0.8450704225352113,0.8428571428571429,0.9428571428571428,0.908450704225352
RKHS,R2,rice,Plant_height,KinCP-ABC,704,0.8849431818181818,0.0020088260829163,0.0378068410462776,0.8357142857142857,2.705118368921424,3.711528655397271,0.0,0.9142857142857144,0.8450704225352113,0.8357142857142857,0.9428571428571428,0.8873239436619719
RKHS,R2,rice,Plant_height,KinCP-AC,704,0.9048295454545454,0.0060264782487489,0.0581287726358148,0.8309859154929577,3.001691695223526,3.906362888894256,0.0,0.9,0.8309859154929577,0.8357142857142857,0.9714285714285714,0.9859154929577464
RKHS,R2,rice,Plant_height,KinCP-B,704,0.8863636363636364,0.0040176521658326,0.0307042253521126,0.8428571428571429,2.68544459360985,3.679901452519481,0.0,0.9142857142857144,0.8591549295774648,0.8428571428571429,0.9285714285714286,0.8873239436619719
RKHS,R2,rice,Plant_height,KinCP-BC,704,0.8849431818181818,0.0020088260829163,0.0378068410462776,0.8357142857142857,2.710599217625508,3.700977073623432,0.0,0.9142857142857144,0.8380281690140845,0.8357142857142857,0.9428571428571428,0.8943661971830986
RKHS,R2,rice,Plant_height,KinCP-C,704,0.8948863636363636,0.0,0.0680885311871227,0.8142857142857143,2.9082030597616626,3.932319478102385,0.0,0.8857142857142857,0.8169014084507042,0.8142857142857143,0.9714285714285714,0.9859154929577464
RKHS,R2,rice,Plant_height,KinCP[fixed-h],704,0.8835227272727273,0.0040176521658326,0.0335211267605634,0.8428571428571429,2.651512170477206,3.6859250669201455,0.0,0.9142857142857144,0.8591549295774648,0.8428571428571429,0.9285714285714286,0.8732394366197183
RKHS,R2,rice,Plant_height,KinCP[h=0.25],704,0.8877840909090909,0.0020088260829163,0.0264386317907444,0.85,2.6617299302511714,3.6809389785298223,0.0,0.9142857142857144,0.8873239436619719,0.85,0.9214285714285714,0.8661971830985915
RKHS,R2,rice,Plant_height,KinCP[h=1.0],704,0.9034090909090908,0.0040176521658326,0.0539436619718309,0.8357142857142857,2.887208091737657,3.79116880659576,0.0,0.9142857142857144,0.8380281690140845,0.8357142857142857,0.9714285714285714,0.9577464788732394
RKHS,R2,rice,Plant_height,KinCP[h=2.0],704,0.8991477272727273,0.0060264782487489,0.0638229376257545,0.8214285714285714,2.9251065778683936,3.904933917665528,0.0,0.8928571428571429,0.823943661971831,0.8214285714285714,0.9714285714285714,0.9859154929577464
RKHS,R2,rice,Plant_height,KinCP[nmin=100],704,0.8977272727272727,0.0,0.0369416498993963,0.8428571428571429,2.844653679939801,3.7164772297828175,0.0,0.9142857142857144,0.8591549295774648,0.8428571428571429,0.9428571428571428,0.9295774647887324
RKHS,R2,rice,Plant_height,KinCP[nmin=25],704,0.8835227272727273,0.0040176521658326,0.0335211267605634,0.8428571428571429,2.651512170477206,3.6859250669201455,0.0,0.9142857142857144,0.8591549295774648,0.8428571428571429,0.9285714285714286,0.8732394366197183
RKHS,R2,rice,Plant_height,NormCP,704,0.9403409090909092,0.0160706086633306,0.040281690140845,0.9,3.4117375665344656,3.999334295040648,0.0,0.9071428571428573,0.9154929577464788,0.9,0.9928571428571428,0.9859154929577464
RKHS,R2,rice,Plant_height,SCP,704,0.9076704545454546,0.0140617825804143,0.0271026156941649,0.8571428571428571,2.8901436056199743,3.677025793295925,0.0,0.9214285714285714,0.8943661971830986,0.8571428571428571,0.9571428571428572,0.908450704225352
RKHS,R2,soybean,C13,CV+,692,0.8236994219653179,0.0,0.0811801242236024,0.7071428571428572,2.99819281580119,4.371495855603502,0.0,0.9130434782608696,0.8043478260869565,0.8768115942028986,0.8188405797101449,0.7071428571428572
RKHS,R2,soybean,C13,CalPred-style,692,0.884393063583815,0.0040873224346042,0.0318012422360248,0.8188405797101449,3.3306391253872403,4.181027626492236,0.0,0.9130434782608696,0.8188405797101449,0.927536231884058,0.8913043478260869,0.8714285714285714
RKHS,R2,soybean,C13,CalPred-style(rand),692,0.8641618497109826,0.0,0.0460662525879917,0.7928571428571428,3.262027134525698,4.2181787059345615,0.0,0.9130434782608696,0.8333333333333334,0.9130434782608696,0.8695652173913043,0.7928571428571428
RKHS,R2,soybean,C13,Gauss-homosc,692,0.8352601156069365,0.0,0.074824016563147,0.7142857142857143,3.0720090261883297,4.3261358108364965,0.0,0.9130434782608696,0.8188405797101449,0.9130434782608696,0.8188405797101449,0.7142857142857143
RKHS,R2,soybean,C13,KinCP,692,0.8945086705202312,0.0020436612173021,0.0216977225672877,0.8333333333333334,3.338495914758997,4.161010735639263,0.0,0.9130434782608696,0.8333333333333334,0.9130434782608696,0.8985507246376812,0.9142857142857144
RKHS,R2,soybean,C13,KinCP-A,692,0.8829479768786127,0.0061309836519064,0.0274948240165631,0.8333333333333334,3.2815055285151384,4.204615621664514,0.0,0.9130434782608696,0.8333333333333334,0.9130434782608696,0.8695652173913043,0.8857142857142857
RKHS,R2,soybean,C13,KinCP-AB,692,0.8757225433526011,0.0122619673038129,0.0374948240165631,0.8357142857142857,3.2742823020402168,4.19381525296814,0.0,0.9202898550724636,0.8478260869565217,0.9130434782608696,0.8623188405797102,0.8357142857142857
RKHS,R2,soybean,C13,KinCP-ABC,692,0.819364161849711,0.0020436612173021,0.085527950310559,0.7071428571428572,2.9848668566346324,4.373136757934212,0.0,0.9130434782608696,0.8043478260869565,0.8840579710144928,0.7898550724637681,0.7071428571428572
RKHS,R2,soybean,C13,KinCP-AC,692,0.8742774566473989,0.0061309836519064,0.0309316770186335,0.8333333333333334,3.1978153997951466,4.219610969694513,0.0,0.8840579710144928,0.8333333333333334,0.9130434782608696,0.8695652173913043,0.8714285714285714
RKHS,R2,soybean,C13,KinCP-B,692,0.8916184971098265,0.0061309836519065,0.0216770186335403,0.855072463768116,3.3379597022543424,4.15036743356996,0.0,0.9202898550724636,0.855072463768116,0.9130434782608696,0.8913043478260869,0.8785714285714286
RKHS,R2,soybean,C13,KinCP-BC,692,0.861271676300578,0.0040873224346042,0.0518012422360248,0.7714285714285715,3.2161733782324524,4.1837039693774,0.0,0.9202898550724636,0.8333333333333334,0.9130434782608696,0.8695652173913043,0.7714285714285715
RKHS,R2,soybean,C13,KinCP-C,692,0.888728323699422,0.0020436612173021,0.0165217391304347,0.8333333333333334,3.281159457143997,4.163686224979724,0.0,0.8985507246376812,0.8333333333333334,0.9130434782608696,0.8985507246376812,0.9
RKHS,R2,soybean,C13,KinCP[fixed-h],692,0.8945086705202312,0.0020436612173021,0.0216977225672877,0.8333333333333334,3.339259880280554,4.16177470116082,0.0,0.9130434782608696,0.8333333333333334,0.9130434782608696,0.8985507246376812,0.9142857142857144
RKHS,R2,soybean,C13,KinCP[h=0.25],692,0.8988439306358381,0.0040873224346042,0.0231055900621118,0.8405797101449275,3.3938452951564595,4.182078213937091,0.0,0.9057971014492754,0.8405797101449275,0.9202898550724636,0.8985507246376812,0.9285714285714286
RKHS,R2,soybean,C13,KinCP[h=1.0],692,0.8945086705202312,0.0020436612173021,0.0216977225672877,0.8333333333333334,3.3161691161513343,4.15771811906148,0.0,0.9130434782608696,0.8333333333333334,0.9130434782608696,0.8985507246376812,0.9142857142857144
RKHS,R2,soybean,C13,KinCP[h=2.0],692,0.8945086705202312,0.0020436612173021,0.0216977225672877,0.8333333333333334,3.303171788500151,4.159239394304499,0.0,0.9130434782608696,0.8333333333333334,0.9130434782608696,0.8985507246376812,0.9142857142857144
RKHS,R2,soybean,C13,KinCP[nmin=100],692,0.8945086705202312,0.0020436612173021,0.0216977225672877,0.8333333333333334,3.338422311082377,4.160937131962644,0.0,0.9130434782608696,0.8333333333333334,0.9130434782608696,0.8985507246376812,0.9142857142857144
RKHS,R2,soybean,C13,KinCP[nmin=25],692,0.8945086705202312,0.0020436612173021,0.0216977225672877,0.8333333333333334,3.339259880280554,4.16177470116082,0.0,0.9130434782608696,0.8333333333333334,0.9130434782608696,0.8985507246376812,0.9142857142857144
RKHS,R2,soybean,C13,NormCP,692,0.880057803468208,0.0470042079979496,0.0331262939958592,0.8285714285714286,3.307597647068712,4.216268950900698,0.0,0.9202898550724636,0.8405797101449275,0.9130434782608696,0.8985507246376812,0.8285714285714286
RKHS,R2,soybean,C13,SCP,692,0.8453757225433526,0.038829563128741,0.062463768115942,0.75,3.123263332978917,4.405443029489433,0.0,0.8913043478260869,0.8260869565217391,0.9202898550724636,0.8405797101449275,0.75
RKHS,R2,soybean,Wilt,CV+,692,0.8988439306358381,0.0,0.031863354037267,0.8478260869565217,2.9788777387258523,4.921718709868303,0.0,0.9202898550724636,0.9492753623188406,0.8695652173913043,0.8478260869565217,0.9071428571428573
RKHS,R2,soybean,Wilt,CalPred-style,692,0.9190751445086706,0.0,0.0375155279503105,0.8695652173913043,3.366381655076974,5.047687224817348,0.0,0.9130434782608696,0.9710144927536232,0.8695652173913043,0.8840579710144928,0.9571428571428572
RKHS,R2,soybean,Wilt,CalPred-style(rand),692,0.930635838150289,0.0040873224346042,0.036935817805383,0.8840579710144928,3.5103375071419847,4.896226615615852,0.0,0.9420289855072465,0.9637681159420288,0.9057971014492754,0.8840579710144928,0.9571428571428572
RKHS,R2,soybean,Wilt,Gauss-homosc,692,0.907514450867052,0.0,0.0375983436853002,0.855072463768116,2.979638180020973,4.858517583080629,0.0,0.927536231884058,0.9565217391304348,0.8695652173913043,0.855072463768116,0.9285714285714286
RKHS,R2,soybean,Wilt,KinCP,692,0.9190751445086706,0.0,0.0375155279503105,0.8695652173913043,3.345660414624297,4.993050894517758,0.0,0.927536231884058,0.9565217391304348,0.8695652173913043,0.8840579710144928,0.9571428571428572
RKHS,R2,soybean,Wilt,KinCP-A,692,0.934971098265896,0.0020436612173021,0.0412422360248446,0.8840579710144928,3.650774124789669,5.013570217140482,0.0,0.9420289855072465,0.9637681159420288,0.9130434782608696,0.8840579710144928,0.9714285714285714
RKHS,R2,soybean,Wilt,KinCP-AB,692,0.9277456647398844,0.0,0.0404140786749482,0.8840579710144928,3.3635098797771024,4.997903708299556,0.0,0.9420289855072465,0.9710144927536232,0.8840579710144928,0.8840579710144928,0.9571428571428572
RKHS,R2,soybean,Wilt,KinCP-ABC,692,0.9017341040462428,0.0040873224346043,0.0347412008281573,0.8478260869565217,2.9654570514285927,4.900919080162382,0.0,0.9202898550724636,0.9565217391304348,0.8695652173913043,0.8478260869565217,0.9142857142857144
RKHS,R2,soybean,Wilt,KinCP-AC,692,0.9277456647398844,0.0,0.0346169772256728,0.8840579710144928,3.449087983567394,4.9096327144546095,0.0,0.9420289855072465,0.9565217391304348,0.8985507246376812,0.8840579710144928,0.9571428571428572
RKHS,R2,soybean,Wilt,KinCP-B,692,0.911849710982659,0.0020436612173021,0.0419047619047618,0.855072463768116,3.21440552301615,4.952003365368325,0.0,0.927536231884058,0.9637681159420288,0.8695652173913043,0.855072463768116,0.9428571428571428
RKHS,R2,soybean,Wilt,KinCP-BC,692,0.903179190751445,0.0061309836519065,0.0332505175983436,0.855072463768116,2.9569795155980354,4.8669408864193215,0.0,0.9202898550724636,0.9420289855072465,0.8695652173913043,0.855072463768116,0.9285714285714286
RKHS,R2,soybean,Wilt,KinCP-C,692,0.9190751445086706,0.0040873224346042,0.0346169772256728,0.8768115942028986,3.282487766238261,4.935740291393751,0.0,0.9202898550724636,0.9565217391304348,0.8768115942028986,0.8840579710144928,0.9571428571428572
RKHS,R2,soybean,Wilt,KinCP[fixed-h],692,0.9190751445086706,0.0,0.0375155279503105,0.8695652173913043,3.345660414624297,4.993050894517758,0.0,0.927536231884058,0.9565217391304348,0.8695652173913043,0.8840579710144928,0.9571428571428572
RKHS,R2,soybean,Wilt,KinCP[h=0.25],692,0.9219653179190752,0.0,0.0403933747412008,0.8695652173913043,3.4274781599914093,5.059699578306055,0.0,0.927536231884058,0.9637681159420288,0.8695652173913043,0.8840579710144928,0.9642857142857144
RKHS,R2,soybean,Wilt,KinCP[h=1.0],692,0.9205202312138728,0.0020436612173021,0.0360662525879917,0.8768115942028986,3.3264690289393464,4.9642690013804405,0.0,0.927536231884058,0.9565217391304348,0.8768115942028986,0.8840579710144928,0.9571428571428572
RKHS,R2,soybean,Wilt,KinCP[h=2.0],692,0.9205202312138728,0.0020436612173021,0.0360662525879917,0.8768115942028986,3.317152265494096,4.95516208566318,0.0,0.927536231884058,0.9565217391304348,0.8768115942028986,0.8840579710144928,0.9571428571428572
RKHS,R2,soybean,Wilt,KinCP[nmin=100],692,0.9190751445086706,0.0,0.0375155279503105,0.8695652173913043,3.345527086214528,4.992917566107989,0.0,0.927536231884058,0.9565217391304348,0.8695652173913043,0.8840579710144928,0.9571428571428572
RKHS,R2,soybean,Wilt,KinCP[nmin=25],692,0.9190751445086706,0.0,0.0375155279503105,0.8695652173913043,3.345660414624297,4.993050894517758,0.0,0.927536231884058,0.9565217391304348,0.8695652173913043,0.8840579710144928,0.9571428571428572
RKHS,R2,soybean,Wilt,NormCP,692,0.9190751445086706,0.0531351916498561,0.0339958592132505,0.8623188405797102,3.714700551405332,5.010632184470308,0.0,0.9202898550724636,0.9347826086956522,0.9057971014492754,0.8623188405797102,0.9714285714285714
RKHS,R2,soybean,Wilt,SCP,692,0.8930635838150289,0.0326985794768345,0.0376397515527949,0.8260869565217391,3.079289281330352,5.059464595727823,0.0,0.9202898550724636,0.9420289855072465,0.8623188405797102,0.8260869565217391,0.9142857142857144
RKHS,R2,wheatG,EW,CV+,742,0.9016172506738545,0.0019059481972682,0.0134954954954954,0.8783783783783784,3.0908380455502,4.03495443389162,0.0,0.918918918918919,0.9121621621621622,0.8918918918918919,0.8783783783783784,0.9066666666666666
RKHS,R2,wheatG,EW,CalPred-style,742,0.9097035040431268,0.0019059481972683,0.0134234234234234,0.8918918918918919,3.1681092191970714,4.048374582313819,0.0,0.918918918918919,0.9054054054054054,0.8986486486486487,0.8918918918918919,0.9333333333333332
RKHS,R2,wheatG,EW,CalPred-style(rand),742,0.9056603773584906,0.0038118963945366,0.0147747747747747,0.8783783783783784,3.1723100698011346,4.049176165894461,0.0,0.9054054054054054,0.9121621621621622,0.8986486486486487,0.8783783783783784,0.9333333333333332
RKHS,R2,wheatG,EW,Gauss-homosc,742,0.9016172506738545,0.0019059481972682,0.0161621621621621,0.8716216216216216,3.085898706711423,4.026336223146299,0.0,0.918918918918919,0.9054054054054054,0.8918918918918919,0.8716216216216216,0.92
RKHS,R2,wheatG,EW,KinCP,742,0.908355795148248,0.0038118963945366,0.0142342342342342,0.8851351351351351,3.152887168244156,4.04478618072752,0.0,0.9121621621621622,0.9054054054054054,0.9054054054054054,0.8851351351351351,0.9333333333333332
RKHS,R2,wheatG,EW,KinCP-A,742,0.908355795148248,0.0,0.0169369369369369,0.8783783783783784,3.166968692682728,4.050078402425415,0.0,0.9121621621621622,0.9121621621621622,0.9054054054054054,0.8783783783783784,0.9333333333333332
RKHS,R2,wheatG,EW,KinCP-AB,742,0.908355795148248,0.0038118963945366,0.0142522522522522,0.8851351351351351,3.1585423091646265,4.043648626748322,0.0,0.9121621621621622,0.9121621621621622,0.9054054054054054,0.8851351351351351,0.9266666666666666
RKHS,R2,wheatG,EW,KinCP-ABC,742,0.9002695417789758,0.0038118963945366,0.0121261261261261,0.8783783783783784,3.0771168127568904,4.025504116688757,0.0,0.9121621621621622,0.9054054054054054,0.8918918918918919,0.8783783783783784,0.9133333333333332
RKHS,R2,wheatG,EW,KinCP-AC,742,0.9070080862533692,0.0057178445918049,0.0128828828828828,0.8851351351351351,3.1332414912614763,4.028798737419922,0.0,0.9054054054054054,0.9054054054054054,0.9054054054054054,0.8851351351351351,0.9333333333333332
RKHS,R2,wheatG,EW,KinCP-B,742,0.9097035040431268,0.0019059481972683,0.0155855855855855,0.8851351351351351,3.150875894032592,4.036289094061859,0.0,0.9121621621621622,0.9121621621621622,0.9054054054054054,0.8851351351351351,0.9333333333333332
RKHS,R2,wheatG,EW,KinCP-BC,742,0.9016172506738545,0.0019059481972682,0.0134594594594594,0.8783783783783784,3.1145971017796588,4.026138263877366,0.0,0.9121621621621622,0.9054054054054054,0.8918918918918919,0.8783783783783784,0.92
RKHS,R2,wheatG,EW,KinCP-C,742,0.9056603773584906,0.0038118963945366,0.012072072072072,0.8851351351351351,3.120699892589192,4.031774829726288,0.0,0.9054054054054054,0.9054054054054054,0.8986486486486487,0.8851351351351351,0.9333333333333332
RKHS,R2,wheatG,EW,KinCP[fixed-h],742,0.908355795148248,0.0038118963945366,0.0142342342342342,0.8851351351351351,3.1622972735510664,4.05153988930144,0.0,0.9121621621621622,0.9054054054054054,0.9054054054054054,0.8851351351351351,0.9333333333333332
RKHS,R2,wheatG,EW,KinCP[h=0.25],742,0.9097035040431268,0.0019059481972683,0.0209909909909909,0.8716216216216216,3.1864905408207096,4.048406248789147,0.0,0.9256756756756755,0.9121621621621622,0.9054054054054054,0.8716216216216216,0.9333333333333332
RKHS,R2,wheatG,EW,KinCP[h=1.0],742,0.9056603773584906,0.0038118963945366,0.012072072072072,0.8851351351351351,3.1255718194650086,4.0331314329026045,0.0,0.9054054054054054,0.9054054054054054,0.8986486486486487,0.8851351351351351,0.9333333333333332
RKHS,R2,wheatG,EW,KinCP[h=2.0],742,0.9056603773584906,0.0038118963945366,0.012072072072072,0.8851351351351351,3.1240825913012222,4.032180738415582,0.0,0.9054054054054054,0.9054054054054054,0.8986486486486487,0.8851351351351351,0.9333333333333332
RKHS,R2,wheatG,EW,KinCP[nmin=100],742,0.908355795148248,0.0038118963945366,0.0142342342342342,0.8851351351351351,3.144813020702957,4.042020476449361,0.0,0.9121621621621622,0.9054054054054054,0.9054054054054054,0.8851351351351351,0.9333333333333332
RKHS,R2,wheatG,EW,KinCP[nmin=25],742,0.908355795148248,0.0038118963945366,0.0142342342342342,0.8851351351351351,3.1589817050446896,4.048224320795062,0.0,0.9121621621621622,0.9054054054054054,0.9054054054054054,0.8851351351351351,0.9333333333333332
RKHS,R2,wheatG,EW,NormCP,742,0.904312668463612,0.0209654301699515,0.0134234234234234,0.8851351351351351,3.234719417921939,4.086872539735237,0.0,0.9054054054054054,0.8918918918918919,0.9054054054054054,0.8851351351351351,0.9333333333333332
RKHS,R2,wheatG,EW,SCP,742,0.8881401617250674,0.0057178445918049,0.0172612612612612,0.8648648648648649,3.1310996608197628,4.087069954754469,0.0,0.8851351351351351,0.8851351351351351,0.8918918918918919,0.8648648648648649,0.9133333333333332
RKHS,R2,wheatG,GH,CV+,742,0.8733153638814016,0.0,0.0423063063063062,0.8243243243243243,2.718795721659641,4.588653982841346,0.0,0.9391891891891893,0.8513513513513513,0.8243243243243243,0.8986486486486487,0.8533333333333334
RKHS,R2,wheatG,GH,CalPred-style,742,0.8733153638814016,0.0076237927890732,0.0266666666666666,0.8513513513513513,2.859839138030306,4.62630575079657,0.0,0.8986486486486487,0.8581081081081081,0.8513513513513513,0.8918918918918919,0.8666666666666667
RKHS,R2,wheatG,GH,CalPred-style(rand),742,0.871967654986523,0.0095297409863416,0.028018018018018,0.8445945945945946,2.8391406642234687,4.624784786399073,0.0,0.8986486486486487,0.8581081081081081,0.8445945945945946,0.8918918918918919,0.8666666666666667
RKHS,R2,wheatG,GH,Gauss-homosc,742,0.8692722371967655,0.0019059481972682,0.0382522522522522,0.8378378378378378,2.6635179002273377,4.539214253708466,0.0,0.918918918918919,0.8513513513513513,0.8378378378378378,0.8851351351351351,0.8533333333333334
RKHS,R2,wheatG,GH,KinCP,742,0.8800539083557951,0.0019059481972683,0.0328828828828829,0.8581081081081081,2.9571172441125526,4.753909361643915,0.0,0.9324324324324323,0.8581081081081081,0.8581081081081081,0.8851351351351351,0.8666666666666667
RKHS,R2,wheatG,GH,KinCP-A,742,0.8733153638814016,0.0038118963945366,0.0368828828828829,0.8466666666666667,2.87109253664976,4.76722391139618,0.0,0.9256756756756755,0.8513513513513513,0.8581081081081081,0.8851351351351351,0.8466666666666667
RKHS,R2,wheatG,GH,KinCP-AB,742,0.8746630727762803,0.0057178445918049,0.0382342342342342,0.8466666666666667,2.814467037160444,4.768246584166099,0.0,0.9324324324324323,0.8513513513513513,0.8581081081081081,0.8851351351351351,0.8466666666666667
RKHS,R2,wheatG,GH,KinCP-ABC,742,0.866576819407008,0.0019059481972683,0.0382522522522522,0.8378378378378378,2.6852692672925067,4.577238873210647,0.0,0.9121621621621622,0.8513513513513513,0.8378378378378378,0.8783783783783784,0.8533333333333334
RKHS,R2,wheatG,GH,KinCP-AC,742,0.8733153638814016,0.0,0.0288288288288288,0.8445945945945946,2.838439261369589,4.529602163152537,0.0,0.9054054054054054,0.8581081081081081,0.8445945945945946,0.8918918918918919,0.8666666666666667
RKHS,R2,wheatG,GH,KinCP-B,742,0.8827493261455526,0.0019059481972682,0.0328828828828828,0.8581081081081081,2.9557473094373785,4.723461659326394,0.0,0.9391891891891893,0.8648648648648649,0.8581081081081081,0.8851351351351351,0.8666666666666667
RKHS,R2,wheatG,GH,KinCP-BC,742,0.8773584905660378,0.0019059481972683,0.0382882882882882,0.8378378378378378,2.833931144380782,4.612561422497436,0.0,0.9391891891891893,0.8648648648648649,0.8378378378378378,0.8783783783783784,0.8666666666666667
RKHS,R2,wheatG,GH,KinCP-C,742,0.8746630727762803,0.0019059481972682,0.0328828828828828,0.8445945945945946,2.8804951273442585,4.640964960174927,0.0,0.918918918918919,0.8648648648648649,0.8445945945945946,0.8783783783783784,0.8666666666666667
RKHS,R2,wheatG,GH,KinCP[fixed-h],742,0.8800539083557951,0.0019059481972683,0.0328828828828829,0.8581081081081081,2.9577264201468663,4.754518537678228,0.0,0.9324324324324323,0.8581081081081081,0.8581081081081081,0.8851351351351351,0.8666666666666667
RKHS,R2,wheatG,GH,KinCP[h=0.25],742,0.8814016172506739,0.0076237927890733,0.0288108108108108,0.86,3.015915482668967,4.80593087919173,0.0,0.9256756756756755,0.8648648648648649,0.8648648648648649,0.8918918918918919,0.86
RKHS,R2,wheatG,GH,KinCP[h=1.0],742,0.8773584905660378,0.0019059481972683,0.0301801801801802,0.8513513513513513,2.925030790287513,4.685920076380253,0.0,0.918918918918919,0.8648648648648649,0.8513513513513513,0.8851351351351351,0.8666666666666667
RKHS,R2,wheatG,GH,KinCP[h=2.0],742,0.876010781671159,0.0,0.0315315315315315,0.8513513513513513,2.905354511801585,4.65058355786787,0.0,0.918918918918919,0.8648648648648649,0.8513513513513513,0.8783783783783784,0.8666666666666667
RKHS,R2,wheatG,GH,KinCP[nmin=100],742,0.8800539083557951,0.0019059481972683,0.0328828828828829,0.8581081081081081,2.9448545345668005,4.741646652098162,0.0,0.9324324324324323,0.8581081081081081,0.8581081081081081,0.8851351351351351,0.8666666666666667
RKHS,R2,wheatG,GH,KinCP[nmin=25],742,0.8800539083557951,0.0019059481972683,0.0328828828828829,0.8581081081081081,2.9577275418075253,4.754519659338887,0.0,0.9324324324324323,0.8581081081081081,0.8581081081081081,0.8851351351351351,0.8666666666666667
RKHS,R2,wheatG,GH,NormCP,742,0.8746630727762803,0.0209654301699515,0.0323243243243243,0.8243243243243243,2.918670788222248,4.905197701510488,0.0,0.9121621621621622,0.8716216216216216,0.8243243243243243,0.9054054054054054,0.86
RKHS,R2,wheatG,GH,SCP,742,0.8746630727762803,0.0095297409863416,0.0409189189189189,0.8378378378378378,2.809463650149973,4.993559406741576,0.0,0.9391891891891893,0.8648648648648649,0.8378378378378378,0.8918918918918919,0.84
RKHS,R2,wheatG,GPE,CV+,742,0.9016172506738545,0.0019059481972682,0.0284684684684684,0.8333333333333334,3.1224211094627154,3.990538349392956,0.0,0.918918918918919,0.9121621621621622,0.9256756756756755,0.918918918918919,0.8333333333333334
RKHS,R2,wheatG,GPE,CalPred-style,742,0.908355795148248,0.0,0.0271711711711711,0.8533333333333334,3.129832049918023,3.9386665901213553,0.0,0.918918918918919,0.918918918918919,0.918918918918919,0.9324324324324323,0.8533333333333334
RKHS,R2,wheatG,GPE,CalPred-style(rand),742,0.9177897574123988,0.0019059481972683,0.0258918918918918,0.88,3.1607140242896663,3.973425932394263,0.0,0.9121621621621622,0.9054054054054054,0.9324324324324323,0.9594594594594594,0.88
RKHS,R2,wheatG,GPE,Gauss-homosc,742,0.9016172506738545,0.0019059481972682,0.0230990990990991,0.8466666666666667,3.093833106120593,3.960007897769827,0.0,0.9121621621621622,0.9121621621621622,0.918918918918919,0.918918918918919,0.8466666666666667
RKHS,R2,wheatG,GPE,KinCP,742,0.9070080862533692,0.0019059481972682,0.0177657657657657,0.8733333333333333,3.1191748776207646,3.9532366595367336,0.0,0.9121621621621622,0.9054054054054054,0.918918918918919,0.9256756756756755,0.8733333333333333
RKHS,R2,wheatG,GPE,KinCP-A,742,0.921832884097035,0.0,0.0245765765765765,0.8933333333333333,3.2879793954492462,3.965324597002736,0.0,0.9121621621621622,0.9054054054054054,0.9324324324324323,0.9662162162162162,0.8933333333333333
RKHS,R2,wheatG,GPE,KinCP-AB,742,0.921832884097035,0.0038118963945366,0.0251171171171171,0.8933333333333333,3.257277393465294,3.9592639932691007,0.0,0.9256756756756755,0.8986486486486487,0.9324324324324323,0.9594594594594594,0.8933333333333333
RKHS,R2,wheatG,GPE,KinCP-ABC,742,0.9002695417789758,0.0,0.0244324324324324,0.84,3.100400443163825,3.9572423977292415,0.0,0.918918918918919,0.9054054054054054,0.918918918918919,0.918918918918919,0.84
RKHS,R2,wheatG,GPE,KinCP-AC,742,0.9150943396226416,0.0019059481972682,0.0258738738738738,0.8733333333333333,3.175148954596565,3.9546382062912913,0.0,0.918918918918919,0.918918918918919,0.9256756756756755,0.9391891891891893,0.8733333333333333
RKHS,R2,wheatG,GPE,KinCP-B,742,0.9070080862533692,0.0019059481972682,0.0204504504504504,0.8666666666666667,3.123012680982848,3.952721455578988,0.0,0.918918918918919,0.9054054054054054,0.918918918918919,0.9256756756756755,0.8666666666666667
RKHS,R2,wheatG,GPE,KinCP-BC,742,0.9029649595687332,0.0,0.0217657657657657,0.8533333333333334,3.117440740987578,3.960879726613581,0.0,0.918918918918919,0.9054054054054054,0.918918918918919,0.918918918918919,0.8533333333333334
RKHS,R2,wheatG,GPE,KinCP-C,742,0.9056603773584906,0.0038118963945366,0.019099099099099,0.8666666666666667,3.1214423627530814,3.956776532218355,0.0,0.9121621621621622,0.9054054054054054,0.918918918918919,0.9256756756756755,0.8666666666666667
RKHS,R2,wheatG,GPE,KinCP[fixed-h],742,0.9070080862533692,0.0019059481972682,0.0177657657657657,0.8733333333333333,3.125327810885065,3.95919498880902,0.0,0.9121621621621622,0.9054054054054054,0.918918918918919,0.9256756756756755,0.8733333333333333
RKHS,R2,wheatG,GPE,KinCP[h=0.25],742,0.9110512129380054,0.0,0.0164504504504504,0.8866666666666667,3.155643969455459,3.979799908229989,0.0,0.9324324324324323,0.9054054054054054,0.9121621621621622,0.918918918918919,0.8866666666666667
RKHS,R2,wheatG,GPE,KinCP[h=1.0],742,0.9056603773584906,0.0038118963945366,0.019099099099099,0.8666666666666667,3.1049557058119603,3.953206747304361,0.0,0.9121621621621622,0.9054054054054054,0.918918918918919,0.9256756756756755,0.8666666666666667
RKHS,R2,wheatG,GPE,KinCP[h=2.0],742,0.9056603773584906,0.0038118963945366,0.019099099099099,0.8666666666666667,3.1170886552997885,3.95126056985462,0.0,0.9121621621621622,0.9054054054054054,0.918918918918919,0.9256756756756755,0.8666666666666667
RKHS,R2,wheatG,GPE,KinCP[nmin=100],742,0.9070080862533692,0.0019059481972682,0.0177657657657657,0.8733333333333333,3.1083262973517978,3.950266514307028,0.0,0.9121621621621622,0.9054054054054054,0.918918918918919,0.9256756756756755,0.8733333333333333
RKHS,R2,wheatG,GPE,KinCP[nmin=25],742,0.9070080862533692,0.0019059481972682,0.0177657657657657,0.8733333333333333,3.121235443545987,3.955102621469942,0.0,0.9121621621621622,0.9054054054054054,0.918918918918919,0.9256756756756755,0.8733333333333333
RKHS,R2,wheatG,GPE,NormCP,742,0.921832884097035,0.0190594819726832,0.0353153153153153,0.8666666666666667,3.4591717649647022,4.092241690609072,0.0,0.9324324324324323,0.9391891891891893,0.918918918918919,0.9527027027027029,0.8666666666666667
RKHS,R2,wheatG,GPE,SCP,742,0.9097035040431268,0.0095297409863416,0.0338918918918918,0.84,3.339670523303826,4.088628390976579,0.0,0.9256756756756755,0.9391891891891893,0.9121621621621622,0.9324324324324323,0.84
